DisNo.,Disaster Type,Country,reconstruction_adjusted,insured_adjusted,total_adjusted,CPI,Start Year,Start_Date,End_Date
1999-9388-DJI,Drought,Djibouti,,,,58.1114743743821,2001,,
1999-9388-SDN,Drought,Sudan,,,,56.5142905592776,2000,,
1999-9388-SOM,Drought,Somalia,,,,56.5142905592776,2000,,
2000-0002-AGO,Flood,Angola,,,17695.0,56.5142905592776,2000,2000-01-08,2000-01-15
2000-0003-BGD,Extreme temperature,Bangladesh,,,,56.5142905592776,2000,,
2000-0008-GTM,Volcanic activity,Guatemala,,,,56.5142905592776,2000,2000-01-16,2000-01-16
2000-0009-IRN,Storm,Iran (Islamic Republic of),,,,56.5142905592776,2000,2000-01-18,2000-01-18
2000-0012-MOZ,Flood,Mozambique,,2654.0,741759.0,56.5142905592776,2000,2000-01-26,2000-03-27
2000-0017-ZAF,Wildfire,South Africa,,14156.0,17695.0,56.5142905592776,2000,2000-01-15,2000-01-19
2000-0019-BRA,Flood,Brazil,,,,56.5142905592776,2000,2000-01-01,2000-01-06
2000-0020-IND,Extreme temperature,India,,,,56.5142905592776,2000,,
2000-0021-USA,Storm,United States of America,,354778.0,371587.0,56.5142905592776,2000,2000-01-02,2000-01-04
2000-0023-BGD,Earthquake,Bangladesh,,,,56.5142905592776,2000,2000-01-02,2000-01-02
2000-0028-ROU,Storm,Romania,,,,56.5142905592776,2000,,
2000-0029-BGR,Extreme temperature,Bulgaria,,,,56.5142905592776,2000,,
2000-0033-CHN,Earthquake,China,,,130056.0,56.5142905592776,2000,2000-01-14,2000-01-14
2000-0036-CHN,Earthquake,China,,,855.0,56.5142905592776,2000,2000-01-26,2000-01-26
2000-0037-REU,Storm,Réunion,,,,56.5142905592776,2000,2000-01-30,2000-01-30
2000-0038-PHL,Flood,Philippines,,,7219.0,56.5142905592776,2000,2000-01-28,2000-02-01
2000-0041-CHN,Earthquake,China,,,,56.5142905592776,2000,2000-01-11,2000-01-11
2000-0043-ZAF,Flood,South Africa,,88473.0,283114.0,56.5142905592776,2000,2000-01-26,2000-03-27
2000-0048-BWA,Flood,Botswana,,,8847.0,56.5142905592776,2000,,
2000-0050-MNG,Storm,Mongolia,,,141557.0,56.5142905592776,2000,,
2000-0051-IRN,Earthquake,Iran (Islamic Republic of),,,,56.5142905592776,2000,2000-02-02,2000-02-02
2000-0052-RUS,Epidemic,Russian Federation,,,,56.5142905592776,2000,,
2000-0053-COG,Epidemic,Congo,,,,56.5142905592776,2000,,
2000-0054-AFG,Epidemic,Afghanistan,,,,56.5142905592776,2000,,
2000-0055-ETH,Epidemic,Ethiopia,,,,56.5142905592776,2000,,
2000-0056-TZA,Epidemic,United Republic of Tanzania,,,,56.5142905592776,2000,2000-01-08,2000-01-08
2000-0058-SOM,Epidemic,Somalia,,,,56.5142905592776,2000,2000-01-01,2000-04-21
2000-0060-LSO,Epidemic,Lesotho,,,,56.5142905592776,2000,2000-01-07,2000-01-07
2000-0061-KEN,Epidemic,Kenya,,,,56.5142905592776,2000,,
2000-0062-KEN,Epidemic,Kenya,,,,56.5142905592776,2000,2000-01-06,2000-01-06
2000-0065-IRN,Earthquake,Iran (Islamic Republic of),,,,56.5142905592776,2000,2000-02-14,2000-02-14
2000-0066-PHL,Flood,Philippines,,,,56.5142905592776,2000,2000-01-22,2000-01-22
2000-0067-USA,Storm,United States of America,,,,56.5142905592776,2000,2000-02-13,2000-02-14
2000-0072-BIH,Mass movement (wet),Bosnia and Herzegovina,,,,56.5142905592776,2000,2000-02-10,2000-02-10
2000-0073-TZA,Epidemic,United Republic of Tanzania,,,,56.5142905592776,2000,2000-01-01,2000-01-01
2000-0075-TZA,Epidemic,United Republic of Tanzania,,,,56.5142905592776,2000,2000-02-11,2000-02-11
2000-0076-ISL,Earthquake,Iceland,,,21234.0,56.5142905592776,2000,2000-06-21,2000-06-21
2000-0079-NAM,Flood,Namibia,,,,56.5142905592776,2000,,
2000-0080-USA,Flood,United States of America,,,,56.5142905592776,2000,2000-02-18,2000-02-22
2000-0081-COL,Earthquake,Colombia,,,,56.5142905592776,2000,2000-11-08,2000-11-08
2000-0082-IDN,Mass movement (wet),Indonesia,,,20526.0,56.5142905592776,2000,2000-02-22,2000-02-24
2000-0083-ZWE,Flood,Zimbabwe,,,128994.0,56.5142905592776,2000,2000-01-26,2000-03-27
2000-0087-SOM,Epidemic,Somalia,,,,56.5142905592776,2000,,
2000-0089-PHL,Volcanic activity,Philippines,,,3918.0,56.5142905592776,2000,2000-02-24,2000-03-09
2000-0092-EGY,Extreme temperature,Egypt,,,,56.5142905592776,2000,,
2000-0094-ISR,Storm,Israel,,,4866.0,56.5142905592776,2000,2000-01-19,2000-01-19
2000-0095-JOR,Storm,Jordan,,,,56.5142905592776,2000,2000-01-24,2000-01-24
2000-0096-SWZ,Flood,Eswatini,,,88.0,56.5142905592776,2000,,
2000-0097-AUS,Storm,Australia,,17695.0,159252.0,56.5142905592776,2000,2000-02-27,2000-03-13
2000-0098-COL,Flood,Colombia,,,,56.5142905592776,2000,,
2000-0100-SDN,Epidemic,Sudan,,,,56.5142905592776,2000,2000-01-01,2000-03-31
2000-0103-ZMB,Flood,Zambia,,,,56.5142905592776,2000,2000-03-03,2000-03-04
2000-0104-ETH,Wildfire,Ethiopia,,,,56.5142905592776,2000,,
2000-0107-MDG,Storm,Madagascar,,,15925.0,56.5142905592776,2000,2000-02-17,2000-03-11
2000-0107-MOZ,Storm,Mozambique,,,1769.0,56.5142905592776,2000,2000-02-18,2000-02-23
2000-0108-IDN,Epidemic,Indonesia,,,,56.5142905592776,2000,,
2000-0109-NGA,Epidemic,Nigeria,,,,56.5142905592776,2000,,
2000-0110-MOZ,Epidemic,Mozambique,,,,56.5142905592776,2000,,
2000-0116-ARG,Flood,Argentina,,,,56.5142905592776,2000,2000-03-09,2000-03-17
2000-0117-IDN,Wildfire,Indonesia,,,,56.5142905592776,2000,,
2000-0118-MWI,Flood,Malawi,,,1769.0,56.5142905592776,2000,,
2000-0119-PAK,Epidemic,Pakistan,,,,56.5142905592776,2000,,
2000-0120-COD,Epidemic,Democratic Republic of the Congo,,,,56.5142905592776,2000,2000-01-15,2000-01-15
2000-0128-USA,Wildfire,United States of America,,,,56.5142905592776,2000,2000-02-26,2000-02-26
2000-0129-PER,Flood,Peru,,,,56.5142905592776,2000,2000-03-16,2000-03-16
2000-0130-BOL,Flood,Bolivia (Plurinational State of),,,,56.5142905592776,2000,2000-03-13,2000-03-15
2000-0131-TCD,Epidemic,Chad,,,,56.5142905592776,2000,,
2000-0133-COD,Epidemic,Democratic Republic of the Congo,,,,56.5142905592776,2000,,
2000-0134-ETH,Epidemic,Ethiopia,,,,56.5142905592776,2000,2000-01-01,2000-03-31
2000-0135-TZA,Epidemic,United Republic of Tanzania,,,,56.5142905592776,2000,2000-01-01,2000-01-01
2000-0146-BGD,Storm,Bangladesh,,,,56.5142905592776,2000,2000-03-05,2000-03-05
2000-0152-AGO,Flood,Angola,,,,56.5142905592776,2000,2000-03-27,2000-03-27
2000-0155-AUT,Mass movement (wet),Austria,,,,56.5142905592776,2000,2000-03-28,2000-03-28
2000-0156-CHN,Storm,China,,,,56.5142905592776,2000,2000-03-28,2000-03-28
2000-0158-NER,Epidemic,Niger,,,,56.5142905592776,2000,2000-03-06,2000-03-06
2000-0159-MYS,Epidemic,Malaysia,,,,56.5142905592776,2000,,
2000-0160-CMR,Epidemic,Cameroon,,,,56.5142905592776,2000,,
2000-0163-CHN,Storm,China,,,5485.0,56.5142905592776,2000,2000-01-10,2000-01-10
2000-0164-RUS,Mass movement (wet),Russian Federation,,,,56.5142905592776,2000,2000-01-19,2000-01-19
2000-0165-RUS,Extreme temperature,Russian Federation,,,,56.5142905592776,2000,,
2000-0167-CZE,Flood,Czechia,,97321.0,141557.0,56.5142905592776,2000,2000-03-08,2000-03-13
2000-0167-ROU,Flood,Romania,,,885.0,56.5142905592776,2000,,
2000-0175-USA,Storm,United States of America,,,796259.0,56.5142905592776,2000,2000-03-28,2000-03-28
2000-0176-JPN,Volcanic activity,Japan,,,,56.5142905592776,2000,2000-03-31,2000-04-13
2000-0178-MDG,Storm,Madagascar,,,,56.5142905592776,2000,2000-04-02,2000-04-02
2000-0178-MOZ,Storm,Mozambique,,,,56.5142905592776,2000,2000-04-02,2000-04-02
2000-0179-RUS,Flood,Russian Federation,,,9330.0,56.5142905592776,2000,,
2000-0182-CAF,Epidemic,Central African Republic,,,,56.5142905592776,2000,,
2000-0183-BEN,Epidemic,Benin,,,,56.5142905592776,2000,,
2000-0184-BGD,Epidemic,Bangladesh,,,,56.5142905592776,2000,,
2000-0185-ZMB,Epidemic,Zambia,,,,56.5142905592776,2000,,
2000-0187-ROU,Flood,Romania,,,176946.0,56.5142905592776,2000,2000-04-05,2000-04-25
2000-0188-TUR,Wildfire,Türkiye,,,,56.5142905592776,2000,2000-04-05,2000-04-05
2000-0191-HUN,Flood,Hungary,,,97321.0,56.5142905592776,2000,2000-04-06,2000-05-01
2000-0193-AGO,Flood,Angola,,,,56.5142905592776,2000,2000-04-10,2000-04-10
2000-0194-KOR,Wildfire,Republic of Korea,,,,56.5142905592776,2000,2000-04-06,2000-04-06
2000-0196-SCG,Flood,Serbia Montenegro,,,,56.5142905592776,2000,2000-04-05,2000-04-25
2000-0197-KEN,Epidemic,Kenya,,,,56.5142905592776,2000,2000-02-20,2000-02-20
2000-0198-BEN,Epidemic,Benin,,,,56.5142905592776,2000,,
2000-0200-CHN,Flood,China,,,21234.0,56.5142905592776,2000,2000-04-13,2000-04-17
2000-0202-RUS,Flood,Russian Federation,,,,56.5142905592776,2000,2000-04-14,2000-04-14
2000-0204-ECU,Epidemic,Ecuador,,,,56.5142905592776,2000,,
2000-0205-ECU,Epidemic,Ecuador,,,,56.5142905592776,2000,,
2000-0206-ECU,Mass movement (wet),Ecuador,,,,56.5142905592776,2000,2000-04-12,2000-04-12
2000-0211-BGD,Storm,Bangladesh,,,,56.5142905592776,2000,2000-04-21,2000-04-21
2000-0213-SAU,Epidemic,Saudi Arabia,,,,56.5142905592776,2000,,2000-04-27
2000-0214-AUS,Storm,Australia,,,106168.0,56.5142905592776,2000,2000-04-03,2000-04-03
2000-0215-HND,Wildfire,Honduras,,,,56.5142905592776,2000,,
2000-0216-GUF,Mass movement (wet),French Guiana,,,,56.5142905592776,2000,2000-04-19,2000-04-19
2000-0218-RUS,Wildfire,Russian Federation,,,,56.5142905592776,2000,,
2000-0221-SOM,Epidemic,Somalia,,,,56.5142905592776,2000,,
2000-0229-BGD,Storm,Bangladesh,,,,56.5142905592776,2000,2000-04-11,2000-04-11
2000-0230-IDN,Earthquake,Indonesia,,,53084.0,56.5142905592776,2000,2000-05-04,2000-05-04
2000-0231-RUS,Wildfire,Russian Federation,,,,56.5142905592776,2000,,
2000-0232-USA,Flood,United States of America,,,,56.5142905592776,2000,2000-05-06,2000-05-09
2000-0235-KAZ,Flood,Kazakhstan,,,2654.0,56.5142905592776,2000,,
2000-0239-BDI,Epidemic,Burundi,,,,56.5142905592776,2000,,
2000-0240-USA,Wildfire,United States of America,,354778.0,2654196.0,56.5142905592776,2000,,
2000-0241-FSM,Epidemic,Micronesia (Federated States of),,,,56.5142905592776,2000,2000-04-17,2000-08-21
2000-0242-MOZ,Epidemic,Mozambique,,,,56.5142905592776,2000,,
2000-0248-GBR,Flood,United Kingdom of Great Britain and Northern Ireland,,,,56.5142905592776,2000,2000-04-27,2000-04-27
2000-0249-AUS,Infestation,Australia,,,212336.0,56.5142905592776,2000,,
2000-0253-ETH,Epidemic,Ethiopia,,,,56.5142905592776,2000,,
2000-0255-ARG,Flood,Argentina,,,,56.5142905592776,2000,2000-05-15,2000-05-15
2000-0257-PHL,Storm,Philippines,,,2125.0,56.5142905592776,2000,2000-05-18,2000-05-18
2000-0258-IDN,Flood,Indonesia,,,139788.0,56.5142905592776,2000,2000-05-16,2000-05-24
2000-0259-SOM,Flood,Somalia,,,,56.5142905592776,2000,2000-05-01,2000-05-01
2000-0260-AGO,Flood,Angola,,,,56.5142905592776,2000,2000-05-03,2000-05-03
2000-0265-COL,Flood,Colombia,,,,56.5142905592776,2000,2000-05-18,2000-05-24
2000-0266-ECU,Flood,Ecuador,,,,56.5142905592776,2000,2000-05-22,2000-05-22
2000-0269-BLR,Extreme temperature,Belarus,,,53615.0,56.5142905592776,2000,,
2000-0270-CHN,Storm,China,,,8847.0,56.5142905592776,2000,2000-05-01,2000-05-05
2000-0271-USA,Flood,United States of America,,,,56.5142905592776,2000,2000-05-06,2000-05-09
2000-0272-TUR,Earthquake,Türkiye,,,,56.5142905592776,2000,2000-05-07,2000-05-07
2000-0273-NGA,Epidemic,Nigeria,,,,56.5142905592776,2000,,
2000-0274-JPN,Storm,Japan,,513145.0,619312.0,56.5142905592776,2000,2000-05-24,2000-05-24
2000-0275-URY,Flood,Uruguay,,,,56.5142905592776,2000,2000-05-16,2000-05-16
2000-0276-MEX,Flood,Mexico,,,,56.5142905592776,2000,2000-05-13,2000-05-13
2000-0278-RUS,Flood,Russian Federation,,,,56.5142905592776,2000,2000-05-13,2000-05-13
2000-0279-USA,Wildfire,United States of America,,,,56.5142905592776,2000,2000-05-14,2000-05-14
2000-0281-TUR,Flood,Türkiye,,,70779.0,56.5142905592776,2000,2000-05-27,2000-05-27
2000-0283-BGD,Storm,Bangladesh,,,,56.5142905592776,2000,2000-05-27,2000-06-19
2000-0284-RUS,Epidemic,Russian Federation,,,,56.5142905592776,2000,,
2000-0285-IRN,Epidemic,Iran (Islamic Republic of),,,,56.5142905592776,2000,2000-05-02,2000-05-02
2000-0291-TUR,Earthquake,Türkiye,,,,56.5142905592776,2000,2000-06-06,2000-06-06
2000-0293-IDN,Earthquake,Indonesia,,,72548.0,56.5142905592776,2000,2000-06-04,2000-06-04
2000-0294-BGD,Storm,Bangladesh,,,,56.5142905592776,2000,2000-05-23,2000-05-23
2000-0295-RUS,Wildfire,Russian Federation,,,,56.5142905592776,2000,,
2000-0296-USA,Flood,United States of America,,,,56.5142905592776,2000,2000-05-19,2000-05-19
2000-0297-USA,Flood,United States of America,,,176946.0,56.5142905592776,2000,2000-05-23,2000-05-23
2000-0298-CHN,Earthquake,China,,,,56.5142905592776,2000,2000-06-06,2000-06-06
2000-0299-GTM,Flood,Guatemala,,,,56.5142905592776,2000,2000-06-06,2000-06-21
2000-0300-ZWE,Epidemic,Zimbabwe,,,,56.5142905592776,2000,,
2000-0301-MWI,Epidemic,Malawi,,,,56.5142905592776,2000,,
2000-0302-CHN,Flood,China,,,38928.0,56.5142905592776,2000,2000-05-31,2000-06-19
2000-0303-GRC,Earthquake,Greece,,,,56.5142905592776,2000,2000-05-26,2000-05-26
2000-0305-AFG,Epidemic,Afghanistan,,,,56.5142905592776,2000,,2000-07-11
2000-0306-IND,Epidemic,India,,,,56.5142905592776,2000,,
2000-0307-PAK,Epidemic,Pakistan,,,,56.5142905592776,2000,,
2000-0308-IND,Epidemic,India,,,,56.5142905592776,2000,,
2000-0310-CHL,Flood,Chile,,,,56.5142905592776,2000,2000-06-05,2000-06-16
2000-0311-AUT,Storm,Austria,,,35389.0,56.5142905592776,2000,2000-05-27,2000-05-27
2000-0317-MEX,Flood,Mexico,,,,56.5142905592776,2000,2000-05-30,2000-05-30
2000-0320-IDN,Epidemic,Indonesia,,,,56.5142905592776,2000,,
2000-0321-NER,Epidemic,Niger,,,,56.5142905592776,2000,,
2000-0322-LBR,Epidemic,Liberia,,,,56.5142905592776,2000,,
2000-0324-HRV,Extreme temperature,Croatia,,,424671.0,56.5142905592776,2000,,
2000-0326-CHN,Mass movement (wet),China,,,,56.5142905592776,2000,2000-06-05,2000-06-05
2000-0329-CYP,Wildfire,Cyprus,,,,56.5142905592776,2000,2000-06-13,2000-06-13
2000-0330-CHN,Flood,China,,,,56.5142905592776,2000,2000-06-01,2000-06-01
2000-0331-GBR,Flood,United Kingdom of Great Britain and Northern Ireland,,,32116.0,56.5142905592776,2000,,
2000-0332-IND,Flood,India,,,,56.5142905592776,2000,2000-06-10,2000-06-10
2000-0333-MEX,Flood,Mexico,,,,56.5142905592776,2000,2000-06-10,2000-06-14
2000-0335-ISL,Earthquake,Iceland,,,21234.0,56.5142905592776,2000,2000-06-17,2000-06-17
2000-0337-UKR,Extreme temperature,Ukraine,,,150404.0,56.5142905592776,2000,2000-05-01,2000-05-11
2000-0338-USA,Storm,United States of America,,,50430.0,56.5142905592776,2000,2000-05-26,2000-05-26
2000-0341-CAF,Epidemic,Central African Republic,,,,56.5142905592776,2000,,
2000-0342-RUS,Epidemic,Russian Federation,,,,56.5142905592776,2000,,
2000-0345-NIC,Flood,Nicaragua,,,,56.5142905592776,2000,,
2000-0350-CHN,Storm,China,,,,56.5142905592776,2000,2000-06-17,2000-06-17
2000-0351-PAK,Extreme temperature,Pakistan,,,,56.5142905592776,2000,,
2000-0354-RUS,Flood,Russian Federation,,,12386.0,56.5142905592776,2000,,
2000-0356-FRA,Flood,France,,,,56.5142905592776,2000,2000-06-10,2000-06-10
2000-0357-FRA,Flood,France,,,,56.5142905592776,2000,,
2000-0358-IND,Mass movement (wet),India,,,,56.5142905592776,2000,,
2000-0359-ESP,Flood,Spain,,,,56.5142905592776,2000,2000-06-10,2000-06-10
2000-0360-USA,Storm,United States of America,,,,56.5142905592776,2000,2000-05-23,2000-05-23
2000-0361-VNM,Storm,Viet Nam,,,,56.5142905592776,2000,2000-06-12,2000-06-12
2000-0363-USA,Wildfire,United States of America,,,,56.5142905592776,2000,2000-06-12,2000-06-12
2000-0364-NGA,Flood,Nigeria,,,,56.5142905592776,2000,,
2000-0365-LBR,Epidemic,Liberia,,,,56.5142905592776,2000,,
2000-0366-UGA,Epidemic,Uganda,,,,56.5142905592776,2000,2000-02-27,2000-02-27
2000-0369-SLE,Epidemic,Sierra Leone,,,,56.5142905592776,2000,,
2000-0370-KAZ,Epidemic,Kazakhstan,,,,56.5142905592776,2000,,
2000-0372-CHN,Flood,China,,,33620.0,56.5142905592776,2000,2000-06-17,2000-06-30
2000-0373-BGD,Flood,Bangladesh,,,,56.5142905592776,2000,2000-06-24,2000-06-24
2000-0374-CRI,Mass movement (wet),Costa Rica,,,,56.5142905592776,2000,2000-06-27,2000-06-27
2000-0375-CHL,Flood,Chile,,,53084.0,56.5142905592776,2000,2000-06-12,2000-06-26
2000-0376-CHN,Flood,China,,,106168.0,56.5142905592776,2000,2000-06-08,2000-06-08
2000-0379-GRC,Extreme temperature,Greece,,,5308.0,56.5142905592776,2000,,
2000-0380-ROU,Extreme temperature,Romania,,,,56.5142905592776,2000,,
2000-0381-TUR,Extreme temperature,Türkiye,,,1769.0,56.5142905592776,2000,,
2000-0382-BGR,Extreme temperature,Bulgaria,,,88.0,56.5142905592776,2000,,
2000-0383-SCG,Extreme temperature,Serbia Montenegro,,,,56.5142905592776,2000,,
2000-0387-NIC,Earthquake,Nicaragua,,,,56.5142905592776,2000,2000-07-06,2000-07-06
2000-0392-LAO,Epidemic,Lao People's Democratic Republic,,,,56.5142905592776,2000,,
2000-0393-BDI,Epidemic,Burundi,,,,56.5142905592776,2000,,
2000-0394-RUS,Flood,Russian Federation,,,,56.5142905592776,2000,,
2000-0396-PHL,Storm,Philippines,,,13271.0,56.5142905592776,2000,2000-07-05,2000-07-05
2000-0397-PHL,Storm,Philippines,,,45587.0,56.5142905592776,2000,2000-07-07,2000-07-07
2000-0398-CYP,Extreme temperature,Cyprus,,,,56.5142905592776,2000,,
2000-0399-ETH,Flood,Ethiopia,,,,56.5142905592776,2000,2000-06-29,2000-06-29
2000-0401-THA,Flood,Thailand,,,,56.5142905592776,2000,2000-06-21,2000-06-21
2000-0403-PER,Infestation,Peru,,,,56.5142905592776,2000,,
2000-0406-USA,Wildfire,United States of America,,,,56.5142905592776,2000,2000-06-27,2000-06-27
2000-0407-BGR,Wildfire,Bulgaria,,,31143.0,56.5142905592776,2000,2000-07-01,2000-07-01
2000-0408-VNM,Flood,Viet Nam,,,442366.0,56.5142905592776,2000,,
2000-0414-PHL,Mass movement (wet),Philippines,,,,56.5142905592776,2000,2000-07-10,2000-07-10
2000-0415-IND,Mass movement (wet),India,,,,56.5142905592776,2000,2000-07-12,2000-07-12
2000-0416-BOL,Extreme temperature,Bolivia (Plurinational State of),,,,56.5142905592776,2000,,
2000-0420-CAN,Storm,Canada,,17695.0,23003.0,56.5142905592776,2000,2000-07-14,2000-07-14
2000-0421-ARG,Extreme temperature,Argentina,,,,56.5142905592776,2000,2000-06-17,2000-06-17
2000-0422-URY,Extreme temperature,Uruguay,,,,56.5142905592776,2000,,
2000-0423-CHL,Extreme temperature,Chile,,,17695.0,56.5142905592776,2000,2000-07-03,2000-07-03
2000-0424-ZMB,Epidemic,Zambia,,,,56.5142905592776,2000,,
2000-0425-CHN,Storm,China,,,849.0,56.5142905592776,2000,2000-07-13,2000-07-13
2000-0426-CHN,Flood,China,,,,56.5142905592776,2000,2000-07-18,2000-07-18
2000-0427-UKR,Storm,Ukraine,,,,56.5142905592776,2000,2000-07-05,2000-07-05
2000-0428-JPN,Earthquake,Japan,,,,56.5142905592776,2000,2000-07-01,2000-07-01
2000-0431-NGA,Epidemic,Nigeria,,,,56.5142905592776,2000,,
2000-0432-DJI,Epidemic,Djibouti,,,,56.5142905592776,2000,,
2000-0433-USA,Extreme temperature,United States of America,,,,56.5142905592776,2000,,
2000-0438-KHM,Flood,Cambodia,,,283114.0,56.5142905592776,2000,2000-07-11,2000-08-10
2000-0439-VNM,Mass movement (wet),Viet Nam,,,,56.5142905592776,2000,2000-07-22,2000-07-22
2000-0441-KOR,Flood,Republic of Korea,,,40698.0,56.5142905592776,2000,2000-07-22,2000-07-22
2000-0444-IND,Flood,India,,,,56.5142905592776,2000,,
2000-0445-IND,Flood,India,,,76087.0,56.5142905592776,2000,2000-08-02,2000-08-30
2000-0446-THA,Flood,Thailand,,,90331.0,56.5142905592776,2000,,
2000-0447-JPN,Storm,Japan,,353893.0,530839.0,56.5142905592776,2000,2000-07-08,2000-07-09
2000-0448-VNM,Storm,Viet Nam,,,,56.5142905592776,2000,2000-07-10,2000-07-10
2000-0449-IDN,Earthquake,Indonesia,,,3539.0,56.5142905592776,2000,2000-07-12,2000-07-12
2000-0450-USA,Wildfire,United States of America,,,,56.5142905592776,2000,,
2000-0455-GRC,Wildfire,Greece,,,,56.5142905592776,2000,,
2000-0457-RUS,Mass movement (wet),Russian Federation,,,,56.5142905592776,2000,2000-07-19,2000-07-19
2000-0459-IND,Epidemic,India,,,,56.5142905592776,2000,,
2000-0460-THA,Epidemic,Thailand,,,,56.5142905592776,2000,,
2000-0461-CAF,Epidemic,Central African Republic,,,,56.5142905592776,2000,,
2000-0463-USA,Storm,United States of America,,,14333.0,56.5142905592776,2000,2000-07-25,2000-07-25
2000-0464-NGA,Storm,Nigeria,,,,56.5142905592776,2000,2000-10-09,2000-10-09
2000-0465-USA,Wildfire,United States of America,,,1769464.0,56.5142905592776,2000,,
2000-0466-BRA,Mass movement (wet),Brazil,,,132710.0,56.5142905592776,2000,2000-07-30,2000-08-17
2000-0467-BGD,Epidemic,Bangladesh,,,,56.5142905592776,2000,,
2000-0469-IDN,Mass movement (wet),Indonesia,,,,56.5142905592776,2000,2000-06-24,2000-06-24
2000-0471-JOR,Extreme temperature,Jordan,,,,56.5142905592776,2000,,
2000-0472-CHN,Flood,China,,,304348.0,56.5142905592776,2000,2000-07-11,2000-07-14
2000-0473-ISR,Extreme temperature,Israel,,,,56.5142905592776,2000,,
2000-0475-CMR,Flood,Cameroon,,,,56.5142905592776,2000,2000-08-03,2000-08-05
2000-0476-NPL,Flood,Nepal,,,11148.0,56.5142905592776,2000,,
2000-0478-RUS,Flood,Russian Federation,,,53084.0,56.5142905592776,2000,2000-07-30,2000-08-06
2000-0480-RUS,Earthquake,Russian Federation,,,1628.0,56.5142905592776,2000,2000-08-04,2000-08-04
2000-0484-BTN,Flood,Bhutan,,,,56.5142905592776,2000,2000-08-02,2000-08-30
2000-0486-PRY,Extreme temperature,Paraguay,,,,56.5142905592776,2000,,
2000-0487-MAR,Extreme temperature,Morocco,,,1431.0,56.5142905592776,2000,,
2000-0488-IRL,Epidemic,Ireland,,,,56.5142905592776,2000,2000-01-01,2000-07-29
2000-0489-ETH,Epidemic,Ethiopia,,,,56.5142905592776,2000,,2000-08-17
2000-0490-SOM,Flood,Somalia,,,,56.5142905592776,2000,2000-07-10,2000-07-10
2000-0497-ETH,Flood,Ethiopia,,,,56.5142905592776,2000,2000-08-10,2000-08-21
2000-0498-IND,Mass movement (wet),India,,,,56.5142905592776,2000,2000-08-11,2000-08-11
2000-0499-IRN,Flood,Iran (Islamic Republic of),,,10617.0,56.5142905592776,2000,2000-08-08,2000-08-09
2000-0500-USA,Flood,United States of America,,,293731.0,56.5142905592776,2000,2000-08-12,2000-08-14
2000-0501-NER,Flood,Niger,,,,56.5142905592776,2000,,
2000-0502-USA,Flood,United States of America,,,,56.5142905592776,2000,2000-07-30,2000-07-30
2000-0506-KEN,Epidemic,Kenya,,,,56.5142905592776,2000,,
2000-0511-NGA,Flood,Nigeria,,,,56.5142905592776,2000,2000-08-14,2000-08-14
2000-0514-RUS,Wildfire,Russian Federation,,,,56.5142905592776,2000,,
2000-0515-JPN,Volcanic activity,Japan,,,,56.5142905592776,2000,2000-08-10,2000-08-10
2000-0517-TWN,Storm,Taiwan (Province of China),,5308.0,238878.0,56.5142905592776,2000,2000-08-22,2000-08-23
2000-0518-VNM,Storm,Viet Nam,,,8847.0,56.5142905592776,2000,2000-08-20,2000-08-20
2000-0520-RWA,Epidemic,Rwanda,,,,56.5142905592776,2000,,2000-08-22
2000-0523-SVK,Wildfire,Slovakia,,,,56.5142905592776,2000,,
2000-0524-ETH,Mass movement (wet),Ethiopia,,,,56.5142905592776,2000,2000-07-04,2000-07-04
2000-0527-CHN,Earthquake,China,,,76087.0,56.5142905592776,2000,2000-08-21,2000-08-21
2000-0528-HRV,Wildfire,Croatia,,,31408.0,56.5142905592776,2000,,
2000-0529-GRC,Wildfire,Greece,,,,56.5142905592776,2000,2000-08-24,2000-08-24
2000-0530-MLI,Flood,Mali,,,,56.5142905592776,2000,2000-08-25,2000-08-25
2000-0532-CHN,Storm,China,,,23513.0,56.5142905592776,2000,,
2000-0533-CHN,Storm,China,,,122877.0,56.5142905592776,2000,2000-08-23,2000-08-23
2000-0534-IND,Flood,India,,,306117.0,56.5142905592776,2000,2000-08-23,2000-08-31
2000-0535-KOR,Flood,Republic of Korea,,,47776.0,56.5142905592776,2000,2000-08-26,2000-08-29
2000-0539-THA,Storm,Thailand,,,,56.5142905592776,2000,2000-08-21,2000-08-21
2000-0540-VNM,Storm,Viet Nam,,,,56.5142905592776,2000,2000-08-24,2000-08-24
2000-0541-VNM,Storm,Viet Nam,,,62.0,56.5142905592776,2000,2000-08-24,2000-08-24
2000-0542-VNM,Storm,Viet Nam,,,,56.5142905592776,2000,2000-08-24,2000-08-24
2000-0547-NGA,Flood,Nigeria,,,3362.0,56.5142905592776,2000,2000-08-15,2000-08-15
2000-0549-RUS,Flood,Russian Federation,,,2870.0,56.5142905592776,2000,2000-08-28,2000-08-28
2000-0550-KOR,Storm,Republic of Korea,,,19995.0,56.5142905592776,2000,2000-08-31,2000-08-31
2000-0555-BGD,Flood,Bangladesh,,,,56.5142905592776,2000,2000-08-30,2000-08-30
2000-0556-CHN,Storm,China,,,18.0,56.5142905592776,2000,,
2000-0557-CHN,Storm,China,,,299039.0,56.5142905592776,2000,2000-09-01,2000-09-06
2000-0558-NZL,Flood,New Zealand,,,1769.0,56.5142905592776,2000,2000-08-20,2000-08-20
2000-0559-CHN,Mass movement (wet),China,,,4247.0,56.5142905592776,2000,2000-08-13,2000-08-13
2000-0563-NER,Epidemic,Niger,,,,56.5142905592776,2000,2000-08-26,2000-08-26
2000-0564-AFG,Epidemic,Afghanistan,,,,56.5142905592776,2000,,2000-09-13
2000-0565-KEN,Epidemic,Kenya,,,,56.5142905592776,2000,,
2000-0566-LVA,Epidemic,Latvia,,,,56.5142905592776,2000,2000-08-21,2000-08-21
2000-0567-NPL,Epidemic,Nepal,,,,56.5142905592776,2000,,
2000-0568-IND,Epidemic,India,,,,56.5142905592776,2000,,
2000-0571-AGO,Epidemic,Angola,,,,56.5142905592776,2000,,
2000-0572-PRK,Storm,Democratic People's Republic of Korea,,,10616784.0,56.5142905592776,2000,2000-08-31,2000-09-04
2000-0576-JPN,Storm,Japan,,1857937.0,2477250.0,56.5142905592776,2000,2000-09-11,2000-09-14
2000-0576-RUS,Storm,Russian Federation,,,88.0,56.5142905592776,2000,2000-09-13,2000-09-19
2000-0577-ITA,Flood,Italy,,,,56.5142905592776,2000,2000-09-10,2000-09-10
2000-0580-ESP,Wildfire,Spain,,,,56.5142905592776,2000,,
2000-0582-VNM,Storm,Viet Nam,,,37159.0,56.5142905592776,2000,2000-09-10,2000-09-10
2000-0583-LAO,Flood,Lao People's Democratic Republic,,,1769.0,56.5142905592776,2000,,
2000-0586-PER,Mass movement (wet),Peru,,,,56.5142905592776,2000,2000-09-16,2000-09-16
2000-0590-BRA,Flood,Brazil,,,,56.5142905592776,2000,2000-09-16,2000-09-18
2000-0592-SAU,Epidemic,Saudi Arabia,,,,56.5142905592776,2000,2000-09-11,2000-10-17
2000-0593-ISR,Epidemic,Israel,,,,56.5142905592776,2000,,2000-09-19
2000-0595-SLV,Flood,El Salvador,,,,56.5142905592776,2000,2000-09-05,2000-09-09
2000-0596-NGA,Flood,Nigeria,,,,56.5142905592776,2000,,
2000-0597-PHL,Flood,Philippines,,,,56.5142905592776,2000,2000-09-04,2000-09-05
2000-0598-USA,Earthquake,United States of America,,,88473.0,56.5142905592776,2000,2000-09-03,2000-09-03
2000-0601-KOR,Storm,Republic of Korea,,,125632.0,56.5142905592776,2000,2000-09-16,2000-09-16
2000-0603-UKR,Storm,Ukraine,,,,56.5142905592776,2000,2000-07-25,2000-07-25
2000-0605-CHN,Storm,China,,,,56.5142905592776,2000,2000-09-09,2000-09-09
2000-0606-JPN,Flood,Japan,,1751769.0,13164812.0,56.5142905592776,2000,2000-09-10,2000-09-17
2000-0607-ARG,Storm,Argentina,,,,56.5142905592776,2000,,
2000-0609-GTM,Flood,Guatemala,,,,56.5142905592776,2000,2000-09-15,2000-09-17
2000-0610-IND,Flood,India,,,1223584.0,56.5142905592776,2000,2000-09-18,2000-10-21
2000-0611-MEX,Storm,Mexico,,,,56.5142905592776,2000,2000-09-21,2000-09-21
2000-0612-RUS,Flood,Russian Federation,,,,56.5142905592776,2000,2000-09-18,2000-09-18
2000-0613-LKA,Flood,Sri Lanka,,,,56.5142905592776,2000,2000-09-18,2000-09-22
2000-0614-USA,Storm,United States of America,,110591.0,159252.0,56.5142905592776,2000,2000-09-20,2000-09-20
2000-0617-BGD,Flood,Bangladesh,,,884732.0,56.5142905592776,2000,,
2000-0620-NGA,Flood,Nigeria,,,8502.0,56.5142905592776,2000,2000-09-20,2000-09-21
2000-0621-UGA,Storm,Uganda,,,,56.5142905592776,2000,2000-09-21,2000-09-21
2000-0622-YEM,Epidemic,Yemen,,,,56.5142905592776,2000,2000-09-10,2000-10-09
2000-0623-AFG,Epidemic,Afghanistan,,,,56.5142905592776,2000,,
2000-0624-UGA,Epidemic,Uganda,,,,56.5142905592776,2000,,
2000-0627-PAN,Flood,Panama,,,2300.0,56.5142905592776,2000,,
2000-0628-NGA,Flood,Nigeria,,,,56.5142905592776,2000,2000-09-23,2000-09-23
2000-0631-BGD,Storm,Bangladesh,,,,56.5142905592776,2000,2000-06-25,2000-06-25
2000-0632-ITA,Flood,Italy,,,,56.5142905592776,2000,2000-09-20,2000-09-20
2000-0634-NGA,Mass movement (wet),Nigeria,,,,56.5142905592776,2000,2000-09-23,2000-09-23
2000-0636-FRA,Storm,France,,,,56.5142905592776,2000,2000-09-19,2000-09-19
2000-0639-MKD,Wildfire,North Macedonia,,,23999.0,56.5142905592776,2000,,
2000-0642-BLZ,Storm,Belize,,,490955.0,56.5142905592776,2000,2000-09-30,2000-10-03
2000-0643-MEX,Storm,Mexico,,,1769.0,56.5142905592776,2000,2000-09-29,2000-10-03
2000-0644-NIC,Storm,Nicaragua,,,1769.0,56.5142905592776,2000,2000-09-29,2000-10-03
2000-0645-SLV,Storm,El Salvador,,,,56.5142905592776,2000,2000-10-01,2000-10-01
2000-0648-COL,Flood,Colombia,,,,56.5142905592776,2000,2000-09-20,2000-09-20
2000-0649-ZAF,Epidemic,South Africa,,,,56.5142905592776,2000,2000-08-19,2001-04-16
2000-0650-VEN,Flood,Venezuela (Bolivarian Republic of),,,,56.5142905592776,2000,,
2000-0652-USA,Storm,United States of America,,,387513.0,56.5142905592776,2000,2000-10-04,2000-10-04
2000-0653-TZA,Earthquake,United Republic of Tanzania,,,,56.5142905592776,2000,2000-10-02,2000-10-02
2000-0656-JPN,Earthquake,Japan,,265420.0,884732.0,56.5142905592776,2000,2000-10-06,2000-10-06
2000-0657-AGO,Mass movement (wet),Angola,,,,56.5142905592776,2000,2000-10-09,2000-10-09
2000-0659-AUS,Wildfire,Australia,,,,56.5142905592776,2000,,
2000-0660-UGA,Epidemic,Uganda,,,,56.5142905592776,2000,2000-08-08,2001-02-28
2000-0662-GBR,Flood,United Kingdom of Great Britain and Northern Ireland,,132710.0,10439837.0,56.5142905592776,2000,2000-10-11,2000-10-14
2000-0665-BGD,Epidemic,Bangladesh,,,,56.5142905592776,2000,,
2000-0666-BRA,Flood,Brazil,,,,56.5142905592776,2000,2000-10-12,2000-10-15
2000-0671-ITA,Flood,Italy,,530839.0,14155712.0,56.5142905592776,2000,2000-10-14,2000-10-22
2000-0672-CHE,Mass movement (wet),Switzerland,,291962.0,583923.0,56.5142905592776,2000,2000-10-13,2000-10-13
2000-0673-BIH,Epidemic,Bosnia and Herzegovina,,,,56.5142905592776,2000,2000-08-29,2000-08-29
2000-0674-SGP,Epidemic,Singapore,,,,56.5142905592776,2000,,
2000-0675-PAK,Epidemic,Pakistan,,,,56.5142905592776,2000,,
2000-0676-KGZ,Extreme temperature,Kyrgyzstan,,,,56.5142905592776,2000,2000-10-16,2000-10-16
2000-0677-CHN,Flood,China,,,44884.0,56.5142905592776,2000,2000-10-12,2000-10-18
2000-0679-IRL,Storm,Ireland,,83165.0,176946.0,56.5142905592776,2000,,
2000-0680-VNM,Mass movement (wet),Viet Nam,,,,56.5142905592776,2000,2000-10-03,2000-10-03
2000-0683-MYS,Storm,Malaysia,,,,56.5142905592776,2000,2000-09-27,2000-09-27
2000-0687-NZL,Storm,New Zealand,,,,56.5142905592776,2000,2000-10-11,2000-10-11
2000-0688-NOR,Flood,Norway,,,,56.5142905592776,2000,2000-10-11,2000-10-11
2000-0691-MAR,Flood,Morocco,,,,56.5142905592776,2000,2000-10-22,2000-10-25
2000-0692-DZA,Flood,Algeria,,,,56.5142905592776,2000,2000-10-22,2000-10-25
2000-0693-GIN,Epidemic,Guinea,,,,56.5142905592776,2000,2000-10-12,2000-12-27
2000-0694-MYS,Epidemic,Malaysia,,,,56.5142905592776,2000,,
2000-0698-IND,Epidemic,India,,,,56.5142905592776,2000,,
2000-0699-ESP,Flood,Spain,,,132710.0,56.5142905592776,2000,2000-10-20,2000-10-26
2000-0701-IDN,Mass movement (wet),Indonesia,,,76087.0,56.5142905592776,2000,2000-10-29,2000-11-01
2000-0705-RUS,Extreme temperature,Russian Federation,,,,56.5142905592776,2000,2000-10-10,2000-10-10
2000-0706-PHL,Storm,Philippines,,2654.0,30081.0,56.5142905592776,2000,2000-10-28,2000-10-31
2000-0706-TWN,Storm,Taiwan (Province of China),,106168.0,265420.0,56.5142905592776,2000,2000-11-01,2000-11-04
2000-0708-GRC,Flood,Greece,,,,56.5142905592776,2000,2000-10-31,2000-10-31
2000-0709-IND,Epidemic,India,,,,56.5142905592776,2000,2000-10-12,2000-10-12
2000-0710-RUS,Epidemic,Russian Federation,,,,56.5142905592776,2000,,
2000-0713-BGD,Storm,Bangladesh,,,,56.5142905592776,2000,2000-10-28,2000-10-28
2000-0714-GBR,Storm,United Kingdom of Great Britain and Northern Ireland,,1946410.0,2654196.0,56.5142905592776,2000,2000-10-28,2000-10-29
2000-0715-PHL,Storm,Philippines,,,54853.0,56.5142905592776,2000,2000-11-03,2000-11-05
2000-0721-IDN,Mass movement (wet),Indonesia,,,,56.5142905592776,2000,2000-11-05,2000-11-07
2000-0724-ECU,Mass movement (wet),Ecuador,,,,56.5142905592776,2000,2000-10-14,2000-10-14
2000-0728-LKA,Epidemic,Sri Lanka,,,,56.5142905592776,2000,2000-09-25,2000-09-25
2000-0733-ARG,Flood,Argentina,,,530839.0,56.5142905592776,2000,2000-11-09,2000-11-16
2000-0735-VEN,Flood,Venezuela (Bolivarian Republic of),,,,56.5142905592776,2000,2000-11-12,2000-11-17
2000-0738-IND,Flood,India,,,,56.5142905592776,2000,2000-10-19,2000-10-19
2000-0741-LKA,Flood,Sri Lanka,,,5308.0,56.5142905592776,2000,2000-11-18,2000-11-22
2000-0742-GRC,Flood,Greece,,,,56.5142905592776,2000,2000-11-19,2000-11-19
2000-0743-TJK,Earthquake,Tajikistan,,,,56.5142905592776,2000,2000-10-30,2000-10-30
2000-0748-VNM,Flood,Viet Nam,,,26542.0,56.5142905592776,2000,2000-11-18,2000-11-26
2000-0749-PNG,Earthquake,Papua New Guinea,,,,56.5142905592776,2000,2000-11-16,2000-11-16
2000-0750-AUS,Flood,Australia,,,468908.0,56.5142905592776,2000,2000-11-17,2000-12-02
2000-0752-ITA,Flood,Italy,,,88473.0,56.5142905592776,2000,2000-11-20,2000-11-20
2000-0753-MOZ,Storm,Mozambique,,,,56.5142905592776,2000,2000-11-18,2000-11-18
2000-0754-ZAF,Flood,South Africa,,,,56.5142905592776,2000,2000-11-19,2000-11-23
2000-0755-THA,Flood,Thailand,,,101744.0,56.5142905592776,2000,2000-11-21,2000-11-21
2000-0756-USA,Storm,United States of America,,,,56.5142905592776,2000,2000-11-20,2000-11-20
2000-0757-SOM,Epidemic,Somalia,,,,56.5142905592776,2000,2000-10-14,2000-11-15
2000-0758-NAM,Epidemic,Namibia,,,,56.5142905592776,2000,,
2000-0761-IDN,Earthquake,Indonesia,,,,56.5142905592776,2000,2000-10-25,2000-10-25
2000-0762-IDN,Earthquake,Indonesia,,,,56.5142905592776,2000,2000-06-07,2000-06-07
2000-0763-PHL,Mass movement (dry),Philippines,,,,56.5142905592776,2000,2000-11-08,2000-11-08
2000-0769-AZE,Earthquake,Azerbaijan,,,17695.0,56.5142905592776,2000,2000-11-25,2000-11-25
2000-0770-IDN,Flood,Indonesia,,,60162.0,56.5142905592776,2000,2000-11-28,2000-12-04
2000-0774-MYS,Flood,Malaysia,,,1769.0,56.5142905592776,2000,2000-11-21,2000-12-01
2000-0775-FRA,Flood,France,,,,56.5142905592776,2000,2000-07-10,2000-07-10
2000-0776-ARG,Flood,Argentina,,,,56.5142905592776,2000,2000-11-22,2000-11-22
2000-0777-THA,Flood,Thailand,,,895.0,56.5142905592776,2000,,
2000-0778-SOM,Flood,Somalia,,,,56.5142905592776,2000,2000-11-20,2000-11-20
2000-0783-PHL,Epidemic,Philippines,,,,56.5142905592776,2000,2000-11-18,2000-11-18
2000-0784-UKR,Storm,Ukraine,,,212336.0,56.5142905592776,2000,2000-11-27,2000-11-27
2000-0785-IND,Storm,India,,,,56.5142905592776,2000,2000-11-29,2000-11-29
2000-0786-MOZ,Storm,Mozambique,,,,56.5142905592776,2000,2000-11-26,2000-11-26
2000-0788-PHL,Storm,Philippines,,,1769.0,56.5142905592776,2000,2000-11-30,2000-12-03
2000-0790-TZA,Flood,United Republic of Tanzania,,,,56.5142905592776,2000,2000-12-01,2000-12-31
2000-0791-IDN,Flood,Indonesia,,,,56.5142905592776,2000,2000-12-03,2000-12-06
2000-0792-FRA,Flood,France,,,,56.5142905592776,2000,2000-12-02,2000-12-02
2000-0795-IND,Epidemic,India,,,,56.5142905592776,2000,2000-10-26,2000-10-26
2000-0797-HTI,Flood,Haiti,,,,56.5142905592776,2000,,
2000-0804-MEX,Volcanic activity,Mexico,,,,56.5142905592776,2000,2000-12-18,2000-12-19
2000-0807-MDA,Storm,Republic of Moldova,,,55915.0,56.5142905592776,2000,2000-11-26,2000-11-27
2000-0809-BRA,Flood,Brazil,,,,56.5142905592776,2000,2000-12-17,2000-12-26
2000-0810-TKM,Earthquake,Turkmenistan,,,,56.5142905592776,2000,2000-12-06,2000-12-06
2000-0812-FRA,Flood,France,,,,56.5142905592776,2000,2000-12-13,2000-12-13
2000-0815-MNG,Storm,Mongolia,,,,56.5142905592776,2000,,
2000-0819-NGA,Mass movement (wet),Nigeria,,,,56.5142905592776,2000,2000-12-20,2000-12-20
2000-0822-ZWE,Epidemic,Zimbabwe,,,,56.5142905592776,2000,,
2000-0823-BDI,Epidemic,Burundi,,,,56.5142905592776,2000,,
2000-0827-MEX,Extreme temperature,Mexico,,,,56.5142905592776,2000,,
2000-0830-POL,Extreme temperature,Poland,,,,56.5142905592776,2000,,
2000-0831-LKA,Storm,Sri Lanka,,,,56.5142905592776,2000,2000-12-24,2000-12-28
2000-0832-MHL,Epidemic,Marshall Islands,,,,56.5142905592776,2000,2000-12-01,2000-12-01
2000-0834-AZE,Mass movement (wet),Azerbaijan,,,,56.5142905592776,2000,,
2000-0835-BDI,Flood,Burundi,,,,56.5142905592776,2000,2000-12-27,2000-12-27
2000-0838-USA,Storm,United States of America,,354778.0,,56.5142905592776,2000,2000-12-24,2000-12-24
2000-0839-ARG,Storm,Argentina,,,,56.5142905592776,2000,2000-12-27,2000-12-27
2000-0840-URY,Storm,Uruguay,,,,56.5142905592776,2000,2000-12-27,2000-12-27
2000-0841-MAR,Flood,Morocco,,,,56.5142905592776,2000,2000-12-22,2000-12-22
2000-0842-GBR,Storm,United Kingdom of Great Britain and Northern Ireland,,,,56.5142905592776,2000,,
2000-0843-AUS,Storm,Australia,,,,56.5142905592776,2000,2000-12-07,2000-12-07
2000-0852-SWZ,Epidemic,Eswatini,,,,56.5142905592776,2000,2000-12-12,2000-12-12
2000-0853-ARG,Wildfire,Argentina,,,,56.5142905592776,2000,,
2000-0856-GBR,Storm,United Kingdom of Great Britain and Northern Ireland,,,,56.5142905592776,2000,2000-12-27,2000-12-27
2000-0857-LAO,Epidemic,Lao People's Democratic Republic,,,,56.5142905592776,2000,,
2000-0858-NPL,Epidemic,Nepal,,,,56.5142905592776,2000,,
2000-0863-ZWE,Epidemic,Zimbabwe,,,,56.5142905592776,2000,2000-12-30,2000-12-30
2000-0864-RUS,Epidemic,Russian Federation,,,,56.5142905592776,2000,,
2000-0865-USA,Flood,United States of America,,,35389.0,56.5142905592776,2000,2000-11-02,2000-11-02
2000-0868-HRV,Flood,Croatia,,,,56.5142905592776,2000,2000-12-28,2000-12-30
2000-0868-SCG,Flood,Serbia Montenegro,,,,56.5142905592776,2000,2000-12-28,2000-12-30
2000-0869-CUB,Flood,Cuba,,,,56.5142905592776,2000,2000-12-25,2000-12-25
2000-0870-FRA,Flood,France,,,,56.5142905592776,2000,,
2000-0874-IND,Epidemic,India,,,,56.5142905592776,2000,2000-08-31,2000-08-31
2000-0875-NIC,Storm,Nicaragua,,,,56.5142905592776,2000,2000-10-09,2000-10-09
2000-0876-TCD,Epidemic,Chad,,,,56.5142905592776,2000,2000-12-25,2001-03-25
2000-0877-KOR,Epidemic,Republic of Korea,,,,56.5142905592776,2000,,
2000-0878-BEN,Epidemic,Benin,,,,56.5142905592776,2000,2000-10-16,2000-10-16
2000-0879-ETH,Epidemic,Ethiopia,,,,56.5142905592776,2000,,
2000-0880-GMB,Epidemic,Gambia,,,,56.5142905592776,2000,,2001-03-26
2000-0882-SLV,Epidemic,El Salvador,,,,56.5142905592776,2000,2000-09-14,2000-09-14
2000-0905-BOL,Flood,Bolivia (Plurinational State of),,,,56.5142905592776,2000,2000-02-03,2000-02-03
2000-0917-ZAF,Storm,South Africa,,,,56.5142905592776,2000,2000-02-02,2000-02-02
2000-0919-USA,Storm,United States of America,,495450.0,619312.0,56.5142905592776,2000,2000-01-22,2000-01-25
2000-0937-USA,Storm,United States of America,,354778.0,884732.0,56.5142905592776,2000,2000-12-16,2000-12-17
2000-9138-JAM,Drought,Jamaica,,,10617.0,56.5142905592776,2000,,
2000-9173-CYP,Drought,Cyprus,,,,56.5142905592776,2000,,
2000-9186-AFG,Drought,Afghanistan,,,88.0,56.5142905592776,2000,,
2000-9186-TJK,Drought,Tajikistan,,,100859.0,56.5142905592776,2000,,
2000-9222-IND,Drought,India,,,1040445.0,56.5142905592776,2000,,
2000-9267-CHN,Drought,China,,,1408697.0,56.5142905592776,2000,,
2000-9309-MDG,Drought,Madagascar,,,,56.5142905592776,2000,,
2000-9318-MDA,Drought,Republic of Moldova,,,,56.5142905592776,2000,,
2000-9327-JOR,Drought,Jordan,,,,56.5142905592776,2000,,
2000-9328-ROU,Drought,Romania,,,884732.0,56.5142905592776,2000,,
2000-9339-USA,Drought,United States of America,,,1946410.0,56.5142905592776,2000,,
2000-9494-UZB,Drought,Uzbekistan,,,88473.0,56.5142905592776,2000,,
2000-9495-ARM,Drought,Armenia,,,176946.0,56.5142905592776,2000,,
2000-9495-AZE,Drought,Azerbaijan,,,176946.0,56.5142905592776,2000,,
2000-9495-GEO,Drought,Georgia,,,353893.0,56.5142905592776,2000,,
2000-9496-CUB,Drought,Cuba,,,,56.5142905592776,2000,,
2000-9531-CHN,Drought,China,,,,56.5142905592776,2000,,
2000-9537-BIH,Drought,Bosnia and Herzegovina,,,279575.0,56.5142905592776,2000,,
2000-9604-MNG,Drought,Mongolia,,,,56.5142905592776,2000,,
2000-9626-CHN,Drought,China,,,,56.5142905592776,2000,,
2000-9712-USA,Drought,United States of America,,,,56.5142905592776,2000,,
2000-9788-BGR,Drought,Bulgaria,,,,56.5142905592776,2000,,
2000-9860-HND,Drought,Honduras,,,,56.5142905592776,2000,,
2000-9860-NIC,Drought,Nicaragua,,,,56.5142905592776,2000,,
2000-9881-BOL,Drought,Bolivia (Plurinational State of),,,,56.5142905592776,2000,,
2001-0005-TZA,Earthquake,United Republic of Tanzania,,,,58.1114743743821,2001,2001-01-05,2001-01-05
2001-0008-CHN,Storm,China,,,20650.0,58.1114743743821,2001,2001-01-01,2001-02-17
2001-0010-KOR,Storm,Republic of Korea,,,499041.0,58.1114743743821,2001,2001-01-08,2001-01-08
2001-0011-IND,Extreme temperature,India,,,,58.1114743743821,2001,,
2001-0012-ARG,Storm,Argentina,,,,58.1114743743821,2001,2001-01-10,2001-01-10
2001-0013-SLV,Earthquake,El Salvador,,499041.0,2581246.0,58.1114743743821,2001,2001-01-13,2001-01-13
2001-0017-KAZ,Extreme temperature,Kazakhstan,,,,58.1114743743821,2001,,
2001-0018-RUS,Extreme temperature,Russian Federation,,,172.0,58.1114743743821,2001,,
2001-0019-MOZ,Flood,Mozambique,,,61950.0,58.1114743743821,2001,2001-01-01,2001-04-27
2001-0023-GTM,Earthquake,Guatemala,,,86.0,58.1114743743821,2001,2001-01-13,2001-01-13
2001-0024-NPL,Epidemic,Nepal,,,,58.1114743743821,2001,,
2001-0025-MWI,Flood,Malawi,,,11530.0,58.1114743743821,2001,,
2001-0027-AFG,Extreme temperature,Afghanistan,,,17.0,58.1114743743821,2001,2001-01-31,2001-02-20
2001-0028-AUS,Flood,Australia,,,20650.0,58.1114743743821,2001,,
2001-0029-BOL,Flood,Bolivia (Plurinational State of),,,208220.0,58.1114743743821,2001,2001-01-01,2001-03-22
2001-0030-AUS,Storm,Australia,,,11357.0,58.1114743743821,2001,2001-01-16,2001-01-16
2001-0031-GRC,Flood,Greece,,,,58.1114743743821,2001,,
2001-0033-IND,Earthquake,India,,172083.0,4513739.0,58.1114743743821,2001,2001-01-26,2001-01-26
2001-0033-PAK,Earthquake,Pakistan,,,860.0,58.1114743743821,2001,2001-01-26,2001-01-26
2001-0037-ZAF,Storm,South Africa,,,,58.1114743743821,2001,2001-01-30,2001-01-30
2001-0040-PRT,Flood,Portugal,,,,58.1114743743821,2001,2001-01-26,2001-01-29
2001-0041-IDN,Mass movement (wet),Indonesia,,,17208.0,58.1114743743821,2001,2001-02-08,2001-02-12
2001-0042-SLV,Earthquake,El Salvador,,,599709.0,58.1114743743821,2001,2001-02-13,2001-02-13
2001-0045-AUS,Storm,Australia,,,,58.1114743743821,2001,2001-01-18,2001-01-18
2001-0046-IDN,Mass movement (wet),Indonesia,,,,58.1114743743821,2001,2001-01-22,2001-01-22
2001-0047-TZA,Mass movement (wet),United Republic of Tanzania,,,,58.1114743743821,2001,2001-01-22,2001-01-22
2001-0049-LKA,Flood,Sri Lanka,,,,58.1114743743821,2001,,
2001-0050-CMR,Epidemic,Cameroon,,,,58.1114743743821,2001,2001-01-01,2001-02-25
2001-0051-IDN,Flood,Indonesia,,,17208.0,58.1114743743821,2001,2001-02-04,2001-02-18
2001-0052-CAN,Storm,Canada,,,,58.1114743743821,2001,2001-02-10,2001-02-10
2001-0053-CHL,Flood,Chile,,,15315.0,58.1114743743821,2001,2001-02-16,2001-02-16
2001-0054-PHL,Storm,Philippines,,,10325.0,58.1114743743821,2001,2001-02-17,2001-02-17
2001-0059-PHL,Flood,Philippines,,,,58.1114743743821,2001,2001-01-15,2001-01-15
2001-0061-IND,Epidemic,India,,,,58.1114743743821,2001,2001-02-01,2001-02-01
2001-0062-KEN,Epidemic,Kenya,,,,58.1114743743821,2001,,
2001-0063-BFA,Epidemic,Burkina Faso,,,,58.1114743743821,2001,2001-01-01,2001-04-15
2001-0064-CHN,Earthquake,China,,,41300.0,58.1114743743821,2001,2001-02-23,2001-02-23
2001-0066-FRA,Flood,France,,,,58.1114743743821,2001,2001-01-05,2001-01-07
2001-0079-ROU,Flood,Romania,,,25812.0,58.1114743743821,2001,2001-03-04,2001-03-17
2001-0082-ZWE,Flood,Zimbabwe,,,6195.0,58.1114743743821,2001,,
2001-0085-JPN,Storm,Japan,,,,58.1114743743821,2001,2001-01-20,2001-01-20
2001-0087-AUS,Flood,Australia,,,,58.1114743743821,2001,2001-02-01,2001-02-01
2001-0091-ZMB,Flood,Zambia,,,,58.1114743743821,2001,,
2001-0092-NGA,Epidemic,Nigeria,,,,58.1114743743821,2001,,
2001-0093-VUT,Storm,Vanuatu,,,,58.1114743743821,2001,2001-02-28,2001-02-28
2001-0095-HUN,Flood,Hungary,,,8604.0,58.1114743743821,2001,2001-03-04,2001-03-17
2001-0096-UKR,Flood,Ukraine,,,25812.0,58.1114743743821,2001,2001-03-04,2001-03-17
2001-0097-CAF,Storm,Central African Republic,,,,58.1114743743821,2001,,
2001-0099-USA,Earthquake,United States of America,,524853.0,3441661.0,58.1114743743821,2001,2001-02-28,2001-02-28
2001-0102-USA,Storm,United States of America,,345027.0,430208.0,58.1114743743821,2001,2001-02-24,2001-02-24
2001-0103-AUS,Flood,Australia,,,22371.0,58.1114743743821,2001,2001-02-18,2001-02-23
2001-0104-SYR,Storm,Syrian Arab Republic,,,,58.1114743743821,2001,2001-02-21,2001-02-21
2001-0106-USA,Storm,United States of America,,,,58.1114743743821,2001,2001-02-22,2001-02-22
2001-0107-GEO,Storm,Georgia,,,,58.1114743743821,2001,,
2001-0108-MWI,Epidemic,Malawi,,,,58.1114743743821,2001,,
2001-0109-TZA,Flood,United Republic of Tanzania,,,,58.1114743743821,2001,2001-02-27,2001-02-27
2001-0117-PER,Flood,Peru,,,,58.1114743743821,2001,2001-03-01,2001-03-21
2001-0120-CAF,Epidemic,Central African Republic,,,,58.1114743743821,2001,2001-02-18,2001-03-30
2001-0121-ARG,Flood,Argentina,,,,58.1114743743821,2001,2001-03-21,2001-03-21
2001-0123-JPN,Earthquake,Japan,,220266.0,860415.0,58.1114743743821,2001,2001-03-24,2001-03-24
2001-0125-SAU,Epidemic,Saudi Arabia,,,,58.1114743743821,2001,2001-02-09,2001-03-22
2001-0126-NER,Epidemic,Niger,,,,58.1114743743821,2001,2001-01-02,2001-04-08
2001-0127-COD,Epidemic,Democratic Republic of the Congo,,,,58.1114743743821,2001,,
2001-0130-AUS,Flood,Australia,,,344166.0,58.1114743743821,2001,2001-03-08,2001-03-15
2001-0131-GBR,Flood,United Kingdom of Great Britain and Northern Ireland,,,,58.1114743743821,2001,2001-02-09,2001-02-09
2001-0141-NGA,Epidemic,Nigeria,,,,58.1114743743821,2001,,
2001-0143-VUT,Storm,Vanuatu,,,,58.1114743743821,2001,2001-04-07,2001-04-07
2001-0145-USA,Storm,United States of America,,,39579.0,58.1114743743821,2001,2001-04-10,2001-04-11
2001-0146-AGO,Flood,Angola,,,,58.1114743743821,2001,2001-04-02,2001-04-09
2001-0147-ARG,Storm,Argentina,,,25812.0,58.1114743743821,2001,2001-04-05,2001-04-05
2001-0151-CHN,Earthquake,China,,,53346.0,58.1114743743821,2001,2001-04-12,2001-04-12
2001-0155-MNG,Storm,Mongolia,,,,58.1114743743821,2001,2001-04-07,2001-04-07
2001-0156-COL,Flood,Colombia,,,,58.1114743743821,2001,2001-04-09,2001-04-09
2001-0163-TGO,Epidemic,Togo,,,,58.1114743743821,2001,2001-01-01,2001-01-01
2001-0176-THA,Flood,Thailand,,,6883.0,58.1114743743821,2001,2001-05-04,2001-05-05
2001-0180-IRN,Flood,Iran (Islamic Republic of),,,,58.1114743743821,2001,2001-05-06,2001-05-06
2001-0183-NAM,Epidemic,Namibia,,,,58.1114743743821,2001,,
2001-0186-ECU,Flood,Ecuador,,,,58.1114743743821,2001,2001-03-08,2001-03-10
2001-0187-THA,Flood,Thailand,,,,58.1114743743821,2001,2001-03-11,2001-03-11
2001-0188-TUR,Flood,Türkiye,,,,58.1114743743821,2001,2001-03-08,2001-03-08
2001-0193-FRA,Flood,France,,,227752.0,58.1114743743821,2001,2001-03-21,2001-03-28
2001-0194-USA,Storm,United States of America,,,3097.0,58.1114743743821,2001,2001-03-29,2001-03-29
2001-0198-BGD,Storm,Bangladesh,,,,58.1114743743821,2001,2001-05-11,2001-05-11
2001-0201-NGA,Epidemic,Nigeria,,,,58.1114743743821,2001,,
2001-0202-BGD,Storm,Bangladesh,,,,58.1114743743821,2001,2001-04-01,2001-04-01
2001-0203-CAN,Epidemic,Canada,,,,58.1114743743821,2001,,
2001-0207-HTI,Flood,Haiti,,,,58.1114743743821,2001,2001-05-16,2001-05-18
2001-0209-COD,Flood,Democratic Republic of the Congo,,,,58.1114743743821,2001,2001-05-18,2001-05-18
2001-0213-BRA,Flood,Brazil,,,,58.1114743743821,2001,2001-04-25,2001-04-26
2001-0214-CHN,Earthquake,China,,,61950.0,58.1114743743821,2001,2001-05-23,2001-05-23
2001-0217-CHN,Mass movement (wet),China,,,,58.1114743743821,2001,2001-05-01,2001-05-01
2001-0227-RUS,Flood,Russian Federation,,,414720.0,58.1114743743821,2001,2001-05-12,2001-05-27
2001-0229-FRA,Flood,France,,,,58.1114743743821,2001,2001-04-07,2001-05-02
2001-0231-COD,Epidemic,Democratic Republic of the Congo,,,,58.1114743743821,2001,,
2001-0233-AFG,Earthquake,Afghanistan,,,,58.1114743743821,2001,2001-06-01,2001-06-01
2001-0236-URY,Flood,Uruguay,,,,58.1114743743821,2001,,
2001-0241-CHN,Flood,China,,,134225.0,58.1114743743821,2001,2001-06-02,2001-06-02
2001-0242-USA,Storm,United States of America,,6022907.0,10324983.0,58.1114743743821,2001,2001-06-05,2001-06-17
2001-0243-IND,Flood,India,,,,58.1114743743821,2001,2001-06-05,2001-06-22
2001-0246-YEM,Storm,Yemen,,,,58.1114743743821,2001,2001-06-09,2001-06-09
2001-0252-ECU,Flood,Ecuador,,,,58.1114743743821,2001,2001-06-11,2001-06-20
2001-0254-VUT,Volcanic activity,Vanuatu,,,,58.1114743743821,2001,2001-06-08,2001-06-08
2001-0257-RUS,Storm,Russian Federation,,,29598.0,58.1114743743821,2001,2001-05-15,2001-05-15
2001-0262-USA,Flood,United States of America,,,,58.1114743743821,2001,2001-02-27,2001-03-01
2001-0264-RUS,Storm,Russian Federation,,,,58.1114743743821,2001,2001-03-03,2001-03-03
2001-0266-USA,Storm,United States of America,,,,58.1114743743821,2001,2001-03-20,2001-03-20
2001-0267-PAK,Storm,Pakistan,,,,58.1114743743821,2001,2001-03-28,2001-03-28
2001-0268-USA,Flood,United States of America,,,22371.0,58.1114743743821,2001,2001-04-15,2001-05-15
2001-0270-USA,Storm,United States of America,,,,58.1114743743821,2001,2001-04-21,2001-04-21
2001-0271-PER,Flood,Peru,,,,58.1114743743821,2001,2001-04-25,2001-04-26
2001-0272-GHA,Epidemic,Ghana,,,,58.1114743743821,2001,,
2001-0273-BGD,Storm,Bangladesh,,,,58.1114743743821,2001,2001-04-28,2001-04-28
2001-0274-WSM,Flood,Samoa,,,2581.0,58.1114743743821,2001,2001-04-15,2001-04-15
2001-0276-NGA,Flood,Nigeria,,,,58.1114743743821,2001,,
2001-0277-UGA,Flood,Uganda,,,,58.1114743743821,2001,,
2001-0281-PAN,Flood,Panama,,,,58.1114743743821,2001,2001-05-02,2001-05-02
2001-0283-NPL,Epidemic,Nepal,,,,58.1114743743821,2001,,
2001-0285-CHL,Storm,Chile,,,,58.1114743743821,2001,2001-05-29,2001-05-29
2001-0288-ROU,Flood,Romania,,,206500.0,58.1114743743821,2001,2001-06-19,2001-06-22
2001-0292-CHN,Storm,China,,206500.0,808790.0,58.1114743743821,2001,2001-06-23,2001-06-25
2001-0293-TWN,Storm,Taiwan (Province of China),,,8604.0,58.1114743743821,2001,2001-06-24,2001-06-25
2001-0294-PER,Earthquake,Peru,,86042.0,516249.0,58.1114743743821,2001,2001-06-23,2001-06-23
2001-0297-PHL,Volcanic activity,Philippines,,,1363.0,58.1114743743821,2001,2001-05-24,2001-05-24
2001-0298-NPL,Mass movement (wet),Nepal,,,,58.1114743743821,2001,,
2001-0299-CMR,Flood,Cameroon,,,,58.1114743743821,2001,2001-06-28,2001-06-29
2001-0301-AUS,Storm,Australia,,,,58.1114743743821,2001,2001-04-26,2001-04-26
2001-0303-USA,Wildfire,United States of America,,,,58.1114743743821,2001,,
2001-0305-CHN,Flood,China,,,41300.0,58.1114743743821,2001,2001-04-20,2001-04-20
2001-0307-PRI,Flood,Puerto Rico,,,251241.0,58.1114743743821,2001,2001-05-06,2001-05-07
2001-0309-TUR,Flood,Türkiye,,,,58.1114743743821,2001,2001-05-07,2001-05-08
2001-0314-GHA,Flood,Ghana,,,,58.1114743743821,2001,2001-06-27,2001-06-30
2001-0318-VNM,Storm,Viet Nam,,,43021.0,58.1114743743821,2001,2001-07-04,2001-07-04
2001-0319-PHL,Storm,Philippines,,,117989.0,58.1114743743821,2001,,
2001-0320-TLS,Flood,Timor-Leste,,,,58.1114743743821,2001,2001-06-20,2001-06-23
2001-0322-CHN,Storm,China,,34417.0,4720238.0,58.1114743743821,2001,2001-07-01,2001-07-01
2001-0323-FRA,Flood,France,,,,58.1114743743821,2001,2001-07-04,2001-07-04
2001-0324-FRA,Storm,France,,,,58.1114743743821,2001,2001-07-06,2001-07-06
2001-0328-PAK,Mass movement (wet),Pakistan,,,,58.1114743743821,2001,2001-07-10,2001-07-10
2001-0329-ESP,Epidemic,Spain,,,,58.1114743743821,2001,2001-07-01,2001-07-18
2001-0330-IND,Epidemic,India,,,,58.1114743743821,2001,2001-06-18,2001-06-18
2001-0331-AFG,Epidemic,Afghanistan,,,,58.1114743743821,2001,2001-06-01,2001-07-25
2001-0332-IND,Flood,India,,,154875.0,58.1114743743821,2001,2001-07-08,2001-07-10
2001-0335-KOR,Flood,Republic of Korea,,,130783.0,58.1114743743821,2001,2001-07-14,2001-07-15
2001-0337-IND,Storm,India,,,,58.1114743743821,2001,2001-05-24,2001-05-24
2001-0340-CAN,Wildfire,Canada,,,,58.1114743743821,2001,2001-05-28,2001-05-28
2001-0343-COL,Storm,Colombia,,,,58.1114743743821,2001,2001-06-01,2001-06-01
2001-0344-SHN,Storm,Saint Helena,,,,58.1114743743821,2001,2001-05-23,2001-05-23
2001-0345-PNG,Earthquake,Papua New Guinea,,,,58.1114743743821,2001,2001-06-05,2001-06-05
2001-0349-IND,Flood,India,,,,58.1114743743821,2001,,
2001-0350-JPN,Flood,Japan,,,,58.1114743743821,2001,,
2001-0351-USA,Storm,United States of America,,,,58.1114743743821,2001,2001-06-14,2001-06-14
2001-0352-RUS,Infestation,Russian Federation,,,,58.1114743743821,2001,,
2001-0353-CHN,Infestation,China,,,,58.1114743743821,2001,,
2001-0356-CHN,Flood,China,,,,58.1114743743821,2001,2001-06-27,2001-06-27
2001-0357-THA,Storm,Thailand,,,,58.1114743743821,2001,2001-06-27,2001-06-27
2001-0358-TUR,Earthquake,Türkiye,,,,58.1114743743821,2001,2001-06-25,2001-06-25
2001-0360-CHN,Flood,China,,,29254.0,58.1114743743821,2001,2001-08-25,2001-08-25
2001-0361-VNM,Flood,Viet Nam,,,,58.1114743743821,2001,2001-06-30,2001-06-30
2001-0364-NER,Epidemic,Niger,,,,58.1114743743821,2001,,
2001-0365-CHL,Flood,Chile,,,,58.1114743743821,2001,2001-05-26,2001-05-26
2001-0370-TCD,Epidemic,Chad,,,,58.1114743743821,2001,2001-06-26,2001-09-04
2001-0371-KEN,Epidemic,Kenya,,,,58.1114743743821,2001,2001-06-01,2001-06-01
2001-0372-GHA,Epidemic,Ghana,,,,58.1114743743821,2001,2001-04-01,2001-04-01
2001-0373-TGO,Epidemic,Togo,,,,58.1114743743821,2001,2001-04-01,2001-04-01
2001-0375-IRN,Flood,Iran (Islamic Republic of),,,43021.0,58.1114743743821,2001,2001-07-20,2001-07-21
2001-0376-PAK,Flood,Pakistan,,,423324.0,58.1114743743821,2001,2001-07-22,2001-07-25
2001-0377-ARG,Extreme temperature,Argentina,,,,58.1114743743821,2001,,
2001-0378-ITA,Volcanic activity,Italy,,,5335.0,58.1114743743821,2001,2001-07-18,2001-07-18
2001-0385-CHN,Mass movement (wet),China,,,103250.0,58.1114743743821,2001,2001-07-02,2001-07-02
2001-0386-DEU,Storm,Germany,,344166.0,516249.0,58.1114743743821,2001,2001-07-06,2001-07-07
2001-0386-ITA,Storm,Italy,,51625.0,301145.0,58.1114743743821,2001,2001-07-06,2001-07-08
2001-0387-IND,Flood,India,,,201206.0,58.1114743743821,2001,2001-07-04,2001-07-16
2001-0388-RUS,Flood,Russian Federation,,,56787.0,58.1114743743821,2001,2001-07-07,2001-07-13
2001-0389-CHN,Earthquake,China,,,,58.1114743743821,2001,2001-07-14,2001-07-14
2001-0390-POL,Flood,Poland,,51625.0,1204581.0,58.1114743743821,2001,2001-07-20,2001-08-03
2001-0390-SVK,Flood,Slovakia,,9465.0,10325.0,58.1114743743821,2001,2001-07-24,2001-07-31
2001-0391-TZA,Epidemic,United Republic of Tanzania,,,,58.1114743743821,2001,2001-05-18,2001-07-20
2001-0392-CHN,Flood,China,,,8604.0,58.1114743743821,2001,2001-07-25,2001-07-26
2001-0393-BGD,Flood,Bangladesh,,,,58.1114743743821,2001,2001-06-05,2001-06-05
2001-0395-COL,Mass movement (wet),Colombia,,,,58.1114743743821,2001,2001-06-05,2001-06-05
2001-0401-ARG,Flood,Argentina,,,,58.1114743743821,2001,,
2001-0402-YEM,Flood,Yemen,,,,58.1114743743821,2001,2001-07-26,2001-07-29
2001-0403-KOR,Flood,Republic of Korea,,,,58.1114743743821,2001,2001-07-29,2001-07-30
2001-0404-RUS,Extreme temperature,Russian Federation,,,,58.1114743743821,2001,,
2001-0405-CHN,Storm,China,,,68833.0,58.1114743743821,2001,2001-07-25,2001-08-01
2001-0405-TWN,Storm,Taiwan (Province of China),,34417.0,412999.0,58.1114743743821,2001,2001-07-30,2001-07-30
2001-0407-IDN,Flood,Indonesia,,,,58.1114743743821,2001,2001-07-31,2001-08-01
2001-0408-NGA,Flood,Nigeria,,,,58.1114743743821,2001,2001-07-22,2001-07-22
2001-0409-IND,Epidemic,India,,,,58.1114743743821,2001,2001-07-07,
2001-0410-PRK,Flood,Democratic People's Republic of Korea,,,,58.1114743743821,2001,2001-08-01,2001-08-04
2001-0414-IND,Mass movement (wet),India,,,,58.1114743743821,2001,2001-07-16,2001-07-16
2001-0415-TWN,Storm,Taiwan (Province of China),,,,58.1114743743821,2001,2001-07-11,2001-07-11
2001-0417-SDN,Flood,Sudan,,,3442.0,58.1114743743821,2001,2001-08-06,2001-09-13
2001-0419-CHN,Storm,China,,,146271.0,58.1114743743821,2001,2001-07-24,2001-07-24
2001-0420-RUS,Flood,Russian Federation,,,29254.0,58.1114743743821,2001,2001-08-06,2001-08-12
2001-0421-CHN,Mass movement (wet),China,,,,58.1114743743821,2001,2001-08-01,2001-08-01
2001-0426-CIV,Epidemic,Côte d’Ivoire,,,,58.1114743743821,2001,2001-03-23,2001-10-08
2001-0427-AGO,Epidemic,Angola,,,,58.1114743743821,2001,,2001-10-02
2001-0428-CMR,Epidemic,Cameroon,,,,58.1114743743821,2001,2001-06-25,2001-06-25
2001-0429-CIV,Epidemic,Côte d’Ivoire,,,,58.1114743743821,2001,,2001-09-21
2001-0434-YEM,Storm,Yemen,,,,58.1114743743821,2001,2001-08-12,2001-08-12
2001-0436-VNM,Storm,Viet Nam,,,5507.0,58.1114743743821,2001,2001-08-11,2001-08-11
2001-0438-IND,Epidemic,India,,,,58.1114743743821,2001,,
2001-0442-ARG,Wildfire,Argentina,,,,58.1114743743821,2001,,
2001-0445-PHL,Flood,Philippines,,,13767.0,58.1114743743821,2001,2001-08-12,2001-08-14
2001-0448-ETH,Flood,Ethiopia,,,,58.1114743743821,2001,2001-08-10,2001-08-10
2001-0450-THA,Flood,Thailand,,,42160.0,58.1114743743821,2001,2001-08-08,2001-09-06
2001-0451-USA,Wildfire,United States of America,,,,58.1114743743821,2001,,
2001-0453-IRN,Flood,Iran (Islamic Republic of),,,135601.0,58.1114743743821,2001,2001-08-10,2001-08-12
2001-0454-JPN,Storm,Japan,,860415.0,1376664.0,58.1114743743821,2001,2001-08-21,2001-08-23
2001-0456-ECU,Volcanic activity,Ecuador,,,18886.0,58.1114743743821,2001,2001-08-14,2001-08-14
2001-0459-BGD,Flood,Bangladesh,,,,58.1114743743821,2001,2001-08-31,2001-08-31
2001-0460-USA,Flood,United States of America,,,34417.0,58.1114743743821,2001,2001-07-08,2001-07-09
2001-0461-PHL,Volcanic activity,Philippines,,,3077.0,58.1114743743821,2001,2001-07-25,2001-07-25
2001-0464-ETH,Flood,Ethiopia,,,,58.1114743743821,2001,,
2001-0465-IND,Flood,India,,,,58.1114743743821,2001,,
2001-0473-USA,Storm,United States of America,,,17208.0,58.1114743743821,2001,2001-06-18,2001-06-18
2001-0474-USA,Storm,United States of America,,,,58.1114743743821,2001,2001-06-13,2001-06-13
2001-0475-CHN,Storm,China,,,,58.1114743743821,2001,2001-06-19,2001-06-19
2001-0476-JPN,Storm,Japan,,,,58.1114743743821,2001,2001-06-20,2001-06-20
2001-0477-USA,Storm,United States of America,,,,58.1114743743821,2001,2001-06-21,2001-06-21
2001-0479-THA,Flood,Thailand,,,,58.1114743743821,2001,2001-06-27,2001-06-27
2001-0481-ZAF,Flood,South Africa,,,,58.1114743743821,2001,2001-07-03,2001-07-03
2001-0483-MRT,Flood,Mauritania,,,,58.1114743743821,2001,2001-08-24,2001-08-24
2001-0485-KHM,Flood,Cambodia,,,25812.0,58.1114743743821,2001,2001-08-15,2001-11-19
2001-0486-CHN,Storm,China,,,,58.1114743743821,2001,2001-07-07,2001-07-07
2001-0488-MEX,Storm,Mexico,,,,58.1114743743821,2001,2001-07-25,2001-07-25
2001-0489-GMB,Flood,Gambia,,,,58.1114743743821,2001,2001-07-05,2001-07-05
2001-0492-VNM,Flood,Viet Nam,,,144550.0,58.1114743743821,2001,2001-08-15,2001-11-19
2001-0494-NGA,Flood,Nigeria,,,5162.0,58.1114743743821,2001,2001-08-27,2001-09-04
2001-0499-COL,Wildfire,Colombia,,,,58.1114743743821,2001,,
2001-0500-ZAF,Wildfire,South Africa,,,,58.1114743743821,2001,2001-09-04,2001-09-04
2001-0501-IND,Mass movement (wet),India,,,,58.1114743743821,2001,2001-08-14,2001-08-14
2001-0502-IND,Flood,India,,,,58.1114743743821,2001,,
2001-0504-BGR,Wildfire,Bulgaria,,,,58.1114743743821,2001,,
2001-0505-MYS,Flood,Malaysia,,,,58.1114743743821,2001,2001-08-19,2001-08-19
2001-0508-ZAF,Wildfire,South Africa,,,,58.1114743743821,2001,2001-09-06,2001-09-06
2001-0509-BEN,Epidemic,Benin,,,,58.1114743743821,2001,,
2001-0511-JPN,Storm,Japan,,516249.0,860415.0,58.1114743743821,2001,2001-09-10,2001-09-13
2001-0515-IND,Flood,India,,,44742.0,58.1114743743821,2001,2001-08-20,2001-08-20
2001-0518-GIN,Epidemic,Guinea,,,,58.1114743743821,2001,2001-08-06,2001-09-23
2001-0521-TCD,Flood,Chad,,,1721.0,58.1114743743821,2001,2001-08-19,2001-10-11
2001-0522-TWN,Storm,Taiwan (Province of China),,860415.0,1376664.0,58.1114743743821,2001,2001-09-16,2001-09-20
2001-0524-MLI,Flood,Mali,,,,58.1114743743821,2001,2001-08-18,2001-10-09
2001-0526-CHN,Storm,China,,,,58.1114743743821,2001,2001-09-01,2001-09-01
2001-0527-IND,Flood,India,,,44742.0,58.1114743743821,2001,,
2001-0528-THA,Flood,Thailand,,,,58.1114743743821,2001,2001-08-31,2001-08-31
2001-0530-TJK,Flood,Tajikistan,,,,58.1114743743821,2001,2001-08-28,2001-08-28
2001-0531-PNG,Epidemic,Papua New Guinea,,,,58.1114743743821,2001,2001-11-01,2001-11-01
2001-0533-BFA,Epidemic,Burkina Faso,,,,58.1114743743821,2001,2001-07-14,2001-09-16
2001-0534-CHN,Flood,China,,,516249.0,58.1114743743821,2001,2001-09-19,2001-09-22
2001-0536-ITA,Flood,Italy,,,172083.0,58.1114743743821,2001,2001-09-14,2001-09-15
2001-0540-CHN,Mass movement (wet),China,,,,58.1114743743821,2001,2001-09-25,2001-09-25
2001-0541-RWA,Flood,Rwanda,,,,58.1114743743821,2001,2001-09-22,2001-09-22
2001-0544-BRA,Storm,Brazil,,,,58.1114743743821,2001,2001-09-29,2001-10-04
2001-0545-IRN,Flood,Iran (Islamic Republic of),,,,58.1114743743821,2001,2001-10-01,2001-10-02
2001-0546-IDN,Earthquake,Indonesia,,,,58.1114743743821,2001,2001-06-28,2001-06-28
2001-0549-GIN,Flood,Guinea,,,,58.1114743743821,2001,2001-08-18,2001-10-09
2001-0550-NER,Epidemic,Niger,,,,58.1114743743821,2001,2001-08-27,2001-08-27
2001-0551-MOZ,Epidemic,Mozambique,,,,58.1114743743821,2001,,
2001-0553-BLZ,Storm,Belize,,,430208.0,58.1114743743821,2001,2001-10-08,2001-10-11
2001-0554-KEN,Epidemic,Kenya,,,,58.1114743743821,2001,,
2001-0555-COD,Epidemic,Democratic Republic of the Congo,,,,58.1114743743821,2001,2001-08-02,2002-01-02
2001-0556-COD,Epidemic,Democratic Republic of the Congo,,,,58.1114743743821,2001,,
2001-0558-PRT,Wildfire,Portugal,,,,58.1114743743821,2001,,
2001-0559-MEX,Flood,Mexico,,,,58.1114743743821,2001,2001-09-18,2001-09-21
2001-0560-ZAF,Storm,South Africa,,,,58.1114743743821,2001,2001-09-14,2001-09-14
2001-0561-SLV,Flood,El Salvador,,,,58.1114743743821,2001,2001-09-18,2001-09-21
2001-0562-MEX,Storm,Mexico,,258125.0,688332.0,58.1114743743821,2001,2001-09-24,2001-10-02
2001-0563-BGD,Storm,Bangladesh,,,,58.1114743743821,2001,2001-10-05,2001-10-05
2001-0564-USA,Storm,United States of America,,,,58.1114743743821,2001,2001-10-10,2001-10-10
2001-0566-USA,Storm,United States of America,,,51625.0,58.1114743743821,2001,2001-09-24,2001-09-24
2001-0570-DOM,Storm,Dominican Republic,,,17.0,58.1114743743821,2001,2001-10-04,2001-10-09
2001-0570-GTM,Storm,Guatemala,,,172.0,58.1114743743821,2001,2001-10-08,2001-10-11
2001-0570-MEX,Storm,Mexico,,,1721.0,58.1114743743821,2001,2001-10-04,2001-10-09
2001-0571-PRK,Flood,Democratic People's Republic of Korea,,,16176.0,58.1114743743821,2001,2001-10-09,2001-10-11
2001-0573-CHN,Mass movement (wet),China,,,,58.1114743743821,2001,2001-09-28,2001-09-28
2001-0575-RUS,Wildfire,Russian Federation,,,,58.1114743743821,2001,2001-10-01,2001-10-01
2001-0579-RUS,Extreme temperature,Russian Federation,,,,58.1114743743821,2001,,
2001-0581-UGA,Epidemic,Uganda,,,,58.1114743743821,2001,,
2001-0582-ARG,Flood,Argentina,,,1290623.0,58.1114743743821,2001,2001-10-01,2001-12-01
2001-0583-FRA,Storm,France,,,,58.1114743743821,2001,2001-10-20,2001-10-21
2001-0584-IND,Storm,India,,,,58.1114743743821,2001,,
2001-0587-VNM,Flood,Viet Nam,,,8088.0,58.1114743743821,2001,2001-10-20,2001-10-24
2001-0596-PHL,Flood,Philippines,,,,58.1114743743821,2001,2001-10-10,2001-10-10
2001-0598-CHN,Earthquake,China,,,,58.1114743743821,2001,2001-10-27,2001-10-27
2001-0600-MYS,Flood,Malaysia,,,,58.1114743743821,2001,,
2001-0601-USA,Storm,United States of America,,,6883.0,58.1114743743821,2001,2001-10-11,2001-10-11
2001-0602-USA,Storm,United States of America,,,12046.0,58.1114743743821,2001,2001-10-12,2001-10-12
2001-0603-HND,Storm,Honduras,,,8604.0,58.1114743743821,2001,2001-10-30,2001-11-04
2001-0604-PER,Mass movement (wet),Peru,,,,58.1114743743821,2001,2001-10-28,2001-10-28
2001-0609-NGA,Epidemic,Nigeria,,,,58.1114743743821,2001,2001-10-10,2001-10-10
2001-0610-COD,Epidemic,Democratic Republic of the Congo,,,,58.1114743743821,2001,2001-10-01,2001-10-01
2001-0611-CYM,Storm,Cayman Islands,,68833.0,103250.0,58.1114743743821,2001,2001-10-30,2001-11-05
2001-0611-HTI,Storm,Haiti,,,34.0,58.1114743743821,2001,2001-10-30,2001-11-05
2001-0611-NIC,Storm,Nicaragua,,,1721.0,58.1114743743821,2001,2001-11-01,2001-11-04
2001-0612-CUB,Storm,Cuba,,34417.0,172083.0,58.1114743743821,2001,2001-11-04,2001-11-04
2001-0614-PHL,Storm,Philippines,,,39063.0,58.1114743743821,2001,2001-11-08,2001-11-08
2001-0615-JAM,Storm,Jamaica,,25812.0,95484.0,58.1114743743821,2001,2001-11-06,2001-11-06
2001-0616-TUR,Mass movement (wet),Türkiye,,,,58.1114743743821,2001,2001-11-10,2001-11-10
2001-0618-IND,Mass movement (wet),India,,,,58.1114743743821,2001,2001-11-09,2001-11-09
2001-0620-DZA,Flood,Algeria,,,516249.0,58.1114743743821,2001,2001-11-10,2001-11-14
2001-0621-ESP,Storm,Spain,,,123900.0,58.1114743743821,2001,2001-11-10,2001-11-10
2001-0624-VNM,Storm,Viet Nam,,,94646.0,58.1114743743821,2001,2001-11-12,2001-11-12
2001-0626-NGA,Epidemic,Nigeria,,,,58.1114743743821,2001,2001-11-14,2001-11-26
2001-0632-SPI,Flood,Canary Islands,,,,58.1114743743821,2001,2001-11-20,2001-11-20
2001-0635-BEN,Epidemic,Benin,,,,58.1114743743821,2001,2001-08-27,2001-08-27
2001-0637-COL,Mass movement (wet),Colombia,,,,58.1114743743821,2001,2001-11-22,2001-11-22
2001-0642-GRC,Flood,Greece,,,,58.1114743743821,2001,2001-11-29,2001-11-29
2001-0643-ETH,Epidemic,Ethiopia,,,,58.1114743743821,2001,,2001-05-31
2001-0644-NER,Flood,Niger,,,,58.1114743743821,2001,2001-11-30,2001-11-30
2001-0645-GBR,Flood,United Kingdom of Great Britain and Northern Ireland,,,,58.1114743743821,2001,2001-10-21,2001-10-23
2001-0649-MYS,Flood,Malaysia,,,,58.1114743743821,2001,2001-10-30,2001-10-30
2001-0650-UGA,Mass movement (wet),Uganda,,,,58.1114743743821,2001,2001-11-03,2001-11-03
2001-0651-IDN,Mass movement (wet),Indonesia,,,,58.1114743743821,2001,2001-10-30,2001-10-30
2001-0652-IDN,Mass movement (wet),Indonesia,,,,58.1114743743821,2001,2001-10-23,2001-10-23
2001-0653-SOM,Flood,Somalia,,,,58.1114743743821,2001,2001-11-01,2001-11-14
2001-0654-VNM,Flood,Viet Nam,,,,58.1114743743821,2001,2001-11-04,2001-11-04
2001-0655-AUS,Wildfire,Australia,,,,58.1114743743821,2001,,
2001-0658-COD,Epidemic,Democratic Republic of the Congo,,,,58.1114743743821,2001,2001-11-17,2001-11-17
2001-0659-COK,Storm,Cook Islands,,,,58.1114743743821,2001,2001-12-02,2001-12-02
2001-0661-POL,Extreme temperature,Poland,,,,58.1114743743821,2001,2001-10-10,2002-01-20
2001-0662-GAB,Epidemic,Gabon,,,,58.1114743743821,2001,,2002-05-06
2001-0663-ROU,Extreme temperature,Romania,,,,58.1114743743821,2001,2001-12-01,2001-12-01
2001-0664-ZAF,Flood,South Africa,,,,58.1114743743821,2001,2001-12-19,2001-12-22
2001-0665-TUR,Flood,Türkiye,,,43021.0,58.1114743743821,2001,2001-12-02,2001-12-09
2001-0667-BEN,Epidemic,Benin,,,,58.1114743743821,2001,2001-01-01,2001-03-25
2001-0668-AFG,Extreme temperature,Afghanistan,,,,58.1114743743821,2001,,
2001-0669-IDN,Earthquake,Indonesia,,,,58.1114743743821,2001,2001-02-13,2001-02-13
2001-0671-BHS,Storm,Bahamas,,25812.0,516249.0,58.1114743743821,2001,2001-11-09,2001-11-09
2001-0672-RWA,Flood,Rwanda,,,,58.1114743743821,2001,2001-10-30,2001-11-02
2001-0681-IND,Extreme temperature,India,,,,58.1114743743821,2001,,
2001-0682-UGA,Flood,Uganda,,,,58.1114743743821,2001,,
2001-0683-COD,Flood,Democratic Republic of the Congo,,,,58.1114743743821,2001,2001-12-14,2001-12-14
2001-0686-HUN,Extreme temperature,Hungary,,,,58.1114743743821,2001,,
2001-0689-TUR,Extreme temperature,Türkiye,,,,58.1114743743821,2001,2001-12-17,2001-12-17
2001-0690-LSO,Storm,Lesotho,,,,58.1114743743821,2001,2001-12-19,2001-12-19
2001-0691-LSO,Storm,Lesotho,,,,58.1114743743821,2001,,
2001-0692-MKD,Extreme temperature,North Macedonia,,,,58.1114743743821,2001,,
2001-0693-MYS,Flood,Malaysia,,,,58.1114743743821,2001,2001-12-22,2002-01-03
2001-0694-MAR,Flood,Morocco,,,3786.0,58.1114743743821,2001,2001-12-23,2001-12-26
2001-0696-BRA,Flood,Brazil,,,77437.0,58.1114743743821,2001,2001-12-24,2001-12-25
2001-0699-AUS,Wildfire,Australia,,60229.0,154875.0,58.1114743743821,2001,2001-12-25,2002-01-16
2001-0701-BGR,Storm,Bulgaria,,,,58.1114743743821,2001,2001-12-24,2001-12-24
2001-0703-PER,Flood,Peru,,,,58.1114743743821,2001,2001-12-26,2001-12-29
2001-0709-COD,Mass movement (wet),Democratic Republic of the Congo,,,,58.1114743743821,2001,2001-12-25,2001-12-25
2001-0710-MWI,Flood,Malawi,,,,58.1114743743821,2001,2001-12-30,2001-12-30
2001-0711-TON,Storm,Tonga,,,88279.0,58.1114743743821,2001,2001-12-31,2001-12-31
2001-0712-COL,Flood,Colombia,,,,58.1114743743821,2001,,
2001-0713-LVA,Extreme temperature,Latvia,,,,58.1114743743821,2001,,
2001-0714-LTU,Extreme temperature,Lithuania,,,,58.1114743743821,2001,,
2001-0716-CHN,Flood,China,,,,58.1114743743821,2001,2001-12-17,2001-12-18
2001-0717-TJK,Mass movement (wet),Tajikistan,,,1032.0,58.1114743743821,2001,2001-05-20,2001-05-20
2001-0719-IDN,Flood,Indonesia,,,,58.1114743743821,2001,2001-12-28,2002-01-01
2001-0720-SLE,Epidemic,Sierra Leone,,,,58.1114743743821,2001,2001-12-13,2001-12-13
2001-0721-KEN,Epidemic,Kenya,,,,58.1114743743821,2001,,
2001-0722-USA,Wildfire,United States of America,,,,58.1114743743821,2001,2001-10-30,2001-10-30
2001-0723-BRA,Flood,Brazil,,,,58.1114743743821,2001,2001-11-19,2001-11-23
2001-0724-USA,Flood,United States of America,,,,58.1114743743821,2001,2001-11-15,2001-11-19
2001-0727-PAK,Epidemic,Pakistan,,,,58.1114743743821,2001,2001-11-01,2002-02-12
2001-0728-SOM,Epidemic,Somalia,,,,58.1114743743821,2001,2001-10-13,2002-01-28
2001-0730-SCG,Epidemic,Serbia Montenegro,,,,58.1114743743821,2001,2001-11-01,2002-02-06
2001-0731-COG,Epidemic,Congo,,,,58.1114743743821,2001,,2002-03-21
2001-0733-TZA,Epidemic,United Republic of Tanzania,,,,58.1114743743821,2001,2001-12-22,2001-12-22
2001-0734-BGD,Extreme temperature,Bangladesh,,,,58.1114743743821,2001,,
2001-0735-MEX,Storm,Mexico,,,,58.1114743743821,2001,2001-08-21,2001-08-21
2001-0738-CRI,Flood,Costa Rica,,,,58.1114743743821,2001,2001-10-19,2001-10-19
2001-0739-HRV,Flood,Croatia,,,,58.1114743743821,2001,2001-09-06,2001-09-06
2001-0740-CHN,Flood,China,,,287379.0,58.1114743743821,2001,2001-06-15,2001-06-15
2001-0741-CHN,Flood,China,,,206500.0,58.1114743743821,2001,2001-06-19,2001-06-23
2001-0743-FRA,Flood,France,,,,58.1114743743821,2001,2001-07-08,2001-07-08
2001-0746-MMR,Flood,Myanmar,,,,58.1114743743821,2001,2001-06-02,2001-06-02
2001-0747-RUS,Wildfire,Russian Federation,,,,58.1114743743821,2001,,
2001-0748-TUR,Earthquake,Türkiye,,,,58.1114743743821,2001,2001-07-10,2001-07-10
2001-0749-GRC,Earthquake,Greece,,,,58.1114743743821,2001,2001-07-26,2001-07-26
2001-0750-IRN,Earthquake,Iran (Islamic Republic of),,,,58.1114743743821,2001,2001-10-08,2001-10-08
2001-0751-PER,Earthquake,Peru,,,,58.1114743743821,2001,2001-12-04,2001-12-04
2001-0753-GTM,Extreme temperature,Guatemala,,,,58.1114743743821,2001,,
2001-0754-PER,Earthquake,Peru,,,,58.1114743743821,2001,2001-08-09,2001-08-09
2001-0756-TJK,Storm,Tajikistan,,,403.0,58.1114743743821,2001,2001-06-16,2001-06-16
2001-0758-PHL,Storm,Philippines,,,165.0,58.1114743743821,2001,2001-12-05,2001-12-07
2001-0759-NOR,Flood,Norway,,,,58.1114743743821,2001,2001-12-01,2001-12-01
2001-0766-PAK,Mass movement (wet),Pakistan,,,,58.1114743743821,2001,,
2001-0767-MOZ,Flood,Mozambique,,,,58.1114743743821,2001,,
2001-0768-CHN,Mass movement (wet),China,,,,58.1114743743821,2001,2001-07-28,2001-07-28
2001-0769-ETH,Flood,Ethiopia,,,,58.1114743743821,2001,,
2001-0770-USA,Extreme temperature,United States of America,,,,58.1114743743821,2001,,
2001-0771-USA,Storm,United States of America,,,,58.1114743743821,2001,,
2001-0772-USA,Flood,United States of America,,,,58.1114743743821,2001,,
2001-0773-USA,Storm,United States of America,,,5162.0,58.1114743743821,2001,2001-08-17,2001-08-17
2001-0774-KAZ,Flood,Kazakhstan,,,,58.1114743743821,2001,2001-05-13,2001-05-13
2001-0775-COD,Epidemic,Democratic Republic of the Congo,,,,58.1114743743821,2001,2001-11-01,2002-03-14
2001-0776-COD,Epidemic,Democratic Republic of the Congo,,,,58.1114743743821,2001,2001-10-01,2001-10-01
2001-0777-AFG,Epidemic,Afghanistan,,,,58.1114743743821,2001,2001-12-01,2001-12-01
2001-0778-MWI,Epidemic,Malawi,,,,58.1114743743821,2001,2001-10-28,2001-10-28
2001-0779-NZL,Extreme temperature,New Zealand,,,344166.0,58.1114743743821,2001,,
2001-0782-LAO,Flood,Lao People's Democratic Republic,,,,58.1114743743821,2001,,
2001-0783-BIH,Flood,Bosnia and Herzegovina,,,,58.1114743743821,2001,,
2001-0787-MWI,Epidemic,Malawi,,,,58.1114743743821,2001,2001-10-28,2002-03-09
2001-0788-GBR,Epidemic,United Kingdom of Great Britain and Northern Ireland,,,,58.1114743743821,2001,,
2001-0789-ZMB,Epidemic,Zambia,,,,58.1114743743821,2001,,2001-03-15
2001-0790-ETH,Epidemic,Ethiopia,,,,58.1114743743821,2001,2001-09-10,2002-02-03
2001-0791-BFA,Epidemic,Burkina Faso,,,,58.1114743743821,2001,,2002-05-15
2001-0792-PHL,Storm,Philippines,,,504.0,58.1114743743821,2001,2001-08-17,2001-08-19
2001-0793-PHL,Storm,Philippines,,,2421.0,58.1114743743821,2001,2001-09-22,2001-09-27
2001-0794-IND,Flood,India,,,177246.0,58.1114743743821,2001,2001-09-07,2001-09-24
2001-0795-CHN,Storm,China,,,41300.0,58.1114743743821,2001,2001-03-25,2001-03-26
2001-0796-CHN,Storm,China,,,366537.0,58.1114743743821,2001,2001-08-28,2001-09-09
2001-9044-BFA,Drought,Burkina Faso,,,,58.1114743743821,2001,,
2001-9044-MLI,Drought,Mali,,,,58.1114743743821,2001,,
2001-9044-NER,Drought,Niger,,,,58.1114743743821,2001,,
2001-9044-TCD,Drought,Chad,,,,58.1114743743821,2001,,
2001-9048-MOZ,Drought,Mozambique,,,,58.1114743743821,2001,,
2001-9067-CMR,Drought,Cameroon,,,,58.1114743743821,2001,,
2001-9122-MOZ,Drought,Mozambique,,,,59.0331440786142,2002,,
2001-9122-SWZ,Drought,Eswatini,,,,58.1114743743821,2001,,
2001-9122-ZWE,Drought,Zimbabwe,,,,58.1114743743821,2001,,
2001-9149-CHN,Drought,China,,,,58.1114743743821,2001,,
2001-9152-AGO,Drought,Angola,,,,58.1114743743821,2001,,
2001-9218-CHN,Drought,China,,,,58.1114743743821,2001,,
2001-9383-GTM,Drought,Guatemala,,,24092.0,58.1114743743821,2001,,
2001-9383-HND,Drought,Honduras,,,,58.1114743743821,2001,,
2001-9383-NIC,Drought,Nicaragua,,,,58.1114743743821,2001,,
2001-9383-SLV,Drought,El Salvador,,,38547.0,58.1114743743821,2001,,
2001-9394-BRA,Drought,Brazil,,,,58.1114743743821,2001,,
2001-9398-KOR,Drought,Republic of Korea,,,,58.1114743743821,2001,,
2001-9409-MRT,Drought,Mauritania,,,,58.1114743743821,2001,,
2001-9498-LKA,Drought,Sri Lanka,,,,58.1114743743821,2001,,
2001-9525-KHM,Drought,Cambodia,,,,58.1114743743821,2001,,
2001-9854-NAM,Drought,Namibia,,,,58.1114743743821,2001,,
2002-0002-VUT,Earthquake,Vanuatu,,,,59.0331440786142,2002,2002-01-03,2002-01-03
2002-0003-GRC,Storm,Greece,,,,59.0331440786142,2002,2002-01-04,2002-01-04
2002-0004-MDG,Storm,Madagascar,,,307.0,59.0331440786142,2002,2002-01-02,2002-01-02
2002-0005-PHL,Flood,Philippines,,,664.0,59.0331440786142,2002,2002-01-04,2002-01-07
2002-0010-ALB,Storm,Albania,,,,59.0331440786142,2002,2002-01-08,2002-01-08
2002-0011-CZE,Storm,Czechia,,,,59.0331440786142,2002,,
2002-0012-FRA,Flood,France,,,,59.0331440786142,2002,,
2002-0015-TJK,Earthquake,Tajikistan,,,,59.0331440786142,2002,2002-01-09,2002-01-09
2002-0016-UGA,Storm,Uganda,,,,59.0331440786142,2002,2002-01-05,2002-01-05
2002-0017-USA,Storm,United States of America,,,,59.0331440786142,2002,,
2002-0018-IDN,Flood,Indonesia,,,,59.0331440786142,2002,2002-01-08,2002-01-12
2002-0020-IRN,Flood,Iran (Islamic Republic of),,,100045.0,59.0331440786142,2002,2002-01-11,2002-01-13
2002-0024-RUS,Flood,Russian Federation,,,110057.0,59.0331440786142,2002,2002-01-06,2002-01-23
2002-0025-ZAF,Storm,South Africa,,,,59.0331440786142,2002,2002-01-08,2002-01-08
2002-0026-SEN,Flood,Senegal,,,69417.0,59.0331440786142,2002,2002-01-09,2002-01-12
2002-0030-ETH,Epidemic,Ethiopia,,,,59.0331440786142,2002,2002-01-15,2002-01-15
2002-0031-IDN,Epidemic,Indonesia,,,,59.0331440786142,2002,2002-01-10,2002-01-10
2002-0033-COD,Volcanic activity,Democratic Republic of the Congo,,,15246.0,59.0331440786142,2002,2002-01-17,2002-01-21
2002-0035-IDN,Flood,Indonesia,,,,59.0331440786142,2002,2002-01-13,2002-01-18
2002-0036-NZL,Flood,New Zealand,,,847.0,59.0331440786142,2002,2002-01-12,2002-01-15
2002-0039-MUS,Storm,Mauritius,,,84698.0,59.0331440786142,2002,2002-01-22,2002-01-22
2002-0042-RWA,Earthquake,Rwanda,,,,59.0331440786142,2002,2002-01-17,2002-01-17
2002-0043-REU,Storm,Réunion,,,84698.0,59.0331440786142,2002,,
2002-0048-RUS,Storm,Russian Federation,,,5082.0,59.0331440786142,2002,2002-01-29,2002-01-29
2002-0050-BEL,Flood,Belgium,,,,59.0331440786142,2002,2002-01-27,2002-01-27
2002-0052-CAF,Wildfire,Central African Republic,,,,59.0331440786142,2002,2002-01-30,2002-01-30
2002-0054-IDN,Flood,Indonesia,,338793.0,592887.0,59.0331440786142,2002,2002-01-27,2002-02-12
2002-0055-DEU,Storm,Germany,,169396.0,254095.0,59.0331440786142,2002,2002-01-28,2002-01-29
2002-0056-MRT,Flood,Mauritania,,,,59.0331440786142,2002,2002-01-09,2002-01-09
2002-0059-POL,Storm,Poland,,,169.0,59.0331440786142,2002,2002-01-28,2002-01-28
2002-0064-MYS,Mass movement (wet),Malaysia,,,,59.0331440786142,2002,2002-01-31,2002-01-31
2002-0065-TUR,Earthquake,Türkiye,,,160927.0,59.0331440786142,2002,2002-02-03,2002-02-03
2002-0069-THA,Storm,Thailand,,,3388.0,59.0331440786142,2002,2002-01-12,2002-01-12
2002-0070-PNG,Earthquake,Papua New Guinea,,,,59.0331440786142,2002,2002-01-10,2002-01-10
2002-0072-MEX,Volcanic activity,Mexico,,,,59.0331440786142,2002,2002-02-06,2002-02-06
2002-0077-PER,Flood,Peru,,,,59.0331440786142,2002,2002-02-04,2002-02-15
2002-0080-COD,Flood,Democratic Republic of the Congo,,,,59.0331440786142,2002,2002-02-06,2002-02-08
2002-0082-BRA,Flood,Brazil,,,,59.0331440786142,2002,2002-02-03,2002-02-05
2002-0083-MWI,Flood,Malawi,,,,59.0331440786142,2002,2002-01-01,2002-03-05
2002-0088-AFG,Mass movement (wet),Afghanistan,,,,59.0331440786142,2002,2002-02-06,2002-02-06
2002-0089-CHL,Wildfire,Chile,,,135517.0,59.0331440786142,2002,,
2002-0092-USA,Wildfire,United States of America,,,11180.0,59.0331440786142,2002,2002-02-10,2002-02-10
2002-0101-BEL,Flood,Belgium,,,,59.0331440786142,2002,2002-02-11,2002-02-11
2002-0103-GTM,Flood,Guatemala,,,,59.0331440786142,2002,2002-02-04,2002-02-04
2002-0107-IRN,Earthquake,Iran (Islamic Republic of),,,,59.0331440786142,2002,2002-02-17,2002-02-17
2002-0110-BOL,Flood,Bolivia (Plurinational State of),16940.0,,169396.0,59.0331440786142,2002,2002-02-19,2002-02-21
2002-0112-ZAF,Epidemic,South Africa,,,,59.0331440786142,2002,2002-02-14,2002-02-14
2002-0119-USA,Storm,United States of America,,339640.0,677585.0,59.0331440786142,2002,2002-01-30,2002-02-08
2002-0122-AFG,Earthquake,Afghanistan,,,,59.0331440786142,2002,2002-03-03,2002-03-03
2002-0122-PAK,Earthquake,Pakistan,,,,59.0331440786142,2002,2002-03-03,2002-03-03
2002-0122-TJK,Earthquake,Tajikistan,,,,59.0331440786142,2002,2002-03-03,2002-03-03
2002-0125-ECU,Flood,Ecuador,,,22022.0,59.0331440786142,2002,2002-03-06,2002-04-29
2002-0126-FSM,Storm,Micronesia (Federated States of),,,,59.0331440786142,2002,2002-03-03,2002-03-03
2002-0128-USA,Storm,United States of America,,,,59.0331440786142,2002,,
2002-0129-PHL,Earthquake,Philippines,,,2903.0,59.0331440786142,2002,2002-03-05,2002-03-05
2002-0135-ZWE,Epidemic,Zimbabwe,,,,59.0331440786142,2002,2002-03-06,2002-03-06
2002-0136-NGA,Epidemic,Nigeria,,,,59.0331440786142,2002,2002-03-06,2002-03-06
2002-0137-MWI,Epidemic,Malawi,,,,59.0331440786142,2002,,
2002-0138-NGA,Epidemic,Nigeria,,,,59.0331440786142,2002,2002-02-15,2002-02-15
2002-0139-AFG,Epidemic,Afghanistan,,,,59.0331440786142,2002,,
2002-0144-EGY,Flood,Egypt,,,,59.0331440786142,2002,2002-03-03,2002-03-11
2002-0154-BRA,Epidemic,Brazil,,,,59.0331440786142,2002,2002-01-01,2002-04-25
2002-0155-ZAF,Epidemic,South Africa,,,,59.0331440786142,2002,2002-03-07,2002-03-07
2002-0156-IND,Epidemic,India,,,,59.0331440786142,2002,2002-03-12,2002-03-12
2002-0157-AUS,Storm,Australia,,,,59.0331440786142,2002,2002-02-16,2002-02-16
2002-0160-URY,Storm,Uruguay,,,42349.0,59.0331440786142,2002,2002-03-15,2002-03-15
2002-0162-ECU,Flood,Ecuador,,,5082.0,59.0331440786142,2002,2002-03-19,2002-03-19
2002-0163-MOZ,Flood,Mozambique,,,,59.0331440786142,2002,2002-03-18,2002-03-22
2002-0165-USA,Storm,United States of America,,339640.0,339640.0,59.0331440786142,2002,2002-03-19,2002-03-19
2002-0168-DEU,Epidemic,Germany,,,,59.0331440786142,2002,2002-02-01,2002-02-01
2002-0169-SOM,Epidemic,Somalia,,,,59.0331440786142,2002,2002-02-20,2002-02-20
2002-0170-SDN,Epidemic,Sudan,,,,59.0331440786142,2002,2002-02-05,2002-02-05
2002-0171-SPI,Flood,Canary Islands,,,135387.0,59.0331440786142,2002,2002-03-31,2002-04-02
2002-0172-TWN,Earthquake,Taiwan (Province of China),,16940.0,42349.0,59.0331440786142,2002,2002-03-31,2002-03-31
2002-0175-AFG,Earthquake,Afghanistan,,,,59.0331440786142,2002,2002-03-25,2002-03-25
2002-0176-PHL,Flood,Philippines,,,2456.0,59.0331440786142,2002,2002-03-21,2002-03-26
2002-0180-CHN,Storm,China,,,,59.0331440786142,2002,2002-03-14,2002-03-21
2002-0181-JPN,Wildfire,Japan,,,,59.0331440786142,2002,2002-03-22,2002-03-22
2002-0183-USA,Flood,United States of America,,,128741.0,59.0331440786142,2002,2002-03-17,2002-03-24
2002-0184-USA,Wildfire,United States of America,,,8470.0,59.0331440786142,2002,,
2002-0185-AFG,Flood,Afghanistan,,,,59.0331440786142,2002,2002-03-22,2002-03-22
2002-0186-IDN,Flood,Indonesia,,,,59.0331440786142,2002,2002-03-27,2002-03-30
2002-0187-PER,Flood,Peru,,,,59.0331440786142,2002,2002-03-17,2002-03-31
2002-0188-AFG,Epidemic,Afghanistan,,,,59.0331440786142,2002,2002-03-28,2002-03-28
2002-0189-ZAF,Epidemic,South Africa,,,,59.0331440786142,2002,2002-01-01,2002-01-01
2002-0190-PNG,Mass movement (wet),Papua New Guinea,,,,59.0331440786142,2002,2002-04-02,2002-04-02
2002-0193-TJK,Flood,Tajikistan,,,,59.0331440786142,2002,2002-03-23,2002-03-23
2002-0194-UGA,Flood,Uganda,,,,59.0331440786142,2002,2002-03-30,2002-03-30
2002-0196-AFG,Flood,Afghanistan,,,,59.0331440786142,2002,2002-04-04,2002-07-04
2002-0197-VNM,Wildfire,Viet Nam,,,,59.0331440786142,2002,2002-03-24,2002-04-12
2002-0204-IND,Storm,India,,,705.0,59.0331440786142,2002,2002-04-03,2002-04-03
2002-0205-NER,Epidemic,Niger,,,,59.0331440786142,2002,2002-01-01,2002-04-21
2002-0206-AFG,Epidemic,Afghanistan,,,,59.0331440786142,2002,2002-04-10,2002-04-10
2002-0208-AFG,Earthquake,Afghanistan,,,,59.0331440786142,2002,2002-04-12,2002-04-12
2002-0210-SAU,Flood,Saudi Arabia,,,,59.0331440786142,2002,2002-04-08,2002-04-13
2002-0211-BGD,Storm,Bangladesh,,,,59.0331440786142,2002,2002-03-25,2002-03-25
2002-0213-YEM,Flood,Yemen,,,,59.0331440786142,2002,2002-04-11,2002-04-11
2002-0215-GHA,Flood,Ghana,,,,59.0331440786142,2002,2002-04-08,2002-04-08
2002-0216-IND,Storm,India,,,,59.0331440786142,2002,2002-04-11,2002-04-11
2002-0217-ZAF,Storm,South Africa,,,69.0,59.0331440786142,2002,2002-04-11,2002-04-11
2002-0218-IRN,Flood,Iran (Islamic Republic of),,,,59.0331440786142,2002,2002-04-14,2002-04-16
2002-0221-SOM,Epidemic,Somalia,,,,59.0331440786142,2002,2002-04-12,2002-04-12
2002-0225-ETH,Flood,Ethiopia,,,,59.0331440786142,2002,2002-04-16,2002-04-21
2002-0231-MYS,Storm,Malaysia,,,,59.0331440786142,2002,2002-03-30,2002-03-30
2002-0233-BGD,Storm,Bangladesh,,,,59.0331440786142,2002,2002-04-22,2002-04-22
2002-0234-SCG,Earthquake,Serbia Montenegro,,,,59.0331440786142,2002,2002-04-24,2002-04-24
2002-0235-SWE,Epidemic,Sweden,,,,59.0331440786142,2002,2002-04-22,2002-04-22
2002-0236-IDN,Flood,Indonesia,,,,59.0331440786142,2002,2002-04-17,2002-04-20
2002-0237-NIC,Wildfire,Nicaragua,,,,59.0331440786142,2002,2002-04-18,2002-04-18
2002-0238-NGA,Flood,Nigeria,,,,59.0331440786142,2002,,
2002-0240-URY,Flood,Uruguay,,,,59.0331440786142,2002,2002-04-01,2002-04-01
2002-0242-AFG,Flood,Afghanistan,,,,59.0331440786142,2002,2002-04-23,2002-04-26
2002-0246-IRN,Earthquake,Iran (Islamic Republic of),,,,59.0331440786142,2002,2002-04-24,2002-04-24
2002-0247-GEO,Earthquake,Georgia,,,592887.0,59.0331440786142,2002,2002-04-25,2002-04-25
2002-0248-KEN,Mass movement (wet),Kenya,,,,59.0331440786142,2002,2002-04-30,2002-04-30
2002-0256-CIV,Epidemic,Côte d’Ivoire,,,,59.0331440786142,2002,,
2002-0257-GIN,Epidemic,Guinea,,,,59.0331440786142,2002,,
2002-0258-MLI,Epidemic,Mali,,,,59.0331440786142,2002,,
2002-0259-SEN,Epidemic,Senegal,,,,59.0331440786142,2002,,
2002-0260-TGO,Epidemic,Togo,,,,59.0331440786142,2002,,
2002-0261-BEN,Epidemic,Benin,,,,59.0331440786142,2002,,
2002-0263-CRI,Flood,Costa Rica,,,1694.0,59.0331440786142,2002,2002-05-06,2002-05-11
2002-0264-PAN,Flood,Panama,,,847.0,59.0331440786142,2002,2002-05-06,2002-05-11
2002-0265-KEN,Flood,Kenya,,,,59.0331440786142,2002,2002-04-26,2002-05-28
2002-0266-USA,Flood,United States of America,,,22022.0,59.0331440786142,2002,2002-05-02,2002-05-08
2002-0272-UGA,Flood,Uganda,,,,59.0331440786142,2002,2002-04-26,2002-05-28
2002-0273-RWA,Flood,Rwanda,,,,59.0331440786142,2002,2002-04-26,2002-05-28
2002-0274-TZA,Flood,United Republic of Tanzania,,,,59.0331440786142,2002,2002-04-26,2002-05-28
2002-0275-BDI,Flood,Burundi,,,,59.0331440786142,2002,2002-05-06,2002-05-06
2002-0278-CHN,Flood,China,,,89780.0,59.0331440786142,2002,,
2002-0279-RUS,Wildfire,Russian Federation,,,,59.0331440786142,2002,2002-05-11,2002-05-11
2002-0281-MDG,Storm,Madagascar,,,,59.0331440786142,2002,2002-05-09,2002-05-09
2002-0283-USA,Storm,United States of America,,,,59.0331440786142,2002,2002-05-05,2002-05-05
2002-0284-PAK,Extreme temperature,Pakistan,,,,59.0331440786142,2002,,
2002-0286-THA,Storm,Thailand,,,,59.0331440786142,2002,2002-04-23,2002-04-23
2002-0287-USA,Storm,United States of America,,,6776.0,59.0331440786142,2002,2002-04-21,2002-04-21
2002-0290-IND,Extreme temperature,India,,,,59.0331440786142,2002,2002-05-10,2002-05-22
2002-0291-IDN,Flood,Indonesia,,,,59.0331440786142,2002,,
2002-0295-AFG,Epidemic,Afghanistan,,,,59.0331440786142,2002,,2002-05-28
2002-0296-PRY,Flood,Paraguay,,,,59.0331440786142,2002,2002-05-06,2002-05-28
2002-0301-IND,Epidemic,India,,,,59.0331440786142,2002,2002-05-01,2002-05-01
2002-0302-PAK,Epidemic,Pakistan,,,,59.0331440786142,2002,,
2002-0303-PNG,Epidemic,Papua New Guinea,,,,59.0331440786142,2002,2002-01-01,2002-01-01
2002-0305-CHN,Flood,China,,,1597408.0,59.0331440786142,2002,2002-05-22,2002-05-29
2002-0307-COL,Flood,Colombia,,,,59.0331440786142,2002,2002-04-24,2002-04-29
2002-0308-IND,Storm,India,,,,59.0331440786142,2002,2002-04-27,2002-04-27
2002-0309-KGZ,Mass movement (wet),Kyrgyzstan,,,2541.0,59.0331440786142,2002,2002-05-02,2002-05-02
2002-0310-USA,Storm,United States of America,,3388774.0,3726720.0,59.0331440786142,2002,2002-04-27,2002-05-03
2002-0312-USA,Wildfire,United States of America,,,,59.0331440786142,2002,,
2002-0315-TJK,Flood,Tajikistan,,,,59.0331440786142,2002,2002-05-14,2002-05-14
2002-0321-HTI,Flood,Haiti,,,1694.0,59.0331440786142,2002,2002-05-23,2002-06-05
2002-0322-CHL,Flood,Chile,,67759.0,338793.0,59.0331440786142,2002,2002-05-24,2002-06-05
2002-0325-JAM,Flood,Jamaica,,,33879.0,59.0331440786142,2002,2002-05-23,2002-06-05
2002-0328-NIC,Flood,Nicaragua,,,85.0,59.0331440786142,2002,2002-05-23,2002-06-05
2002-0329-HND,Flood,Honduras,,,169396.0,59.0331440786142,2002,2002-05-23,2002-06-05
2002-0330-PAK,Storm,Pakistan,,,,59.0331440786142,2002,2002-05-27,2002-05-27
2002-0331-USA,Wildfire,United States of America,,,,59.0331440786142,2002,,
2002-0337-SLV,Flood,El Salvador,,,,59.0331440786142,2002,2002-05-23,2002-06-05
2002-0339-COL,Flood,Colombia,,,,59.0331440786142,2002,2002-06-04,2002-06-13
2002-0343-ITA,Flood,Italy,,,,59.0331440786142,2002,2002-06-06,2002-06-09
2002-0344-CHN,Flood,China,,,84698.0,59.0331440786142,2002,2002-05-23,2002-06-22
2002-0350-CHN,Flood,China,,,5251287.0,59.0331440786142,2002,2002-06-08,2002-06-18
2002-0351-USA,Wildfire,United States of America,,,33879.0,59.0331440786142,2002,2002-06-08,2002-06-08
2002-0354-NGA,Extreme temperature,Nigeria,,,,59.0331440786142,2002,,
2002-0355-USA,Extreme temperature,United States of America,,,,59.0331440786142,2002,,
2002-0357-ITA,Epidemic,Italy,,,,59.0331440786142,2002,,
2002-0359-CUB,Flood,Cuba,,,,59.0331440786142,2002,2002-06-12,2002-06-22
2002-0361-CHN,Mass movement (wet),China,,,,59.0331440786142,2002,2002-06-14,2002-06-14
2002-0363-IRN,Wildfire,Iran (Islamic Republic of),,,,59.0331440786142,2002,,
2002-0367-SCG,Flood,Serbia Montenegro,,,,59.0331440786142,2002,2002-06-11,2002-06-11
2002-0368-ARG,Earthquake,Argentina,,,,59.0331440786142,2002,2002-05-28,2002-05-28
2002-0371-SLV,Epidemic,El Salvador,,,,59.0331440786142,2002,2002-01-01,2002-07-06
2002-0373-GHA,Flood,Ghana,,,,59.0331440786142,2002,2002-06-10,2002-06-12
2002-0374-IND,Flood,India,,,52127.0,59.0331440786142,2002,2002-06-21,2002-08-28
2002-0375-TJK,Flood,Tajikistan,,,,59.0331440786142,2002,2002-06-16,2002-06-18
2002-0376-RUS,Flood,Russian Federation,,,762284.0,59.0331440786142,2002,2002-06-19,2002-07-01
2002-0378-IRN,Earthquake,Iran (Islamic Republic of),,,508189.0,59.0331440786142,2002,2002-06-22,2002-06-22
2002-0379-USA,Wildfire,United States of America,,,339640.0,59.0331440786142,2002,2002-06-20,2002-06-20
2002-0381-MDA,Flood,Republic of Moldova,,,1409.0,59.0331440786142,2002,,
2002-0383-BGD,Epidemic,Bangladesh,,,,59.0331440786142,2002,,
2002-0384-COD,Epidemic,Democratic Republic of the Congo,,,,59.0331440786142,2002,,
2002-0385-MOZ,Epidemic,Mozambique,,,,59.0331440786142,2002,2002-01-01,2002-06-17
2002-0397-FSM,Storm,Micronesia (Federated States of),,,847.0,59.0331440786142,2002,2002-07-01,2002-07-01
2002-0399-PAN,Epidemic,Panama,,,,59.0331440786142,2002,2002-06-01,2002-06-01
2002-0402-BGD,Flood,Bangladesh,,,,59.0331440786142,2002,,
2002-0403-BRA,Flood,Brazil,,,,59.0331440786142,2002,2002-06-12,2002-06-19
2002-0404-CAN,Flood,Canada,,,,59.0331440786142,2002,2002-06-09,2002-06-12
2002-0406-CHN,Storm,China,,,143987.0,59.0331440786142,2002,2002-07-05,2002-07-07
2002-0406-JPN,Storm,Japan,,,847.0,59.0331440786142,2002,2002-07-05,2002-07-07
2002-0406-KOR,Storm,Republic of Korea,,,16940.0,59.0331440786142,2002,2002-07-05,2002-07-07
2002-0408-PHL,Storm,Philippines,,,1694.0,59.0331440786142,2002,2002-07-07,2002-07-09
2002-0409-CAN,Wildfire,Canada,,,,59.0331440786142,2002,,
2002-0410-YEM,Flood,Yemen,,,,59.0331440786142,2002,2002-07-06,2002-07-08
2002-0411-USA,Flood,United States of America,,339640.0,1693964.0,59.0331440786142,2002,2002-06-30,2002-07-23
2002-0416-ZAF,Wildfire,South Africa,,,,59.0331440786142,2002,,
2002-0417-ALB,Epidemic,Albania,,,,59.0331440786142,2002,,
2002-0418-HND,Epidemic,Honduras,,,,59.0331440786142,2002,2002-01-01,2002-06-29
2002-0419-AFG,Epidemic,Afghanistan,,,,59.0331440786142,2002,,
2002-0420-DEU,Storm,Germany,,,169396.0,59.0331440786142,2002,2002-07-10,2002-07-10
2002-0422-BOL,Storm,Bolivia (Plurinational State of),,,,59.0331440786142,2002,,
2002-0423-PHL,Storm,Philippines,,,9595.0,59.0331440786142,2002,2002-07-13,2002-07-13
2002-0424-KOR,Storm,Republic of Korea,,,,59.0331440786142,2002,2002-07-13,2002-07-14
2002-0425-BGD,Storm,Bangladesh,,,,59.0331440786142,2002,2002-07-14,2002-07-14
2002-0428-NPL,Mass movement (wet),Nepal,,,,59.0331440786142,2002,2002-07-15,2002-08-15
2002-0429-PER,Storm,Peru,,,,59.0331440786142,2002,,
2002-0430-JPN,Storm,Japan,,,,59.0331440786142,2002,2002-07-15,2002-07-15
2002-0431-JPN,Storm,Japan,,,8470.0,59.0331440786142,2002,2002-07-05,2002-07-05
2002-0432-GUM,Storm,Guam,,,101638.0,59.0331440786142,2002,2002-07-05,2002-07-05
2002-0435-CHN,Epidemic,China,,,,59.0331440786142,2002,2002-07-17,2002-07-17
2002-0436-AFG,Epidemic,Afghanistan,,,,59.0331440786142,2002,2002-07-01,2002-07-17
2002-0437-ECU,Mass movement (dry),Ecuador,,,,59.0331440786142,2002,2002-07-16,2002-07-16
2002-0442-ZAF,Storm,South Africa,,,8470.0,59.0331440786142,2002,2002-07-15,2002-07-21
2002-0445-VEN,Flood,Venezuela (Bolivarian Republic of),,,5082.0,59.0331440786142,2002,2002-07-20,2002-07-31
2002-0447-ROU,Flood,Romania,,,,59.0331440786142,2002,2002-07-19,2002-07-23
2002-0448-CHN,Storm,China,,,,59.0331440786142,2002,2002-07-19,2002-07-19
2002-0450-TUR,Flood,Türkiye,,,,59.0331440786142,2002,2002-07-23,2002-07-27
2002-0451-CIV,Epidemic,Côte d’Ivoire,,,,59.0331440786142,2002,,2002-07-14
2002-0452-BDI,Epidemic,Burundi,,,,59.0331440786142,2002,2002-06-17,2002-08-22
2002-0454-YEM,Flood,Yemen,,,,59.0331440786142,2002,2002-07-24,2002-07-26
2002-0458-BDI,Epidemic,Burundi,,,,59.0331440786142,2002,,
2002-0461-CHN,Flood,China,,,65387.0,59.0331440786142,2002,2002-07-21,2002-07-29
2002-0463-GBR,Flood,United Kingdom of Great Britain and Northern Ireland,,,,59.0331440786142,2002,2002-07-20,2002-07-20
2002-0466-ROU,Flood,Romania,,,,59.0331440786142,2002,,
2002-0467-DEU,Flood,Germany,,3049135.0,19649978.0,59.0331440786142,2002,2002-08-11,2002-08-20
2002-0468-MLI,Flood,Mali,,,,59.0331440786142,2002,2002-07-26,2002-07-27
2002-0469-RUS,Wildfire,Russian Federation,,,,59.0331440786142,2002,,
2002-0470-VNM,Flood,Viet Nam,,,3727.0,59.0331440786142,2002,2002-07-31,2002-08-06
2002-0471-ROU,Flood,Romania,,,491.0,59.0331440786142,2002,2002-08-06,2002-08-07
2002-0472-ITA,Flood,Italy,,16940.0,501413.0,59.0331440786142,2002,2002-08-04,2002-08-14
2002-0474-KOR,Flood,Republic of Korea,,,584417.0,59.0331440786142,2002,2002-08-05,2002-08-11
2002-0475-TJK,Flood,Tajikistan,,,4804.0,59.0331440786142,2002,2002-08-07,2002-08-08
2002-0476-NGA,Epidemic,Nigeria,,,,59.0331440786142,2002,2002-08-01,2002-08-01
2002-0477-MDG,Epidemic,Madagascar,,,,59.0331440786142,2002,2002-07-04,2002-08-29
2002-0478-PRK,Flood,Democratic People's Republic of Korea,,,,59.0331440786142,2002,2002-08-05,2002-08-11
2002-0479-CZE,Flood,Czechia,,2032756.0,4065513.0,59.0331440786142,2002,2002-08-07,2002-08-28
2002-0481-CHN,Flood,China,,,,59.0331440786142,2002,,
2002-0482-RUS,Flood,Russian Federation,,,54207.0,59.0331440786142,2002,2002-08-08,2002-08-18
2002-0483-CHN,Flood,China,,,914740.0,59.0331440786142,2002,2002-08-05,2002-08-05
2002-0488-GBR,Flood,United Kingdom of Great Britain and Northern Ireland,,,,59.0331440786142,2002,2002-08-10,2002-08-12
2002-0489-AUT,Flood,Austria,,677585.0,4065513.0,59.0331440786142,2002,2002-08-12,2002-08-20
2002-0490-IND,Flood,India,,,33879.0,59.0331440786142,2002,2002-08-11,2002-08-13
2002-0492-PNG,Volcanic activity,Papua New Guinea,,,,59.0331440786142,2002,2002-07-02,2002-07-02
2002-0493-PRY,Storm,Paraguay,,,,59.0331440786142,2002,2002-07-31,2002-07-31
2002-0494-ARG,Extreme temperature,Argentina,,,,59.0331440786142,2002,,
2002-0495-CHL,Extreme temperature,Chile,,,,59.0331440786142,2002,,
2002-0497-NER,Storm,Niger,,,,59.0331440786142,2002,2002-08-12,2002-08-12
2002-0498-CHN,Flood,China,,,7115.0,59.0331440786142,2002,2002-08-14,2002-08-20
2002-0499-PHL,Flood,Philippines,,,,59.0331440786142,2002,2002-08-13,2002-08-17
2002-0500-IRN,Flood,Iran (Islamic Republic of),,,6776.0,59.0331440786142,2002,2002-08-10,2002-08-14
2002-0502-USA,Epidemic,United States of America,,,,59.0331440786142,2002,2002-07-09,2002-11-26
2002-0503-ECU,Epidemic,Ecuador,,,,59.0331440786142,2002,,2002-08-02
2002-0504-BDI,Epidemic,Burundi,,,,59.0331440786142,2002,2002-07-06,2002-09-22
2002-0505-RWA,Epidemic,Rwanda,,,,59.0331440786142,2002,2002-06-24,2002-09-18
2002-0506-HUN,Flood,Hungary,,,50819.0,59.0331440786142,2002,2002-08-07,2002-08-28
2002-0508-CHN,Mass movement (wet),China,,,,59.0331440786142,2002,,
2002-0509-PAK,Flood,Pakistan,,,,59.0331440786142,2002,2002-08-15,2002-08-15
2002-0510-MEX,Flood,Mexico,,,,59.0331440786142,2002,2002-08-15,2002-08-17
2002-0512-IDN,Earthquake,Indonesia,,,,59.0331440786142,2002,2002-08-15,2002-08-15
2002-0513-SVK,Flood,Slovakia,,,5082.0,59.0331440786142,2002,2002-08-16,2002-08-18
2002-0514-ZAF,Flood,South Africa,,,,59.0331440786142,2002,2002-08-16,2002-08-18
2002-0515-SDN,Flood,Sudan,,,,59.0331440786142,2002,2002-08-03,2002-08-03
2002-0516-GTM,Epidemic,Guatemala,,,,59.0331440786142,2002,,
2002-0522-KHM,Flood,Cambodia,,,169.0,59.0331440786142,2002,2002-08-18,2002-11-26
2002-0523-COD,Epidemic,Democratic Republic of the Congo,,,,59.0331440786142,2002,,
2002-0528-PHL,Storm,Philippines,,,,59.0331440786142,2002,2002-06-28,2002-07-03
2002-0531-CHN,Extreme temperature,China,,,,59.0331440786142,2002,,
2002-0532-PHL,Flood,Philippines,,,,59.0331440786142,2002,2002-07-20,2002-07-28
2002-0533-RUS,Flood,Russian Federation,,,,59.0331440786142,2002,2002-07-20,2002-07-26
2002-0534-IND,Epidemic,India,,,,59.0331440786142,2002,2002-08-13,2002-08-13
2002-0536-MMR,Flood,Myanmar,,,,59.0331440786142,2002,,
2002-0539-IND,Flood,India,,,,59.0331440786142,2002,2002-08-20,2002-08-20
2002-0540-DZA,Flood,Algeria,,,2541.0,59.0331440786142,2002,2002-08-17,2002-08-28
2002-0543-PAK,Flood,Pakistan,,,51.0,59.0331440786142,2002,2002-08-22,2002-08-28
2002-0545-EGY,Earthquake,Egypt,,,,59.0331440786142,2002,2002-08-24,2002-08-24
2002-0546-CHL,Flood,Chile,,,,59.0331440786142,2002,2002-08-24,2002-08-29
2002-0550-BEL,Flood,Belgium,,,,59.0331440786142,2002,2002-08-26,2002-08-26
2002-0552-BGR,Flood,Bulgaria,,,1694.0,59.0331440786142,2002,2002-08-10,2002-08-11
2002-0553-FRA,Flood,France,,,,59.0331440786142,2002,2002-08-25,2002-08-25
2002-0557-KOR,Storm,Republic of Korea,,287974.0,7114647.0,59.0331440786142,2002,2002-08-31,2002-09-06
2002-0561-PRK,Storm,Democratic People's Republic of Korea,,,847.0,59.0331440786142,2002,2002-08-31,2002-09-06
2002-0562-THA,Mass movement (wet),Thailand,,,,59.0331440786142,2002,2002-09-03,2002-09-03
2002-0565-RUS,Wildfire,Russian Federation,,,,59.0331440786142,2002,,
2002-0566-MWI,Epidemic,Malawi,,,,59.0331440786142,2002,2002-05-01,2002-08-26
2002-0567-TZA,Epidemic,United Republic of Tanzania,,,,59.0331440786142,2002,2002-07-01,2002-10-02
2002-0568-IND,Flood,India,,,,59.0331440786142,2002,2002-09-03,2002-09-06
2002-0569-USA,Storm,United States of America,,,33879.0,59.0331440786142,2002,2002-09-05,2002-09-05
2002-0570-CHN,Storm,China,,,169396.0,59.0331440786142,2002,2002-09-07,2002-09-08
2002-0570-JPN,Storm,Japan,,,33879.0,59.0331440786142,2002,2002-09-04,2002-09-08
2002-0570-TWN,Storm,Taiwan (Province of China),,,85.0,59.0331440786142,2002,2002-09-04,2002-09-08
2002-0574-FRA,Flood,France,,674198.0,2015817.0,59.0331440786142,2002,2002-09-08,2002-09-12
2002-0576-YEM,Flood,Yemen,,,,59.0331440786142,2002,2002-08-22,2002-09-06
2002-0577-PNG,Earthquake,Papua New Guinea,,,,59.0331440786142,2002,2002-09-08,2002-09-08
2002-0580-VNM,Flood,Viet Nam,,,40486.0,59.0331440786142,2002,,
2002-0581-LBR,Epidemic,Liberia,,,,59.0331440786142,2002,2002-07-01,2002-09-01
2002-0583-GTM,Mass movement (wet),Guatemala,,,,59.0331440786142,2002,2002-09-13,2002-09-13
2002-0584-IND,Earthquake,India,,,,59.0331440786142,2002,2002-09-13,2002-09-13
2002-0589-ZWE,Epidemic,Zimbabwe,,,,59.0331440786142,2002,,
2002-0590-SYC,Storm,Seychelles,,,,59.0331440786142,2002,2002-09-05,2002-09-05
2002-0597-COD,Epidemic,Democratic Republic of the Congo,,,,59.0331440786142,2002,,
2002-0598-HND,Flood,Honduras,,,,59.0331440786142,2002,2002-09-09,2002-09-09
2002-0599-CHN,Storm,China,,,,59.0331440786142,2002,2002-09-13,2002-09-13
2002-0600-USA,Flood,United States of America,,,,59.0331440786142,2002,2002-09-21,2002-09-24
2002-0602-RUS,Mass movement (wet),Russian Federation,,,,59.0331440786142,2002,2002-09-20,2002-09-20
2002-0604-CUB,Storm,Cuba,,1694.0,38961.0,59.0331440786142,2002,2002-09-18,2002-09-18
2002-0607-ALB,Flood,Albania,,,29644.0,59.0331440786142,2002,2002-09-21,2002-10-10
2002-0609-MEX,Storm,Mexico,,474310.0,1084137.0,59.0331440786142,2002,2002-09-20,2002-09-20
2002-0610-VNM,Flood,Viet Nam,,,98250.0,59.0331440786142,2002,2002-09-20,2002-09-30
2002-0613-AFG,Flood,Afghanistan,,,,59.0331440786142,2002,2002-08-28,2002-08-28
2002-0614-LAO,Flood,Lao People's Democratic Republic,,,,59.0331440786142,2002,,
2002-0615-IDN,Wildfire,Indonesia,,,,59.0331440786142,2002,,
2002-0617-BRB,Storm,Barbados,,,339.0,59.0331440786142,2002,2002-09-24,2002-09-24
2002-0618-USA,Wildfire,United States of America,,,,59.0331440786142,2002,2002-09-22,2002-09-22
2002-0623-SDN,Storm,Sudan,,,,59.0331440786142,2002,2002-09-27,2002-09-27
2002-0625-USA,Wildfire,United States of America,,,,59.0331440786142,2002,,
2002-0626-CYM,Storm,Cayman Islands,,,1694.0,59.0331440786142,2002,2002-09-30,2002-10-01
2002-0627-JAM,Storm,Jamaica,,,51.0,59.0331440786142,2002,2002-09-30,2002-09-30
2002-0628-PAK,Flood,Pakistan,,,,59.0331440786142,2002,2002-09-30,2002-09-30
2002-0629-THA,Flood,Thailand,,,,59.0331440786142,2002,2002-09-29,2002-09-29
2002-0632-SYR,Mass movement (wet),Syrian Arab Republic,,,,59.0331440786142,2002,2002-10-02,2002-10-02
2002-0634-NPL,Epidemic,Nepal,,,,59.0331440786142,2002,2002-09-27,2002-09-27
2002-0635-RUS,Storm,Russian Federation,,,,59.0331440786142,2002,2002-10-02,2002-10-03
2002-0636-CUB,Storm,Cuba,,1694.0,38961.0,59.0331440786142,2002,2002-10-01,2002-10-01
2002-0636-GRD,Storm,Grenada,,,,59.0331440786142,2002,2002-09-24,2002-09-24
2002-0637-AUS,Storm,Australia,,,,59.0331440786142,2002,2002-09-19,2002-09-19
2002-0638-MEX,Flood,Mexico,,,,59.0331440786142,2002,2002-09-17,2002-09-21
2002-0639-RUS,Extreme temperature,Russian Federation,,,,59.0331440786142,2002,,
2002-0640-CHN,Mass movement (wet),China,,,,59.0331440786142,2002,2002-10-04,2002-10-04
2002-0641-THA,Flood,Thailand,,,60690.0,59.0331440786142,2002,,
2002-0643-IDN,Earthquake,Indonesia,,,,59.0331440786142,2002,2002-10-10,2002-10-10
2002-0645-CHN,Mass movement (wet),China,,,,59.0331440786142,2002,2002-09-15,2002-09-15
2002-0647-MEX,Storm,Mexico,,,,59.0331440786142,2002,2002-09-25,2002-09-25
2002-0648-DZA,Flood,Algeria,,,,59.0331440786142,2002,2002-10-09,2002-10-12
2002-0650-IND,Flood,India,,,,59.0331440786142,2002,2002-10-10,2002-10-16
2002-0652-USA,Storm,United States of America,,338793.0,508189.0,59.0331440786142,2002,2002-09-26,2002-09-27
2002-0653-VCT,Storm,Saint Vincent and the Grenadines,,,18634.0,59.0331440786142,2002,2002-09-24,2002-09-24
2002-0654-TZA,Earthquake,United Republic of Tanzania,,,,59.0331440786142,2002,2002-05-18,2002-05-18
2002-0655-CHN,Earthquake,China,,,,59.0331440786142,2002,2002-08-08,2002-08-08
2002-0656-CYM,Storm,Cayman Islands,,,847.0,59.0331440786142,2002,2002-09-14,2002-09-26
2002-0656-JAM,Storm,Jamaica,,,1694.0,59.0331440786142,2002,2002-09-18,2002-09-19
2002-0657-HTI,Storm,Haiti,,,,59.0331440786142,2002,2002-09-30,2002-09-30
2002-0658-CAF,Epidemic,Central African Republic,,,,59.0331440786142,2002,2002-07-22,2002-07-22
2002-0659-CHN,Flood,China,,,,59.0331440786142,2002,2002-08-11,2002-08-11
2002-0666-AFG,Epidemic,Afghanistan,,,,59.0331440786142,2002,2002-10-24,2002-10-24
2002-0667-USA,Epidemic,United States of America,,,,59.0331440786142,2002,2002-10-16,2002-10-16
2002-0669-MEX,Storm,Mexico,,,338793.0,59.0331440786142,2002,2002-10-25,2002-10-26
2002-0670-MOZ,Storm,Mozambique,,,,59.0331440786142,2002,2002-10-25,2002-10-25
2002-0671-GBR,Storm,United Kingdom of Great Britain and Northern Ireland,,423491.0,677585.0,59.0331440786142,2002,2002-10-26,2002-10-28
2002-0672-BEL,Storm,Belgium,,,8470.0,59.0331440786142,2002,2002-10-26,2002-10-28
2002-0673-FRA,Storm,France,,,1694.0,59.0331440786142,2002,2002-10-27,2002-10-27
2002-0674-DEU,Storm,Germany,,2032756.0,3049135.0,59.0331440786142,2002,2002-10-26,2002-10-26
2002-0675-AUT,Storm,Austria,,,8470.0,59.0331440786142,2002,2002-10-27,2002-10-28
2002-0676-CHE,Storm,Switzerland,,,,59.0331440786142,2002,2002-10-27,2002-10-27
2002-0677-NLD,Storm,Netherlands (Kingdom of the),,338793.0,508189.0,59.0331440786142,2002,2002-10-26,2002-10-28
2002-0678-CZE,Storm,Czechia,,16940.0,33879.0,59.0331440786142,2002,2002-10-26,2002-10-28
2002-0678-POL,Storm,Poland,,,85.0,59.0331440786142,2002,2002-10-27,2002-10-27
2002-0680-ITA,Earthquake,Italy,,,,59.0331440786142,2002,2002-10-29,2002-10-29
2002-0681-DNK,Storm,Denmark,,,,59.0331440786142,2002,2002-10-27,2002-10-27
2002-0682-SWE,Storm,Sweden,,,,59.0331440786142,2002,2002-10-27,2002-10-27
2002-0685-COD,Epidemic,Democratic Republic of the Congo,,,,59.0331440786142,2002,2002-10-16,2002-10-20
2002-0687-CAN,Epidemic,Canada,,,,59.0331440786142,2002,,2002-10-12
2002-0689-KEN,Flood,Kenya,,,,59.0331440786142,2002,2002-10-29,2002-11-04
2002-0690-ITA,Earthquake,Italy,,,1348395.0,59.0331440786142,2002,2002-10-31,2002-10-31
2002-0691-CHN,Flood,China,,,,59.0331440786142,2002,2002-10-28,2002-11-02
2002-0692-PAK,Earthquake,Pakistan,,,,59.0331440786142,2002,2002-11-02,2002-11-02
2002-0693-ECU,Volcanic activity,Ecuador,,,,59.0331440786142,2002,2002-11-03,2002-11-04
2002-0694-GRC,Flood,Greece,,,,59.0331440786142,2002,2002-11-07,2002-11-07
2002-0700-USA,Storm,United States of America,,763131.0,1185775.0,59.0331440786142,2002,2002-11-05,2002-11-10
2002-0701-IDN,Volcanic activity,Indonesia,,,,59.0331440786142,2002,2002-11-11,2002-11-11
2002-0702-IND,Storm,India,,,,59.0331440786142,2002,2002-11-13,2002-11-13
2002-0703-AFG,Epidemic,Afghanistan,,,,59.0331440786142,2002,2002-09-01,2003-01-22
2002-0705-BGD,Storm,Bangladesh,,,,59.0331440786142,2002,2002-11-14,2002-11-14
2002-0706-AUT,Storm,Austria,,,,59.0331440786142,2002,2002-11-14,2002-11-14
2002-0708-PER,Flood,Peru,,,,59.0331440786142,2002,2002-11-10,2002-11-10
2002-0711-KEN,Flood,Kenya,,,,59.0331440786142,2002,2002-11-17,2002-11-20
2002-0712-FRA,Storm,France,,,,59.0331440786142,2002,2002-11-18,2002-11-18
2002-0717-SDN,Epidemic,Sudan,,,,59.0331440786142,2002,2002-10-01,2002-10-01
2002-0718-SEN,Epidemic,Senegal,,,,59.0331440786142,2002,2002-08-27,2002-11-28
2002-0721-PAK,Earthquake,Pakistan,,,,59.0331440786142,2002,2002-11-20,2002-11-20
2002-0723-ARG,Storm,Argentina,,,,59.0331440786142,2002,2002-10-22,2002-10-22
2002-0724-USA,Storm,United States of America,,1270473.0,3387927.0,59.0331440786142,2002,2002-10-03,2002-10-03
2002-0725-VNM,Storm,Viet Nam,,,169.0,59.0331440786142,2002,,
2002-0728-COL,Mass movement (wet),Colombia,,,,59.0331440786142,2002,2002-10-27,2002-10-29
2002-0729-IND,Flood,India,,,,59.0331440786142,2002,2002-10-01,2002-10-01
2002-0732-IDN,Flood,Indonesia,,,2710.0,59.0331440786142,2002,2002-11-19,2002-12-03
2002-0734-MAR,Flood,Morocco,,,338793.0,59.0331440786142,2002,2002-11-24,2002-11-29
2002-0739-COG,Flood,Congo,,,,59.0331440786142,2002,2002-11-10,2003-01-05
2002-0740-ITA,Flood,Italy,,33879.0,592887.0,59.0331440786142,2002,2002-11-22,2002-12-03
2002-0742-COD,Epidemic,Democratic Republic of the Congo,,,,59.0331440786142,2002,,2002-11-22
2002-0743-CHE,Mass movement (wet),Switzerland,,50819.0,304913.0,59.0331440786142,2002,2002-11-14,2002-11-14
2002-0751-USA,Storm,United States of America,,763131.0,763131.0,59.0331440786142,2002,2002-12-04,2002-12-05
2002-0753-GUM,Storm,Guam,,,118577.0,59.0331440786142,2002,2002-12-08,2002-12-08
2002-0754-POL,Extreme temperature,Poland,,,,59.0331440786142,2002,,
2002-0755-CRI,Flood,Costa Rica,,,,59.0331440786142,2002,2002-11-23,2002-12-13
2002-0755-PAN,Flood,Panama,,,,59.0331440786142,2002,2002-11-23,2002-12-13
2002-0757-GRC,Earthquake,Greece,,,,59.0331440786142,2002,2002-12-02,2002-12-02
2002-0759-IND,Epidemic,India,,,,59.0331440786142,2002,2002-09-01,2002-09-01
2002-0760-NGA,Epidemic,Nigeria,,,,59.0331440786142,2002,2002-12-02,2002-12-02
2002-0761-NGA,Epidemic,Nigeria,,,,59.0331440786142,2002,2002-12-02,2002-12-02
2002-0762-NGA,Epidemic,Nigeria,,,,59.0331440786142,2002,2002-11-21,2002-11-21
2002-0763-COD,Epidemic,Democratic Republic of the Congo,,,,59.0331440786142,2002,2002-10-01,2002-10-01
2002-0764-GRC,Flood,Greece,,,,59.0331440786142,2002,2002-12-06,2002-12-10
2002-0765-AUS,Wildfire,Australia,,,84698.0,59.0331440786142,2002,2002-10-08,2002-12-06
2002-0766-MNG,Storm,Mongolia,,,,59.0331440786142,2002,,
2002-0767-ROU,Extreme temperature,Romania,,,,59.0331440786142,2002,2002-12-07,2002-12-07
2002-0769-IDN,Mass movement (wet),Indonesia,,,,59.0331440786142,2002,2002-12-11,2002-12-11
2002-0770-VUT,Earthquake,Vanuatu,,,,59.0331440786142,2002,2002-11-27,2002-11-27
2002-0771-MKD,Epidemic,North Macedonia,,,,59.0331440786142,2002,2002-11-30,2002-11-30
2002-0773-IRL,Flood,Ireland,,,,59.0331440786142,2002,2002-11-14,2002-11-25
2002-0774-GBR,Flood,United Kingdom of Great Britain and Northern Ireland,,,,59.0331440786142,2002,2002-11-14,2002-11-25
2002-0777-GRC,Flood,Greece,,,,59.0331440786142,2002,2002-12-13,2002-12-13
2002-0782-MKD,Flood,North Macedonia,,,,59.0331440786142,2002,2002-12-06,2002-12-10
2002-0788-LKA,Flood,Sri Lanka,,,,59.0331440786142,2002,2002-12-16,2002-12-20
2002-0789-EGY,Flood,Egypt,,,,59.0331440786142,2002,2002-12-20,2002-12-20
2002-0790-LBN,Storm,Lebanon,,,,59.0331440786142,2002,2002-12-20,2002-12-20
2002-0791-TUR,Storm,Türkiye,,,,59.0331440786142,2002,2002-12-20,2002-12-20
2002-0792-NGA,Epidemic,Nigeria,,,,59.0331440786142,2002,2002-10-31,2002-10-31
2002-0793-USA,Storm,United States of America,,,,59.0331440786142,2002,2002-12-19,2002-12-19
2002-0798-AUS,Storm,Australia,,,,59.0331440786142,2002,2002-12-05,2002-12-05
2002-0800-KEN,Flood,Kenya,,,,59.0331440786142,2002,2002-12-21,2002-12-23
2002-0802-USA,Storm,United States of America,,,,59.0331440786142,2002,2002-12-23,2002-12-23
2002-0803-CHN,Storm,China,,,55901.0,59.0331440786142,2002,2002-12-25,2002-12-25
2002-0804-IRN,Earthquake,Iran (Islamic Republic of),,,,59.0331440786142,2002,2002-12-24,2002-12-24
2002-0805-MEX,Extreme temperature,Mexico,,,,59.0331440786142,2002,2002-12-24,2002-12-24
2002-0806-GRC,Flood,Greece,,,,59.0331440786142,2002,2002-12-27,2002-12-27
2002-0808-MWI,Flood,Malawi,,,,59.0331440786142,2002,2002-12-28,2002-12-28
2002-0811-SLB,Storm,Solomon Islands,,,,59.0331440786142,2002,2002-12-28,2002-12-29
2002-0815-PNG,Epidemic,Papua New Guinea,,,,59.0331440786142,2002,2002-12-24,2002-12-24
2002-0818-IND,Extreme temperature,India,,,,59.0331440786142,2002,,
2002-0819-BGD,Extreme temperature,Bangladesh,,,,59.0331440786142,2002,2002-12-15,
2002-0820-IDN,Earthquake,Indonesia,,,,59.0331440786142,2002,2002-09-20,2002-09-20
2002-0821-IRN,Earthquake,Iran (Islamic Republic of),,,,59.0331440786142,2002,2002-09-25,2002-09-25
2002-0822-IDN,Earthquake,Indonesia,,,,59.0331440786142,2002,2002-11-02,2002-11-02
2002-0824-BRA,Mass movement (wet),Brazil,,,18634.0,59.0331440786142,2002,2002-12-09,2002-12-12
2002-0825-JPN,Storm,Japan,,,,59.0331440786142,2002,2002-12-09,2002-12-09
2002-0826-MNP,Storm,Northern Mariana Islands,,,,59.0331440786142,2002,2002-12-08,2002-12-08
2002-0829-VUT,Flood,Vanuatu,,,,59.0331440786142,2002,2002-12-21,2002-12-25
2002-0830-BRA,Mass movement (wet),Brazil,,,,59.0331440786142,2002,2002-12-21,2002-12-21
2002-0831-NPL,Extreme temperature,Nepal,,,,59.0331440786142,2002,,
2002-0832-CIV,Epidemic,Côte d’Ivoire,,,,59.0331440786142,2002,2002-12-22,2003-01-05
2002-0833-COD,Epidemic,Democratic Republic of the Congo,,,,59.0331440786142,2002,2002-12-20,2002-12-20
2002-0834-PAK,Extreme temperature,Pakistan,,,,59.0331440786142,2002,,
2002-0835-CHN,Earthquake,China,,,,59.0331440786142,2002,2002-12-14,2002-12-14
2002-0837-COD,Epidemic,Democratic Republic of the Congo,,,,59.0331440786142,2002,,
2002-0839-COL,Flood,Colombia,,,,59.0331440786142,2002,2002-07-05,2002-08-08
2002-0840-DOM,Flood,Dominican Republic,,,847.0,59.0331440786142,2002,2002-05-24,2002-06-07
2002-0842-BDI,Flood,Burundi,,,,59.0331440786142,2002,,
2002-0845-COL,Flood,Colombia,,,,59.0331440786142,2002,,
2002-0846-ECU,Volcanic activity,Ecuador,,,,59.0331440786142,2002,2002-10-02,2002-10-02
2002-0847-CHL,Flood,Chile,,,,59.0331440786142,2002,2002-10-12,2002-11-02
2002-0848-ARG,Flood,Argentina,,,,59.0331440786142,2002,2002-10-12,2002-11-02
2002-0849-GTM,Storm,Guatemala,,,169.0,59.0331440786142,2002,2002-09-20,2002-09-24
2002-0850-NIC,Storm,Nicaragua,,,1694.0,59.0331440786142,2002,2002-09-22,2002-09-22
2002-0851-SLV,Storm,El Salvador,,,,59.0331440786142,2002,2002-09-21,2002-09-21
2002-0854-COG,Epidemic,Congo,,,,59.0331440786142,2002,2002-12-31,2003-05-06
2002-0871-CHN,Epidemic,China,,,,59.0331440786142,2002,,
2002-0872-COD,Epidemic,Democratic Republic of the Congo,,,,59.0331440786142,2002,,2003-01-15
2002-0874-NER,Epidemic,Niger,,,,59.0331440786142,2002,2002-06-09,2002-07-22
2002-0875-PHL,Storm,Philippines,,,5577.0,59.0331440786142,2002,2002-03-20,2002-03-20
2002-0877-PHL,Storm,Philippines,,,403.0,59.0331440786142,2002,2002-07-15,2002-07-23
2002-0878-PHL,Storm,Philippines,,,5658.0,59.0331440786142,2002,2002-08-11,2002-08-14
2002-0879-ESP,Flood,Spain,,,147375.0,59.0331440786142,2002,2002-03-31,2002-04-01
2002-0880-USA,Storm,United States of America,,339640.0,,59.0331440786142,2002,2002-05-30,2002-06-01
2002-0881-ZAF,Storm,South Africa,,,15246.0,59.0331440786142,2002,2002-09-09,2002-09-10
2002-0882-ITA,Earthquake,Italy,,,846982.0,59.0331440786142,2002,2002-09-06,2002-09-06
2002-9022-NAM,Drought,Namibia,,,,59.0331440786142,2002,,
2002-9124-MWI,Drought,Malawi,,,,59.0331440786142,2002,,
2002-9132-VNM,Drought,Viet Nam,,,338793.0,59.0331440786142,2002,,
2002-9158-THA,Drought,Thailand,,,3896.0,59.0331440786142,2002,,
2002-9164-PHL,Drought,Philippines,,,767.0,59.0331440786142,2002,,
2002-9203-CHN,Drought,China,,,,59.0331440786142,2002,,
2002-9292-MEX,Drought,Mexico,,,355732.0,59.0331440786142,2002,,
2002-9298-ITA,Drought,Italy,,,,59.0331440786142,2002,,
2002-9332-GNB,Drought,Guinea-Bissau,,,,59.0331440786142,2002,,
2002-9333-LSO,Drought,Lesotho,,,,59.0331440786142,2002,,
2002-9349-IND,Drought,India,,,1542730.0,59.0331440786142,2002,,
2002-9398-CPV,Drought,Cabo Verde,,,,59.0331440786142,2002,,
2002-9485-KHM,Drought,Cambodia,,,64371.0,59.0331440786142,2002,,
2002-9487-SEN,Drought,Senegal,,,,59.0331440786142,2002,,
2002-9535-GMB,Drought,Gambia,,,,59.0331440786142,2002,,
2002-9564-CHN,Drought,China,,,,59.0331440786142,2002,,
2002-9605-BRA,Drought,Brazil,,,,59.0331440786142,2002,,
2002-9611-AUS,Drought,Australia,,,3387927.0,59.0331440786142,2002,,
2002-9707-MDG,Drought,Madagascar,,,,59.0331440786142,2002,,
2002-9838-HND,Drought,Honduras,,,,59.0331440786142,2002,,
2002-9843-PER,Drought,Peru,,,,59.0331440786142,2002,,
2002-9852-UGA,Drought,Uganda,,,,59.0331440786142,2002,,
2002-9853-USA,Drought,United States of America,,,5590080.0,59.0331440786142,2002,,
2002-9854-CHN,Drought,China,,,2049696.0,59.0331440786142,2002,2002-06-01,2002-10-30
2003-0001-BEL,Flood,Belgium,,,,60.3732510662594,2003,2003-01-01,2003-01-08
2003-0001-FRA,Flood,France,,,,60.3732510662594,2003,2003-01-01,2003-01-08
2003-0001-PRT,Flood,Portugal,,,,60.3732510662594,2003,2003-01-01,2003-01-08
2003-0001-ROU,Flood,Romania,,,,60.3732510662594,2003,2003-01-01,2003-01-08
2003-0003-CHE,Storm,Switzerland,,,8282.0,60.3732510662594,2003,2003-01-02,2003-01-03
2003-0003-DEU,Storm,Germany,,165636.0,496909.0,60.3732510662594,2003,2003-01-02,2003-01-02
2003-0003-FRA,Storm,France,,,83.0,60.3732510662594,2003,2003-01-02,2003-01-03
2003-0012-BOL,Flood,Bolivia (Plurinational State of),,,,60.3732510662594,2003,2003-01-03,2003-01-08
2003-0016-IDN,Flood,Indonesia,,,,60.3732510662594,2003,,
2003-0020-MOZ,Flood,Mozambique,,,,60.3732510662594,2003,2003-01-01,2003-02-17
2003-0020-MWI,Flood,Malawi,,,,60.3732510662594,2003,2003-01-01,2003-02-17
2003-0021-IDN,Flood,Indonesia,,,,60.3732510662594,2003,2003-01-08,2003-01-08
2003-0022-LVA,Extreme temperature,Latvia,,,,60.3732510662594,2003,,
2003-0024-FJI,Storm,Fiji,,,49691.0,60.3732510662594,2003,2003-01-14,2003-01-14
2003-0027-TUN,Flood,Tunisia,,,,60.3732510662594,2003,2003-01-14,2003-01-16
2003-0028-BRA,Flood,Brazil,,,,60.3732510662594,2003,2003-01-14,2003-01-24
2003-0030-AUS,Wildfire,Australia,,437280.0,496909.0,60.3732510662594,2003,2003-01-08,2003-02-18
2003-0033-MKD,Flood,North Macedonia,,,,60.3732510662594,2003,2003-01-08,2003-01-10
2003-0037-MDG,Flood,Madagascar,,,248454.0,60.3732510662594,2003,2003-01-18,2003-01-31
2003-0039-MEX,Earthquake,Mexico,,41409.0,192635.0,60.3732510662594,2003,2003-01-22,2003-01-22
2003-0040-BFA,Epidemic,Burkina Faso,,,,60.3732510662594,2003,2003-01-01,2003-04-20
2003-0042-CHL,Wildfire,Chile,,,,60.3732510662594,2003,2003-01-23,2003-01-23
2003-0043-ITA,Flood,Italy,,165636.0,248454.0,60.3732510662594,2003,2003-01-25,2003-01-27
2003-0044-GRC,Flood,Greece,,,,60.3732510662594,2003,2003-01-25,2003-01-25
2003-0047-BOL,Flood,Bolivia (Plurinational State of),,,,60.3732510662594,2003,2003-01-21,2003-01-22
2003-0048-ROU,Flood,Romania,,,,60.3732510662594,2003,2003-01-02,2003-01-02
2003-0049-CYP,Storm,Cyprus,,9938.0,16564.0,60.3732510662594,2003,2003-01-27,2003-01-27
2003-0051-PER,Flood,Peru,,,,60.3732510662594,2003,2003-01-23,2003-02-10
2003-0053-IDN,Mass movement (wet),Indonesia,,,,60.3732510662594,2003,2003-01-29,2003-01-29
2003-0054-MOZ,Epidemic,Mozambique,,,,60.3732510662594,2003,2003-01-01,2003-06-15
2003-0055-GIN,Epidemic,Guinea,,,,60.3732510662594,2003,2003-01-01,2003-01-23
2003-0057-SLB,Storm,Solomon Islands,,,,60.3732510662594,2003,2003-01-26,2003-01-28
2003-0059-DZA,Storm,Algeria,,,,60.3732510662594,2003,2003-01-31,2003-01-31
2003-0060-IDN,Mass movement (wet),Indonesia,,,,60.3732510662594,2003,2003-01-31,2003-01-31
2003-0065-MDG,Storm,Madagascar,,,,60.3732510662594,2003,2003-01-29,2003-01-29
2003-0066-AUS,Storm,Australia,,,,60.3732510662594,2003,2003-01-09,2003-01-09
2003-0067-IDN,Flood,Indonesia,,,,60.3732510662594,2003,2003-01-10,2003-01-10
2003-0068-IRN,Earthquake,Iran (Islamic Republic of),,,,60.3732510662594,2003,2003-01-11,2003-01-11
2003-0069-IDN,Earthquake,Indonesia,,,,60.3732510662594,2003,2003-01-23,2003-01-23
2003-0072-AGO,Flood,Angola,,,,60.3732510662594,2003,2003-02-06,2003-02-20
2003-0073-COD,Storm,Democratic Republic of the Congo,,,,60.3732510662594,2003,2003-02-02,2003-02-02
2003-0074-IDN,Flood,Indonesia,,,,60.3732510662594,2003,2003-01-28,2003-01-28
2003-0079-AUS,Flood,Australia,,,3313.0,60.3732510662594,2003,2003-02-05,2003-02-12
2003-0080-ARG,Flood,Argentina,,,,60.3732510662594,2003,2003-02-10,2003-02-10
2003-0085-USA,Storm,United States of America,,331273.0,331273.0,60.3732510662594,2003,2003-02-14,2003-02-18
2003-0086-PAK,Storm,Pakistan,,,,60.3732510662594,2003,2003-02-16,2003-02-22
2003-0087-CAN,Flood,Canada,,,,60.3732510662594,2003,2003-02-15,2003-02-21
2003-0089-IND,Storm,India,,,,60.3732510662594,2003,2003-02-17,2003-02-17
2003-0096-LBN,Flood,Lebanon,,,,60.3732510662594,2003,,
2003-0097-GRC,Flood,Greece,,,993818.0,60.3732510662594,2003,2003-02-02,2003-02-02
2003-0098-MOZ,Flood,Mozambique,,,,60.3732510662594,2003,2003-02-04,2003-02-17
2003-0099-IND,Storm,India,,,,60.3732510662594,2003,2003-02-19,2003-02-19
2003-0100-IND,Storm,India,,,,60.3732510662594,2003,2003-02-18,2003-02-18
2003-0104-AFG,Flood,Afghanistan,,,,60.3732510662594,2003,,
2003-0105-CHN,Earthquake,China,,,260049.0,60.3732510662594,2003,2003-02-24,2003-02-24
2003-0109-AUS,Flood,Australia,,,,60.3732510662594,2003,2003-02-21,2003-02-24
2003-0114-MOZ,Storm,Mozambique,,,,60.3732510662594,2003,2003-03-03,2003-03-03
2003-0114-ZWE,Storm,Zimbabwe,,,,60.3732510662594,2003,2003-03-07,2003-03-07
2003-0115-TJK,Mass movement (wet),Tajikistan,,,,60.3732510662594,2003,2003-02-26,2003-02-26
2003-0117-GRC,Flood,Greece,,,,60.3732510662594,2003,2003-02-19,2003-02-19
2003-0118-IDN,Flood,Indonesia,,,,60.3732510662594,2003,2003-02-13,2003-02-14
2003-0129-UKR,Flood,Ukraine,,,,60.3732510662594,2003,2003-03-12,2003-03-12
2003-0130-NER,Epidemic,Niger,,,,60.3732510662594,2003,,2003-03-09
2003-0134-IND,Storm,India,,,26502.0,60.3732510662594,2003,2003-03-12,2003-03-12
2003-0135-NCL,Storm,New Caledonia,,,66255.0,60.3732510662594,2003,2003-03-13,2003-03-13
2003-0138-COL,Mass movement (wet),Colombia,,,,60.3732510662594,2003,2003-03-19,2003-03-19
2003-0139-USA,Storm,United States of America,,745363.0,8281813.0,60.3732510662594,2003,2003-03-18,2003-03-20
2003-0143-AFG,Flood,Afghanistan,,,,60.3732510662594,2003,2003-03-17,2003-03-28
2003-0144-IDN,Mass movement (wet),Indonesia,,,,60.3732510662594,2003,2003-03-18,2003-03-18
2003-0145-NCL,Epidemic,New Caledonia,,,,60.3732510662594,2003,,
2003-0146-ZAF,Flood,South Africa,,,,60.3732510662594,2003,2003-03-23,2003-03-26
2003-0147-USA,Storm,United States of America,,,41409.0,60.3732510662594,2003,2003-03-20,2003-03-20
2003-0148-ZMB,Flood,Zambia,,,,60.3732510662594,2003,2003-03-11,2003-03-15
2003-0151-IND,Mass movement (wet),India,,,,60.3732510662594,2003,2003-03-03,2003-03-03
2003-0153-BOL,Mass movement (wet),Bolivia (Plurinational State of),,,,60.3732510662594,2003,2003-03-31,2003-03-31
2003-0155-IDN,Mass movement (wet),Indonesia,,,6561.0,60.3732510662594,2003,2003-03-31,2003-04-02
2003-0160-DZA,Flood,Algeria,,,,60.3732510662594,2003,2003-04-02,2003-04-05
2003-0176-OMN,Storm,Oman,,497.0,1656.0,60.3732510662594,2003,2003-04-14,2003-04-19
2003-0177-KGZ,Mass movement (wet),Kyrgyzstan,,,,60.3732510662594,2003,2003-04-20,2003-04-20
2003-0179-AFG,Flood,Afghanistan,,,,60.3732510662594,2003,2003-04-18,2003-04-21
2003-0182-IND,Storm,India,,,,60.3732510662594,2003,2003-04-22,2003-04-22
2003-0183-CHN,Earthquake,China,,,,60.3732510662594,2003,2003-04-17,2003-04-17
2003-0184-ITA,Earthquake,Italy,,,929803.0,60.3732510662594,2003,2003-04-11,2003-04-11
2003-0185-CHN,Storm,China,,,,60.3732510662594,2003,2003-04-14,2003-04-14
2003-0189-TJK,Mass movement (wet),Tajikistan,,,67911.0,60.3732510662594,2003,2003-04-13,2003-04-25
2003-0191-GTM,Mass movement (wet),Guatemala,,,,60.3732510662594,2003,2003-04-23,2003-04-23
2003-0196-ARG,Flood,Argentina,,,1703089.0,60.3732510662594,2003,2003-04-28,2003-05-10
2003-0197-TUR,Earthquake,Türkiye,,1656.0,223609.0,60.3732510662594,2003,2003-05-01,2003-05-01
2003-0198-RUS,Wildfire,Russian Federation,,,,60.3732510662594,2003,,
2003-0202-CHN,Wildfire,China,,,,60.3732510662594,2003,,
2003-0204-ETH,Flood,Ethiopia,,,,60.3732510662594,2003,2003-04-28,2003-05-20
2003-0204-KEN,Flood,Kenya,,,,60.3732510662594,2003,,
2003-0204-SOM,Flood,Somalia,,,,60.3732510662594,2003,2003-05-04,2003-05-20
2003-0204-UGA,Flood,Uganda,,,,60.3732510662594,2003,2003-04-21,2003-06-04
2003-0208-PNG,Mass movement (wet),Papua New Guinea,,,,60.3732510662594,2003,2003-05-03,2003-05-03
2003-0209-CHN,Earthquake,China,,,,60.3732510662594,2003,2003-05-04,2003-05-04
2003-0210-USA,Storm,United States of America,,5300361.0,6625451.0,60.3732510662594,2003,2003-05-04,2003-05-10
2003-0211-BGD,Storm,Bangladesh,,,,60.3732510662594,2003,2003-05-04,2003-05-04
2003-0212-AZE,Flood,Azerbaijan,,,91100.0,60.3732510662594,2003,2003-04-16,2003-06-04
2003-0218-MDG,Storm,Madagascar,,,,60.3732510662594,2003,2003-05-08,2003-05-08
2003-0219-CHN,Mass movement (wet),China,,,,60.3732510662594,2003,2003-05-11,2003-05-11
2003-0220-NAM,Flood,Namibia,,,,60.3732510662594,2003,2003-05-12,2003-05-12
2003-0224-MNP,Volcanic activity,Northern Mariana Islands,,,,60.3732510662594,2003,2003-05-10,2003-05-10
2003-0227-CHN,Flood,China,,,265018.0,60.3732510662594,2003,2003-05-15,2003-05-21
2003-0229-LKA,Flood,Sri Lanka,,,48035.0,60.3732510662594,2003,2003-05-17,2003-05-26
2003-0231-CAN,Flood,Canada,,,16564.0,60.3732510662594,2003,2003-03-31,2003-04-03
2003-0232-IRN,Flood,Iran (Islamic Republic of),,,1388.0,60.3732510662594,2003,2003-03-26,2003-03-27
2003-0233-MOZ,Flood,Mozambique,,,,60.3732510662594,2003,2003-03-26,2003-03-28
2003-0234-IND,Storm,India,,,,60.3732510662594,2003,2003-04-12,2003-04-12
2003-0235-THA,Storm,Thailand,,,,60.3732510662594,2003,2003-04-11,2003-04-11
2003-0236-AFG,Earthquake,Afghanistan,,,,60.3732510662594,2003,2003-04-10,2003-04-10
2003-0238-DOM,Flood,Dominican Republic,,,3478.0,60.3732510662594,2003,2003-04-16,2003-04-22
2003-0238-PRI,Flood,Puerto Rico,,,,60.3732510662594,2003,2003-04-16,2003-04-22
2003-0240-PAK,Mass movement (wet),Pakistan,,,,60.3732510662594,2003,2003-05-02,2003-05-02
2003-0245-DZA,Earthquake,Algeria,,,8281813.0,60.3732510662594,2003,2003-05-21,2003-05-21
2003-0249-JPN,Earthquake,Japan,,144104.0,385933.0,60.3732510662594,2003,2003-05-26,2003-05-26
2003-0250-BGD,Extreme temperature,Bangladesh,,,,60.3732510662594,2003,2003-05-10,2003-06-12
2003-0250-IND,Extreme temperature,India,,,662545.0,60.3732510662594,2003,2003-05-14,2003-06-06
2003-0250-PAK,Extreme temperature,Pakistan,,,,60.3732510662594,2003,2003-05-01,2003-06-06
2003-0254-IDN,Earthquake,Indonesia,,,,60.3732510662594,2003,2003-05-27,2003-05-27
2003-0255-DZA,Earthquake,Algeria,,,,60.3732510662594,2003,2003-05-27,2003-05-27
2003-0256-AFG,Flood,Afghanistan,,,,60.3732510662594,2003,2003-05-26,2003-06-06
2003-0258-PHL,Storm,Philippines,,,6625.0,60.3732510662594,2003,2003-05-26,2003-05-30
2003-0259-KAZ,Earthquake,Kazakhstan,,,,60.3732510662594,2003,2003-05-23,2003-05-23
2003-0264-COD,Epidemic,Democratic Republic of the Congo,,,,60.3732510662594,2003,,2003-06-08
2003-0268-HTI,Epidemic,Haiti,,,,60.3732510662594,2003,,
2003-0269-IRQ,Epidemic,Iraq,,,,60.3732510662594,2003,2003-04-28,2003-06-29
2003-0270-UGA,Epidemic,Uganda,,,,60.3732510662594,2003,,
2003-0272-SDN,Epidemic,Sudan,,,,60.3732510662594,2003,2003-05-11,2003-05-15
2003-0273-TJK,Flood,Tajikistan,,,33127.0,60.3732510662594,2003,2003-06-06,2003-06-10
2003-0274-CHN,Flood,China,,,,60.3732510662594,2003,2003-06-05,2003-06-07
2003-0283-BGD,Flood,Bangladesh,,,,60.3732510662594,2003,2003-06-11,2003-10-10
2003-0283-IND,Flood,India,,,,60.3732510662594,2003,2003-06-11,2003-10-10
2003-0284-COL,Flood,Colombia,,,,60.3732510662594,2003,2003-06-14,2003-06-16
2003-0287-ASM,Flood,American Samoa,,,82818.0,60.3732510662594,2003,2003-05-18,2003-05-19
2003-0288-AUS,Storm,Australia,,,,60.3732510662594,2003,2003-05-18,2003-05-18
2003-0289-PHL,Flood,Philippines,,,,60.3732510662594,2003,2003-05-16,2003-05-16
2003-0290-PHL,Storm,Philippines,,,4066.0,60.3732510662594,2003,2003-06-15,2003-06-18
2003-0292-AUS,Flood,Australia,,,,60.3732510662594,2003,2003-05-13,2003-05-18
2003-0293-TLS,Flood,Timor-Leste,,,,60.3732510662594,2003,2003-06-16,2003-06-20
2003-0299-USA,Wildfire,United States of America,,,,60.3732510662594,2003,2003-06-17,2003-06-20
2003-0301-YEM,Flood,Yemen,,,,60.3732510662594,2003,2003-06-19,2003-06-21
2003-0302-AFG,Flood,Afghanistan,,,,60.3732510662594,2003,2003-06-16,2003-06-21
2003-0303-BGD,Flood,Bangladesh,,,,60.3732510662594,2003,2003-06-19,2003-07-03
2003-0309-LBR,Epidemic,Liberia,,,,60.3732510662594,2003,2003-06-25,2003-09-28
2003-0314-SLB,Storm,Solomon Islands,,,,60.3732510662594,2003,2003-06-05,2003-06-05
2003-0315-CHN,Flood,China,,,13068702.0,60.3732510662594,2003,2003-06-23,2003-07-28
2003-0322-IRN,Earthquake,Iran (Islamic Republic of),,,,60.3732510662594,2003,2003-07-03,2003-07-03
2003-0326-ECU,Volcanic activity,Ecuador,,,,60.3732510662594,2003,2003-06-05,2003-07-05
2003-0331-CHN,Flood,China,,,8000232.0,60.3732510662594,2003,2003-07-01,2003-08-07
2003-0334-USA,Flood,United States of America,,,175574.0,60.3732510662594,2003,2003-07-05,2003-07-21
2003-0337-AFG,Flood,Afghanistan,,,,60.3732510662594,2003,2003-07-12,2003-07-15
2003-0339-PER,Extreme temperature,Peru,,,,60.3732510662594,2003,2003-07-07,2003-08-15
2003-0341-NPL,Flood,Nepal,,,,60.3732510662594,2003,2003-07-03,2003-08-20
2003-0343-JPN,Flood,Japan,,,11595.0,60.3732510662594,2003,2003-07-19,2003-07-21
2003-0346-CHN,Storm,China,,,165636.0,60.3732510662594,2003,2003-07-24,2003-07-24
2003-0346-HKG,Storm,"China, Hong Kong Special Administrative Region",,,,60.3732510662594,2003,2003-07-26,2003-07-26
2003-0346-PHL,Storm,Philippines,,,43841.0,60.3732510662594,2003,2003-07-19,2003-07-23
2003-0347-HRV,Wildfire,Croatia,,,33127.0,60.3732510662594,2003,2003-07-18,2003-07-23
2003-0348-CHN,Earthquake,China,,,124227.0,60.3732510662594,2003,2003-07-21,2003-07-21
2003-0351-MNG,Flood,Mongolia,,,447.0,60.3732510662594,2003,2003-07-21,2003-08-10
2003-0354-JPN,Earthquake,Japan,,334585.0,680765.0,60.3732510662594,2003,2003-07-25,2003-07-25
2003-0358-CMR,Mass movement (wet),Cameroon,,,,60.3732510662594,2003,2003-07-20,2003-07-20
2003-0359-PAK,Flood,Pakistan,,,,60.3732510662594,2003,2003-07-22,2003-08-05
2003-0365-FRA,Wildfire,France,,,,60.3732510662594,2003,2003-07-28,2003-07-30
2003-0368-ERI,Flood,Eritrea,,,,60.3732510662594,2003,2003-07-28,2003-08-21
2003-0368-SDN,Flood,Sudan,,,304771.0,60.3732510662594,2003,2003-07-28,2003-08-21
2003-0369-CAN,Wildfire,Canada,,256736.0,902718.0,60.3732510662594,2003,2003-08-01,2003-09-14
2003-0372-ESP,Wildfire,Spain,,,,60.3732510662594,2003,,
2003-0376-PRT,Wildfire,Portugal,,9938.0,2865507.0,60.3732510662594,2003,,
2003-0379-SLV,Epidemic,El Salvador,,,,60.3732510662594,2003,2003-06-21,2003-07-19
2003-0386-PNG,Mass movement (wet),Papua New Guinea,,,,60.3732510662594,2003,2003-08-01,2003-08-01
2003-0387-IND,Flood,India,,,,60.3732510662594,2003,2003-07-15,2003-09-01
2003-0387-PAK,Flood,Pakistan,,,,60.3732510662594,2003,2003-07-15,2003-09-01
2003-0388-JPN,Storm,Japan,,77849.0,91100.0,60.3732510662594,2003,2003-08-08,2003-08-11
2003-0388-RUS,Storm,Russian Federation,,,,60.3732510662594,2003,2003-08-08,2003-08-11
2003-0389-BFA,Flood,Burkina Faso,,,,60.3732510662594,2003,2003-08-10,2003-10-19
2003-0389-MLI,Flood,Mali,,,,60.3732510662594,2003,2003-08-10,2003-10-19
2003-0389-MRT,Flood,Mauritania,,,,60.3732510662594,2003,2003-08-07,2003-08-20
2003-0389-NER,Flood,Niger,,,,60.3732510662594,2003,,
2003-0389-SEN,Flood,Senegal,,,,60.3732510662594,2003,2003-08-08,2003-08-10
2003-0391-AUT,Extreme temperature,Austria,,,463782.0,60.3732510662594,2003,,
2003-0391-BEL,Extreme temperature,Belgium,,,,60.3732510662594,2003,2003-08-01,2003-08-15
2003-0391-CHE,Extreme temperature,Switzerland,,,463782.0,60.3732510662594,2003,,
2003-0391-CZE,Extreme temperature,Czechia,,,,60.3732510662594,2003,2003-07-19,2003-07-22
2003-0391-DEU,Extreme temperature,Germany,,16564.0,2732998.0,60.3732510662594,2003,,
2003-0391-ESP,Extreme temperature,Spain,,,1457599.0,60.3732510662594,2003,2003-08-01,2003-08-11
2003-0391-FRA,Extreme temperature,France,,,7287996.0,60.3732510662594,2003,2003-08-01,2003-08-20
2003-0391-GBR,Extreme temperature,United Kingdom of Great Britain and Northern Ireland,,,,60.3732510662594,2003,,
2003-0391-HRV,Extreme temperature,Croatia,,,,60.3732510662594,2003,,
2003-0391-ITA,Extreme temperature,Italy,,,7287996.0,60.3732510662594,2003,2003-07-16,2003-08-15
2003-0391-LUX,Extreme temperature,Luxembourg,,,,60.3732510662594,2003,,
2003-0391-NLD,Extreme temperature,Netherlands (Kingdom of the),,,,60.3732510662594,2003,2003-07-31,2003-08-13
2003-0391-PRT,Extreme temperature,Portugal,,,,60.3732510662594,2003,2003-07-30,2003-08-15
2003-0391-SVK,Extreme temperature,Slovakia,,,248454.0,60.3732510662594,2003,,
2003-0391-SVN,Extreme temperature,Slovenia,,,132509.0,60.3732510662594,2003,,
2003-0392-AFG,Flood,Afghanistan,,,,60.3732510662594,2003,2003-07-29,2003-07-30
2003-0393-RUS,Flood,Russian Federation,,,,60.3732510662594,2003,2003-07-29,2003-07-31
2003-0394-CHN,Storm,China,,,,60.3732510662594,2003,2003-07-19,2003-07-20
2003-0395-FRA,Storm,France,,,,60.3732510662594,2003,2003-07-15,2003-07-15
2003-0396-DZA,Flood,Algeria,,,,60.3732510662594,2003,2003-08-09,2003-08-11
2003-0402-CHN,Earthquake,China,,,276613.0,60.3732510662594,2003,2003-08-16,2003-08-16
2003-0408-ZAF,Storm,South Africa,,,,60.3732510662594,2003,2003-08-18,2003-08-21
2003-0411-PAN,Earthquake,Panama,,,,60.3732510662594,2003,2003-08-13,2003-08-13
2003-0413-USA,Storm,United States of America,,,,60.3732510662594,2003,2003-08-08,2003-08-08
2003-0414-IDN,Earthquake,Indonesia,,,,60.3732510662594,2003,2003-08-11,2003-08-11
2003-0417-CAN,Flood,Canada,,,16564.0,60.3732510662594,2003,2003-08-04,2003-08-05
2003-0422-GMB,Storm,Gambia,,,,60.3732510662594,2003,2003-08-24,2003-08-24
2003-0423-SAU,Flood,Saudi Arabia,,,,60.3732510662594,2003,2003-08-08,2003-08-12
2003-0433-ITA,Flood,Italy,,,1084918.0,60.3732510662594,2003,2003-08-29,2003-08-31
2003-0436-MEX,Mass movement (wet),Mexico,,,,60.3732510662594,2003,2003-07-17,2003-07-18
2003-0437-VNM,Storm,Viet Nam,,,,60.3732510662594,2003,2003-07-23,2003-07-23
2003-0438-IRN,Earthquake,Iran (Islamic Republic of),,,35887.0,60.3732510662594,2003,2003-07-10,2003-07-10
2003-0439-HTI,Flood,Haiti,,,,60.3732510662594,2003,2003-08-29,2003-08-30
2003-0440-CHN,Flood,China,,,4041525.0,60.3732510662594,2003,2003-08-24,2003-11-12
2003-0441-CHN,Mass movement (wet),China,,,,60.3732510662594,2003,2003-08-26,2003-08-30
2003-0443-CHN,Storm,China,,,399183.0,60.3732510662594,2003,2003-09-01,2003-09-03
2003-0443-HKG,Storm,"China, Hong Kong Special Administrative Region",,,,60.3732510662594,2003,2003-09-02,2003-09-02
2003-0443-TWN,Storm,Taiwan (Province of China),,,,60.3732510662594,2003,2003-09-02,2003-09-02
2003-0447-SOM,Flood,Somalia,,,,60.3732510662594,2003,2003-08-18,2003-08-20
2003-0448-BMU,Storm,Bermuda,,207045.0,496909.0,60.3732510662594,2003,2003-09-05,2003-09-06
2003-0452-BGD,Earthquake,Bangladesh,,,,60.3732510662594,2003,2003-07-26,2003-07-26
2003-0455-NGA,Flood,Nigeria,,,4257.0,60.3732510662594,2003,2003-09-05,2003-10-28
2003-0459-JPN,Storm,Japan,,,82818.0,60.3732510662594,2003,2003-09-12,2003-09-13
2003-0459-KOR,Storm,Republic of Korea,,834807.0,7453632.0,60.3732510662594,2003,2003-09-12,2003-09-12
2003-0468-CAN,Storm,Canada,,,,60.3732510662594,2003,2003-09-18,2003-09-18
2003-0468-USA,Storm,United States of America,,2790971.0,5581942.0,60.3732510662594,2003,2003-09-18,2003-09-22
2003-0474-MEX,Storm,Mexico,,,165636.0,60.3732510662594,2003,2003-09-22,2003-09-22
2003-0476-JPN,Earthquake,Japan,,144104.0,932532.0,60.3732510662594,2003,2003-09-25,2003-09-25
2003-0477-DOM,Earthquake,Dominican Republic,,,,60.3732510662594,2003,2003-09-22,2003-09-22
2003-0481-HND,Flood,Honduras,,,,60.3732510662594,2003,2003-09-14,2003-09-15
2003-0482-MEX,Flood,Mexico,,,,60.3732510662594,2003,2003-09-06,2003-09-10
2003-0487-CAN,Storm,Canada,,,182200.0,60.3732510662594,2003,2003-09-28,2003-09-29
2003-0490-NZL,Storm,New Zealand,,,4969.0,60.3732510662594,2003,2003-10-03,2003-10-03
2003-0491-CAF,Epidemic,Central African Republic,,,,60.3732510662594,2003,2003-06-16,2003-10-29
2003-0495-HTI,Storm,Haiti,,,,60.3732510662594,2003,2003-10-06,2003-10-06
2003-0497-RUS,Earthquake,Russian Federation,,,17557.0,60.3732510662594,2003,2003-09-27,2003-09-27
2003-0503-DZA,Flood,Algeria,,,,60.3732510662594,2003,2003-10-15,2003-10-18
2003-0505-VNM,Flood,Viet Nam,,,53004.0,60.3732510662594,2003,2003-10-15,2003-10-22
2003-0509-CHN,Earthquake,China,,,99382.0,60.3732510662594,2003,2003-10-16,2003-10-16
2003-0511-CAN,Flood,Canada,,,24845.0,60.3732510662594,2003,2003-10-17,2003-10-26
2003-0511-USA,Flood,United States of America,,,,60.3732510662594,2003,2003-10-17,2003-10-26
2003-0518-MEX,Wildfire,Mexico,,,,60.3732510662594,2003,2003-10-25,2003-11-04
2003-0518-USA,Wildfire,United States of America,,3312725.0,,60.3732510662594,2003,2003-10-25,2003-11-04
2003-0519-CHN,Earthquake,China,,,66255.0,60.3732510662594,2003,2003-10-25,2003-10-25
2003-0520-COD,Storm,Democratic Republic of the Congo,,,,60.3732510662594,2003,2003-10-09,2003-10-09
2003-0521-BRA,Flood,Brazil,,,,60.3732510662594,2003,2003-10-27,2003-10-31
2003-0523-GNB,Flood,Guinea-Bissau,,,,60.3732510662594,2003,,
2003-0531-IDN,Flood,Indonesia,,,,60.3732510662594,2003,2003-11-02,2003-11-03
2003-0538-SAU,Flood,Saudi Arabia,,,,60.3732510662594,2003,2003-11-11,2003-11-11
2003-0539-ARG,Storm,Argentina,,,,60.3732510662594,2003,2003-11-11,2003-11-13
2003-0540-IND,Epidemic,India,,,,60.3732510662594,2003,2003-06-01,2003-11-09
2003-0543-LBR,Epidemic,Liberia,,,,60.3732510662594,2003,,
2003-0546-CHN,Earthquake,China,,,,60.3732510662594,2003,2003-11-13,2003-11-13
2003-0547-CHN,Earthquake,China,,,,60.3732510662594,2003,2003-11-14,2003-11-14
2003-0553-COG,Epidemic,Congo,,,,60.3732510662594,2003,2003-10-12,2003-12-24
2003-0554-BEN,Epidemic,Benin,,,,60.3732510662594,2003,2003-01-01,2003-11-15
2003-0556-MAR,Flood,Morocco,,,,60.3732510662594,2003,2003-11-17,2003-11-18
2003-0557-VNM,Flood,Viet Nam,,,57973.0,60.3732510662594,2003,2003-11-11,2003-11-14
2003-0558-ZWE,Epidemic,Zimbabwe,,,,60.3732510662594,2003,2003-10-09,2003-12-14
2003-0560-AUS,Storm,Australia,,,,60.3732510662594,2003,2003-10-24,2003-10-24
2003-0561-THA,Flood,Thailand,,41409.0,41409.0,60.3732510662594,2003,2003-10-15,2003-10-15
2003-0562-MLI,Epidemic,Mali,,,,60.3732510662594,2003,2003-08-14,2004-02-18
2003-0563-RWA,Flood,Rwanda,,,,60.3732510662594,2003,2003-10-30,2003-10-30
2003-0564-CAF,Flood,Central African Republic,,,,60.3732510662594,2003,2003-09-05,2003-09-05
2003-0565-SLE,Epidemic,Sierra Leone,,,,60.3732510662594,2003,,
2003-0566-COD,Flood,Democratic Republic of the Congo,,,,60.3732510662594,2003,,
2003-0570-AGO,Flood,Angola,,,,60.3732510662594,2003,2003-11-22,2003-11-23
2003-0571-DOM,Flood,Dominican Republic,,,70594.0,60.3732510662594,2003,2003-11-14,2003-11-14
2003-0572-COD,Epidemic,Democratic Republic of the Congo,,,,60.3732510662594,2003,2003-09-17,2003-12-01
2003-0573-TJK,Epidemic,Tajikistan,,,,60.3732510662594,2003,,
2003-0577-FSM,Storm,Micronesia (Federated States of),,,,60.3732510662594,2003,2003-11-21,2003-11-25
2003-0578-COL,Flood,Colombia,,,,60.3732510662594,2003,,
2003-0579-BRA,Flood,Brazil,,,,60.3732510662594,2003,2003-11-29,2003-11-29
2003-0582-CHN,Earthquake,China,,,3202.0,60.3732510662594,2003,2003-12-01,2003-12-01
2003-0585-MKD,Flood,North Macedonia,,,,60.3732510662594,2003,2003-11-30,2003-11-30
2003-0586-FRA,Flood,France,,1672926.0,2484544.0,60.3732510662594,2003,2003-12-02,2003-12-03
2003-0587-AUS,Flood,Australia,,,124227.0,60.3732510662594,2003,2003-12-02,2003-12-02
2003-0589-MOZ,Epidemic,Mozambique,,,,60.3732510662594,2003,2003-02-24,2003-06-15
2003-0593-IDN,Flood,Indonesia,,,,60.3732510662594,2003,2003-11-30,2003-12-06
2003-0594-CHN,Storm,China,,,326201.0,60.3732510662594,2003,2003-11-18,2003-11-18
2003-0595-USA,Storm,United States of America,,745363.0,,60.3732510662594,2003,2003-11-20,2003-11-20
2003-0596-CHN,Earthquake,China,,,,60.3732510662594,2003,2003-11-26,2003-11-26
2003-0599-DOM,Storm,Dominican Republic,,,,60.3732510662594,2003,2003-12-06,2003-12-06
2003-0599-PRI,Storm,Puerto Rico,,,,60.3732510662594,2003,2003-12-09,2003-12-09
2003-0602-MDG,Storm,Madagascar,,,,60.3732510662594,2003,2003-12-09,2003-12-09
2003-0604-MYS,Flood,Malaysia,,,,60.3732510662594,2003,2003-11-29,2003-12-02
2003-0605-IND,Storm,India,,,46378.0,60.3732510662594,2003,2003-12-17,2003-12-17
2003-0610-PHL,Mass movement (wet),Philippines,,,11595.0,60.3732510662594,2003,2003-12-19,2004-01-07
2003-0615-AUS,Storm,Australia,,124227.0,154042.0,60.3732510662594,2003,2003-12-03,2003-12-03
2003-0616-AUS,Storm,Australia,,,,60.3732510662594,2003,2003-12-09,2003-12-09
2003-0617-THA,Flood,Thailand,,,2319.0,60.3732510662594,2003,2003-12-11,2003-12-11
2003-0618-USA,Storm,United States of America,,,,60.3732510662594,2003,2003-12-06,2003-12-07
2003-0620-TZA,Flood,United Republic of Tanzania,,,,60.3732510662594,2003,2003-12-20,2003-12-21
2003-0621-BOL,Flood,Bolivia (Plurinational State of),,,1656.0,60.3732510662594,2003,2003-12-22,2004-01-22
2003-0622-MEX,Extreme temperature,Mexico,,,,60.3732510662594,2003,,
2003-0623-USA,Earthquake,United States of America,,,331273.0,60.3732510662594,2003,2003-12-22,2003-12-22
2003-0624-HTI,Flood,Haiti,,,,60.3732510662594,2003,2003-12-20,2003-12-22
2003-0628-CRI,Earthquake,Costa Rica,,,,60.3732510662594,2003,2003-12-25,2003-12-25
2003-0628-PAN,Earthquake,Panama,,,,60.3732510662594,2003,2003-12-25,2003-12-25
2003-0630-IRN,Earthquake,Iran (Islamic Republic of),,,828181.0,60.3732510662594,2003,2003-12-26,2003-12-26
2003-0631-ZMB,Flood,Zambia,,,,60.3732510662594,2003,2003-12-25,2003-12-25
2003-0633-USA,Mass movement (wet),United States of America,,,,60.3732510662594,2003,2003-12-25,2003-12-26
2003-0636-BGD,Extreme temperature,Bangladesh,,,,60.3732510662594,2003,2003-12-15,
2003-0636-IND,Extreme temperature,India,,,,60.3732510662594,2003,2003-12-15,
2003-0636-NPL,Extreme temperature,Nepal,,,,60.3732510662594,2003,2003-12-15,
2003-0641-COD,Flood,Democratic Republic of the Congo,,,,60.3732510662594,2003,2003-12-14,2003-12-15
2003-0642-ZMB,Epidemic,Zambia,,,,60.3732510662594,2003,2003-12-04,2004-02-25
2003-0643-COD,Epidemic,Democratic Republic of the Congo,,,,60.3732510662594,2003,2003-12-24,2003-12-24
2003-0644-PER,Flood,Peru,,,,60.3732510662594,2003,2003-12-28,2004-01-14
2003-0647-TLS,Flood,Timor-Leste,,,,60.3732510662594,2003,,
2003-0648-TUR,Earthquake,Türkiye,,,,60.3732510662594,2003,2003-07-26,2003-07-26
2003-0649-IRN,Earthquake,Iran (Islamic Republic of),,,,60.3732510662594,2003,2003-12-11,2003-12-11
2003-0655-MYS,Flood,Malaysia,,,,60.3732510662594,2003,2003-12-17,2004-01-05
2003-0659-CRI,Flood,Costa Rica,,,,60.3732510662594,2003,2003-12-12,2003-12-14
2003-0661-HND,Flood,Honduras,,,33127.0,60.3732510662594,2003,2003-11-28,2003-12-24
2003-0663-USA,Flood,United States of America,,,,60.3732510662594,2003,2003-11-12,2003-11-13
2003-0672-VNM,Flood,Viet Nam,,62942.0,62942.0,60.3732510662594,2003,2003-09-10,2003-09-14
2003-0673-BRA,Flood,Brazil,,,501878.0,60.3732510662594,2003,,2004-02-19
2003-0674-MOZ,Epidemic,Mozambique,,,,60.3732510662594,2003,2003-12-20,2004-03-18
2003-0675-TCD,Epidemic,Chad,,,,60.3732510662594,2003,2003-11-24,2004-01-05
2003-0679-MOZ,Epidemic,Mozambique,,,,60.3732510662594,2003,2003-04-07,2003-06-15
2003-0681-PAK,Flood,Pakistan,,,,60.3732510662594,2003,2003-09-05,2003-09-09
2003-0683-IND,Flood,India,,,279925.0,60.3732510662594,2003,2003-08-27,2003-10-20
2003-0688-MEX,Storm,Mexico,,,,60.3732510662594,2003,2003-08-24,2003-08-27
2003-0706-UGA,Flood,Uganda,,,,60.3732510662594,2003,2003-07-01,2003-07-03
2003-0710-MEX,Flood,Mexico,,,,60.3732510662594,2003,2003-06-12,2003-06-15
2003-0712-MEX,Flood,Mexico,,,,60.3732510662594,2003,2003-06-05,2003-06-06
2003-0713-VEN,Flood,Venezuela (Bolivarian Republic of),,,,60.3732510662594,2003,2003-06-01,2003-06-03
2003-0715-THA,Epidemic,Thailand,,,,60.3732510662594,2003,2003-10-15,2004-03-24
2003-0715-VNM,Epidemic,Viet Nam,,,,60.3732510662594,2003,2003-10-15,2004-03-24
2003-0716-TGO,Epidemic,Togo,,,,60.3732510662594,2003,2003-12-29,2004-03-28
2003-0719-IND,Flood,India,,,,60.3732510662594,2003,2003-07-16,2003-07-16
2003-0720-IND,Flood,India,,,,60.3732510662594,2003,2003-08-07,2003-08-07
2003-0724-CHN,Flood,China,,,15967.0,60.3732510662594,2003,2003-09-20,2003-09-22
2003-0725-BDI,Epidemic,Burundi,,,,60.3732510662594,2003,,2004-02-10
2003-0728-MWI,Flood,Malawi,,,,60.3732510662594,2003,2003-04-05,2003-04-08
2003-0729-KEN,Flood,Kenya,,,,60.3732510662594,2003,2003-01-04,2003-01-06
2003-0730-BRA,Flood,Brazil,,,,60.3732510662594,2003,2003-01-11,2003-02-04
2003-0741-USA,Storm,United States of America,,496909.0,662545.0,60.3732510662594,2003,2003-02-15,2003-02-23
2003-0742-ZWE,Flood,Zimbabwe,,,331273.0,60.3732510662594,2003,2003-02-25,2003-02-28
2003-0752-COM,Storm,Comoros,,,,60.3732510662594,2003,2003-04-25,2003-04-27
2003-0756-USA,Flood,United States of America,,,28158.0,60.3732510662594,2003,2003-05-06,2003-05-14
2003-0759-HTI,Flood,Haiti,,,,60.3732510662594,2003,2003-03-27,2003-03-29
2003-0764-GTM,Wildfire,Guatemala,,,,60.3732510662594,2003,,
2003-0766-CUB,Flood,Cuba,,,,60.3732510662594,2003,,
2003-0767-ECU,Flood,Ecuador,,,,60.3732510662594,2003,2003-05-06,2003-05-06
2003-0768-PAN,Flood,Panama,,,,60.3732510662594,2003,,
2003-0769-URY,Flood,Uruguay,,,,60.3732510662594,2003,,
2003-0773-VEN,Flood,Venezuela (Bolivarian Republic of),,,,60.3732510662594,2003,2003-08-26,2003-08-28
2003-0774-MYS,Flood,Malaysia,,,,60.3732510662594,2003,2003-10-03,2003-10-25
2003-0774-THA,Flood,Thailand,,,,60.3732510662594,2003,2003-10-03,2003-10-25
2003-0775-IND,Flood,India,,,,60.3732510662594,2003,2003-09-10,2003-09-10
2003-0776-IDN,Flood,Indonesia,,,,60.3732510662594,2003,2003-12-10,2004-01-05
2003-0778-AFG,Flood,Afghanistan,,,,60.3732510662594,2003,2003-07-09,2003-07-09
2003-0779-BGD,Storm,Bangladesh,,,,60.3732510662594,2003,2003-12-20,2003-12-20
2003-0780-USA,Storm,United States of America,,,,60.3732510662594,2003,2003-05-30,2003-05-30
2003-0781-DEU,Storm,Germany,,,,60.3732510662594,2003,2003-06-07,2003-06-08
2003-0782-USA,Storm,United States of America,,36440.0,82818.0,60.3732510662594,2003,2003-06-30,2003-06-30
2003-0783-TUR,Earthquake,Türkiye,,,,60.3732510662594,2003,2003-04-10,2003-04-10
2003-0785-DZA,Extreme temperature,Algeria,,,,60.3732510662594,2003,2003-06-21,2003-07-21
2003-0786-USA,Wildfire,United States of America,,1325090.0,5797269.0,60.3732510662594,2003,2003-10-21,2003-11-04
2003-0787-IRN,Mass movement (wet),Iran (Islamic Republic of),,,,60.3732510662594,2003,2003-02-26,2003-02-26
2003-0788-COL,Flood,Colombia,,,,60.3732510662594,2003,2003-05-14,2003-05-28
2003-0822-PHL,Storm,Philippines,,,2483.0,60.3732510662594,2003,2003-07-15,2003-07-19
2003-0823-PHL,Storm,Philippines,,,242.0,60.3732510662594,2003,2003-07-30,2003-07-31
2003-0824-PHL,Storm,Philippines,,,1095.0,60.3732510662594,2003,2003-08-04,2003-08-05
2003-0825-PHL,Storm,Philippines,,,121.0,60.3732510662594,2003,2003-08-20,2003-08-24
2003-0826-PHL,Storm,Philippines,,,,60.3732510662594,2003,2003-08-30,2003-09-02
2003-0827-USA,Storm,United States of America,,331273.0,,60.3732510662594,2003,2003-12-15,2003-12-16
2003-0829-USA,Storm,United States of America,,,3478362.0,60.3732510662594,2003,2003-04-04,2003-04-08
2003-0830-USA,Storm,United States of America,,,,60.3732510662594,2003,2003-02-26,2003-02-26
2003-9035-MOZ,Drought,Mozambique,,,,60.3732510662594,2003,,
2003-9064-CHN,Drought,China,,,,60.3732510662594,2003,,
2003-9360-CHN,Drought,China,,,,60.3732510662594,2003,,
2003-9651-BDI,Drought,Burundi,,,,60.3732510662594,2003,,
2003-9651-RWA,Drought,Rwanda,,,,60.3732510662594,2003,,
2003-9651-TZA,Drought,United Republic of Tanzania,,,,60.3732510662594,2003,,
2003-9758-HTI,Drought,Haiti,,,,60.3732510662594,2003,,
2003-9760-IDN,Drought,Indonesia,,,1656.0,60.3732510662594,2003,,
2003-9772-ETH,Drought,Ethiopia,,,,60.3732510662594,2003,,
2003-9777-RUS,Drought,Russian Federation,,,,60.3732510662594,2003,,
2003-9784-BIH,Drought,Bosnia and Herzegovina,,,231891.0,60.3732510662594,2003,,
2003-9784-HRV,Drought,Croatia,,,546600.0,60.3732510662594,2003,,2003-05-21
2003-9784-HUN,Drought,Hungary,,,165636.0,60.3732510662594,2003,,
2003-9785-ARG,Drought,Argentina,,,198764.0,60.3732510662594,2003,,
2004-0001-IDN,Earthquake,Indonesia,,,19358.0,61.9895859343217,2004,2004-01-01,2004-01-01
2004-0004-ASM,Storm,American Samoa,,,241976.0,61.9895859343217,2004,2004-01-05,2004-01-05
2004-0004-NIU,Storm,Niue,,,64527.0,61.9895859343217,2004,2004-01-06,2004-01-06
2004-0004-TON,Storm,Tonga,,,,61.9895859343217,2004,2004-01-06,2004-01-06
2004-0004-WSM,Storm,Samoa,,,,61.9895859343217,2004,2004-01-05,2004-01-05
2004-0006-BDI,Storm,Burundi,,,,61.9895859343217,2004,2004-01-04,2004-01-04
2004-0010-TUR,Extreme temperature,Türkiye,,,,61.9895859343217,2004,2004-01-09,2004-01-10
2004-0011-DZA,Earthquake,Algeria,,,,61.9895859343217,2004,2004-01-10,2004-01-10
2004-0019-AGO,Flood,Angola,,,,61.9895859343217,2004,2004-01-27,2004-03-01
2004-0022-AFG,Flood,Afghanistan,,,,61.9895859343217,2004,2004-01-15,2004-01-17
2004-0026-CYP,Storm,Cyprus,,,,61.9895859343217,2004,2004-01-22,2004-01-25
2004-0026-EGY,Storm,Egypt,,,,61.9895859343217,2004,2004-01-22,2004-01-26
2004-0026-GRC,Storm,Greece,,,,61.9895859343217,2004,2004-01-22,2004-01-25
2004-0026-TUR,Storm,Türkiye,,,,61.9895859343217,2004,2004-01-22,2004-01-25
2004-0028-PHL,Flood,Philippines,,,,61.9895859343217,2004,2004-01-23,2004-01-23
2004-0029-MDG,Storm,Madagascar,,,,61.9895859343217,2004,2004-01-26,2004-02-04
2004-0031-CAN,Storm,Canada,,,161317.0,61.9895859343217,2004,,
2004-0031-USA,Storm,United States of America,,,96790.0,61.9895859343217,2004,2004-01-15,2004-01-29
2004-0033-IDN,Volcanic activity,Indonesia,,,,61.9895859343217,2004,2004-01-29,2004-01-29
2004-0040-IDN,Earthquake,Indonesia,,66.0,1613.0,61.9895859343217,2004,2004-02-05,2004-02-05
2004-0048-CMR,Epidemic,Cameroon,,,,61.9895859343217,2004,2004-01-01,2004-06-09
2004-0049-BGD,Epidemic,Bangladesh,,,,61.9895859343217,2004,2004-01-04,2004-02-08
2004-0050-MYS,Flood,Malaysia,,,,61.9895859343217,2004,2004-01-24,2004-02-03
2004-0054-PAK,Earthquake,Pakistan,,,,61.9895859343217,2004,2004-02-14,2004-02-14
2004-0060-COD,Epidemic,Democratic Republic of the Congo,,,,61.9895859343217,2004,,
2004-0061-IDN,Mass movement (wet),Indonesia,,,5646.0,61.9895859343217,2004,2004-01-23,2004-01-30
2004-0062-IDN,Storm,Indonesia,,,,61.9895859343217,2004,2004-02-03,2004-02-05
2004-0067-NZL,Flood,New Zealand,,112922.0,322635.0,61.9895859343217,2004,2004-02-13,2004-02-25
2004-0072-SYR,Storm,Syrian Arab Republic,,,,61.9895859343217,2004,2004-02-22,2004-02-22
2004-0073-MAR,Earthquake,Morocco,,,645270.0,61.9895859343217,2004,2004-02-24,2004-02-24
2004-0074-CAN,Storm,Canada,,,,61.9895859343217,2004,2004-02-19,2004-02-19
2004-0077-ZAF,Epidemic,South Africa,,,,61.9895859343217,2004,2004-01-01,2004-03-17
2004-0080-VUT,Storm,Vanuatu,,,,61.9895859343217,2004,2004-02-25,2004-02-27
2004-0084-IRN,Storm,Iran (Islamic Republic of),,,387.0,61.9895859343217,2004,2004-02-15,2004-02-15
2004-0087-PHL,Flood,Philippines,,,,61.9895859343217,2004,2004-02-11,2004-02-26
2004-0088-IDN,Earthquake,Indonesia,,,,61.9895859343217,2004,2004-02-16,2004-02-16
2004-0091-AUS,Flood,Australia,,,51622.0,61.9895859343217,2004,2004-01-14,2004-02-25
2004-0093-IDN,Epidemic,Indonesia,,,,61.9895859343217,2004,2004-01-01,2004-04-30
2004-0098-IDN,Flood,Indonesia,,,96790.0,61.9895859343217,2004,2004-02-18,2004-02-23
2004-0102-ARM,Flood,Armenia,,,,61.9895859343217,2004,2004-03-05,2004-03-09
2004-0102-GEO,Flood,Georgia,,,,61.9895859343217,2004,2004-03-05,2004-03-09
2004-0102-TUR,Flood,Türkiye,,,,61.9895859343217,2004,2004-03-05,2004-03-09
2004-0103-MDG,Storm,Madagascar,,,403294.0,61.9895859343217,2004,2004-03-07,2004-03-12
2004-0104-PNG,Flood,Papua New Guinea,,,,61.9895859343217,2004,2004-03-05,2004-03-09
2004-0105-BDI,Storm,Burundi,,,,61.9895859343217,2004,2004-02-20,2004-02-20
2004-0108-KAZ,Mass movement (wet),Kazakhstan,,,,61.9895859343217,2004,2004-03-14,2004-03-14
2004-0110-BFA,Epidemic,Burkina Faso,,,,61.9895859343217,2004,2004-01-01,2004-03-21
2004-0111-BDI,Flood,Burundi,,,,61.9895859343217,2004,2004-03-07,2004-03-07
2004-0119-MYS,Flood,Malaysia,,,,61.9895859343217,2004,2004-03-08,2004-03-11
2004-0120-KOR,Storm,Republic of Korea,,,919509.0,61.9895859343217,2004,2004-03-05,2004-03-08
2004-0121-USA,Storm,United States of America,,322635.0,483952.0,61.9895859343217,2004,2004-03-04,2004-03-07
2004-0123-KOR,Wildfire,Republic of Korea,,,,61.9895859343217,2004,2004-03-10,2004-03-10
2004-0126-CHN,Earthquake,China,,,119375.0,61.9895859343217,2004,2004-03-24,2004-03-24
2004-0127-TUR,Earthquake,Türkiye,,,,61.9895859343217,2004,2004-03-25,2004-03-25
2004-0129-IDN,Mass movement (wet),Indonesia,,,,61.9895859343217,2004,2004-03-27,2004-03-27
2004-0131-BRA,Storm,Brazil,,4840.0,564611.0,61.9895859343217,2004,2004-03-27,2004-03-29
2004-0132-TUR,Earthquake,Türkiye,,,,61.9895859343217,2004,2004-03-28,2004-03-28
2004-0141-MEX,Flood,Mexico,,,,61.9895859343217,2004,2004-04-04,2004-04-06
2004-0144-IDN,Storm,Indonesia,,,,61.9895859343217,2004,2004-03-30,2004-03-30
2004-0145-ESP,Flood,Spain,,,23044.0,61.9895859343217,2004,2004-03-27,2004-03-28
2004-0146-CAN,Flood,Canada,,,,61.9895859343217,2004,2004-03-28,2004-04-11
2004-0146-USA,Flood,United States of America,,,7259.0,61.9895859343217,2004,2004-03-28,2004-04-11
2004-0147-TJK,Earthquake,Tajikistan,,,,61.9895859343217,2004,2004-04-01,2004-04-01
2004-0149-NAM,Flood,Namibia,,,,61.9895859343217,2004,,
2004-0150-FSM,Storm,Micronesia (Federated States of),,,,61.9895859343217,2004,2004-04-03,2004-04-18
2004-0152-KEN,Flood,Kenya,,,,61.9895859343217,2004,2004-04-09,2004-04-12
2004-0153-FJI,Storm,Fiji,,,6453.0,61.9895859343217,2004,2004-04-08,2004-04-08
2004-0156-PER,Mass movement (wet),Peru,,,,61.9895859343217,2004,2004-04-10,2004-04-10
2004-0158-DJI,Flood,Djibouti,,,,61.9895859343217,2004,2004-04-12,2004-04-16
2004-0159-AGO,Flood,Angola,,,,61.9895859343217,2004,2004-02-01,2004-06-02
2004-0159-BWA,Flood,Botswana,,,,61.9895859343217,2004,2004-02-01,2004-06-02
2004-0159-NAM,Flood,Namibia,,,,61.9895859343217,2004,2004-02-01,2004-06-02
2004-0159-ZMB,Flood,Zambia,,,,61.9895859343217,2004,2004-02-01,2004-06-02
2004-0161-NER,Epidemic,Niger,,,,61.9895859343217,2004,,2004-05-02
2004-0162-NGA,Epidemic,Nigeria,,,,61.9895859343217,2004,2004-04-02,2004-04-02
2004-0163-BIH,Flood,Bosnia and Herzegovina,,,,61.9895859343217,2004,2004-04-06,2004-04-14
2004-0164-RUS,Flood,Russian Federation,,,2899.0,61.9895859343217,2004,2004-03-30,2004-04-09
2004-0166-BGD,Storm,Bangladesh,,,,61.9895859343217,2004,2004-04-14,2004-04-15
2004-0169-BIH,Flood,Bosnia and Herzegovina,,,,61.9895859343217,2004,2004-03-23,2004-04-03
2004-0172-RUS,Flood,Russian Federation,,25811.0,80659.0,61.9895859343217,2004,2004-04-14,2004-05-18
2004-0173-IDN,Mass movement (wet),Indonesia,,,,61.9895859343217,2004,2004-04-22,2004-04-22
2004-0174-BGD,Epidemic,Bangladesh,,,,61.9895859343217,2004,2004-02-04,2004-04-20
2004-0177-IDN,Mass movement (wet),Indonesia,,,,61.9895859343217,2004,2004-04-23,2004-04-23
2004-0178-IND,Flood,India,,,,61.9895859343217,2004,2004-04-10,2004-04-14
2004-0179-KGZ,Mass movement (wet),Kyrgyzstan,,,,61.9895859343217,2004,2004-04-17,2004-04-17
2004-0180-SAU,Flood,Saudi Arabia,,,,61.9895859343217,2004,2004-04-14,2004-04-16
2004-0182-CHN,Storm,China,,,9679.0,61.9895859343217,2004,2004-04-21,2004-04-21
2004-0192-KGZ,Mass movement (wet),Kyrgyzstan,,,,61.9895859343217,2004,2004-04-26,2004-04-26
2004-0194-KEN,Flood,Kenya,,,,61.9895859343217,2004,2004-04-09,2004-05-11
2004-0196-USA,Wildfire,United States of America,,,,61.9895859343217,2004,2004-05-02,2004-05-04
2004-0200-PER,Flood,Peru,,,,61.9895859343217,2004,2004-05-07,2004-05-07
2004-0201-DZA,Flood,Algeria,,,,61.9895859343217,2004,2004-04-14,2004-04-16
2004-0202-COL,Flood,Colombia,,,,61.9895859343217,2004,,2004-06-28
2004-0208-RUS,Wildfire,Russian Federation,,,,61.9895859343217,2004,2004-05-14,2004-05-16
2004-0214-CRI,Flood,Costa Rica,,,,61.9895859343217,2004,2004-05-10,2004-05-11
2004-0218-PHL,Storm,Philippines,,,1613.0,61.9895859343217,2004,2004-05-13,2004-05-19
2004-0229-NER,Epidemic,Niger,,,,61.9895859343217,2004,2004-05-03,2004-05-17
2004-0231-DOM,Flood,Dominican Republic,,,,61.9895859343217,2004,2004-05-23,2004-06-01
2004-0231-HTI,Flood,Haiti,,,,61.9895859343217,2004,2004-05-23,2004-06-01
2004-0231-PRI,Flood,Puerto Rico,,,,61.9895859343217,2004,2004-05-23,2004-06-01
2004-0233-SEN,Storm,Senegal,,,,61.9895859343217,2004,2004-05-25,2004-05-25
2004-0234-IRN,Earthquake,Iran (Islamic Republic of),,95177.0,266174.0,61.9895859343217,2004,2004-05-28,2004-05-28
2004-0235-MMR,Storm,Myanmar,,,1110.0,61.9895859343217,2004,2004-05-19,2004-05-19
2004-0236-BRA,Flood,Brazil,,,597.0,61.9895859343217,2004,2004-06-01,2004-06-02
2004-0244-THA,Storm,Thailand,,,,61.9895859343217,2004,2004-05-20,2004-05-23
2004-0245-USA,Storm,United States of America,,1290539.0,1774492.0,61.9895859343217,2004,2004-05-21,2004-05-27
2004-0247-CHN,Flood,China,,,,61.9895859343217,2004,2004-05-27,2004-05-28
2004-0248-USA,Flood,United States of America,,,,61.9895859343217,2004,2004-05-28,2004-05-28
2004-0249-USA,Storm,United States of America,,725928.0,1129222.0,61.9895859343217,2004,2004-05-29,2004-06-02
2004-0250-RUS,Earthquake,Russian Federation,,,,61.9895859343217,2004,2004-05-31,2004-05-31
2004-0251-IDN,Volcanic activity,Indonesia,,,,61.9895859343217,2004,2004-06-01,2004-06-07
2004-0252-MKD,Flood,North Macedonia,,,5807.0,61.9895859343217,2004,2004-06-04,2004-06-07
2004-0257-ROU,Storm,Romania,,,,61.9895859343217,2004,2004-06-13,2004-06-15
2004-0258-THA,Storm,Thailand,,,,61.9895859343217,2004,2004-06-04,2004-06-21
2004-0258-VNM,Storm,Viet Nam,,,11292.0,61.9895859343217,2004,2004-06-07,2004-06-11
2004-0259-MEX,Flood,Mexico,,,5807.0,61.9895859343217,2004,2004-06-12,2004-06-12
2004-0266-RUS,Storm,Russian Federation,,,,61.9895859343217,2004,2004-06-09,2004-06-09
2004-0267-PHL,Storm,Philippines,,,,61.9895859343217,2004,2004-06-10,2004-06-10
2004-0268-NGA,Flood,Nigeria,,,,61.9895859343217,2004,2004-06-17,2004-06-18
2004-0269-IDN,Volcanic activity,Indonesia,,,,61.9895859343217,2004,2004-06-08,2004-06-08
2004-0271-KEN,Epidemic,Kenya,,,,61.9895859343217,2004,2004-05-15,2004-07-14
2004-0274-TUR,Storm,Türkiye,,,,61.9895859343217,2004,2004-06-19,2004-06-19
2004-0276-JPN,Storm,Japan,,,,61.9895859343217,2004,2004-06-16,2004-06-19
2004-0276-KOR,Storm,Republic of Korea,,,,61.9895859343217,2004,2004-06-18,2004-06-20
2004-0280-NIC,Mass movement (wet),Nicaragua,,,,61.9895859343217,2004,2004-06-24,2004-06-28
2004-0284-CHN,Flood,China,,,582356.0,61.9895859343217,2004,2004-06-20,2004-06-25
2004-0286-BGD,Storm,Bangladesh,,,,61.9895859343217,2004,2004-06-12,2004-06-13
2004-0287-CHN,Flood,China,,,,61.9895859343217,2004,2004-06-14,2004-06-16
2004-0289-NIC,Storm,Nicaragua,,,,61.9895859343217,2004,2004-06-12,2004-06-12
2004-0292-CHN,Storm,China,,,452.0,61.9895859343217,2004,2004-06-01,2004-06-04
2004-0293-CHN,Mass movement (wet),China,,,,61.9895859343217,2004,2004-06-05,2004-06-05
2004-0294-FJI,Flood,Fiji,,,,61.9895859343217,2004,2004-06-05,2004-06-05
2004-0298-BGD,Flood,Bangladesh,,,3548983.0,61.9895859343217,2004,2004-06-20,2004-08-03
2004-0298-BTN,Flood,Bhutan,,,,61.9895859343217,2004,2004-07-05,2004-08-11
2004-0298-IND,Flood,India,,,4032935.0,61.9895859343217,2004,2004-06-20,
2004-0298-NPL,Flood,Nepal,,,,61.9895859343217,2004,2004-07-05,2004-07-13
2004-0298-PAK,Flood,Pakistan,,,,61.9895859343217,2004,2004-07-14,2004-07-17
2004-0299-CHN,Flood,China,,,,61.9895859343217,2004,2004-06-22,2004-06-23
2004-0300-GMB,Storm,Gambia,,,,61.9895859343217,2004,2004-05-24,2004-05-24
2004-0301-CHN,Storm,China,,,20487.0,61.9895859343217,2004,2004-06-20,2004-06-20
2004-0302-CHN,Storm,China,,,,61.9895859343217,2004,2004-05-26,2004-05-30
2004-0303-CHN,Flood,China,,,,61.9895859343217,2004,2004-06-05,2004-06-06
2004-0306-CHN,Flood,China,,,,61.9895859343217,2004,2004-06-28,2004-06-30
2004-0307-ARG,Flood,Argentina,,,,61.9895859343217,2004,2004-07-01,2004-07-01
2004-0307-CHL,Flood,Chile,,,,61.9895859343217,2004,2004-06-30,2004-07-01
2004-0308-TUR,Earthquake,Türkiye,,,,61.9895859343217,2004,2004-07-01,2004-07-01
2004-0309-PHL,Storm,Philippines,,,31726.0,61.9895859343217,2004,2004-06-25,2004-07-02
2004-0309-TWN,Storm,Taiwan (Province of China),,,645270.0,61.9895859343217,2004,2004-06-29,2004-07-04
2004-0310-CHN,Extreme temperature,China,,,,61.9895859343217,2004,2004-07-02,2004-07-03
2004-0311-PHL,Flood,Philippines,,,,61.9895859343217,2004,2004-06-28,2004-06-30
2004-0312-GUM,Storm,Guam,,,,61.9895859343217,2004,2004-06-27,2004-06-28
2004-0312-MNP,Storm,Northern Mariana Islands,,,,61.9895859343217,2004,2004-06-26,2004-06-27
2004-0315-NGA,Flood,Nigeria,,,,61.9895859343217,2004,2004-06-22,2004-06-25
2004-0317-BRA,Flood,Brazil,,,,61.9895859343217,2004,2004-06-17,2004-06-18
2004-0321-IND,Flood,India,,,,61.9895859343217,2004,2004-06-09,2004-06-11
2004-0325-CHN,Flood,China,,,86305.0,61.9895859343217,2004,2004-05-13,2004-05-17
2004-0328-VNM,Flood,Viet Nam,,,,61.9895859343217,2004,2004-04-16,2004-04-17
2004-0329-SDN,Epidemic,Sudan,,,,61.9895859343217,2004,2004-05-15,2004-06-30
2004-0331-ARG,Extreme temperature,Argentina,,,,61.9895859343217,2004,,
2004-0331-BRA,Extreme temperature,Brazil,,,,61.9895859343217,2004,,
2004-0331-CHL,Extreme temperature,Chile,,,,61.9895859343217,2004,,
2004-0331-PER,Extreme temperature,Peru,,,,61.9895859343217,2004,,
2004-0331-PRY,Extreme temperature,Paraguay,,,,61.9895859343217,2004,,
2004-0331-URY,Extreme temperature,Uruguay,,,,61.9895859343217,2004,,
2004-0333-ALB,Extreme temperature,Albania,,,,61.9895859343217,2004,2004-07-01,
2004-0333-MKD,Extreme temperature,North Macedonia,,,,61.9895859343217,2004,2004-07-01,
2004-0333-ROU,Extreme temperature,Romania,,,,61.9895859343217,2004,2004-07-01,
2004-0336-ROU,Storm,Romania,,,,61.9895859343217,2004,2004-07-10,2004-07-14
2004-0338-USA,Storm,United States of America,,,274.0,61.9895859343217,2004,2004-06-28,2004-06-28
2004-0339-JPN,Flood,Japan,,450076.0,3145690.0,61.9895859343217,2004,2004-07-12,2004-07-14
2004-0341-RWA,Epidemic,Rwanda,,,,61.9895859343217,2004,2004-06-15,2004-07-15
2004-0342-TJK,Flood,Tajikistan,,,19358.0,61.9895859343217,2004,2004-07-13,2004-07-14
2004-0346-CAN,Flood,Canada,,177449.0,322635.0,61.9895859343217,2004,2004-07-13,2004-07-16
2004-0348-USA,Wildfire,United States of America,,,,61.9895859343217,2004,2004-07-12,2004-07-16
2004-0349-AFG,Flood,Afghanistan,,,,61.9895859343217,2004,2004-07-13,2004-07-19
2004-0352-JPN,Extreme temperature,Japan,,,,61.9895859343217,2004,,
2004-0354-VNM,Flood,Viet Nam,,,12905.0,61.9895859343217,2004,2004-07-18,2004-07-28
2004-0356-ROU,Storm,Romania,,,,61.9895859343217,2004,2004-07-22,2004-07-22
2004-0361-ESP,Extreme temperature,Spain,,,,61.9895859343217,2004,2004-07-26,2004-07-30
2004-0361-SPI,Extreme temperature,Canary Islands,,,,61.9895859343217,2004,2004-07-26,2004-07-30
2004-0365-ROU,Flood,Romania,,,,61.9895859343217,2004,2004-07-28,2004-08-01
2004-0369-HUN,Flood,Hungary,,,,61.9895859343217,2004,2004-07-27,2004-08-02
2004-0369-POL,Flood,Poland,,,,61.9895859343217,2004,2004-07-27,2004-08-02
2004-0369-SVK,Flood,Slovakia,,,,61.9895859343217,2004,2004-07-27,2004-08-02
2004-0372-CHN,Flood,China,,4840.0,1774492.0,61.9895859343217,2004,2004-07-15,2004-07-20
2004-0373-ESP,Wildfire,Spain,,3226.0,4840.0,61.9895859343217,2004,2004-07-28,2004-08-04
2004-0376-COD,Epidemic,Democratic Republic of the Congo,,,,61.9895859343217,2004,2004-05-31,2004-07-12
2004-0377-LKA,Epidemic,Sri Lanka,,,,61.9895859343217,2004,2004-07-28,2004-07-28
2004-0381-KOR,Flood,Republic of Korea,,,8950.0,61.9895859343217,2004,2004-08-15,2004-08-22
2004-0381-PRK,Flood,Democratic People's Republic of Korea,,,32263.0,61.9895859343217,2004,2004-07-24,2004-07-25
2004-0383-PRT,Wildfire,Portugal,,,,61.9895859343217,2004,,
2004-0387-KGZ,Mass movement (wet),Kyrgyzstan,,,,61.9895859343217,2004,2004-08-05,2004-08-05
2004-0388-RUS,Storm,Russian Federation,,,9679.0,61.9895859343217,2004,2004-07-22,2004-07-22
2004-0392-BFA,Infestation,Burkina Faso,,,,61.9895859343217,2004,,
2004-0392-CPV,Infestation,Cabo Verde,,,,61.9895859343217,2004,,
2004-0392-GMB,Infestation,Gambia,,,,61.9895859343217,2004,,
2004-0392-MAR,Infestation,Morocco,,,,61.9895859343217,2004,,
2004-0392-MLI,Infestation,Mali,,,,61.9895859343217,2004,,
2004-0392-MRT,Infestation,Mauritania,,,,61.9895859343217,2004,,
2004-0392-NER,Infestation,Niger,,,,61.9895859343217,2004,,
2004-0392-NGA,Infestation,Nigeria,,,,61.9895859343217,2004,,
2004-0392-SDN,Infestation,Sudan,,,,61.9895859343217,2004,,
2004-0392-SEN,Infestation,Senegal,,,,61.9895859343217,2004,,
2004-0392-TCD,Infestation,Chad,,,,61.9895859343217,2004,,
2004-0394-ERI,Flood,Eritrea,,,,61.9895859343217,2004,2004-07-27,2004-07-27
2004-0395-TCD,Epidemic,Chad,,,,61.9895859343217,2004,2004-06-14,2004-09-09
2004-0396-COD,Epidemic,Democratic Republic of the Congo,,,,61.9895859343217,2004,,
2004-0398-ZAF,Flood,South Africa,,,,61.9895859343217,2004,2004-08-07,2004-08-09
2004-0400-AUS,Storm,Australia,,,,61.9895859343217,2004,2004-07-17,2004-07-18
2004-0401-GEO,Flood,Georgia,,,3478.0,61.9895859343217,2004,2004-07-15,2004-07-20
2004-0402-NGA,Flood,Nigeria,,,,61.9895859343217,2004,2004-08-08,2004-08-10
2004-0403-MYS,Storm,Malaysia,,,,61.9895859343217,2004,2004-07-16,2004-07-16
2004-0404-NZL,Flood,New Zealand,,,72593.0,61.9895859343217,2004,2004-07-18,2004-07-18
2004-0406-CHN,Earthquake,China,,,80659.0,61.9895859343217,2004,2004-08-10,2004-08-10
2004-0410-SDN,Epidemic,Sudan,,,,61.9895859343217,2004,2004-05-22,2004-09-17
2004-0411-TCD,Epidemic,Chad,,,,61.9895859343217,2004,2004-07-17,2004-09-17
2004-0412-CHN,Storm,China,,,3532851.0,61.9895859343217,2004,2004-08-06,2004-08-12
2004-0413-NGA,Flood,Nigeria,,,,61.9895859343217,2004,2004-08-08,2004-08-12
2004-0415-CUB,Storm,Cuba,,,1613174.0,61.9895859343217,2004,2004-08-14,2004-08-14
2004-0415-CYM,Storm,Cayman Islands,,,8066.0,61.9895859343217,2004,2004-08-13,2004-08-13
2004-0415-JAM,Storm,Jamaica,,,483952.0,61.9895859343217,2004,2004-08-13,2004-08-13
2004-0415-USA,Storm,United States of America,,12260124.0,25810787.0,61.9895859343217,2004,2004-08-13,2004-08-13
2004-0423-GBR,Flood,United Kingdom of Great Britain and Northern Ireland,,,154865.0,61.9895859343217,2004,2004-08-16,2004-08-17
2004-0424-TUR,Flood,Türkiye,,,,61.9895859343217,2004,2004-08-16,2004-08-17
2004-0426-COL,Earthquake,Colombia,,,,61.9895859343217,2004,2004-08-18,2004-08-18
2004-0427-FRA,Storm,France,,,,61.9895859343217,2004,2004-08-17,2004-08-18
2004-0428-JPN,Storm,Japan,,,806587.0,61.9895859343217,2004,2004-08-17,2004-08-20
2004-0428-KOR,Storm,Republic of Korea,,,1613.0,61.9895859343217,2004,2004-08-15,2004-08-17
2004-0432-AUS,Infestation,Australia,,,,61.9895859343217,2004,,
2004-0434-NGA,Flood,Nigeria,,,,61.9895859343217,2004,2004-08-21,2004-08-23
2004-0435-CHN,Storm,China,,,8066.0,61.9895859343217,2004,2004-08-20,2004-08-23
2004-0435-JPN,Storm,Japan,,,807.0,61.9895859343217,2004,2004-08-23,2004-08-23
2004-0435-PHL,Storm,Philippines,,,,61.9895859343217,2004,2004-08-25,2004-08-26
2004-0435-TWN,Storm,Taiwan (Province of China),,,8066.0,61.9895859343217,2004,2004-08-24,2004-08-25
2004-0436-AFG,Earthquake,Afghanistan,,,,61.9895859343217,2004,2004-07-18,2004-07-18
2004-0437-GIN,Epidemic,Guinea,,,,61.9895859343217,2004,,
2004-0437-SLE,Epidemic,Sierra Leone,,,,61.9895859343217,2004,2004-08-02,2004-08-30
2004-0441-THA,Flood,Thailand,,,,61.9895859343217,2004,2004-08-06,2004-08-30
2004-0444-ROU,Flood,Romania,,,,61.9895859343217,2004,2004-08-27,2004-08-27
2004-0445-GUM,Storm,Guam,,,1613.0,61.9895859343217,2004,2004-08-30,2004-09-01
2004-0445-JPN,Storm,Japan,,1935809.0,3226348.0,61.9895859343217,2004,2004-08-30,2004-08-31
2004-0446-USA,Wildfire,United States of America,,,,61.9895859343217,2004,2004-08-13,2004-08-14
2004-0447-SLE,Flood,Sierra Leone,,,,61.9895859343217,2004,,
2004-0448-USA,Storm,United States of America,,100823.0,100823.0,61.9895859343217,2004,2004-08-29,2004-08-30
2004-0454-RUS,Flood,Russian Federation,,,8005.0,61.9895859343217,2004,2004-08-31,2004-09-01
2004-0455-BHS,Storm,Bahamas,,371030.0,1613174.0,61.9895859343217,2004,2004-09-02,2004-09-03
2004-0455-DOM,Storm,Dominican Republic,,,,61.9895859343217,2004,2004-09-02,2004-09-02
2004-0455-PRI,Storm,Puerto Rico,,,,61.9895859343217,2004,2004-08-31,2004-08-31
2004-0455-TCA,Storm,Turks and Caicos Islands,,,,61.9895859343217,2004,2004-09-01,2004-09-01
2004-0455-USA,Storm,United States of America,,8065871.0,17744916.0,61.9895859343217,2004,2004-09-05,2004-09-05
2004-0457-CHN,Flood,China,,,759805.0,61.9895859343217,2004,2004-09-02,2004-09-07
2004-0459-JPN,Storm,Japan,,7581919.0,14518568.0,61.9895859343217,2004,2004-09-03,2004-09-04
2004-0459-KOR,Storm,Republic of Korea,,,403294.0,61.9895859343217,2004,2004-09-06,2004-09-09
2004-0459-RUS,Storm,Russian Federation,,,,61.9895859343217,2004,2004-09-10,2004-09-10
2004-0462-BHS,Storm,Bahamas,,,,61.9895859343217,2004,2004-08-25,2004-09-08
2004-0462-BRB,Storm,Barbados,,,8066.0,61.9895859343217,2004,2004-09-08,2004-09-08
2004-0462-CUB,Storm,Cuba,,,322635.0,61.9895859343217,2004,2004-09-13,2004-09-14
2004-0462-CYM,Storm,Cayman Islands,,2419761.0,5533317.0,61.9895859343217,2004,2004-09-12,2004-09-12
2004-0462-DOM,Storm,Dominican Republic,,,1613.0,61.9895859343217,2004,2004-09-09,2004-09-09
2004-0462-GRD,Storm,Grenada,,,1434112.0,61.9895859343217,2004,2004-09-08,2004-09-08
2004-0462-HTI,Storm,Haiti,,,1613.0,61.9895859343217,2004,2004-09-13,2004-09-13
2004-0462-JAM,Storm,Jamaica,,322635.0,959839.0,61.9895859343217,2004,2004-09-11,2004-09-11
2004-0462-LCA,Storm,Saint Lucia,,,807.0,61.9895859343217,2004,2004-09-08,2004-09-08
2004-0462-TTO,Storm,Trinidad and Tobago,,,1613.0,61.9895859343217,2004,2004-09-09,2004-09-09
2004-0462-USA,Storm,United States of America,,19358090.0,29037135.0,61.9895859343217,2004,2004-09-15,2004-09-16
2004-0462-VCT,Storm,Saint Vincent and the Grenadines,,,8066.0,61.9895859343217,2004,2004-09-08,2004-09-08
2004-0462-VEN,Storm,Venezuela (Bolivarian Republic of),,,,61.9895859343217,2004,2004-09-08,2004-09-08
2004-0463-IDN,Volcanic activity,Indonesia,,,,61.9895859343217,2004,2004-09-04,2004-09-04
2004-0468-TWN,Storm,Taiwan (Province of China),,,4372.0,61.9895859343217,2004,2004-09-12,2004-09-14
2004-0470-BGD,Flood,Bangladesh,,,,61.9895859343217,2004,2004-09-11,2004-09-18
2004-0472-VNM,Mass movement (wet),Viet Nam,,,,61.9895859343217,2004,2004-09-13,2004-09-13
2004-0473-BHS,Storm,Bahamas,,,887246.0,61.9895859343217,2004,2004-09-25,2004-09-25
2004-0473-DOM,Storm,Dominican Republic,,,477500.0,61.9895859343217,2004,2004-09-16,2004-09-17
2004-0473-HTI,Storm,Haiti,,,80659.0,61.9895859343217,2004,2004-09-17,2004-09-18
2004-0473-PRI,Storm,Puerto Rico,,48395.0,161317.0,61.9895859343217,2004,2004-09-14,2004-09-14
2004-0473-USA,Storm,United States of America,,7904554.0,12905394.0,61.9895859343217,2004,2004-09-25,2004-09-26
2004-0473-VIR,Storm,United States Virgin Islands,,,,61.9895859343217,2004,2004-09-15,2004-09-15
2004-0476-PAN,Flood,Panama,,,,61.9895859343217,2004,2004-09-17,2004-09-19
2004-0489-IND,Flood,India,,,,61.9895859343217,2004,2004-09-20,2004-09-22
2004-0492-JPN,Storm,Japan,,,1193749.0,61.9895859343217,2004,2004-09-23,2004-09-25
2004-0494-GNB,Flood,Guinea-Bissau,,,,61.9895859343217,2004,2004-09-27,2004-09-28
2004-0499-SOM,Flood,Somalia,,,,61.9895859343217,2004,2004-09-28,2004-09-30
2004-0500-KOR,Flood,Republic of Korea,,,1689.0,61.9895859343217,2004,2004-09-11,2004-09-12
2004-0500-PRK,Flood,Democratic People's Republic of Korea,,,,61.9895859343217,2004,2004-09-11,2004-09-13
2004-0501-THA,Flood,Thailand,,,,61.9895859343217,2004,2004-09-15,2004-09-15
2004-0502-USA,Storm,United States of America,,,3388.0,61.9895859343217,2004,2004-09-08,2004-09-08
2004-0509-BGD,Flood,Bangladesh,,,,61.9895859343217,2004,2004-10-07,2004-10-18
2004-0509-IND,Flood,India,,,,61.9895859343217,2004,2004-10-07,2004-10-18
2004-0511-JPN,Storm,Japan,,388775.0,972744.0,61.9895859343217,2004,2004-10-03,2004-10-08
2004-0520-COL,Flood,Colombia,,,,61.9895859343217,2004,2004-10-11,2004-10-26
2004-0522-CHN,Earthquake,China,,,,61.9895859343217,2004,2004-10-18,2004-10-18
2004-0524-JPN,Storm,Japan,,1774492.0,3710301.0,61.9895859343217,2004,2004-10-15,2004-10-19
2004-0532-JPN,Earthquake,Japan,,1226012.0,45168877.0,61.9895859343217,2004,2004-10-23,2004-10-23
2004-0534-PAN,Flood,Panama,,,,61.9895859343217,2004,2004-10-23,2004-10-23
2004-0535-TWN,Storm,Taiwan (Province of China),,,,61.9895859343217,2004,2004-10-22,2004-10-25
2004-0537-AUS,Flood,Australia,,,8872.0,61.9895859343217,2004,2004-10-19,2004-10-22
2004-0540-UGA,Flood,Uganda,,,,61.9895859343217,2004,,
2004-0541-CAF,Flood,Central African Republic,,,,61.9895859343217,2004,2004-10-24,2004-11-02
2004-0546-SEN,Epidemic,Senegal,,,,61.9895859343217,2004,2004-10-05,
2004-0547-THA,Mass movement (wet),Thailand,,,,61.9895859343217,2004,2004-10-18,2004-10-18
2004-0556-CRI,Flood,Costa Rica,,,,61.9895859343217,2004,,
2004-0562-IDN,Earthquake,Indonesia,,,,61.9895859343217,2004,2004-11-11,2004-11-11
2004-0563-JPN,Flood,Japan,,,,61.9895859343217,2004,2004-11-11,2004-11-12
2004-0567-DZA,Flood,Algeria,,,,61.9895859343217,2004,2004-11-13,2004-11-14
2004-0568-ITA,Storm,Italy,,,,61.9895859343217,2004,2004-11-13,2004-11-14
2004-0570-UGA,Epidemic,Uganda,,,,61.9895859343217,2004,2004-11-01,2004-11-01
2004-0571-CHN,Earthquake,China,,,,61.9895859343217,2004,2004-09-07,2004-09-07
2004-0572-USA,Flood,United States of America,,,1613.0,61.9895859343217,2004,2004-10-30,2004-10-30
2004-0575-COL,Earthquake,Colombia,,,,61.9895859343217,2004,2004-11-15,2004-11-15
2004-0578-NGA,Epidemic,Nigeria,,,,61.9895859343217,2004,2004-10-15,2004-11-23
2004-0580-PHL,Storm,Philippines,,,9679.0,61.9895859343217,2004,2004-11-14,2004-11-21
2004-0580-VNM,Storm,Viet Nam,,,37103.0,61.9895859343217,2004,2004-11-26,2004-11-26
2004-0582-DMA,Earthquake,Dominica,,,,61.9895859343217,2004,2004-11-21,2004-11-21
2004-0582-GLP,Earthquake,Guadeloupe,,,,61.9895859343217,2004,2004-11-21,2004-11-21
2004-0584-SVK,Storm,Slovakia,,,618330.0,61.9895859343217,2004,2004-11-19,2004-11-19
2004-0588-TTO,Mass movement (wet),Trinidad and Tobago,,,,61.9895859343217,2004,2004-11-12,2004-11-12
2004-0589-AUS,Storm,Australia,,,16132.0,61.9895859343217,2004,2004-11-07,2004-11-07
2004-0590-MYS,Storm,Malaysia,,,,61.9895859343217,2004,2004-11-06,2004-11-06
2004-0591-UGA,Flood,Uganda,,,,61.9895859343217,2004,2004-11-08,2004-11-10
2004-0596-IRL,Storm,Ireland,,,,61.9895859343217,2004,2004-10-27,2004-10-31
2004-0599-CRI,Earthquake,Costa Rica,,,,61.9895859343217,2004,2004-11-20,2004-11-20
2004-0600-TUR,Storm,Türkiye,,,,61.9895859343217,2004,2004-11-21,2004-11-22
2004-0601-MEX,Extreme temperature,Mexico,,,,61.9895859343217,2004,,
2004-0602-PHL,Storm,Philippines,,,,61.9895859343217,2004,2004-11-23,2004-11-28
2004-0604-COD,Epidemic,Democratic Republic of the Congo,,,,61.9895859343217,2004,2004-09-27,2005-01-11
2004-0607-IDN,Earthquake,Indonesia,,,88725.0,61.9895859343217,2004,2004-11-26,2004-11-26
2004-0609-PHL,Storm,Philippines,,,126150.0,61.9895859343217,2004,2004-11-29,2004-11-30
2004-0610-PNG,Volcanic activity,Papua New Guinea,,,,61.9895859343217,2004,,
2004-0615-PAN,Flood,Panama,,,,61.9895859343217,2004,2004-11-23,2004-11-26
2004-0617-NGA,Epidemic,Nigeria,,,,61.9895859343217,2004,2004-09-16,2004-11-18
2004-0618-PHL,Storm,Philippines,,,54848.0,61.9895859343217,2004,2004-11-30,2004-12-03
2004-0618-TWN,Storm,Taiwan (Province of China),,,,61.9895859343217,2004,2004-12-04,2004-12-04
2004-0619-CHN,Mass movement (dry),China,,,,61.9895859343217,2004,2004-12-03,2004-12-03
2004-0620-DZA,Earthquake,Algeria,,,,61.9895859343217,2004,2004-12-01,2004-12-01
2004-0624-ARG,Flood,Argentina,,,,61.9895859343217,2004,2004-12-06,2004-12-10
2004-0626-IRN,Flood,Iran (Islamic Republic of),,,,61.9895859343217,2004,2004-12-09,2004-12-28
2004-0633-ALB,Flood,Albania,,,279.0,61.9895859343217,2004,2004-12-04,2004-12-08
2004-0634-PHL,Mass movement (wet),Philippines,,,,61.9895859343217,2004,2004-12-13,2004-12-13
2004-0635-MYS,Flood,Malaysia,,,16132.0,61.9895859343217,2004,2004-12-10,2004-12-18
2004-0635-THA,Flood,Thailand,,,282305.0,61.9895859343217,2004,2004-12-10,2004-12-18
2004-0652-LKA,Flood,Sri Lanka,,,,61.9895859343217,2004,2004-12-11,2004-12-23
2004-0659-BGD,Earthquake,Bangladesh,,,806587.0,61.9895859343217,2004,2004-12-26,2004-12-26
2004-0659-IDN,Earthquake,Indonesia,,362964.0,7181206.0,61.9895859343217,2004,2004-12-26,2004-12-26
2004-0659-IND,Earthquake,India,,8066.0,1649955.0,61.9895859343217,2004,2004-12-26,2004-12-26
2004-0659-KEN,Earthquake,Kenya,,,161317.0,61.9895859343217,2004,2004-12-26,2004-12-26
2004-0659-LKA,Earthquake,Sri Lanka,,,2123744.0,61.9895859343217,2004,2004-12-26,2004-12-26
2004-0659-MDV,Earthquake,Maldives,,,758353.0,61.9895859343217,2004,2004-12-26,2004-12-26
2004-0659-MMR,Earthquake,Myanmar,,,806587.0,61.9895859343217,2004,2004-12-26,2004-12-26
2004-0659-MYS,Earthquake,Malaysia,,,806587.0,61.9895859343217,2004,2004-12-26,2004-12-26
2004-0659-SOM,Earthquake,Somalia,,,161317.0,61.9895859343217,2004,2004-12-26,2004-12-26
2004-0659-SYC,Earthquake,Seychelles,,,48395.0,61.9895859343217,2004,2004-12-26,2004-12-26
2004-0659-THA,Earthquake,Thailand,,403294.0,1613174.0,61.9895859343217,2004,2004-12-26,2004-12-26
2004-0659-TZA,Earthquake,United Republic of Tanzania,,,,61.9895859343217,2004,2004-12-26,2004-12-26
2004-0661-AGO,Flood,Angola,,,,61.9895859343217,2004,2004-12-18,2004-12-19
2004-0662-AUS,Flood,Australia,,,24198.0,61.9895859343217,2004,2004-12-08,2004-12-22
2004-0668-GAB,Epidemic,Gabon,,,,61.9895859343217,2004,,
2004-0669-DEU,Earthquake,Germany,,12905.0,19358.0,61.9895859343217,2004,2004-12-05,2004-12-05
2004-0670-SVN,Earthquake,Slovenia,,1613.0,16132.0,61.9895859343217,2004,2004-07-12,2004-07-12
2004-0671-BDI,Earthquake,Burundi,,,,61.9895859343217,2004,2004-02-24,2004-02-24
2004-0673-PHL,Epidemic,Philippines,,,,61.9895859343217,2004,2004-10-01,2005-01-28
2004-0674-AUS,Storm,Australia,,48395.0,80659.0,61.9895859343217,2004,2004-01-24,2004-01-31
2004-0675-USA,Flood,United States of America,,596874.0,806587.0,61.9895859343217,2004,2004-07-12,2004-07-14
2004-0676-VEN,Flood,Venezuela (Bolivarian Republic of),,,,61.9895859343217,2004,2004-11-17,2004-11-25
2004-0677-CHN,Storm,China,,,6453.0,61.9895859343217,2004,2004-05-08,2004-05-08
2004-0678-BGD,Storm,Bangladesh,,,,61.9895859343217,2004,2004-05-13,2004-05-13
2004-0679-BGD,Storm,Bangladesh,,,,61.9895859343217,2004,2004-07-17,2004-07-17
2004-0680-CHN,Earthquake,China,,,,61.9895859343217,2004,2004-05-04,2004-05-04
2004-0702-GNQ,Epidemic,Equatorial Guinea,,,,61.9895859343217,2004,2004-12-13,2005-03-14
2004-0703-COD,Epidemic,Democratic Republic of the Congo,,,,61.9895859343217,2004,2004-12-15,2005-03-15
2004-0711-EGY,Epidemic,Egypt,,,,61.9895859343217,2004,2004-06-10,2004-07-31
2004-0725-PAK,Epidemic,Pakistan,,,,61.9895859343217,2004,2004-10-16,2004-10-16
2004-0730-DEU,Storm,Germany,,161317.0,209713.0,61.9895859343217,2004,2004-01-12,2004-01-13
2004-0731-USA,Storm,United States of America,,322635.0,,61.9895859343217,2004,2004-03-20,2004-03-21
2004-0734-IND,Flood,India,,,445236.0,61.9895859343217,2004,2004-08-01,2004-09-08
2004-0734-PAK,Flood,Pakistan,,,,61.9895859343217,2004,2004-08-01,2004-09-08
2004-0735-KHM,Flood,Cambodia,,,,61.9895859343217,2004,2004-08-24,2004-10-21
2004-0735-VNM,Flood,Viet Nam,,,,61.9895859343217,2004,2004-08-24,2004-10-21
2004-0736-GNB,Epidemic,Guinea-Bissau,,,,61.9895859343217,2004,,2004-11-19
2004-0737-AGO,Epidemic,Angola,,,,61.9895859343217,2004,2004-10-13,2005-09-06
2004-0738-GIN,Wildfire,Guinea,,,,61.9895859343217,2004,2004-01-10,2004-01-10
2004-0740-USA,Extreme temperature,United States of America,,725928.0,,61.9895859343217,2004,2004-01-09,2004-01-12
2004-0741-GRC,Storm,Greece,,,548479.0,61.9895859343217,2004,2004-02-13,2004-02-16
2004-9017-ZAF,Drought,South Africa,,,,61.9895859343217,2004,,
2004-9063-PER,Drought,Peru,,,,61.9895859343217,2004,,
2004-9085-SOM,Drought,Somalia,,,,61.9895859343217,2004,,
2004-9288-KEN,Drought,Kenya,,,,61.9895859343217,2004,,
2004-9332-CUB,Drought,Cuba,,,5064.0,61.9895859343217,2004,,
2004-9363-HND,Drought,Honduras,,,,61.9895859343217,2004,,
2004-9480-AGO,Drought,Angola,,,,61.9895859343217,2004,,
2004-9576-BOL,Drought,Bolivia (Plurinational State of),,,,61.9895859343217,2004,,
2004-9577-TZA,Drought,United Republic of Tanzania,,,,61.9895859343217,2004,,
2004-9704-PRT,Drought,Portugal,,,2158646.0,61.9895859343217,2004,,
2004-9705-BRA,Drought,Brazil,,,2661737.0,61.9895859343217,2004,,
2005-0003-BRA,Storm,Brazil,,,,64.0927402574269,2005,2005-01-03,2005-01-03
2005-0011-DEU,Storm,Germany,,312048.0,421265.0,64.0927402574269,2005,2005-01-08,2005-01-08
2005-0011-DNK,Storm,Denmark,,1404215.0,2028311.0,64.0927402574269,2005,2005-01-07,2005-01-09
2005-0011-EST,Storm,Estonia,,40566.0,202831.0,64.0927402574269,2005,2005-01-07,2005-01-08
2005-0011-GBR,Storm,United Kingdom of Great Britain and Northern Ireland,,780120.0,1014155.0,64.0927402574269,2005,2005-01-07,2005-01-08
2005-0011-IRL,Storm,Ireland,,,,64.0927402574269,2005,2005-01-07,2005-01-08
2005-0011-LTU,Storm,Lithuania,,9361.0,46807.0,64.0927402574269,2005,2005-01-08,2005-01-09
2005-0011-LVA,Storm,Latvia,,62410.0,507078.0,64.0927402574269,2005,2005-01-08,2005-01-09
2005-0011-NLD,Storm,Netherlands (Kingdom of the),,,,64.0927402574269,2005,2005-01-08,2005-01-08
2005-0011-NOR,Storm,Norway,,62410.0,202831.0,64.0927402574269,2005,2005-01-13,2005-01-13
2005-0011-POL,Storm,Poland,,,,64.0927402574269,2005,2005-01-07,2005-01-08
2005-0011-RUS,Storm,Russian Federation,,,,64.0927402574269,2005,2005-01-07,2005-01-08
2005-0011-SWE,Storm,Sweden,,1014155.0,4368670.0,64.0927402574269,2005,2005-01-07,2005-01-09
2005-0014-AUS,Wildfire,Australia,,31205.0,62410.0,64.0927402574269,2005,2005-01-04,2005-01-26
2005-0015-USA,Flood,United States of America,,312048.0,312048.0,64.0927402574269,2005,2005-01-07,2005-01-11
2005-0016-IRN,Earthquake,Iran (Islamic Republic of),,,,64.0927402574269,2005,2005-01-10,2005-01-10
2005-0021-CRI,Flood,Costa Rica,,,39006.0,64.0927402574269,2005,2005-01-11,2005-01-18
2005-0021-PAN,Flood,Panama,,,10922.0,64.0927402574269,2005,2005-01-11,2005-01-18
2005-0021-VEN,Flood,Venezuela (Bolivarian Republic of),,,1560.0,64.0927402574269,2005,2005-01-08,2005-01-20
2005-0025-RUS,Mass movement (wet),Russian Federation,,,,64.0927402574269,2005,2005-01-11,2005-01-11
2005-0028-SAU,Flood,Saudi Arabia,,,,64.0927402574269,2005,2005-01-22,2005-01-27
2005-0029-USA,Storm,United States of America,,312048.0,546084.0,64.0927402574269,2005,2005-01-22,2005-01-24
2005-0031-IDN,Earthquake,Indonesia,,,,64.0927402574269,2005,2005-01-23,2005-01-23
2005-0042-GUY,Flood,Guyana,,,725667.0,64.0927402574269,2005,2005-01-15,2005-02-25
2005-0044-AFG,Storm,Afghanistan,,,7801.0,64.0927402574269,2005,,
2005-0044-PAK,Storm,Pakistan,,,,64.0927402574269,2005,,
2005-0045-ALB,Storm,Albania,,,,64.0927402574269,2005,2005-01-23,2005-02-28
2005-0045-BGR,Storm,Bulgaria,,,,64.0927402574269,2005,,
2005-0045-BIH,Storm,Bosnia and Herzegovina,,,,64.0927402574269,2005,,
2005-0045-CZE,Storm,Czechia,,,,64.0927402574269,2005,,
2005-0045-HRV,Storm,Croatia,,,,64.0927402574269,2005,,
2005-0045-HUN,Storm,Hungary,,,,64.0927402574269,2005,,
2005-0045-MKD,Storm,North Macedonia,,,,64.0927402574269,2005,,
2005-0045-POL,Storm,Poland,,,,64.0927402574269,2005,,
2005-0045-ROU,Storm,Romania,,,,64.0927402574269,2005,,
2005-0045-RUS,Storm,Russian Federation,,,,64.0927402574269,2005,,
2005-0045-SCG,Storm,Serbia Montenegro,,,,64.0927402574269,2005,,
2005-0045-TUR,Storm,Türkiye,,,,64.0927402574269,2005,2005-01-01,2005-04-01
2005-0048-MDG,Storm,Madagascar,,,,64.0927402574269,2005,2005-01-22,2005-01-23
2005-0050-CMR,Epidemic,Cameroon,,,,64.0927402574269,2005,2005-01-03,
2005-0054-BRA,Flood,Brazil,,,,64.0927402574269,2005,2005-01-29,2005-02-11
2005-0055-ARG,Storm,Argentina,,,,64.0927402574269,2005,2005-01-30,2005-01-30
2005-0057-BDI,Flood,Burundi,,,,64.0927402574269,2005,2005-02-02,2005-02-02
2005-0058-COD,Epidemic,Democratic Republic of the Congo,,,,64.0927402574269,2005,2005-01-17,2005-01-30
2005-0061-TLS,Epidemic,Timor-Leste,,,,64.0927402574269,2005,2005-01-05,2005-02-28
2005-0063-TJK,Mass movement (wet),Tajikistan,,,,64.0927402574269,2005,2005-02-03,2005-02-03
2005-0065-NGA,Flood,Nigeria,,,,64.0927402574269,2005,2005-02-06,2005-02-06
2005-0068-AUS,Storm,Australia,,,42126.0,64.0927402574269,2005,2005-01-21,2005-01-21
2005-0069-LVA,Storm,Latvia,,,,64.0927402574269,2005,2005-01-09,2005-01-09
2005-0070-TUR,Earthquake,Türkiye,,,,64.0927402574269,2005,2005-01-25,2005-01-25
2005-0073-VEN,Flood,Venezuela (Bolivarian Republic of),,,78012.0,64.0927402574269,2005,2005-02-07,2005-02-14
2005-0075-MOZ,Flood,Mozambique,,,,64.0927402574269,2005,2005-01-25,2005-02-09
2005-0078-DZA,Storm,Algeria,,,,64.0927402574269,2005,,
2005-0079-PAK,Flood,Pakistan,,,46807.0,64.0927402574269,2005,2005-02-09,2005-02-16
2005-0082-SDN,Epidemic,Sudan,,,,64.0927402574269,2005,2005-01-22,2005-02-02
2005-0083-COL,Flood,Colombia,,,15602.0,64.0927402574269,2005,2005-02-11,2005-02-26
2005-0084-IRN,Storm,Iran (Islamic Republic of),,,,64.0927402574269,2005,2005-02-13,2005-02-13
2005-0089-IDN,Mass movement (wet),Indonesia,,,7801.0,64.0927402574269,2005,2005-02-21,2005-02-21
2005-0090-IND,Mass movement (wet),India,,,78012.0,64.0927402574269,2005,2005-02-15,2005-02-21
2005-0092-IRN,Earthquake,Iran (Islamic Republic of),,,124819.0,64.0927402574269,2005,2005-02-22,2005-02-22
2005-0095-DZA,Flood,Algeria,,,,64.0927402574269,2005,2005-03-06,2005-03-09
2005-0097-MDG,Flood,Madagascar,,,,64.0927402574269,2005,2005-03-02,2005-03-15
2005-0101-AFG,Flood,Afghanistan,,,,64.0927402574269,2005,2005-03-05,2005-04-05
2005-0102-COK,Storm,Cook Islands,,,,64.0927402574269,2005,2005-02-28,2005-02-28
2005-0102-TKL,Storm,Tokelau,,,,64.0927402574269,2005,2005-02-28,2005-02-28
2005-0103-USA,Flood,United States of America,,312048.0,390060.0,64.0927402574269,2005,2005-02-17,2005-02-23
2005-0105-NGA,Epidemic,Nigeria,,,,64.0927402574269,2005,2005-02-03,2005-03-16
2005-0113-IRN,Flood,Iran (Islamic Republic of),,,,64.0927402574269,2005,2005-03-11,2005-03-12
2005-0116-KAZ,Flood,Kazakhstan,,,11955.0,64.0927402574269,2005,2005-02-24,2005-03-23
2005-0116-UZB,Flood,Uzbekistan,,,,64.0927402574269,2005,2005-02-24,2005-03-13
2005-0119-TUR,Mass movement (wet),Türkiye,,,,64.0927402574269,2005,2005-03-17,2005-03-17
2005-0120-PHL,Storm,Philippines,,,,64.0927402574269,2005,2005-03-15,2005-03-17
2005-0123-CHN,Storm,China,,,468072.0,64.0927402574269,2005,2005-03-03,2005-03-12
2005-0126-TUR,Earthquake,Türkiye,,,,64.0927402574269,2005,2005-03-14,2005-03-14
2005-0129-JPN,Earthquake,Japan,,187229.0,624096.0,64.0927402574269,2005,2005-03-20,2005-03-20
2005-0130-BGD,Storm,Bangladesh,,,,64.0927402574269,2005,2005-03-20,2005-03-23
2005-0131-CZE,Flood,Czechia,,,,64.0927402574269,2005,2005-03-17,2005-03-25
2005-0131-HUN,Flood,Hungary,,,,64.0927402574269,2005,2005-03-17,2005-03-25
2005-0131-POL,Flood,Poland,,,,64.0927402574269,2005,2005-03-17,2005-03-26
2005-0131-ROU,Flood,Romania,,,,64.0927402574269,2005,2005-03-17,2005-03-25
2005-0131-SVK,Flood,Slovakia,,,,64.0927402574269,2005,2005-03-17,2005-03-25
2005-0132-ZAF,Earthquake,South Africa,,15602.0,31205.0,64.0927402574269,2005,2005-03-09,2005-03-09
2005-0134-NGA,Epidemic,Nigeria,,,,64.0927402574269,2005,2005-02-28,2005-03-23
2005-0137-AGO,Flood,Angola,,,,64.0927402574269,2005,2005-01-27,2005-03-28
2005-0138-CIV,Epidemic,Côte d’Ivoire,,,,64.0927402574269,2005,,
2005-0139-COM,Epidemic,Comoros,,,,64.0927402574269,2005,2005-03-12,2005-03-12
2005-0143-COD,Storm,Democratic Republic of the Congo,,,,64.0927402574269,2005,2005-02-08,2005-02-08
2005-0144-NZL,Storm,New Zealand,,,15602.0,64.0927402574269,2005,2005-03-10,2005-03-10
2005-0145-CHN,Storm,China,,,,64.0927402574269,2005,2005-02-28,2005-02-28
2005-0146-UKR,Flood,Ukraine,,,,64.0927402574269,2005,2005-02-28,2005-02-28
2005-0151-ASM,Storm,American Samoa,,,,64.0927402574269,2005,2005-02-16,2005-02-16
2005-0151-WSM,Storm,Samoa,,,,64.0927402574269,2005,2005-02-16,2005-02-16
2005-0156-SWZ,Storm,Eswatini,,,,64.0927402574269,2005,2005-01-23,2005-01-23
2005-0160-IDN,Earthquake,Indonesia,,,,64.0927402574269,2005,2005-03-28,2005-03-28
2005-0165-MDG,Flood,Madagascar,,,,64.0927402574269,2005,2005-03-24,2005-03-26
2005-0169-AFG,Flood,Afghanistan,,,,64.0927402574269,2005,2005-03-05,2005-03-25
2005-0170-PAK,Flood,Pakistan,,,,64.0927402574269,2005,2005-03-02,2005-03-08
2005-0176-SEN,Epidemic,Senegal,,,,64.0927402574269,2005,2005-01-01,2005-09-23
2005-0180-KOR,Wildfire,Republic of Korea,,,,64.0927402574269,2005,2005-04-04,2005-04-06
2005-0186-COD,Epidemic,Democratic Republic of the Congo,,,,64.0927402574269,2005,2005-01-01,2005-05-08
2005-0188-CHN,Storm,China,,,26391.0,64.0927402574269,2005,2005-04-08,2005-04-08
2005-0190-BGD,Storm,Bangladesh,,,,64.0927402574269,2005,2005-03-31,2005-03-31
2005-0191-IND,Storm,India,,,,64.0927402574269,2005,2005-03-23,2005-03-24
2005-0192-PAK,Flood,Pakistan,,,,64.0927402574269,2005,2005-03-20,2005-03-24
2005-0195-ETH,Epidemic,Ethiopia,,,,64.0927402574269,2005,,
2005-0196-COL,Flood,Colombia,,,,64.0927402574269,2005,2005-04-12,2005-05-07
2005-0202-IDN,Volcanic activity,Indonesia,,,,64.0927402574269,2005,2005-04-12,2005-04-12
2005-0203-USA,Flood,United States of America,,,46807.0,64.0927402574269,2005,2005-04-01,2005-04-06
2005-0205-COM,Volcanic activity,Comoros,,,,64.0927402574269,2005,2005-04-16,2005-04-16
2005-0211-JPN,Earthquake,Japan,,,,64.0927402574269,2005,2005-04-19,2005-04-19
2005-0212-TZA,Flood,United Republic of Tanzania,,,,64.0927402574269,2005,2005-04-16,2005-04-18
2005-0214-ROU,Flood,Romania,,,312048.0,64.0927402574269,2005,2005-04-21,2005-05-15
2005-0214-SCG,Flood,Serbia Montenegro,,,,64.0927402574269,2005,2005-04-20,2005-04-20
2005-0215-ETH,Flood,Ethiopia,,,7801.0,64.0927402574269,2005,2005-04-23,2005-04-26
2005-0215-KEN,Flood,Kenya,,,780.0,64.0927402574269,2005,2005-04-23,2005-04-26
2005-0215-SOM,Flood,Somalia,,,31.0,64.0927402574269,2005,2005-04-23,2005-06-14
2005-0219-USA,Storm,United States of America,,,546084.0,64.0927402574269,2005,2005-04-06,2005-04-08
2005-0220-TCD,Epidemic,Chad,,,,64.0927402574269,2005,2005-01-03,2005-05-15
2005-0221-NGA,Epidemic,Nigeria,,,,64.0927402574269,2005,2005-04-11,2005-04-20
2005-0222-YEM,Flood,Yemen,,,,64.0927402574269,2005,2005-04-25,2005-04-27
2005-0223-IDN,Flood,Indonesia,,,,64.0927402574269,2005,2005-04-26,2005-04-27
2005-0225-GEO,Flood,Georgia,,,,64.0927402574269,2005,2005-04-23,2005-04-28
2005-0228-SAU,Flood,Saudi Arabia,,,,64.0927402574269,2005,2005-04-28,2005-04-28
2005-0229-RUS,Flood,Russian Federation,,,,64.0927402574269,2005,,
2005-0233-RUS,Flood,Russian Federation,,,,64.0927402574269,2005,2005-04-15,2005-04-15
2005-0240-SLV,Earthquake,El Salvador,,,,64.0927402574269,2005,2005-05-05,2005-05-05
2005-0256-CHL,Storm,Chile,,,,64.0927402574269,2005,2005-05-18,2005-05-19
2005-0258-ETH,Flood,Ethiopia,,,1872.0,64.0927402574269,2005,2005-05-20,2005-05-22
2005-0259-BGD,Storm,Bangladesh,,,,64.0927402574269,2005,2005-05-21,2005-05-22
2005-0260-KEN,Flood,Kenya,,,,64.0927402574269,2005,2005-05-18,2005-05-24
2005-0261-BGD,Flood,Bangladesh,,,,64.0927402574269,2005,2005-05-25,2005-05-28
2005-0265-BGR,Flood,Bulgaria,,,15602.0,64.0927402574269,2005,2005-05-26,2005-06-13
2005-0268-IND,Epidemic,India,,,,64.0927402574269,2005,2005-05-18,2005-06-21
2005-0273-BGD,Storm,Bangladesh,,,,64.0927402574269,2005,2005-05-14,2005-05-14
2005-0274-CHN,Storm,China,,,,64.0927402574269,2005,2005-05-13,2005-05-13
2005-0275-DOM,Flood,Dominican Republic,,,,64.0927402574269,2005,2005-05-14,2005-05-14
2005-0276-RUS,Flood,Russian Federation,,,33027.0,64.0927402574269,2005,2005-05-09,2005-05-10
2005-0281-AFG,Flood,Afghanistan,,,,64.0927402574269,2005,2005-05-04,2005-05-08
2005-0282-BGD,Storm,Bangladesh,,,,64.0927402574269,2005,2005-05-06,2005-05-06
2005-0283-MEX,Flood,Mexico,,,,64.0927402574269,2005,2005-05-05,2005-05-05
2005-0284-PHL,Flood,Philippines,,,,64.0927402574269,2005,2005-05-12,2005-05-12
2005-0285-RUS,Flood,Russian Federation,,,3901.0,64.0927402574269,2005,2005-05-11,2005-05-11
2005-0286-USA,Flood,United States of America,,,8316.0,64.0927402574269,2005,2005-05-06,2005-05-08
2005-0288-COG,Epidemic,Congo,,,,64.0927402574269,2005,2005-04-25,2005-06-15
2005-0289-YEM,Epidemic,Yemen,,,,64.0927402574269,2005,2005-02-25,2005-12-06
2005-0290-IND,Storm,India,,,,64.0927402574269,2005,2005-05-01,2005-05-01
2005-0291-IND,Storm,India,,,,64.0927402574269,2005,2005-05-04,2005-05-04
2005-0296-BRA,Flood,Brazil,,,,64.0927402574269,2005,2005-06-01,2005-06-04
2005-0297-MLI,Flood,Mali,,,,64.0927402574269,2005,2005-06-06,2005-06-06
2005-0302-NZL,Flood,New Zealand,,67090.0,112337.0,64.0927402574269,2005,2005-05-18,2005-05-21
2005-0303-THA,Storm,Thailand,,,384.0,64.0927402574269,2005,2005-05-21,2005-05-21
2005-0304-TJK,Flood,Tajikistan,,,,64.0927402574269,2005,2005-06-08,2005-06-10
2005-0305-VEN,Flood,Venezuela (Bolivarian Republic of),,,,64.0927402574269,2005,2005-06-08,2005-06-08
2005-0306-NGA,Epidemic,Nigeria,,,,64.0927402574269,2005,2005-05-16,2005-05-24
2005-0307-CHN,Flood,China,,,70211.0,64.0927402574269,2005,2005-06-10,2005-06-12
2005-0308-PNG,Volcanic activity,Papua New Guinea,,,,64.0927402574269,2005,2005-06-02,2005-06-10
2005-0309-SOM,Flood,Somalia,,,,64.0927402574269,2005,2005-06-04,2005-06-05
2005-0311-CHN,Storm,China,,,,64.0927402574269,2005,2005-06-10,2005-06-10
2005-0312-CHN,Storm,China,,,9361.0,64.0927402574269,2005,2005-05-31,2005-05-31
2005-0313-FIN,Flood,Finland,,,,64.0927402574269,2005,2005-05-25,2005-05-31
2005-0314-IND,Flood,India,,,,64.0927402574269,2005,2005-05-27,2005-05-27
2005-0315-VNM,Flood,Viet Nam,,,,64.0927402574269,2005,2005-05-26,2005-05-26
2005-0319-GTM,Mass movement (wet),Guatemala,,,,64.0927402574269,2005,2005-06-15,2005-06-16
2005-0321-CHL,Earthquake,Chile,,,7801.0,64.0927402574269,2005,2005-06-13,2005-06-13
2005-0321-PER,Earthquake,Peru,,,78.0,64.0927402574269,2005,2005-06-13,2005-06-13
2005-0322-AFG,Flood,Afghanistan,,,,64.0927402574269,2005,2005-06-16,2005-06-17
2005-0323-BGD,Extreme temperature,Bangladesh,,,,64.0927402574269,2005,,
2005-0323-IND,Extreme temperature,India,,,,64.0927402574269,2005,,
2005-0324-DZA,Flood,Algeria,,,11321.0,64.0927402574269,2005,2005-06-18,2005-06-20
2005-0325-UGA,Epidemic,Uganda,,,,64.0927402574269,2005,,2005-05-31
2005-0326-AFG,Epidemic,Afghanistan,,,,64.0927402574269,2005,2005-06-25,2005-09-19
2005-0328-PNG,Earthquake,Papua New Guinea,,,,64.0927402574269,2005,2005-06-04,2005-06-04
2005-0329-TUR,Earthquake,Türkiye,,,,64.0927402574269,2005,2005-06-06,2005-06-06
2005-0334-CHN,Flood,China,,,947065.0,64.0927402574269,2005,2005-06-28,2005-07-10
2005-0335-IND,Flood,India,,243397.0,3588550.0,64.0927402574269,2005,2005-06-28,2005-07-15
2005-0337-ROU,Flood,Romania,,,,64.0927402574269,2005,2005-07-02,2005-07-03
2005-0338-BGR,Flood,Bulgaria,,,385379.0,64.0927402574269,2005,2005-07-02,2005-07-06
2005-0339-CHN,Extreme temperature,China,,,,64.0927402574269,2005,,
2005-0340-TUR,Flood,Türkiye,,,,64.0927402574269,2005,2005-07-04,2005-07-04
2005-0344-CHN,Flood,China,,,3370116.0,64.0927402574269,2005,2005-06-19,2005-06-30
2005-0347-PAK,Extreme temperature,Pakistan,,,,64.0927402574269,2005,2005-06-13,2005-06-28
2005-0348-HND,Flood,Honduras,,,,64.0927402574269,2005,2005-06-24,2005-06-27
2005-0348-SLV,Flood,El Salvador,,,,64.0927402574269,2005,2005-06-24,2005-06-27
2005-0351-CUB,Storm,Cuba,,7801.0,2184335.0,64.0927402574269,2005,2005-07-08,2005-07-09
2005-0351-HTI,Storm,Haiti,,,78012.0,64.0927402574269,2005,2005-07-07,2005-07-07
2005-0351-JAM,Storm,Jamaica,,,46807.0,64.0927402574269,2005,2005-07-07,2005-07-07
2005-0351-USA,Storm,United States of America,,1739667.0,3479333.0,64.0927402574269,2005,2005-07-10,2005-07-10
2005-0354-IND,Flood,India,,,,64.0927402574269,2005,2005-07-09,2005-07-09
2005-0359-KGZ,Flood,Kyrgyzstan,,,4150.0,64.0927402574269,2005,2005-06-10,2005-06-13
2005-0360-AFG,Flood,Afghanistan,,,,64.0927402574269,2005,2005-06-21,2005-08-05
2005-0360-PAK,Flood,Pakistan,,,,64.0927402574269,2005,2005-06-21,2005-08-05
2005-0361-IND,Flood,India,,,35885.0,64.0927402574269,2005,2005-06-26,2005-06-29
2005-0364-AUT,Flood,Austria,,,,64.0927402574269,2005,2005-07-10,2005-07-12
2005-0364-DEU,Flood,Germany,,,,64.0927402574269,2005,2005-07-10,2005-07-13
2005-0365-ROU,Flood,Romania,,,1248191.0,64.0927402574269,2005,2005-07-12,2005-07-28
2005-0367-FRA,Wildfire,France,,,15602.0,64.0927402574269,2005,2005-06-20,2005-08-26
2005-0367-PRT,Wildfire,Portugal,,,2574395.0,64.0927402574269,2005,2005-05-15,2005-07-14
2005-0368-GTM,Mass movement (wet),Guatemala,,,,64.0927402574269,2005,2005-07-12,2005-07-13
2005-0370-TJK,Flood,Tajikistan,,,78012.0,64.0927402574269,2005,2005-07-23,2005-07-23
2005-0371-PRK,Flood,Democratic People's Republic of Korea,,,,64.0927402574269,2005,2005-06-30,2005-07-02
2005-0372-MLI,Epidemic,Mali,,,,64.0927402574269,2005,2005-06-20,2005-12-11
2005-0373-GNB,Epidemic,Guinea-Bissau,,,,64.0927402574269,2005,2005-06-06,2005-11-22
2005-0374-IDN,Epidemic,Indonesia,,,,64.0927402574269,2005,,2006-01-31
2005-0375-BGD,Flood,Bangladesh,,,,64.0927402574269,2005,2005-07-07,2005-07-27
2005-0375-IND,Flood,India,,,,64.0927402574269,2005,2005-07-07,2005-07-28
2005-0375-NPL,Flood,Nepal,,,,64.0927402574269,2005,2005-07-07,2005-07-27
2005-0378-HTI,Flood,Haiti,,,,64.0927402574269,2005,2005-07-14,2005-07-15
2005-0380-ESP,Wildfire,Spain,,,3198490.0,64.0927402574269,2005,2005-07-18,2005-07-18
2005-0381-CHN,Storm,China,,132620.0,1560239.0,64.0927402574269,2005,2005-07-15,2005-07-19
2005-0381-TWN,Storm,Taiwan (Province of China),,39006.0,156024.0,64.0927402574269,2005,2005-07-18,2005-07-18
2005-0382-HTI,Storm,Haiti,,,,64.0927402574269,2005,2005-07-17,2005-07-17
2005-0382-JAM,Storm,Jamaica,,,1560.0,64.0927402574269,2005,2005-07-18,2005-07-18
2005-0382-MEX,Storm,Mexico,,390060.0,624096.0,64.0927402574269,2005,2005-07-18,2005-07-18
2005-0382-TTO,Storm,Trinidad and Tobago,,,,64.0927402574269,2005,2005-07-14,2005-07-14
2005-0382-VCT,Storm,Saint Vincent and the Grenadines,,,,64.0927402574269,2005,2005-07-14,2005-07-14
2005-0383-CAN,Wildfire,Canada,,,,64.0927402574269,2005,,
2005-0391-BGD,Storm,Bangladesh,,,,64.0927402574269,2005,2005-06-30,2005-06-30
2005-0392-KOR,Flood,Republic of Korea,,,,64.0927402574269,2005,2005-08-02,2005-08-04
2005-0393-CHL,Flood,Chile,,,,64.0927402574269,2005,2005-06-26,2005-06-28
2005-0394-JPN,Flood,Japan,,,,64.0927402574269,2005,2005-06-28,2005-06-28
2005-0395-CHN,Storm,China,,,232476.0,64.0927402574269,2005,2005-06-13,2005-06-14
2005-0396-TWN,Flood,Taiwan (Province of China),,,96735.0,64.0927402574269,2005,2005-06-11,2005-06-17
2005-0397-VEN,Flood,Venezuela (Bolivarian Republic of),,,,64.0927402574269,2005,,
2005-0398-IND,Flood,India,,,,64.0927402574269,2005,2005-07-02,2005-07-15
2005-0399-IND,Flood,India,,,,64.0927402574269,2005,2005-07-10,2005-07-10
2005-0404-ZWE,Epidemic,Zimbabwe,,,,64.0927402574269,2005,,
2005-0409-IND,Flood,India,,1316842.0,5195596.0,64.0927402574269,2005,2005-07-24,2005-08-05
2005-0411-CHN,Epidemic,China,,,,64.0927402574269,2005,2005-06-24,2005-08-20
2005-0413-CHN,Storm,China,,,,64.0927402574269,2005,2005-07-30,2005-07-30
2005-0414-IRN,Flood,Iran (Islamic Republic of),,,,64.0927402574269,2005,2005-07-31,2005-08-01
2005-0415-TUR,Flood,Türkiye,,,,64.0927402574269,2005,2005-08-02,2005-08-03
2005-0419-CHN,Storm,China,,132620.0,1326203.0,64.0927402574269,2005,2005-07-30,2005-08-04
2005-0419-KOR,Storm,Republic of Korea,,,780.0,64.0927402574269,2005,2005-08-02,2005-08-07
2005-0419-TWN,Storm,Taiwan (Province of China),,,1560.0,64.0927402574269,2005,2005-07-30,2005-08-08
2005-0423-NGA,Flood,Nigeria,,,229.0,64.0927402574269,2005,2005-08-07,2005-09-16
2005-0425-CAF,Flood,Central African Republic,,,,64.0927402574269,2005,2005-08-08,2005-08-25
2005-0426-IRN,Flood,Iran (Islamic Republic of),,,,64.0927402574269,2005,2005-08-09,2005-08-11
2005-0429-LTU,Flood,Lithuania,,,,64.0927402574269,2005,2005-08-08,2005-08-10
2005-0430-IDN,Wildfire,Indonesia,,,,64.0927402574269,2005,2005-08-09,2005-08-09
2005-0430-MYS,Wildfire,Malaysia,,,,64.0927402574269,2005,2005-08-09,2005-08-09
2005-0430-THA,Wildfire,Thailand,,,,64.0927402574269,2005,,
2005-0435-THA,Flood,Thailand,,,188789.0,64.0927402574269,2005,2005-08-13,2005-08-31
2005-0436-IRN,Flood,Iran (Islamic Republic of),,,,64.0927402574269,2005,2005-08-15,2005-08-15
2005-0443-SLE,Flood,Sierra Leone,,,,64.0927402574269,2005,2005-08-14,2005-08-16
2005-0444-CMR,Flood,Cameroon,,,,64.0927402574269,2005,2005-08-19,2005-08-19
2005-0448-SEN,Flood,Senegal,131.0,,,64.0927402574269,2005,2005-08-20,2005-09-10
2005-0450-MKD,Flood,North Macedonia,,,,64.0927402574269,2005,2005-08-04,2005-08-04
2005-0451-AUT,Flood,Austria,,202831.0,1092167.0,64.0927402574269,2005,2005-08-21,2005-08-26
2005-0451-CHE,Flood,Switzerland,1240390.0,2379365.0,3276502.0,64.0927402574269,2005,2005-08-21,2005-08-26
2005-0451-DEU,Flood,Germany,,78012.0,343253.0,64.0927402574269,2005,2005-08-21,2005-08-26
2005-0456-URY,Storm,Uruguay,,,,64.0927402574269,2005,2005-08-23,2005-08-24
2005-0457-IND,Mass movement (wet),India,,,,64.0927402574269,2005,2005-08-24,2005-08-25
2005-0458-RUS,Flood,Russian Federation,,,,64.0927402574269,2005,2005-08-04,2005-08-04
2005-0460-CAN,Wildfire,Canada,,,,64.0927402574269,2005,,
2005-0464-JPN,Storm,Japan,,,,64.0927402574269,2005,2005-08-25,2005-08-26
2005-0467-USA,Storm,United States of America,,93614347.0,195029889.0,64.0927402574269,2005,2005-08-29,2005-09-19
2005-0468-CHL,Flood,Chile,,,,64.0927402574269,2005,2005-08-26,2005-08-29
2005-0470-MEX,Flood,Mexico,,,,64.0927402574269,2005,2005-08-21,2005-08-30
2005-0471-IND,Flood,India,,,,64.0927402574269,2005,2005-08-26,2005-08-28
2005-0472-ETH,Flood,Ethiopia,,,,64.0927402574269,2005,2005-08-19,2005-09-01
2005-0473-BGR,Flood,Bulgaria,,,312048.0,64.0927402574269,2005,2005-08-14,2005-08-26
2005-0473-HUN,Flood,Hungary,,,74891.0,64.0927402574269,2005,2005-08-14,2005-08-26
2005-0473-ROU,Flood,Romania,,,488355.0,64.0927402574269,2005,2005-08-14,2005-08-25
2005-0473-SVN,Flood,Slovenia,,,7801.0,64.0927402574269,2005,2005-08-19,2005-08-24
2005-0474-CHN,Flood,China,,,,64.0927402574269,2005,2005-08-14,2005-09-05
2005-0475-CHN,Flood,China,,,1424498.0,64.0927402574269,2005,2005-08-13,2005-08-20
2005-0476-VNM,Storm,Viet Nam,,,,64.0927402574269,2005,2005-08-13,2005-08-16
2005-0479-IND,Epidemic,India,,,,64.0927402574269,2005,2005-07-29,2005-09-13
2005-0480-BFA,Epidemic,Burkina Faso,,,,64.0927402574269,2005,2005-08-08,2005-09-04
2005-0481-IND,Epidemic,India,,,,64.0927402574269,2005,2005-08-28,2005-08-30
2005-0483-NER,Epidemic,Niger,,,,64.0927402574269,2005,2005-07-13,2005-10-02
2005-0484-GIN,Epidemic,Guinea,,,,64.0927402574269,2005,2005-04-11,2005-10-30
2005-0485-ETH,Flood,Ethiopia,,,,64.0927402574269,2005,2005-09-01,2005-09-01
2005-0487-IDN,Mass movement (wet),Indonesia,,,,64.0927402574269,2005,2005-09-02,2005-09-02
2005-0491-MRT,Epidemic,Mauritania,,,,64.0927402574269,2005,2005-07-20,2005-10-23
2005-0492-CHN,Storm,China,,,2964454.0,64.0927402574269,2005,2005-09-01,2005-09-01
2005-0492-TWN,Storm,Taiwan (Province of China),,,59289.0,64.0927402574269,2005,2005-09-01,2005-09-01
2005-0497-JPN,Storm,Japan,,858132.0,1560239.0,64.0927402574269,2005,2005-09-02,2005-09-04
2005-0497-KOR,Storm,Republic of Korea,,,7801.0,64.0927402574269,2005,2005-09-08,2005-09-08
2005-0504-IND,Flood,India,,,,64.0927402574269,2005,2005-07-23,2005-08-16
2005-0505-CHN,Flood,China,,,874.0,64.0927402574269,2005,2005-07-21,2005-07-22
2005-0506-MYS,Flood,Malaysia,,,,64.0927402574269,2005,2005-07-17,2005-07-19
2005-0507-LBR,Epidemic,Liberia,,,,64.0927402574269,2005,2005-08-02,2005-08-13
2005-0508-COD,Epidemic,Democratic Republic of the Congo,,,,64.0927402574269,2005,2005-07-29,2005-09-05
2005-0510-CHN,Storm,China,,121699.0,2730418.0,64.0927402574269,2005,2005-09-11,2005-09-13
2005-0511-AFG,Flood,Afghanistan,,,,64.0927402574269,2005,2005-09-11,2005-09-12
2005-0512-BEL,Flood,Belgium,,,,64.0927402574269,2005,2005-09-10,2005-09-11
2005-0516-FRA,Flood,France,,,,64.0927402574269,2005,2005-09-07,2005-09-09
2005-0518-PNG,Flood,Papua New Guinea,,,,64.0927402574269,2005,2005-08-19,2005-08-19
2005-0519-MDA,Flood,Republic of Moldova,,,12095.0,64.0927402574269,2005,2005-08-18,2005-08-19
2005-0523-AUS,Flood,Australia,,90494.0,90494.0,64.0927402574269,2005,2005-06-30,2005-07-03
2005-0524-MEX,Storm,Mexico,,,15602.0,64.0927402574269,2005,2005-06-29,2005-06-30
2005-0526-KEN,Flood,Kenya,,,,64.0927402574269,2005,2005-06-17,2005-06-20
2005-0530-USA,Storm,United States of America,,,,64.0927402574269,2005,2005-08-18,2005-08-18
2005-0533-MMR,Mass movement (wet),Myanmar,,,,64.0927402574269,2005,2005-09-14,2005-09-15
2005-0536-VNM,Storm,Viet Nam,,,31205.0,64.0927402574269,2005,2005-09-18,2005-09-19
2005-0537-BGD,Storm,Bangladesh,,,,64.0927402574269,2005,2005-09-20,2005-09-20
2005-0537-IND,Storm,India,,,,64.0927402574269,2005,2005-09-20,2005-09-20
2005-0538-BOL,Wildfire,Bolivia (Plurinational State of),,,,64.0927402574269,2005,,
2005-0539-IND,Flood,India,,,,64.0927402574269,2005,2005-09-16,2005-09-19
2005-0540-CHN,Storm,China,,,1622649.0,64.0927402574269,2005,2005-09-26,2005-09-26
2005-0540-PHL,Storm,Philippines,,,3120.0,64.0927402574269,2005,2005-09-15,2005-09-22
2005-0540-THA,Storm,Thailand,,,31205.0,64.0927402574269,2005,2005-09-26,2005-09-30
2005-0540-VNM,Storm,Viet Nam,,,342082.0,64.0927402574269,2005,2005-09-27,2005-09-30
2005-0541-IND,Flood,India,,,655300.0,64.0927402574269,2005,2005-09-14,2005-09-20
2005-0545-BGR,Flood,Bulgaria,,,,64.0927402574269,2005,2005-09-21,2005-09-23
2005-0545-ROU,Flood,Romania,,,,64.0927402574269,2005,2005-09-21,2005-09-23
2005-0547-USA,Storm,United States of America,,17630702.0,24963826.0,64.0927402574269,2005,2005-09-23,2005-10-01
2005-0550-CRI,Flood,Costa Rica,,,,64.0927402574269,2005,2005-09-18,2005-09-27
2005-0552-MLI,Flood,Mali,,,,64.0927402574269,2005,2005-09-21,2005-09-27
2005-0553-CAN,Storm,Canada,,,,64.0927402574269,2005,2005-09-26,2005-09-29
2005-0556-NPL,Flood,Nepal,,,,64.0927402574269,2005,2005-09-24,2005-09-29
2005-0558-PER,Earthquake,Peru,,,,64.0927402574269,2005,2005-09-26,2005-09-26
2005-0559-MRT,Flood,Mauritania,,,,64.0927402574269,2005,2005-09-27,2005-09-30
2005-0565-CHN,Storm,China,,,234036.0,64.0927402574269,2005,2005-10-02,2005-10-02
2005-0565-TWN,Storm,Taiwan (Province of China),,78012.0,156024.0,64.0927402574269,2005,2005-10-02,2005-10-02
2005-0567-CRI,Storm,Costa Rica,,,31205.0,64.0927402574269,2005,2005-10-01,2005-10-16
2005-0567-GTM,Storm,Guatemala,,,1541984.0,64.0927402574269,2005,2005-10-01,2005-10-13
2005-0567-HND,Storm,Honduras,,,156024.0,64.0927402574269,2005,2005-09-28,2005-10-10
2005-0567-HTI,Storm,Haiti,,,,64.0927402574269,2005,,
2005-0567-MEX,Storm,Mexico,,,3900598.0,64.0927402574269,2005,2005-10-01,2005-10-13
2005-0567-NIC,Storm,Nicaragua,,,,64.0927402574269,2005,2005-10-01,2005-10-13
2005-0567-SLV,Storm,El Salvador,,,554977.0,64.0927402574269,2005,2005-10-01,2005-10-13
2005-0570-SLV,Volcanic activity,El Salvador,,,,64.0927402574269,2005,2005-10-01,2005-10-01
2005-0572-COL,Flood,Colombia,,,,64.0927402574269,2005,2005-09-15,2005-11-17
2005-0575-AFG,Earthquake,Afghanistan,,,78.0,64.0927402574269,2005,2005-10-08,2005-10-08
2005-0575-IND,Earthquake,India,,,1560239.0,64.0927402574269,2005,2005-10-08,2005-10-08
2005-0575-PAK,Earthquake,Pakistan,8113243.0,,8113243.0,64.0927402574269,2005,2005-10-08,2005-10-08
2005-0576-SDN,Flood,Sudan,,,,64.0927402574269,2005,2005-08-29,2005-09-06
2005-0583-USA,Flood,United States of America,,312048.0,,64.0927402574269,2005,2005-10-08,2005-10-16
2005-0584-VNM,Flood,Viet Nam,,,23404.0,64.0927402574269,2005,2005-10-07,2005-10-10
2005-0585-BHS,Storm,Bahamas,,,,64.0927402574269,2005,2005-10-19,2005-10-25
2005-0585-BLZ,Storm,Belize,,,,64.0927402574269,2005,2005-10-21,2005-10-21
2005-0585-CUB,Storm,Cuba,,,1092167.0,64.0927402574269,2005,2005-10-19,2005-10-24
2005-0585-HND,Storm,Honduras,,,,64.0927402574269,2005,2005-10-21,2005-10-21
2005-0585-HTI,Storm,Haiti,,,780.0,64.0927402574269,2005,2005-10-19,2005-10-24
2005-0585-JAM,Storm,Jamaica,,,5461.0,64.0927402574269,2005,2005-10-19,2005-10-24
2005-0585-MEX,Storm,Mexico,,2808430.0,7801196.0,64.0927402574269,2005,2005-10-19,2005-10-24
2005-0585-USA,Storm,United States of America,,16148475.0,22311419.0,64.0927402574269,2005,2005-10-24,2005-10-24
2005-0586-HTI,Flood,Haiti,,,,64.0927402574269,2005,,
2005-0589-IDN,Flood,Indonesia,,,,64.0927402574269,2005,2005-10-18,2005-10-19
2005-0590-BGD,Flood,Bangladesh,,,,64.0927402574269,2005,2005-10-03,2005-10-20
2005-0591-CAN,Flood,Canada,,,,64.0927402574269,2005,2005-09-27,2005-09-29
2005-0592-CHN,Flood,China,,,372897.0,64.0927402574269,2005,2005-09-29,2005-10-06
2005-0593-GTM,Flood,Guatemala,,,,64.0927402574269,2005,2005-10-03,2005-10-03
2005-0593-SLV,Flood,El Salvador,,,,64.0927402574269,2005,2005-10-03,2005-10-03
2005-0596-BEN,Epidemic,Benin,,,,64.0927402574269,2005,2005-06-06,2005-09-04
2005-0597-DOM,Storm,Dominican Republic,,,,64.0927402574269,2005,2005-10-22,2005-10-24
2005-0597-HTI,Storm,Haiti,,,,64.0927402574269,2005,2005-10-22,2005-10-24
2005-0599-IND,Flood,India,,,182548.0,64.0927402574269,2005,2005-10-21,2005-10-24
2005-0600-CHN,Flood,China,,,374457.0,64.0927402574269,2005,2005-10-03,2005-10-06
2005-0601-MEX,Flood,Mexico,,,,64.0927402574269,2005,2005-09-26,2005-09-29
2005-0603-IND,Flood,India,,,,64.0927402574269,2005,2005-09-22,2005-10-11
2005-0611-VNM,Storm,Viet Nam,,,17163.0,64.0927402574269,2005,2005-11-02,2005-11-04
2005-0616-SDN,Epidemic,Sudan,,,,64.0927402574269,2005,,2005-12-17
2005-0621-MLI,Epidemic,Mali,,,,64.0927402574269,2005,2005-10-07,2005-12-13
2005-0625-COL,Storm,Colombia,,,,64.0927402574269,2005,2005-10-29,2005-10-29
2005-0625-HND,Storm,Honduras,,,,64.0927402574269,2005,2005-10-30,2005-11-15
2005-0625-NIC,Storm,Nicaragua,,,,64.0927402574269,2005,2005-10-30,2005-10-30
2005-0627-IND,Flood,India,,,,64.0927402574269,2005,2005-10-23,2005-11-13
2005-0628-VNM,Flood,Viet Nam,,,18723.0,64.0927402574269,2005,2005-10-20,2005-10-28
2005-0630-STP,Epidemic,Sao Tome and Principe,,,,64.0927402574269,2005,2005-10-06,2005-12-16
2005-0631-IND,Epidemic,India,,,,64.0927402574269,2005,2005-07-01,2005-11-10
2005-0632-SOM,Epidemic,Somalia,,,,64.0927402574269,2005,2005-10-23,2005-11-14
2005-0634-PAK,Epidemic,Pakistan,,,,64.0927402574269,2005,,
2005-0640-BLZ,Storm,Belize,,,,64.0927402574269,2005,2005-11-14,2005-11-21
2005-0640-HND,Storm,Honduras,,,24184.0,64.0927402574269,2005,2005-11-18,2005-11-20
2005-0646-LKA,Flood,Sri Lanka,,,,64.0927402574269,2005,2005-11-21,2005-11-23
2005-0647-FRA,Flood,France,,,,64.0927402574269,2005,2005-11-15,2005-11-17
2005-0651-CHN,Earthquake,China,,,,64.0927402574269,2005,2005-11-26,2005-11-26
2005-0654-IRN,Earthquake,Iran (Islamic Republic of),,,,64.0927402574269,2005,2005-11-27,2005-11-27
2005-0655-BEL,Extreme temperature,Belgium,,,,64.0927402574269,2005,2005-11-25,2005-11-26
2005-0655-DEU,Extreme temperature,Germany,,234036.0,468072.0,64.0927402574269,2005,2005-11-25,2005-11-27
2005-0655-FRA,Extreme temperature,France,,,,64.0927402574269,2005,2005-11-23,2005-11-27
2005-0655-GBR,Extreme temperature,United Kingdom of Great Britain and Northern Ireland,,,,64.0927402574269,2005,2005-11-25,2005-11-27
2005-0655-NLD,Extreme temperature,Netherlands (Kingdom of the),,93614.0,156024.0,64.0927402574269,2005,2005-11-25,2005-11-27
2005-0657-COM,Volcanic activity,Comoros,,,,64.0927402574269,2005,2005-11-24,2005-12-10
2005-0662-MAR,Storm,Morocco,,,78.0,64.0927402574269,2005,2005-11-28,2005-11-28
2005-0662-SPI,Storm,Canary Islands,,,585090.0,64.0927402574269,2005,2005-11-27,2005-11-29
2005-0663-GHA,Epidemic,Ghana,,,,64.0927402574269,2005,,
2005-0664-VUT,Volcanic activity,Vanuatu,,,,64.0927402574269,2005,2005-11-27,2005-11-27
2005-0669-PHL,Flood,Philippines,,,804.0,64.0927402574269,2005,2005-12-05,2005-12-29
2005-0671-COD,Earthquake,Democratic Republic of the Congo,,,,64.0927402574269,2005,2005-12-05,2005-12-05
2005-0671-TZA,Earthquake,United Republic of Tanzania,,,,64.0927402574269,2005,2005-12-05,2005-12-05
2005-0677-IND,Flood,India,,,,64.0927402574269,2005,2005-12-02,2005-12-03
2005-0682-USA,Storm,United States of America,,,,64.0927402574269,2005,2005-12-08,2005-12-09
2005-0686-AFG,Earthquake,Afghanistan,,,,64.0927402574269,2005,2005-12-13,2005-12-13
2005-0687-USA,Extreme temperature,United States of America,,,,64.0927402574269,2005,2005-07-04,2005-07-30
2005-0690-MYS,Flood,Malaysia,,,,64.0927402574269,2005,2005-11-23,2006-01-12
2005-0690-THA,Flood,Thailand,,,151343.0,64.0927402574269,2005,2005-11-23,2006-01-12
2005-0693-MWI,Storm,Malawi,,,,64.0927402574269,2005,2005-12-17,2005-12-17
2005-0694-VNM,Flood,Viet Nam,,,42126.0,64.0927402574269,2005,2005-12-04,2005-12-24
2005-0695-BIH,Flood,Bosnia and Herzegovina,,,,64.0927402574269,2005,2005-12-06,2005-12-09
2005-0696-ALB,Flood,Albania,,,,64.0927402574269,2005,2005-11-30,2005-12-03
2005-0697-AUS,Storm,Australia,,,23404.0,64.0927402574269,2005,2005-12-02,2005-12-02
2005-0701-BGD,Extreme temperature,Bangladesh,,,,64.0927402574269,2005,,
2005-0701-IND,Extreme temperature,India,,,,64.0927402574269,2005,,
2005-0709-YEM,Mass movement (wet),Yemen,,,,64.0927402574269,2005,2005-12-28,2005-12-29
2005-0710-SOM,Epidemic,Somalia,,,,64.0927402574269,2005,2005-07-12,2006-03-24
2005-0711-COG,Flood,Congo,,,,64.0927402574269,2005,2005-12-24,2005-12-28
2005-0712-ZMB,Epidemic,Zambia,,,,64.0927402574269,2005,2005-08-13,2006-04-05
2005-0713-AUT,Extreme temperature,Austria,,,,64.0927402574269,2005,2005-12-27,
2005-0713-BEL,Extreme temperature,Belgium,,,,64.0927402574269,2005,2005-12-27,2005-12-30
2005-0713-BGR,Extreme temperature,Bulgaria,,,,66.1603305617979,2006,2006-01-22,2006-01-25
2005-0713-BLR,Extreme temperature,Belarus,,,,66.1603305617979,2006,,
2005-0713-CHE,Extreme temperature,Switzerland,,,,64.0927402574269,2005,2005-12-27,2005-12-30
2005-0713-CZE,Extreme temperature,Czechia,,,,64.0927402574269,2005,2005-12-27,
2005-0713-DEU,Extreme temperature,Germany,,,,66.1603305617979,2006,2006-01-22,2006-01-28
2005-0713-ESP,Extreme temperature,Spain,,,,64.0927402574269,2005,2005-12-27,
2005-0713-EST,Extreme temperature,Estonia,,,,66.1603305617979,2006,,
2005-0713-FRA,Extreme temperature,France,,,,64.0927402574269,2005,2005-12-27,2005-12-30
2005-0713-GBR,Extreme temperature,United Kingdom of Great Britain and Northern Ireland,,,,64.0927402574269,2005,2005-12-27,2005-12-30
2005-0713-HRV,Extreme temperature,Croatia,,,,64.0927402574269,2005,2005-12-27,2005-12-30
2005-0713-HUN,Extreme temperature,Hungary,,,,64.0927402574269,2005,2005-12-27,
2005-0713-ITA,Extreme temperature,Italy,,,,64.0927402574269,2005,2005-12-27,
2005-0713-LVA,Extreme temperature,Latvia,,,,66.1603305617979,2006,,
2005-0713-MDA,Extreme temperature,Republic of Moldova,,,,66.1603305617979,2006,2006-01-20,2006-01-24
2005-0713-NLD,Extreme temperature,Netherlands (Kingdom of the),,,,64.0927402574269,2005,2005-12-27,2005-12-30
2005-0713-POL,Extreme temperature,Poland,,,,64.0927402574269,2005,,2006-02-06
2005-0713-ROU,Extreme temperature,Romania,,,,66.1603305617979,2006,2006-01-20,2006-01-28
2005-0713-RUS,Extreme temperature,Russian Federation,,,1511480.0,66.1603305617979,2006,,
2005-0713-SCG,Extreme temperature,Serbia Montenegro,,,,66.1603305617979,2006,,
2005-0713-SVK,Extreme temperature,Slovakia,,,,64.0927402574269,2005,2005-12-27,2005-12-30
2005-0713-SWE,Extreme temperature,Sweden,,,,64.0927402574269,2005,,
2005-0713-TUR,Extreme temperature,Türkiye,,,,64.0927402574269,2005,2005-12-26,2006-02-06
2005-0713-UKR,Extreme temperature,Ukraine,,,,66.1603305617979,2006,2006-01-16,2006-02-06
2005-0714-PAK,Mass movement (wet),Pakistan,,,,64.0927402574269,2005,2005-12-27,2005-12-27
2005-0715-MOZ,Flood,Mozambique,,,,64.0927402574269,2005,2005-12-22,2006-02-07
2005-0715-MWI,Flood,Malawi,,,,64.0927402574269,2005,2005-12-22,2006-02-07
2005-0716-USA,Flood,United States of America,,,382259.0,64.0927402574269,2005,2005-12-31,2006-01-18
2005-0718-IDN,Flood,Indonesia,,,,64.0927402574269,2005,2005-12-31,2006-01-03
2005-0722-PAK,Epidemic,Pakistan,,,,64.0927402574269,2005,,
2005-0723-JPN,Storm,Japan,,,51488.0,64.0927402574269,2005,2005-12-09,2006-01-05
2005-0723-KOR,Storm,Republic of Korea,,,249638.0,64.0927402574269,2005,2005-12-22,2005-12-25
2005-0724-USA,Wildfire,United States of America,,,156024.0,64.0927402574269,2005,2005-12-27,2006-01-04
2005-0725-AFG,Flood,Afghanistan,,,,64.0927402574269,2005,2005-12-28,2005-12-28
2005-0726-ZWE,Epidemic,Zimbabwe,,,,64.0927402574269,2005,2005-12-10,2006-05-18
2005-0727-BGR,Flood,Bulgaria,,,,64.0927402574269,2005,2005-08-04,2005-08-11
2005-0728-CAN,Flood,Canada,,290204.0,557005.0,64.0927402574269,2005,2005-06-07,2005-07-01
2005-0729-CHN,Flood,China,,,7177.0,64.0927402574269,2005,2005-05-28,2005-05-29
2005-0730-CHN,Flood,China,,,281935.0,64.0927402574269,2005,2005-06-17,2005-06-25
2005-0731-COL,Volcanic activity,Colombia,,,,64.0927402574269,2005,2005-11-24,2005-11-24
2005-0732-SLV,Storm,El Salvador,,,,64.0927402574269,2005,2005-05-19,2005-05-19
2005-0733-HTI,Flood,Haiti,,,,64.0927402574269,2005,2005-06-07,2005-06-15
2005-0735-ETH,Epidemic,Ethiopia,,,,64.0927402574269,2005,,
2005-0736-AFG,Flood,Afghanistan,,,,64.0927402574269,2005,2005-12-27,2005-12-29
2005-0737-YEM,Flood,Yemen,,,,64.0927402574269,2005,2005-08-20,2005-08-21
2005-0738-IRN,Earthquake,Iran (Islamic Republic of),,,,64.0927402574269,2005,2005-03-13,2005-03-13
2005-0739-DOM,Wildfire,Dominican Republic,,,,64.0927402574269,2005,2005-03-11,2005-03-11
2005-0740-CHN,Earthquake,China,,,,64.0927402574269,2005,2005-08-05,2005-08-05
2005-0746-IND,Flood,India,,,,64.0927402574269,2005,2005-07-05,2005-08-14
2005-0746-PAK,Flood,Pakistan,,,,64.0927402574269,2005,2005-07-05,2005-08-14
2005-0747-HRV,Flood,Croatia,,,,64.0927402574269,2005,,
2005-0748-SDN,Flood,Sudan,,,,64.0927402574269,2005,2005-07-14,2005-07-15
2005-0751-CHN,Flood,China,,,422825.0,64.0927402574269,2005,2005-07-01,2005-08-12
2005-0754-COM,Epidemic,Comoros,,,,66.1603305617979,2006,,
2005-0754-IND,Epidemic,India,,,,64.0927402574269,2005,,
2005-0754-MUS,Epidemic,Mauritius,,,,66.1603305617979,2006,,
2005-0754-REU,Epidemic,Réunion,,,,64.0927402574269,2005,2005-03-28,2006-02-05
2005-0754-SYC,Epidemic,Seychelles,,,,66.1603305617979,2006,,
2005-0755-KEN,Epidemic,Kenya,,,,64.0927402574269,2005,2005-12-01,2006-02-15
2005-0755-UGA,Epidemic,Uganda,,,,64.0927402574269,2005,2005-12-28,2006-02-12
2005-0756-ROU,Extreme temperature,Romania,,,,64.0927402574269,2005,2005-07-27,2005-08-01
2005-0757-AFG,Extreme temperature,Afghanistan,,,,64.0927402574269,2005,2005-04-09,2005-04-10
2005-0761-VNM,Epidemic,Viet Nam,,,,64.0927402574269,2005,2005-12-26,2006-04-02
2005-0762-SDN,Epidemic,Sudan,,,,64.0927402574269,2005,2005-12-03,2006-05-03
2005-0813-KEN,Epidemic,Kenya,,,,64.0927402574269,2005,,
2005-0814-TZA,Epidemic,United Republic of Tanzania,,,,64.0927402574269,2005,2005-12-02,
2005-0815-ZMB,Flood,Zambia,,,,64.0927402574269,2005,,
2005-0818-ETH,Volcanic activity,Ethiopia,,,,64.0927402574269,2005,,
2005-0819-GBR,Storm,United Kingdom of Great Britain and Northern Ireland,,39006.0,78012.0,64.0927402574269,2005,2005-01-11,2005-01-12
2005-0820-PRT,Extreme temperature,Portugal,,,,64.0927402574269,2005,,
2005-0821-NPL,Mass movement (wet),Nepal,,,,64.0927402574269,2005,2005-10-20,2005-10-20
2005-0822-KHM,Flood,Cambodia,,,,64.0927402574269,2005,2005-09-08,2005-09-29
2005-0822-VNM,Flood,Viet Nam,,,,64.0927402574269,2005,2005-09-08,2005-09-29
2005-9067-BDI,Drought,Burundi,,,,64.0927402574269,2005,,
2005-9142-MLI,Drought,Mali,,,,64.0927402574269,2005,,
2005-9153-THA,Drought,Thailand,,,655300.0,64.0927402574269,2005,,
2005-9163-UGA,Drought,Uganda,,,,64.0927402574269,2005,,
2005-9206-KHM,Drought,Cambodia,,,,64.0927402574269,2005,,
2005-9213-DJI,Drought,Djibouti,,,,64.0927402574269,2005,,
2005-9262-MOZ,Drought,Mozambique,,,,64.0927402574269,2005,,
2005-9277-VNM,Drought,Viet Nam,,,65717.0,64.0927402574269,2005,,
2005-9362-NER,Drought,Niger,,,,64.0927402574269,2005,,
2005-9403-ZMB,Drought,Zambia,,,,64.0927402574269,2005,,
2005-9569-BRA,Drought,Brazil,,,,64.0927402574269,2005,,
2005-9578-MWI,Drought,Malawi,,,,64.0927402574269,2005,,
2005-9637-MDG,Drought,Madagascar,,,,64.0927402574269,2005,,
2005-9719-KEN,Drought,Kenya,,,,64.0927402574269,2005,,
2005-9722-SOM,Drought,Somalia,,,,64.0927402574269,2005,,
2005-9734-PRY,Drought,Paraguay,,,,64.0927402574269,2005,2005-10-14,
2005-9745-CHN,Drought,China,,,,64.0927402574269,2005,,
2005-9746-CHN,Drought,China,,,,64.0927402574269,2005,2005-07-07,
2005-9747-ETH,Drought,Ethiopia,,,,64.0927402574269,2005,,
2006-0007-IDN,Mass movement (wet),Indonesia,,,40810.0,66.1603305617979,2006,2006-01-01,2006-01-04
2006-0008-CHN,Storm,China,,,,66.1603305617979,2006,2006-01-06,2006-01-14
2006-0015-BOL,Flood,Bolivia (Plurinational State of),,,,66.1603305617979,2006,2006-01-01,2006-01-01
2006-0021-AFG,Mass movement (wet),Afghanistan,,,,66.1603305617979,2006,2006-01-13,2006-01-13
2006-0022-RWA,Epidemic,Rwanda,,,,66.1603305617979,2006,,2006-01-10
2006-0023-AGO,Flood,Angola,,,,66.1603305617979,2006,,
2006-0024-NAM,Flood,Namibia,,,,66.1603305617979,2006,,
2006-0029-AFG,Storm,Afghanistan,,,,66.1603305617979,2006,2006-01-01,
2006-0037-MYS,Flood,Malaysia,,,,66.1603305617979,2006,2006-01-09,2006-01-09
2006-0038-BRA,Flood,Brazil,,,,66.1603305617979,2006,2006-01-27,2006-01-30
2006-0039-BOL,Flood,Bolivia (Plurinational State of),,,52902.0,66.1603305617979,2006,2006-01-25,2006-04-17
2006-0040-PHL,Flood,Philippines,,,14510.0,66.1603305617979,2006,2006-01-26,2006-02-05
2006-0041-GUY,Flood,Guyana,,,255440.0,66.1603305617979,2006,2006-01-08,2006-02-14
2006-0043-AUS,Storm,Australia,,,3558.0,66.1603305617979,2006,2006-01-09,2006-01-31
2006-0045-AFG,Mass movement (wet),Afghanistan,,,,66.1603305617979,2006,2006-01-31,2006-01-31
2006-0051-BDI,Storm,Burundi,,,,66.1603305617979,2006,2006-01-31,2006-01-31
2006-0053-TJK,Mass movement (wet),Tajikistan,,,,66.1603305617979,2006,2006-01-26,2006-02-02
2006-0054-MWI,Epidemic,Malawi,,,,66.1603305617979,2006,2006-01-16,2006-05-18
2006-0057-AUS,Wildfire,Australia,,,75574.0,66.1603305617979,2006,,
2006-0059-PNG,Mass movement (wet),Papua New Guinea,,,,66.1603305617979,2006,2006-01-20,2006-04-18
2006-0060-COD,Epidemic,Democratic Republic of the Congo,,,,66.1603305617979,2006,,
2006-0061-CHN,Earthquake,China,,,10429.0,66.1603305617979,2006,2006-01-12,2006-01-12
2006-0065-IRQ,Flood,Iraq,,,1965.0,66.1603305617979,2006,2006-02-04,2006-02-12
2006-0068-AFG,Storm,Afghanistan,,,,66.1603305617979,2006,,
2006-0069-IDN,Mass movement (wet),Indonesia,,,16540.0,66.1603305617979,2006,2006-01-22,2006-01-27
2006-0071-FJI,Flood,Fiji,,,756.0,66.1603305617979,2006,2006-02-04,2006-02-09
2006-0073-FJI,Storm,Fiji,,,,66.1603305617979,2006,2006-01-29,2006-02-06
2006-0074-IDN,Flood,Indonesia,,,40961.0,66.1603305617979,2006,2006-01-26,2006-02-14
2006-0076-SDN,Epidemic,Sudan,,,,66.1603305617979,2006,2006-01-01,2006-02-03
2006-0077-SDN,Epidemic,Sudan,,,,66.1603305617979,2006,2006-01-28,2006-09-24
2006-0080-MOZ,Epidemic,Mozambique,,,,66.1603305617979,2006,,2006-05-18
2006-0082-PNG,Flood,Papua New Guinea,,,,66.1603305617979,2006,2006-02-03,2006-02-19
2006-0087-PHL,Mass movement (wet),Philippines,,,,66.1603305617979,2006,2006-02-14,2006-02-14
2006-0088-DZA,Flood,Algeria,,,1814.0,66.1603305617979,2006,2006-02-10,2006-02-15
2006-0089-MDG,Storm,Madagascar,,,,66.1603305617979,2006,2006-02-04,2006-02-04
2006-0093-ECU,Flood,Ecuador,,,4232.0,66.1603305617979,2006,2006-02-16,2006-05-06
2006-0095-YEM,Flood,Yemen,,,,66.1603305617979,2006,2006-02-20,2006-02-23
2006-0096-PHL,Mass movement (wet),Philippines,,,3330.0,66.1603305617979,2006,2006-02-17,2006-02-17
2006-0099-IDN,Flood,Indonesia,,,37787.0,66.1603305617979,2006,2006-02-13,2006-02-23
2006-0100-MOZ,Earthquake,Mozambique,,,,66.1603305617979,2006,2006-02-22,2006-02-22
2006-0108-NAM,Flood,Namibia,,,12832.0,66.1603305617979,2006,2006-02-24,2006-02-28
2006-0109-SCG,Flood,Serbia Montenegro,,,,66.1603305617979,2006,2006-02-21,2006-03-02
2006-0113-MYS,Flood,Malaysia,,,,66.1603305617979,2006,2006-02-10,2006-02-18
2006-0113-THA,Flood,Thailand,,,,66.1603305617979,2006,2006-02-10,2006-02-18
2006-0115-MWI,Flood,Malawi,,,,66.1603305617979,2006,2006-03-07,2006-03-14
2006-0123-IRN,Earthquake,Iran (Islamic Republic of),,,,66.1603305617979,2006,2006-02-28,2006-02-28
2006-0124-CHE,Storm,Switzerland,,,,66.1603305617979,2006,,
2006-0124-DEU,Storm,Germany,,,,66.1603305617979,2006,,
2006-0124-FRA,Storm,France,,,,66.1603305617979,2006,,
2006-0124-ITA,Storm,Italy,,,,66.1603305617979,2006,,
2006-0126-TLS,Storm,Timor-Leste,,,,66.1603305617979,2006,2006-01-15,
2006-0127-ROU,Flood,Romania,,,,66.1603305617979,2006,,
2006-0128-USA,Storm,United States of America,,1209184.0,1813776.0,66.1603305617979,2006,2006-03-11,2006-03-13
2006-0131-MLI,Epidemic,Mali,,,,66.1603305617979,2006,2006-01-01,
2006-0132-NER,Epidemic,Niger,,,,66.1603305617979,2006,2006-01-01,2006-03-26
2006-0133-BFA,Epidemic,Burkina Faso,,,,66.1603305617979,2006,2006-01-01,2006-04-23
2006-0134-BWA,Epidemic,Botswana,,,,66.1603305617979,2006,,
2006-0135-CIV,Epidemic,Côte d’Ivoire,,,,66.1603305617979,2006,2006-02-25,2006-02-25
2006-0136-KEN,Epidemic,Kenya,,,,66.1603305617979,2006,2006-01-01,2006-01-28
2006-0137-PHL,Flood,Philippines,,,,66.1603305617979,2006,2006-03-04,2006-03-06
2006-0139-AUS,Storm,Australia,,506346.0,1783546.0,66.1603305617979,2006,2006-03-20,2006-04-02
2006-0140-COL,Flood,Colombia,,,,66.1603305617979,2006,2006-01-01,2006-04-27
2006-0141-COD,Storm,Democratic Republic of the Congo,,,,66.1603305617979,2006,2006-03-08,2006-03-08
2006-0142-KGZ,Storm,Kyrgyzstan,,,,66.1603305617979,2006,,
2006-0144-COD,Epidemic,Democratic Republic of the Congo,,,,66.1603305617979,2006,2006-01-06,2006-01-31
2006-0145-COD,Flood,Democratic Republic of the Congo,,,,66.1603305617979,2006,2006-02-18,2006-02-20
2006-0146-BGD,Storm,Bangladesh,,,,66.1603305617979,2006,2006-03-04,2006-03-04
2006-0147-PER,Flood,Peru,,,,66.1603305617979,2006,,
2006-0148-BGR,Earthquake,Bulgaria,,,,66.1603305617979,2006,2006-02-20,2006-02-20
2006-0149-DZA,Earthquake,Algeria,,,,66.1603305617979,2006,2006-03-20,2006-03-20
2006-0153-IRN,Earthquake,Iran (Islamic Republic of),,,63878.0,66.1603305617979,2006,2006-03-31,2006-03-31
2006-0154-COL,Volcanic activity,Colombia,,,,66.1603305617979,2006,2006-03-28,2006-07-12
2006-0155-AUS,Storm,Australia,,,,66.1603305617979,2006,2006-03-30,2006-04-05
2006-0156-AUT,Flood,Austria,,,,66.1603305617979,2006,2006-03-28,2006-04-17
2006-0156-BGR,Flood,Bulgaria,,,,66.1603305617979,2006,2006-04-10,2006-04-13
2006-0156-CZE,Flood,Czechia,,,,66.1603305617979,2006,2006-03-28,2006-04-17
2006-0156-DEU,Flood,Germany,,,,66.1603305617979,2006,2006-03-28,2006-04-17
2006-0156-HRV,Flood,Croatia,,,,66.1603305617979,2006,2006-04-04,2006-05-11
2006-0156-HUN,Flood,Hungary,,,,66.1603305617979,2006,2006-03-28,2006-05-09
2006-0156-ROU,Flood,Romania,,,,66.1603305617979,2006,2006-03-13,2006-04-07
2006-0156-SCG,Flood,Serbia Montenegro,,,,66.1603305617979,2006,2006-04-04,2006-05-11
2006-0156-SVK,Flood,Slovakia,,,,66.1603305617979,2006,2006-03-28,2006-05-09
2006-0161-USA,Storm,United States of America,,680166.0,906888.0,66.1603305617979,2006,2006-04-02,2006-04-03
2006-0165-YEM,Flood,Yemen,,,,66.1603305617979,2006,2006-04-03,2006-04-05
2006-0171-USA,Storm,United States of America,,1934694.0,2418368.0,66.1603305617979,2006,2006-04-06,2006-04-08
2006-0172-COD,Flood,Democratic Republic of the Congo,,,,66.1603305617979,2006,2006-04-08,2006-04-27
2006-0178-KEN,Flood,Kenya,,,,66.1603305617979,2006,2006-04-04,2006-05-22
2006-0179-AUS,Flood,Australia,,,,66.1603305617979,2006,2006-04-05,2006-04-10
2006-0180-USA,Flood,United States of America,,,391473.0,66.1603305617979,2006,2006-04-04,2006-04-17
2006-0181-ZAF,Flood,South Africa,192786.0,,107315.0,66.1603305617979,2006,2006-03-26,2006-03-30
2006-0182-USA,Flood,United States of America,,,18138.0,66.1603305617979,2006,2006-03-14,2006-03-23
2006-0185-GIN,Epidemic,Guinea,,,,66.1603305617979,2006,2006-01-01,2006-03-31
2006-0186-COD,Epidemic,Democratic Republic of the Congo,,,,66.1603305617979,2006,,
2006-0187-AGO,Epidemic,Angola,,,,66.1603305617979,2006,2006-02-13,2007-02-08
2006-0192-IDN,Flood,Indonesia,,,,66.1603305617979,2006,2006-04-19,2006-04-23
2006-0196-IDN,Volcanic activity,Indonesia,,,,66.1603305617979,2006,2006-04-18,2006-05-15
2006-0199-CHN,Flood,China,,,503323.0,66.1603305617979,2006,2006-04-09,2006-05-11
2006-0201-BRA,Flood,Brazil,,,,66.1603305617979,2006,2006-03-25,2006-04-23
2006-0203-CAN,Flood,Canada,,,,66.1603305617979,2006,2006-04-18,2006-04-24
2006-0204-ETH,Flood,Ethiopia,,,,66.1603305617979,2006,2006-04-09,2006-04-25
2006-0205-PNG,Flood,Papua New Guinea,,,,66.1603305617979,2006,2006-04-12,2006-04-18
2006-0206-CAN,Flood,Canada,,,,66.1603305617979,2006,2006-04-12,2006-04-20
2006-0207-IND,Flood,India,,,,66.1603305617979,2006,2006-04-15,2006-04-18
2006-0208-GEO,Flood,Georgia,,,,66.1603305617979,2006,2006-04-15,2006-04-24
2006-0209-BGR,Flood,Bulgaria,,,,66.1603305617979,2006,2006-04-07,2006-05-24
2006-0209-ROU,Flood,Romania,,,,66.1603305617979,2006,2006-04-07,2006-05-24
2006-0209-UKR,Flood,Ukraine,,,,66.1603305617979,2006,2006-04-07,2006-05-24
2006-0211-VNM,Storm,Viet Nam,,,,66.1603305617979,2006,2006-04-07,2006-04-07
2006-0213-PER,Volcanic activity,Peru,,,,66.1603305617979,2006,2006-03-27,2006-04-23
2006-0214-RUS,Earthquake,Russian Federation,,,83131.0,66.1603305617979,2006,2006-04-20,2006-04-20
2006-0219-ITA,Mass movement (wet),Italy,,,,66.1603305617979,2006,2006-04-30,2006-04-30
2006-0221-AFG,Flood,Afghanistan,,,,66.1603305617979,2006,2006-04-28,2006-05-01
2006-0222-PNG,Mass movement (wet),Papua New Guinea,,,,66.1603305617979,2006,2006-04-27,2006-04-30
2006-0223-NZL,Flood,New Zealand,,,4534.0,66.1603305617979,2006,2006-04-26,2006-04-28
2006-0224-CAN,Flood,Canada,,,,66.1603305617979,2006,2006-04-22,2006-05-31
2006-0225-RUS,Flood,Russian Federation,,,11202.0,66.1603305617979,2006,2006-04-21,2006-05-11
2006-0226-MYS,Flood,Malaysia,,,,66.1603305617979,2006,2006-04-20,2006-04-21
2006-0230-BDI,Flood,Burundi,,,,66.1603305617979,2006,2006-04-24,2006-04-24
2006-0231-IDN,Earthquake,Indonesia,,,,66.1603305617979,2006,2006-03-14,2006-03-14
2006-0234-KEN,Flood,Kenya,,,,66.1603305617979,2006,2006-04-25,2006-05-04
2006-0235-TZA,Epidemic,United Republic of Tanzania,,,,66.1603305617979,2006,2006-01-02,2006-04-30
2006-0237-IND,Extreme temperature,India,,,,66.1603305617979,2006,,
2006-0239-IRN,Earthquake,Iran (Islamic Republic of),,,,66.1603305617979,2006,2006-05-07,2006-05-07
2006-0241-MMR,Storm,Myanmar,,,,66.1603305617979,2006,2006-04-29,2006-05-05
2006-0242-ARG,Flood,Argentina,,,,66.1603305617979,2006,,
2006-0243-SOM,Epidemic,Somalia,,,,66.1603305617979,2006,,
2006-0245-IRN,Flood,Iran (Islamic Republic of),,,24184.0,66.1603305617979,2006,2006-05-08,2006-05-13
2006-0247-SUR,Flood,Suriname,,,,66.1603305617979,2006,2006-05-07,2006-05-29
2006-0250-CHN,Flood,China,,,54413.0,66.1603305617979,2006,2006-04-21,2006-05-15
2006-0251-CHN,Storm,China,,,717953.0,66.1603305617979,2006,2006-05-18,2006-05-22
2006-0251-PHL,Storm,Philippines,,,5030.0,66.1603305617979,2006,2006-05-11,2006-05-12
2006-0251-VNM,Storm,Viet Nam,,,,66.1603305617979,2006,2006-05-17,2006-05-17
2006-0254-PAK,Extreme temperature,Pakistan,,,,66.1603305617979,2006,,
2006-0255-TZA,Flood,United Republic of Tanzania,,,,66.1603305617979,2006,2006-05-09,2006-05-17
2006-0256-TJK,Mass movement (wet),Tajikistan,,,,66.1603305617979,2006,2006-04-24,2006-05-08
2006-0257-USA,Storm,United States of America,,604592.0,680166.0,66.1603305617979,2006,2006-05-01,2006-05-07
2006-0259-BDI,Flood,Burundi,,,,66.1603305617979,2006,2006-05-18,2006-05-18
2006-0260-USA,Flood,United States of America,,94467.0,128476.0,66.1603305617979,2006,2006-05-11,2006-05-22
2006-0261-CAN,Flood,Canada,,,,66.1603305617979,2006,2006-05-26,2006-06-02
2006-0262-BGD,Flood,Bangladesh,,,,66.1603305617979,2006,2006-05-31,2006-07-24
2006-0262-IND,Flood,India,,,,66.1603305617979,2006,2006-05-31,2006-07-24
2006-0263-IND,Flood,India,,,,66.1603305617979,2006,2006-05-25,2006-06-02
2006-0264-CHN,Flood,China,,,594012.0,66.1603305617979,2006,2006-05-30,2006-06-09
2006-0265-IND,Flood,India,,,,66.1603305617979,2006,2006-05-31,2006-06-04
2006-0266-CHN,Flood,China,,,,66.1603305617979,2006,2006-05-24,2006-05-31
2006-0267-MAR,Flood,Morocco,,,,66.1603305617979,2006,2006-05-26,2006-05-28
2006-0268-BDI,Flood,Burundi,,,,66.1603305617979,2006,2006-05-17,2006-05-28
2006-0269-CAN,Flood,Canada,,,,66.1603305617979,2006,2006-05-20,2006-05-28
2006-0270-THA,Flood,Thailand,,,37787.0,66.1603305617979,2006,2006-05-22,2006-06-11
2006-0271-AFG,Flood,Afghanistan,,,,66.1603305617979,2006,2006-05-19,2006-05-23
2006-0272-CUB,Storm,Cuba,,,,66.1603305617979,2006,2006-06-11,2006-06-11
2006-0279-IDN,Earthquake,Indonesia,,60459.0,4685587.0,66.1603305617979,2006,2006-05-26,2006-05-26
2006-0281-VUT,Volcanic activity,Vanuatu,,,,66.1603305617979,2006,2006-05-09,2006-05-09
2006-0282-COM,Volcanic activity,Comoros,,,,66.1603305617979,2006,2006-05-28,2006-05-28
2006-0283-ECU,Volcanic activity,Ecuador,,,,66.1603305617979,2006,2006-05-10,2006-05-23
2006-0289-SDN,Epidemic,Sudan,,,,66.1603305617979,2006,2006-04-21,2006-10-06
2006-0290-COD,Epidemic,Democratic Republic of the Congo,,,,66.1603305617979,2006,2006-05-13,2006-06-18
2006-0291-AFG,Flood,Afghanistan,,,,66.1603305617979,2006,,
2006-0297-CHN,Flood,China,,,,66.1603305617979,2006,2006-06-13,2006-06-16
2006-0298-CHN,Flood,China,,,213119.0,66.1603305617979,2006,2006-06-12,2006-06-16
2006-0299-TWN,Flood,Taiwan (Province of China),,,175528.0,66.1603305617979,2006,2006-06-10,2006-06-13
2006-0300-CHN,Flood,China,,,,66.1603305617979,2006,2006-06-08,2006-06-15
2006-0302-POL,Flood,Poland,,,,66.1603305617979,2006,2006-06-04,2006-06-06
2006-0302-SVK,Flood,Slovakia,,,,66.1603305617979,2006,2006-06-04,2006-06-06
2006-0304-CHN,Mass movement (dry),China,,,,66.1603305617979,2006,2006-06-18,2006-06-18
2006-0306-RUS,Flood,Russian Federation,,,188935.0,66.1603305617979,2006,2006-06-04,2006-06-12
2006-0311-IDN,Flood,Indonesia,,,83434.0,66.1603305617979,2006,2006-06-19,2006-06-23
2006-0312-ROU,Flood,Romania,,,,66.1603305617979,2006,2006-06-20,2006-06-26
2006-0317-SOM,Epidemic,Somalia,,,,66.1603305617979,2006,,
2006-0318-BDI,Flood,Burundi,,,,66.1603305617979,2006,,
2006-0319-CUB,Flood,Cuba,,,,66.1603305617979,2006,2006-06-08,2006-06-08
2006-0320-ROU,Flood,Romania,,,,66.1603305617979,2006,2006-06-19,2006-06-19
2006-0321-NAM,Epidemic,Namibia,,,,66.1603305617979,2006,2006-05-07,2006-08-08
2006-0322-KEN,Epidemic,Kenya,,,,66.1603305617979,2006,,
2006-0323-CHN,Flood,China,,,,66.1603305617979,2006,2006-06-17,2006-06-19
2006-0324-GIN,Epidemic,Guinea,,,,66.1603305617979,2006,,2006-10-22
2006-0328-IDN,Flood,Indonesia,,,,66.1603305617979,2006,2006-06-24,2006-06-26
2006-0332-IDN,Flood,Indonesia,,,,66.1603305617979,2006,2006-06-25,2006-06-29
2006-0333-UKR,Flood,Ukraine,,,36056.0,66.1603305617979,2006,2006-07-02,2006-07-03
2006-0334-TUR,Flood,Türkiye,,,,66.1603305617979,2006,2006-07-01,2006-07-03
2006-0335-ROU,Flood,Romania,,,,66.1603305617979,2006,2006-06-30,2006-07-03
2006-0336-CHN,Flood,China,,,1026295.0,66.1603305617979,2006,2006-06-28,2006-07-06
2006-0337-CHN,Flood,China,,,16626.0,66.1603305617979,2006,2006-06-28,2006-07-08
2006-0338-HND,Flood,Honduras,,,12092.0,66.1603305617979,2006,2006-06-25,2006-07-01
2006-0339-CHN,Flood,China,,,9825.0,66.1603305617979,2006,2006-06-25,2006-06-26
2006-0340-CHN,Flood,China,,,,66.1603305617979,2006,2006-06-25,2006-06-26
2006-0341-USA,Flood,United States of America,,606103.0,1511480.0,66.1603305617979,2006,2006-06-25,2006-07-01
2006-0342-IND,Flood,India,,,,66.1603305617979,2006,2006-06-24,2006-06-27
2006-0342-NPL,Flood,Nepal,,,,66.1603305617979,2006,2006-06-24,2006-08-03
2006-0343-IDN,Flood,Indonesia,,,,66.1603305617979,2006,2006-06-23,2006-06-27
2006-0344-USA,Flood,United States of America,,,10580.0,66.1603305617979,2006,2006-06-22,2006-06-25
2006-0345-PAK,Mass movement (wet),Pakistan,,,,66.1603305617979,2006,2006-07-03,2006-07-04
2006-0348-ROU,Extreme temperature,Romania,,,,66.1603305617979,2006,2006-06-29,
2006-0349-CZE,Flood,Czechia,,,,66.1603305617979,2006,2006-06-30,2006-06-30
2006-0351-TGO,Flood,Togo,,,,66.1603305617979,2006,2006-06-20,2006-06-28
2006-0352-DEU,Storm,Germany,,,,66.1603305617979,2006,2006-06-28,2006-06-29
2006-0356-DEU,Storm,Germany,,,,66.1603305617979,2006,2006-07-07,2006-07-07
2006-0357-CHN,Mass movement (wet),China,,,,66.1603305617979,2006,,
2006-0360-RUS,Flood,Russian Federation,,,,66.1603305617979,2006,2006-07-12,2006-07-14
2006-0361-KOR,Flood,Republic of Korea,,,,66.1603305617979,2006,2006-07-12,2006-07-20
2006-0361-PRK,Flood,Democratic People's Republic of Korea,,,,66.1603305617979,2006,2006-07-12,2006-07-20
2006-0362-CHN,Storm,China,,,5025670.0,66.1603305617979,2006,2006-07-16,2006-07-19
2006-0362-PHL,Storm,Philippines,,,4534.0,66.1603305617979,2006,2006-07-11,2006-07-17
2006-0362-TWN,Storm,Taiwan (Province of China),,,,66.1603305617979,2006,2006-07-17,2006-07-17
2006-0362-VNM,Storm,Viet Nam,,,,66.1603305617979,2006,2006-07-11,2006-07-19
2006-0363-CHL,Flood,Chile,,,,66.1603305617979,2006,2006-07-11,2006-07-17
2006-0364-CHN,Flood,China,,,,66.1603305617979,2006,2006-07-11,2006-07-13
2006-0365-AFG,Flood,Afghanistan,,,,66.1603305617979,2006,2006-07-09,2006-07-13
2006-0365-PAK,Flood,Pakistan,,,,66.1603305617979,2006,2006-07-09,2006-07-13
2006-0366-VNM,Flood,Viet Nam,,,1511.0,66.1603305617979,2006,2006-07-09,2006-07-11
2006-0367-CHN,Flood,China,,,46856.0,66.1603305617979,2006,2006-07-07,2006-07-11
2006-0368-KHM,Flood,Cambodia,,,,66.1603305617979,2006,2006-07-06,2006-07-07
2006-0369-IND,Flood,India,,,,66.1603305617979,2006,2006-07-04,2006-07-07
2006-0370-IND,Flood,India,,,,66.1603305617979,2006,2006-07-03,2006-07-08
2006-0371-CHN,Flood,China,,,,66.1603305617979,2006,2006-07-02,2006-07-05
2006-0372-IDN,Earthquake,Indonesia,,1511.0,83131.0,66.1603305617979,2006,2006-07-17,2006-07-17
2006-0373-ECU,Volcanic activity,Ecuador,,,226722.0,66.1603305617979,2006,2006-07-14,2006-08-17
2006-0374-USA,Wildfire,United States of America,,,24184.0,66.1603305617979,2006,2006-07-09,2006-07-14
2006-0378-JPN,Flood,Japan,,,,66.1603305617979,2006,2006-06-19,2006-07-20
2006-0380-COL,Volcanic activity,Colombia,,,,66.1603305617979,2006,2006-07-12,2006-07-12
2006-0383-BEL,Extreme temperature,Belgium,,,,66.1603305617979,2006,,
2006-0383-DEU,Extreme temperature,Germany,,,,66.1603305617979,2006,2006-07-15,2006-07-23
2006-0383-ESP,Extreme temperature,Spain,,,,66.1603305617979,2006,2006-07-15,2006-08-04
2006-0383-FRA,Extreme temperature,France,,,,66.1603305617979,2006,2006-07-15,2006-07-23
2006-0383-NLD,Extreme temperature,Netherlands (Kingdom of the),,,,66.1603305617979,2006,2006-07-15,2006-07-23
2006-0383-PRT,Extreme temperature,Portugal,,,,66.1603305617979,2006,2006-07-11,2006-07-17
2006-0387-USA,Extreme temperature,United States of America,,,,66.1603305617979,2006,2006-07-14,2006-08-15
2006-0388-CHN,Storm,China,,,554713.0,66.1603305617979,2006,2006-07-24,2006-07-28
2006-0388-PHL,Storm,Philippines,,,712.0,66.1603305617979,2006,2006-07-24,2006-07-28
2006-0388-TWN,Storm,Taiwan (Province of China),,,,66.1603305617979,2006,2006-07-24,2006-07-28
2006-0389-IND,Flood,India,,,,66.1603305617979,2006,2006-07-24,2006-08-22
2006-0389-PAK,Flood,Pakistan,,,,66.1603305617979,2006,2006-07-24,2006-08-22
2006-0390-JPN,Flood,Japan,,,,66.1603305617979,2006,2006-07-22,2006-07-26
2006-0391-MRT,Flood,Mauritania,,,,66.1603305617979,2006,2006-07-22,2006-07-24
2006-0392-CHN,Flood,China,,,,66.1603305617979,2006,2006-07-20,2006-07-21
2006-0393-NGA,Flood,Nigeria,,,,66.1603305617979,2006,2006-07-15,2006-07-17
2006-0394-CHN,Flood,China,,,,66.1603305617979,2006,2006-07-14,2006-07-17
2006-0397-CHN,Earthquake,China,,,,66.1603305617979,2006,2006-07-22,2006-07-22
2006-0405-AFG,Earthquake,Afghanistan,,,,66.1603305617979,2006,2006-07-29,2006-07-29
2006-0405-TJK,Earthquake,Tajikistan,,,33253.0,66.1603305617979,2006,2006-07-29,2006-07-29
2006-0407-MEX,Mass movement (wet),Mexico,,,,66.1603305617979,2006,2006-08-02,2006-08-02
2006-0409-NPL,Mass movement (wet),Nepal,,,,66.1603305617979,2006,2006-08-03,2006-08-03
2006-0410-CHN,Storm,China,,,1360332.0,66.1603305617979,2006,2006-08-03,2006-08-06
2006-0410-PHL,Storm,Philippines,,,204050.0,66.1603305617979,2006,2006-08-02,2006-08-06
2006-0413-MEX,Flood,Mexico,,,,66.1603305617979,2006,2006-07-27,2006-08-07
2006-0413-USA,Flood,United States of America,,,151148.0,66.1603305617979,2006,2006-07-27,2006-08-07
2006-0414-PAK,Flood,Pakistan,,,,66.1603305617979,2006,2006-08-01,2006-08-22
2006-0415-PHL,Storm,Philippines,,,975.0,66.1603305617979,2006,2006-06-30,2006-08-02
2006-0416-AFG,Flood,Afghanistan,,,,66.1603305617979,2006,2006-07-30,2006-08-09
2006-0417-IND,Flood,India,,615172.0,5123916.0,66.1603305617979,2006,2006-07-28,2006-09-12
2006-0417-PAK,Flood,Pakistan,,,,66.1603305617979,2006,2006-07-28,2006-09-12
2006-0418-USA,Flood,United States of America,,,,66.1603305617979,2006,2006-07-27,2006-07-30
2006-0419-CHE,Flood,Switzerland,,,,66.1603305617979,2006,2006-07-26,2006-07-27
2006-0422-ETH,Flood,Ethiopia,,,4837.0,66.1603305617979,2006,2006-08-05,2006-08-08
2006-0422-SDN,Flood,Sudan,,,,66.1603305617979,2006,,
2006-0422-SOM,Flood,Somalia,,,,66.1603305617979,2006,2006-08-04,2006-08-09
2006-0424-AFG,Flood,Afghanistan,,,,66.1603305617979,2006,2006-07-30,2006-07-30
2006-0427-USA,Extreme temperature,United States of America,,,,66.1603305617979,2006,2006-07-30,2006-08-06
2006-0428-TUR,Epidemic,Türkiye,,,,66.1603305617979,2006,2006-01-01,2006-08-04
2006-0429-VNM,Flood,Viet Nam,,,,66.1603305617979,2006,2006-07-18,2006-07-18
2006-0431-ZAF,Flood,South Africa,,,219165.0,66.1603305617979,2006,2006-08-02,2006-08-04
2006-0433-ETH,Epidemic,Ethiopia,,,,66.1603305617979,2006,2006-04-15,2006-04-22
2006-0434-SWZ,Storm,Eswatini,,,,66.1603305617979,2006,2006-08-01,2006-08-03
2006-0436-ETH,Flood,Ethiopia,,,,66.1603305617979,2006,2006-08-09,2006-08-09
2006-0437-CHN,Storm,China,,,3793814.0,66.1603305617979,2006,2006-08-06,2006-08-11
2006-0438-ETH,Flood,Ethiopia,,,,66.1603305617979,2006,2006-08-13,2006-09-11
2006-0439-PHL,Mass movement (wet),Philippines,,,,66.1603305617979,2006,2006-08-13,2006-08-13
2006-0440-TZA,Epidemic,United Republic of Tanzania,,,,66.1603305617979,2006,,
2006-0442-ETH,Flood,Ethiopia,,,,66.1603305617979,2006,2006-08-13,2006-09-26
2006-0442-SDN,Flood,Sudan,,,,66.1603305617979,2006,2006-08-13,2006-09-26
2006-0443-IND,Flood,India,,,,66.1603305617979,2006,,
2006-0444-ESP,Wildfire,Spain,,181378.0,996065.0,66.1603305617979,2006,2006-08-04,2006-08-15
2006-0445-BFA,Flood,Burkina Faso,,,,66.1603305617979,2006,2006-08-03,2006-10-11
2006-0445-MLI,Flood,Mali,,,,66.1603305617979,2006,2006-08-03,2006-10-11
2006-0445-MRT,Flood,Mauritania,,,,66.1603305617979,2006,2006-08-03,2006-10-11
2006-0445-NER,Flood,Niger,,,,66.1603305617979,2006,2006-08-03,2006-10-11
2006-0445-NGA,Flood,Nigeria,,,,66.1603305617979,2006,2006-08-03,2006-10-11
2006-0446-VNM,Flood,Viet Nam,,,12092.0,66.1603305617979,2006,2006-08-12,2006-08-30
2006-0447-SDN,Flood,Sudan,,,,66.1603305617979,2006,2006-08-07,2006-08-07
2006-0448-PHL,Flood,Philippines,,,,66.1603305617979,2006,,
2006-0450-PHL,Volcanic activity,Philippines,,,,66.1603305617979,2006,2006-08-13,2006-08-13
2006-0451-KHM,Flood,Cambodia,,,,66.1603305617979,2006,2006-08-10,2006-11-01
2006-0451-VNM,Flood,Viet Nam,,,,66.1603305617979,2006,2006-08-10,2006-11-01
2006-0454-HUN,Storm,Hungary,,7557.0,15115.0,66.1603305617979,2006,2006-08-20,2006-08-20
2006-0460-MKD,Flood,North Macedonia,,,,66.1603305617979,2006,,
2006-0461-USA,Flood,United States of America,,,23428.0,66.1603305617979,2006,2006-08-19,2006-08-24
2006-0462-UGA,Flood,Uganda,,,,66.1603305617979,2006,2006-08-12,2006-08-21
2006-0464-CHN,Earthquake,China,,,,66.1603305617979,2006,2006-06-20,2006-06-20
2006-0466-HTI,Storm,Haiti,,,,66.1603305617979,2006,2006-08-25,2006-08-26
2006-0466-USA,Storm,United States of America,,,49667.0,66.1603305617979,2006,2006-08-02,2006-09-07
2006-0469-IND,Flood,India,,,,66.1603305617979,2006,2006-08-18,2006-09-02
2006-0471-IDN,Wildfire,Indonesia,,,21161.0,66.1603305617979,2006,,
2006-0473-NPL,Mass movement (wet),Nepal,,,,66.1603305617979,2006,2006-08-26,2006-09-13
2006-0475-CHN,Earthquake,China,,,,66.1603305617979,2006,2006-08-25,2006-08-25
2006-0480-BDI,Flood,Burundi,,,,66.1603305617979,2006,2006-08-26,
2006-0481-CHN,Flood,China,,,,66.1603305617979,2006,2006-08-30,2006-08-31
2006-0483-MEX,Storm,Mexico,,,,66.1603305617979,2006,2006-09-02,2006-09-04
2006-0488-CIV,Epidemic,Côte d’Ivoire,,,,66.1603305617979,2006,,
2006-0489-ETH,Flood,Ethiopia,,,,66.1603305617979,2006,2006-08-23,2006-08-23
2006-0498-MEX,Mass movement (wet),Mexico,,,,66.1603305617979,2006,2006-09-06,2006-09-06
2006-0502-BGD,Flood,Bangladesh,,,,66.1603305617979,2006,2006-08-24,2006-09-20
2006-0504-JPN,Storm,Japan,,1541709.0,3778699.0,66.1603305617979,2006,2006-09-15,2006-09-20
2006-0505-MEX,Storm,Mexico,,,4081.0,66.1603305617979,2006,2006-09-16,2006-09-18
2006-0507-BFA,Flood,Burkina Faso,,,,66.1603305617979,2006,2006-09-12,2006-09-12
2006-0510-BGD,Storm,Bangladesh,,,,66.1603305617979,2006,2006-09-18,2006-10-05
2006-0510-IND,Storm,India,,,,66.1603305617979,2006,2006-09-18,2006-10-05
2006-0512-NER,Epidemic,Niger,,,,66.1603305617979,2006,2006-01-01,2006-09-18
2006-0517-CHN,Storm,China,,,,66.1603305617979,2006,,
2006-0517-PHL,Storm,Philippines,,,170797.0,66.1603305617979,2006,2006-09-27,2006-10-06
2006-0517-VNM,Storm,Viet Nam,,,943163.0,66.1603305617979,2006,2006-09-27,2006-10-06
2006-0530-THA,Flood,Thailand,,,15024.0,66.1603305617979,2006,2006-08-20,2006-12-13
2006-0531-GIN,Flood,Guinea,,,,66.1603305617979,2006,2006-08-31,2006-09-01
2006-0540-PNG,Volcanic activity,Papua New Guinea,,,,66.1603305617979,2006,2006-10-07,2006-10-07
2006-0541-GRC,Flood,Greece,,,8553.0,66.1603305617979,2006,2006-10-08,2006-10-12
2006-0544-MMR,Flood,Myanmar,,,,66.1603305617979,2006,2006-09-15,2006-10-19
2006-0546-USA,Flood,United States of America,,,,66.1603305617979,2006,2006-09-22,2006-09-26
2006-0548-IND,Flood,India,,,,66.1603305617979,2006,2006-08-31,2006-09-11
2006-0548-PAK,Flood,Pakistan,,,,66.1603305617979,2006,2006-08-31,2006-09-11
2006-0549-IND,Flood,India,,,,66.1603305617979,2006,2006-08-29,2006-09-04
2006-0550-SOM,Flood,Somalia,,,,66.1603305617979,2006,2006-08-24,2006-10-10
2006-0551-COD,Epidemic,Democratic Republic of the Congo,,,,66.1603305617979,2006,2006-07-31,2006-10-08
2006-0552-ETH,Epidemic,Ethiopia,,,,66.1603305617979,2006,2006-04-15,2007-02-19
2006-0556-NGA,Flood,Nigeria,,,,66.1603305617979,2006,2006-10-01,2006-10-01
2006-0558-COD,Epidemic,Democratic Republic of the Congo,,,,66.1603305617979,2006,,
2006-0560-GRC,Storm,Greece,,,,66.1603305617979,2006,2006-10-17,2006-10-18
2006-0563-PHL,Flood,Philippines,,,603.0,66.1603305617979,2006,2006-10-04,2006-10-08
2006-0566-USA,Flood,United States of America,,,,66.1603305617979,2006,2006-10-09,2006-10-14
2006-0567-CHN,Flood,China,,,,66.1603305617979,2006,2006-10-06,2006-10-12
2006-0568-GRC,Flood,Greece,,,,66.1603305617979,2006,2006-10-21,2006-10-22
2006-0573-FRA,Storm,France,,,,66.1603305617979,2006,2006-10-23,2006-10-24
2006-0575-MAR,Flood,Morocco,,,,66.1603305617979,2006,2006-10-25,2006-10-27
2006-0576-USA,Wildfire,United States of America,,,37787.0,66.1603305617979,2006,2006-10-26,2006-10-27
2006-0578-ETH,Flood,Ethiopia,,,,66.1603305617979,2006,2006-10-27,2006-12-18
2006-0584-SYR,Flood,Syrian Arab Republic,,,,66.1603305617979,2006,2006-10-29,2006-10-29
2006-0585-MAR,Flood,Morocco,,,,66.1603305617979,2006,2006-10-28,2006-10-29
2006-0586-CHN,Earthquake,China,,,,66.1603305617979,2006,2006-10-27,2006-10-27
2006-0587-KEN,Flood,Kenya,,,,66.1603305617979,2006,2006-10-15,2006-10-26
2006-0595-USA,Storm,United States of America,,94467.0,143591.0,66.1603305617979,2006,2006-11-15,2006-11-16
2006-0596-AFG,Flood,Afghanistan,,,,66.1603305617979,2006,2006-11-16,2006-11-20
2006-0597-COG,Flood,Congo,,,,66.1603305617979,2006,2006-11-04,2006-11-18
2006-0598-USA,Flood,United States of America,,,,66.1603305617979,2006,2006-11-05,2006-11-10
2006-0599-IRQ,Flood,Iraq,,,,66.1603305617979,2006,2006-11-05,2006-11-07
2006-0600-PHL,Storm,Philippines,,,13720.0,66.1603305617979,2006,2006-10-30,2006-11-01
2006-0601-IND,Flood,India,,,,66.1603305617979,2006,2006-10-26,2006-11-04
2006-0602-LKA,Flood,Sri Lanka,,,4534.0,66.1603305617979,2006,2006-10-26,2006-11-20
2006-0604-MEX,Storm,Mexico,,,,66.1603305617979,2006,2006-10-25,2006-10-28
2006-0605-PHL,Flood,Philippines,,,1153.0,66.1603305617979,2006,2006-10-21,2006-10-27
2006-0610-PHL,Storm,Philippines,,,,66.1603305617979,2006,2006-11-13,2006-11-13
2006-0611-SDN,Epidemic,Sudan,,,,66.1603305617979,2006,2006-09-01,2006-11-18
2006-0616-JPN,Storm,Japan,,,,66.1603305617979,2006,,
2006-0617-ESP,Flood,Spain,,,,66.1603305617979,2006,2006-10-22,2006-11-08
2006-0617-PRT,Flood,Portugal,,,,66.1603305617979,2006,2006-10-22,2006-11-08
2006-0618-SOM,Flood,Somalia,,,,66.1603305617979,2006,2006-10-26,2006-12-01
2006-0619-TUR,Flood,Türkiye,,,479139.0,66.1603305617979,2006,2006-10-27,2006-11-07
2006-0620-CHN,Earthquake,China,,,440.0,66.1603305617979,2006,2006-11-03,2006-11-03
2006-0623-PRK,Flood,Democratic People's Republic of Korea,,,,66.1603305617979,2006,2006-10-21,2006-10-25
2006-0624-KEN,Flood,Kenya,,,,66.1603305617979,2006,2006-10-23,2006-12-19
2006-0624-SOM,Flood,Somalia,,,,66.1603305617979,2006,2006-10-23,2006-12-19
2006-0624-TZA,Flood,United Republic of Tanzania,,,,66.1603305617979,2006,2006-10-23,2006-12-19
2006-0624-UGA,Flood,Uganda,,,,66.1603305617979,2006,2006-10-23,2006-12-19
2006-0634-ZMB,Epidemic,Zambia,,,,66.1603305617979,2006,2006-10-15,
2006-0635-TZA,Epidemic,United Republic of Tanzania,,,,66.1603305617979,2006,,
2006-0636-AGO,Epidemic,Angola,,,,66.1603305617979,2006,2006-10-24,
2006-0639-TCD,Epidemic,Chad,,,,66.1603305617979,2006,2006-06-13,2006-06-30
2006-0640-PAN,Flood,Panama,,,,66.1603305617979,2006,,
2006-0642-USA,Storm,United States of America,,302296.0,453444.0,66.1603305617979,2006,2006-10-12,2006-10-14
2006-0643-VEN,Flood,Venezuela (Bolivarian Republic of),,,,66.1603305617979,2006,2006-10-17,2006-10-17
2006-0646-RWA,Mass movement (wet),Rwanda,,,,66.1603305617979,2006,2006-11-28,2006-11-30
2006-0647-PAN,Flood,Panama,,,,66.1603305617979,2006,2006-11-21,2006-11-30
2006-0648-PHL,Storm,Philippines,,,100362.0,66.1603305617979,2006,2006-11-30,2006-12-08
2006-0648-VNM,Storm,Viet Nam,,,689235.0,66.1603305617979,2006,2006-11-30,2006-12-08
2006-0649-MWI,Flood,Malawi,,,,66.1603305617979,2006,2006-11-27,2006-11-29
2006-0651-HTI,Flood,Haiti,,,,66.1603305617979,2006,2006-11-28,2006-12-01
2006-0656-JAM,Flood,Jamaica,,,,66.1603305617979,2006,2006-11-22,2006-11-26
2006-0659-VNM,Storm,Viet Nam,,,15115.0,66.1603305617979,2006,2006-11-20,2006-11-20
2006-0660-AUS,Wildfire,Australia,,,,66.1603305617979,2006,2006-11-16,2006-11-16
2006-0662-USA,Wildfire,United States of America,,,37787.0,66.1603305617979,2006,2006-12-03,2006-12-06
2006-0663-PAK,Flood,Pakistan,,,,66.1603305617979,2006,,
2006-0665-SOM,Epidemic,Somalia,,,,66.1603305617979,2006,,
2006-0666-AUS,Wildfire,Australia,,,75574.0,66.1603305617979,2006,,
2006-0667-PHL,Storm,Philippines,,,,66.1603305617979,2006,2006-12-11,2006-12-11
2006-0668-IDN,Mass movement (wet),Indonesia,,,,66.1603305617979,2006,2006-12-15,2006-12-15
2006-0670-SOM,Epidemic,Somalia,,,,66.1603305617979,2006,,
2006-0673-COD,Flood,Democratic Republic of the Congo,,,,66.1603305617979,2006,,
2006-0678-IDN,Earthquake,Indonesia,,,,66.1603305617979,2006,2006-12-17,2006-12-17
2006-0679-UGA,Epidemic,Uganda,,,,66.1603305617979,2006,2006-04-16,2006-12-31
2006-0680-IDN,Flood,Indonesia,,,,66.1603305617979,2006,2006-12-22,2007-01-04
2006-0680-MYS,Flood,Malaysia,,,33253.0,66.1603305617979,2006,2006-12-19,2006-12-20
2006-0687-MDG,Storm,Madagascar,,,,66.1603305617979,2006,2006-12-25,2006-12-25
2006-0688-TWN,Earthquake,Taiwan (Province of China),,,,66.1603305617979,2006,2006-12-26,2006-12-26
2006-0694-KGZ,Earthquake,Kyrgyzstan,,,,66.1603305617979,2006,2006-12-26,2006-12-26
2006-0699-SLV,Earthquake,El Salvador,,,,66.1603305617979,2006,2006-12-17,2006-12-17
2006-0701-BDI,Flood,Burundi,,,,66.1603305617979,2006,,
2006-0702-PHL,Flood,Philippines,,,5131.0,66.1603305617979,2006,2006-12-27,2006-12-29
2006-0704-USA,Earthquake,United States of America,,60459.0,226722.0,66.1603305617979,2006,2006-10-15,2006-10-15
2006-0705-IDN,Earthquake,Indonesia,,,,66.1603305617979,2006,2006-12-01,2006-12-01
2006-0706-USA,Storm,United States of America,,84643.0,136033.0,66.1603305617979,2006,2006-12-25,2006-12-25
2006-0707-USA,Storm,United States of America,,,,66.1603305617979,2006,2006-12-21,2006-12-21
2006-0709-GTM,Extreme temperature,Guatemala,,,,66.1603305617979,2006,,2006-11-23
2006-0709-MEX,Extreme temperature,Mexico,,,,66.1603305617979,2006,,
2006-0709-SLV,Extreme temperature,El Salvador,,,,66.1603305617979,2006,,
2006-0711-TCD,Flood,Chad,,,,66.1603305617979,2006,2006-09-05,2006-10-17
2006-0712-IND,Flood,India,,,,66.1603305617979,2006,2006-08-01,2006-09-10
2006-0715-PNG,Volcanic activity,Papua New Guinea,,,,66.1603305617979,2006,2006-07-13,2006-07-13
2006-0716-HTI,Flood,Haiti,,,,66.1603305617979,2006,2006-07-30,2006-07-31
2006-0717-TZA,Epidemic,United Republic of Tanzania,,,,66.1603305617979,2006,,
2006-0718-USA,Storm,United States of America,,,544133.0,66.1603305617979,2006,2006-12-27,2006-12-31
2006-0719-COG,Epidemic,Congo,,,,66.1603305617979,2006,2006-12-04,2007-04-04
2006-0720-UGA,Epidemic,Uganda,,,,66.1603305617979,2006,2006-12-28,2007-04-08
2006-0721-JAM,Epidemic,Jamaica,,,,66.1603305617979,2006,2006-11-06,2007-02-02
2006-0722-TZA,Infestation,United Republic of Tanzania,,,,66.1603305617979,2006,,
2006-0724-UGA,Epidemic,Uganda,,,,66.1603305617979,2006,2006-01-09,2006-03-05
2006-0725-SDN,Epidemic,Sudan,,,,66.1603305617979,2006,,2007-03-25
2006-0726-PRK,Epidemic,Democratic People's Republic of Korea,,,,66.1603305617979,2006,,
2006-0727-PRY,Epidemic,Paraguay,,,,66.1603305617979,2006,,
2006-0728-PAN,Wildfire,Panama,,,,66.1603305617979,2006,2006-12-20,
2006-0729-MSR,Volcanic activity,Montserrat,,,,66.1603305617979,2006,2006-12-26,
2006-0730-COD,Epidemic,Democratic Republic of the Congo,,,,66.1603305617979,2006,,
2006-0731-IND,Flood,India,,,,66.1603305617979,2006,2006-03-09,2006-03-10
2006-0732-CHN,Flood,China,,,86154.0,66.1603305617979,2006,2006-05-04,2006-05-08
2006-0733-PAK,Flood,Pakistan,,,,66.1603305617979,2006,2006-08-03,2006-08-08
2006-0734-IND,Flood,India,,,,66.1603305617979,2006,2006-10-01,2006-10-01
2006-0736-VNM,Flood,Viet Nam,,,,66.1603305617979,2006,2006-10-12,2006-10-17
2006-0737-BGD,Storm,Bangladesh,,,,66.1603305617979,2006,2006-04-05,2006-04-06
2006-0738-BGD,Storm,Bangladesh,,,,66.1603305617979,2006,2006-04-08,2006-04-08
2006-0739-BGD,Storm,Bangladesh,,,,66.1603305617979,2006,2006-04-22,2006-04-24
2006-0740-IND,Storm,India,,,,66.1603305617979,2006,2006-05-02,2006-05-02
2006-0742-JPN,Storm,Japan,,37787.0,,66.1603305617979,2006,2006-01-21,2006-01-24
2006-0743-USA,Storm,United States of America,,680166.0,,66.1603305617979,2006,2006-11-30,2006-12-03
2006-0744-USA,Storm,United States of America,,302296.0,,66.1603305617979,2006,2006-12-14,2006-12-15
2006-0745-CHN,Storm,China,,,426237.0,66.1603305617979,2006,2006-04-26,2006-04-28
2006-0749-KHM,Epidemic,Cambodia,,,,66.1603305617979,2006,,
2006-0750-KEN,Epidemic,Kenya,,,,66.1603305617979,2006,2006-11-30,2007-03-12
2006-0750-SOM,Epidemic,Somalia,,,,66.1603305617979,2006,2006-12-19,2007-02-20
2006-0753-UGA,Epidemic,Uganda,,,,66.1603305617979,2006,,
2006-0759-USA,Wildfire,United States of America,,,226722.0,66.1603305617979,2006,,
2006-9016-PER,Drought,Peru,,,,66.1603305617979,2006,,
2006-9233-GNB,Drought,Guinea-Bissau,,,,66.1603305617979,2006,,
2006-9411-LTU,Drought,Lithuania,,,340949.0,66.1603305617979,2006,,
2006-9425-MLI,Drought,Mali,,,,66.1603305617979,2006,,
2006-9554-AUS,Drought,Australia,,,,66.1603305617979,2006,,
2006-9570-AFG,Drought,Afghanistan,,,,66.1603305617979,2006,,
2006-9723-NPL,Drought,Nepal,,,,66.1603305617979,2006,,
2006-9741-CHN,Drought,China,,,4398406.0,66.1603305617979,2006,2006-05-01,2006-09-10
2006-9756-TZA,Drought,United Republic of Tanzania,,,,66.1603305617979,2006,,
2007-0003-BRA,Flood,Brazil,,,183695.0,68.0476738315874,2007,2007-01-01,2007-01-12
2007-0007-PAK,Mass movement (wet),Pakistan,,,,68.0476738315874,2007,2007-01-05,2007-01-05
2007-0008-MWI,Flood,Malawi,,,,68.0476738315874,2007,2007-01-08,2007-01-08
2007-0010-AGO,Flood,Angola,,,,68.0476738315874,2007,2007-01-10,2007-05-10
2007-0010-ZMB,Flood,Zambia,,,,68.0476738315874,2007,2007-01-10,2007-05-10
2007-0011-IDN,Mass movement (wet),Indonesia,,,,68.0476738315874,2007,2007-01-09,2007-01-09
2007-0012-LKA,Flood,Sri Lanka,,,,68.0476738315874,2007,2007-01-12,2007-01-14
2007-0015-BRA,Mass movement (wet),Brazil,,,,68.0476738315874,2007,2007-01-10,2007-01-10
2007-0016-IDN,Mass movement (wet),Indonesia,,,,68.0476738315874,2007,2007-01-12,2007-01-14
2007-0019-AUT,Storm,Austria,,382085.0,587823.0,68.0476738315874,2007,2007-01-17,2007-01-18
2007-0019-BEL,Storm,Belgium,,411476.0,661301.0,68.0476738315874,2007,2007-01-18,2007-01-18
2007-0019-BLR,Storm,Belarus,,,14696.0,68.0476738315874,2007,2007-01-19,2007-01-19
2007-0019-CHE,Storm,Switzerland,,,146956.0,68.0476738315874,2007,2007-01-17,2007-01-18
2007-0019-CZE,Storm,Czechia,,51435.0,220434.0,68.0476738315874,2007,2007-01-18,2007-01-18
2007-0019-DEU,Storm,Germany,,4585021.0,8082569.0,68.0476738315874,2007,2007-01-18,2007-01-18
2007-0019-DNK,Storm,Denmark,,,146956.0,68.0476738315874,2007,2007-01-17,2007-01-19
2007-0019-FRA,Storm,France,,191043.0,367389.0,68.0476738315874,2007,2007-01-18,2007-01-18
2007-0019-GBR,Storm,United Kingdom of Great Britain and Northern Ireland,,984604.0,1763470.0,68.0476738315874,2007,2007-01-18,2007-01-18
2007-0019-NLD,Storm,Netherlands (Kingdom of the),,624562.0,808257.0,68.0476738315874,2007,2007-01-18,2007-01-18
2007-0019-POL,Storm,Poland,,,146956.0,68.0476738315874,2007,2007-01-18,2007-01-18
2007-0019-SVN,Storm,Slovenia,,,146956.0,68.0476738315874,2007,2007-01-17,2007-01-18
2007-0019-UKR,Storm,Ukraine,,,146956.0,68.0476738315874,2007,2007-01-17,2007-01-18
2007-0020-MOZ,Flood,Mozambique,,,104339.0,68.0476738315874,2007,2007-01-17,
2007-0021-MYS,Flood,Malaysia,,,889083.0,68.0476738315874,2007,2007-01-11,2007-02-01
2007-0022-PHL,Flood,Philippines,,,5996.0,68.0476738315874,2007,2007-01-10,2007-01-24
2007-0024-YEM,Flood,Yemen,,,,68.0476738315874,2007,2007-01-01,2007-01-04
2007-0026-USA,Storm,United States of America,,293912.0,734779.0,68.0476738315874,2007,2007-01-12,2007-01-17
2007-0027-AGO,Flood,Angola,,,,68.0476738315874,2007,2007-01-17,2007-01-25
2007-0028-BDI,Flood,Burundi,,,,68.0476738315874,2007,2007-01-01,2007-01-17
2007-0032-MDG,Storm,Madagascar,,,,68.0476738315874,2007,2007-01-03,2007-01-03
2007-0033-BGD,Extreme temperature,Bangladesh,,,,68.0476738315874,2007,,
2007-0034-MOZ,Flood,Mozambique,,,,68.0476738315874,2007,2007-01-20,2007-01-23
2007-0037-CHE,Storm,Switzerland,,,,68.0476738315874,2007,2007-01-23,2007-01-26
2007-0037-DEU,Storm,Germany,,,,68.0476738315874,2007,2007-01-23,2007-01-25
2007-0037-ESP,Storm,Spain,,,,68.0476738315874,2007,2007-01-23,2007-01-26
2007-0037-FRA,Storm,France,,,,68.0476738315874,2007,2007-01-23,2007-01-26
2007-0037-RUS,Storm,Russian Federation,,,,68.0476738315874,2007,2007-01-19,2007-01-26
2007-0039-PER,Flood,Peru,,,,68.0476738315874,2007,2007-01-21,2007-02-10
2007-0040-MWI,Flood,Malawi,,,,68.0476738315874,2007,2007-01-20,2007-03-10
2007-0040-ZMB,Flood,Zambia,,,,68.0476738315874,2007,2007-01-20,2007-03-10
2007-0041-USA,Flood,United States of America,,,,68.0476738315874,2007,2007-01-15,2007-01-25
2007-0042-BOL,Flood,Bolivia (Plurinational State of),,,132260.0,68.0476738315874,2007,2007-01-10,2007-05-01
2007-0048-USA,Storm,United States of America,,146956.0,191043.0,68.0476738315874,2007,2007-02-02,2007-02-02
2007-0050-IDN,Flood,Indonesia,,661301.0,1426941.0,68.0476738315874,2007,2007-01-31,2007-02-22
2007-0056-AGO,Epidemic,Angola,,,,68.0476738315874,2007,2007-01-01,2007-12-31
2007-0057-ZMB,Epidemic,Zambia,,,,68.0476738315874,2007,,
2007-0059-RWA,Flood,Rwanda,,,13.0,68.0476738315874,2007,2007-02-03,2007-02-16
2007-0060-ARG,Flood,Argentina,,,44087.0,68.0476738315874,2007,2007-01-18,2007-03-20
2007-0062-BFA,Epidemic,Burkina Faso,,,,68.0476738315874,2007,2007-01-01,2007-04-08
2007-0062-CIV,Epidemic,Côte d’Ivoire,,,,68.0476738315874,2007,,2007-02-17
2007-0065-BOL,Epidemic,Bolivia (Plurinational State of),,,,68.0476738315874,2007,,
2007-0066-CAN,Storm,Canada,,,,68.0476738315874,2007,2007-02-14,2007-02-15
2007-0066-USA,Storm,United States of America,,146956.0,205738.0,68.0476738315874,2007,2007-02-14,2007-02-15
2007-0067-IDN,Epidemic,Indonesia,,,,68.0476738315874,2007,,
2007-0068-ROU,Flood,Romania,,,,68.0476738315874,2007,2007-02-12,2007-02-12
2007-0069-MDG,Flood,Madagascar,,,,68.0476738315874,2007,2007-02-08,2007-02-08
2007-0075-NAM,Flood,Namibia,,,,68.0476738315874,2007,2007-01-10,2007-05-10
2007-0076-NAM,Epidemic,Namibia,,,,68.0476738315874,2007,,
2007-0080-MOZ,Storm,Mozambique,,,,68.0476738315874,2007,2007-02-22,2007-02-22
2007-0080-ZWE,Storm,Zimbabwe,,,1763.0,68.0476738315874,2007,2007-02-27,2007-02-27
2007-0083-USA,Storm,United States of America,,661301.0,881735.0,68.0476738315874,2007,2007-03-01,2007-03-02
2007-0085-MUS,Storm,Mauritius,,,,68.0476738315874,2007,2007-02-25,2007-02-25
2007-0085-REU,Storm,Réunion,,,,68.0476738315874,2007,2007-02-25,2007-02-25
2007-0086-IDN,Flood,Indonesia,,,,68.0476738315874,2007,2007-03-01,2007-03-10
2007-0087-IDN,Earthquake,Indonesia,,7348.0,293912.0,68.0476738315874,2007,2007-03-06,2007-03-06
2007-0093-PAK,Mass movement (wet),Pakistan,,,,68.0476738315874,2007,2007-03-21,2007-03-21
2007-0095-MDG,Storm,Madagascar,,,352694.0,68.0476738315874,2007,2007-03-15,2007-03-17
2007-0101-JPN,Earthquake,Japan,,32330.0,367389.0,68.0476738315874,2007,2007-03-25,2007-03-25
2007-0103-YEM,Flood,Yemen,,,,68.0476738315874,2007,2007-03-23,2007-03-30
2007-0105-AFG,Flood,Afghanistan,,,,68.0476738315874,2007,2007-03-18,2007-03-26
2007-0108-FJI,Flood,Fiji,,,44087.0,68.0476738315874,2007,2007-02-03,2007-02-20
2007-0113-TZA,Epidemic,United Republic of Tanzania,,,,68.0476738315874,2007,2007-01-13,2007-05-03
2007-0114-COD,Epidemic,Democratic Republic of the Congo,,,,68.0476738315874,2007,2007-01-01,2007-02-24
2007-0116-DZA,Flood,Algeria,,,,68.0476738315874,2007,2007-03-21,2007-03-23
2007-0127-SLB,Earthquake,Solomon Islands,,,,68.0476738315874,2007,2007-04-01,2007-04-01
2007-0128-PAK,Mass movement (wet),Pakistan,,,,68.0476738315874,2007,2007-03-30,2007-04-02
2007-0132-ESP,Flood,Spain,,,,68.0476738315874,2007,2007-04-03,2007-04-05
2007-0133-NZL,Storm,New Zealand,,,,68.0476738315874,2007,2007-03-29,2007-03-31
2007-0134-DOM,Flood,Dominican Republic,,,,68.0476738315874,2007,2007-03-26,2007-03-30
2007-0134-HTI,Flood,Haiti,,,,68.0476738315874,2007,2007-03-26,2007-03-30
2007-0135-ARG,Flood,Argentina,,,14696.0,68.0476738315874,2007,2007-03-20,2007-04-26
2007-0135-URY,Flood,Uruguay,,,,68.0476738315874,2007,2007-03-20,2007-04-27
2007-0137-CHN,Storm,China,,,38209.0,68.0476738315874,2007,2007-04-01,2007-04-01
2007-0141-DZA,Flood,Algeria,,,19929.0,68.0476738315874,2007,2007-04-13,2007-04-15
2007-0142-THA,Flood,Thailand,,,,68.0476738315874,2007,2007-04-14,2007-04-15
2007-0150-COL,Volcanic activity,Colombia,,,,68.0476738315874,2007,2007-04-18,2007-04-18
2007-0151-FJI,Storm,Fiji,,,,68.0476738315874,2007,2007-04-05,2007-04-05
2007-0156-USA,Storm,United States of America,,,,68.0476738315874,2007,2007-04-24,2007-04-26
2007-0158-CHL,Earthquake,Chile,,,,68.0476738315874,2007,2007-04-21,2007-04-21
2007-0160-AUS,Flood,Australia,,999299.0,1910425.0,68.0476738315874,2007,2007-06-08,2007-06-12
2007-0161-BGD,Flood,Bangladesh,,,20574.0,68.0476738315874,2007,2007-06-11,2007-06-12
2007-0161-MMR,Flood,Myanmar,,,,68.0476738315874,2007,2007-06-11,2007-06-11
2007-0162-COL,Flood,Colombia,,,,68.0476738315874,2007,2007-03-06,2007-09-30
2007-0164-IRN,Storm,Iran (Islamic Republic of),,,,68.0476738315874,2007,2007-06-06,2007-06-10
2007-0164-OMN,Storm,Oman,,955213.0,5731276.0,68.0476738315874,2007,2007-06-06,2007-06-10
2007-0165-CAN,Flood,Canada,,,,68.0476738315874,2007,2007-06-06,2007-06-11
2007-0166-CHN,Flood,China,,,19104.0,68.0476738315874,2007,2007-06-01,2007-06-06
2007-0167-DOM,Flood,Dominican Republic,,,,68.0476738315874,2007,2007-05-30,2007-06-03
2007-0167-HTI,Flood,Haiti,,,,68.0476738315874,2007,2007-05-30,2007-06-03
2007-0168-TUR,Flood,Türkiye,,,,68.0476738315874,2007,2007-05-27,2007-06-01
2007-0170-FRA,Storm,France,,,,68.0476738315874,2007,2007-05-25,2007-05-27
2007-0171-BGR,Flood,Bulgaria,,,,68.0476738315874,2007,2007-05-22,2007-06-06
2007-0172-CHN,Flood,China,,,114626.0,68.0476738315874,2007,2007-05-24,2007-05-26
2007-0173-USA,Flood,United States of America,,,,68.0476738315874,2007,2007-05-24,2007-05-29
2007-0174-ESP,Flood,Spain,,73478.0,587823.0,68.0476738315874,2007,2007-05-23,2007-05-26
2007-0175-IDN,Flood,Indonesia,,,,68.0476738315874,2007,2007-05-15,2007-06-05
2007-0176-COL,Flood,Colombia,,,,68.0476738315874,2007,2007-05-19,2007-06-12
2007-0177-KEN,Flood,Kenya,,,,68.0476738315874,2007,2007-05-15,2007-06-11
2007-0178-AFG,Flood,Afghanistan,,,,68.0476738315874,2007,2007-05-14,2007-05-18
2007-0180-RUS,Flood,Russian Federation,,,37844.0,68.0476738315874,2007,2007-05-13,2007-06-11
2007-0181-THA,Flood,Thailand,,,,68.0476738315874,2007,2007-05-11,2007-05-21
2007-0183-URY,Flood,Uruguay,,,66130.0,68.0476738315874,2007,2007-05-04,2007-05-25
2007-0185-AFG,Flood,Afghanistan,,,,68.0476738315874,2007,2007-05-05,2007-05-07
2007-0186-MMR,Flood,Myanmar,,,,68.0476738315874,2007,2007-05-03,2007-05-09
2007-0187-LKA,Flood,Sri Lanka,,,73.0,68.0476738315874,2007,2007-05-02,2007-05-07
2007-0191-COL,Flood,Colombia,,,,68.0476738315874,2007,2007-04-26,2007-05-01
2007-0192-AFG,Flood,Afghanistan,,,,68.0476738315874,2007,2007-04-23,2007-05-04
2007-0195-KGZ,Flood,Kyrgyzstan,,,294.0,68.0476738315874,2007,2007-04-17,2007-04-25
2007-0196-TJK,Flood,Tajikistan,,,,68.0476738315874,2007,2007-04-16,2007-04-20
2007-0201-GBR,Flood,United Kingdom of Great Britain and Northern Ireland,,439398.0,658362.0,68.0476738315874,2007,2007-06-15,2007-06-21
2007-0207-IND,Extreme temperature,India,,,,68.0476738315874,2007,,
2007-0213-ZAF,Extreme temperature,South Africa,,,,68.0476738315874,2007,2007-05-21,2007-05-27
2007-0217-CHN,Earthquake,China,,14696.0,502589.0,68.0476738315874,2007,2007-06-02,2007-06-02
2007-0225-IND,Flood,India,,,,68.0476738315874,2007,2007-06-18,2007-06-26
2007-0227-BGD,Storm,Bangladesh,,,,68.0476738315874,2007,2007-05-15,2007-05-15
2007-0235-ALB,Extreme temperature,Albania,,,,68.0476738315874,2007,2007-07-15,2007-07-22
2007-0235-AUT,Extreme temperature,Austria,,,,68.0476738315874,2007,,
2007-0235-BGR,Extreme temperature,Bulgaria,,,,68.0476738315874,2007,,
2007-0235-BIH,Extreme temperature,Bosnia and Herzegovina,,,,68.0476738315874,2007,2007-07-15,2007-07-22
2007-0235-CYP,Extreme temperature,Cyprus,,,,68.0476738315874,2007,,
2007-0235-GRC,Extreme temperature,Greece,,,,68.0476738315874,2007,,
2007-0235-HUN,Extreme temperature,Hungary,,,,68.0476738315874,2007,,
2007-0235-ITA,Extreme temperature,Italy,,,,68.0476738315874,2007,,
2007-0235-MKD,Extreme temperature,North Macedonia,,,,68.0476738315874,2007,,
2007-0235-ROU,Extreme temperature,Romania,,,,68.0476738315874,2007,,
2007-0235-SRB,Extreme temperature,Serbia,,,,68.0476738315874,2007,2007-07-16,2007-07-24
2007-0235-SVK,Extreme temperature,Slovakia,,,,68.0476738315874,2007,2007-07-15,2007-07-22
2007-0235-TUR,Extreme temperature,Türkiye,,,,68.0476738315874,2007,,
2007-0238-IND,Flood,India,,,,68.0476738315874,2007,2007-07-01,2007-07-13
2007-0239-IND,Flood,India,,,,68.0476738315874,2007,2007-07-01,2007-07-06
2007-0240-IND,Flood,India,,,,68.0476738315874,2007,2007-06-30,2007-07-13
2007-0241-PAK,Flood,Pakistan,,,,68.0476738315874,2007,2007-06-28,2007-07-22
2007-0242-IRN,Flood,Iran (Islamic Republic of),,,32330.0,68.0476738315874,2007,2007-06-27,2007-06-29
2007-0244-USA,Flood,United States of America,,,,68.0476738315874,2007,2007-06-26,2007-07-06
2007-0245-PAK,Storm,Pakistan,,,2380684.0,68.0476738315874,2007,2007-06-26,2007-07-06
2007-0247-GBR,Flood,United Kingdom of Great Britain and Northern Ireland,,4408674.0,5878232.0,68.0476738315874,2007,2007-06-25,2007-07-03
2007-0248-AFG,Flood,Afghanistan,,,,68.0476738315874,2007,2007-06-24,2007-07-03
2007-0249-PAK,Flood,Pakistan,,,,68.0476738315874,2007,2007-06-23,2007-06-25
2007-0250-IND,Flood,India,,,,68.0476738315874,2007,2007-06-22,2007-07-04
2007-0251-USA,Flood,United States of America,,,,68.0476738315874,2007,2007-06-19,2007-06-20
2007-0254-USA,Flood,United States of America,,,41148.0,68.0476738315874,2007,2007-06-17,2007-06-22
2007-0255-PAK,Flood,Pakistan,,,,68.0476738315874,2007,2007-06-16,2007-06-20
2007-0258-JPN,Earthquake,Japan,,492302.0,18369474.0,68.0476738315874,2007,2007-07-16,2007-07-16
2007-0259-IDN,Volcanic activity,Indonesia,,,,68.0476738315874,2007,2007-07-09,2007-07-09
2007-0261-SDN,Flood,Sudan,,,440867.0,68.0476738315874,2007,2007-07-03,2007-10-08
2007-0262-JPN,Storm,Japan,,98460.0,88173.0,68.0476738315874,2007,2007-07-13,2007-07-16
2007-0263-ARG,Extreme temperature,Argentina,,,,68.0476738315874,2007,,
2007-0263-BOL,Extreme temperature,Bolivia (Plurinational State of),,,,68.0476738315874,2007,,
2007-0263-CHL,Extreme temperature,Chile,,,,68.0476738315874,2007,,
2007-0263-PER,Extreme temperature,Peru,,,,68.0476738315874,2007,,
2007-0263-URY,Extreme temperature,Uruguay,,,,68.0476738315874,2007,,
2007-0268-CHN,Flood,China,,,6503756.0,68.0476738315874,2007,2007-06-15,
2007-0273-ETH,Flood,Ethiopia,,,,68.0476738315874,2007,2007-06-06,2007-07-11
2007-0274-IDN,Epidemic,Indonesia,,,,68.0476738315874,2007,,
2007-0274-KHM,Epidemic,Cambodia,,,,68.0476738315874,2007,,
2007-0274-MMR,Epidemic,Myanmar,,,,68.0476738315874,2007,,
2007-0274-MYS,Epidemic,Malaysia,,,,68.0476738315874,2007,,
2007-0274-VNM,Epidemic,Viet Nam,,,,68.0476738315874,2007,,
2007-0275-MLI,Flood,Mali,,,,68.0476738315874,2007,2007-07-04,2007-10-10
2007-0278-GBR,Flood,United Kingdom of Great Britain and Northern Ireland,,4408674.0,5878232.0,68.0476738315874,2007,2007-07-20,2007-07-24
2007-0281-HTI,Flood,Haiti,,,,68.0476738315874,2007,2007-07-23,2007-07-24
2007-0283-IDN,Flood,Indonesia,,,,68.0476738315874,2007,,
2007-0284-PAK,Flood,Pakistan,,,,68.0476738315874,2007,2007-07-20,2007-07-20
2007-0287-TJK,Earthquake,Tajikistan,,,,68.0476738315874,2007,2007-07-21,2007-07-21
2007-0293-MLI,Flood,Mali,,,,68.0476738315874,2007,2007-07-22,2007-07-22
2007-0294-ITA,Wildfire,Italy,,,,68.0476738315874,2007,,
2007-0297-CHN,Storm,China,,,10581.0,68.0476738315874,2007,2007-07-05,2007-07-05
2007-0304-ETH,Flood,Ethiopia,,,,68.0476738315874,2007,2007-07-29,2007-10-05
2007-0305-BFA,Flood,Burkina Faso,8817.0,,,68.0476738315874,2007,2007-07-26,2007-10-10
2007-0306-ZAF,Flood,South Africa,,,,68.0476738315874,2007,2007-07-27,2007-08-02
2007-0307-NPL,Flood,Nepal,,,3527.0,68.0476738315874,2007,2007-07-23,2007-10-02
2007-0309-IDN,Flood,Indonesia,,,,68.0476738315874,2007,2007-07-25,2007-08-02
2007-0311-BGD,Flood,Bangladesh,,,146956.0,68.0476738315874,2007,2007-07-21,2007-08-03
2007-0311-IND,Flood,India,,,,68.0476738315874,2007,2007-07-21,2007-08-03
2007-0312-IDN,Flood,Indonesia,,,,68.0476738315874,2007,2007-07-22,2007-08-07
2007-0313-CHN,Flood,China,,,58782.0,68.0476738315874,2007,2007-07-18,2007-08-03
2007-0314-CHN,Flood,China,,,483485.0,68.0476738315874,2007,2007-07-18,2007-07-22
2007-0315-CHN,Flood,China,,,117565.0,68.0476738315874,2007,2007-07-14,2007-08-03
2007-0316-AFG,Flood,Afghanistan,,,,68.0476738315874,2007,2007-07-15,2007-07-17
2007-0318-MMR,Flood,Myanmar,,,,68.0476738315874,2007,2007-07-06,2007-07-11
2007-0319-JPN,Flood,Japan,,,,68.0476738315874,2007,2007-07-04,2007-07-12
2007-0320-IND,Flood,India,,,,68.0476738315874,2007,2007-07-03,2007-09-22
2007-0322-BGR,Flood,Bulgaria,,,,68.0476738315874,2007,2007-08-04,2007-08-07
2007-0323-VNM,Flood,Viet Nam,,,191043.0,68.0476738315874,2007,2007-08-05,2007-08-07
2007-0324-SDN,Epidemic,Sudan,,,,68.0476738315874,2007,,
2007-0325-HRV,Wildfire,Croatia,,,,68.0476738315874,2007,2007-08-04,2007-08-05
2007-0329-SPI,Wildfire,Canary Islands,,,,68.0476738315874,2007,,
2007-0330-TUR,Flood,Türkiye,,,,68.0476738315874,2007,2007-08-03,2007-08-03
2007-0333-CHN,Flood,China,,,,68.0476738315874,2007,2007-07-29,2007-08-03
2007-0334-RUS,Earthquake,Russian Federation,,,617214.0,68.0476738315874,2007,2007-08-02,2007-08-02
2007-0337-SWZ,Wildfire,Eswatini,,,,68.0476738315874,2007,2007-07-27,2007-07-30
2007-0337-ZAF,Wildfire,South Africa,,,,68.0476738315874,2007,2007-07-27,2007-07-30
2007-0339-MRT,Flood,Mauritania,,,,68.0476738315874,2007,2007-08-07,2007-09-05
2007-0340-ROU,Flood,Romania,,,,68.0476738315874,2007,2007-08-07,2007-08-07
2007-0344-DZA,Flood,Algeria,,,,68.0476738315874,2007,2007-08-03,2007-08-03
2007-0346-PHL,Storm,Philippines,,,723.0,68.0476738315874,2007,2007-08-08,2007-08-13
2007-0348-PAK,Flood,Pakistan,,,480719.0,68.0476738315874,2007,2007-08-10,2007-08-13
2007-0349-CHE,Flood,Switzerland,,411476.0,514345.0,68.0476738315874,2007,2007-08-08,2007-08-12
2007-0349-DEU,Flood,Germany,,,,68.0476738315874,2007,2007-08-09,2007-08-12
2007-0351-USA,Wildfire,United States of America,,220434.0,,68.0476738315874,2007,2007-06-24,2007-07-02
2007-0352-PRK,Flood,Democratic People's Republic of Korea,,,440867.0,68.0476738315874,2007,2007-08-07,2007-08-25
2007-0353-DZA,Flood,Algeria,,,,68.0476738315874,2007,2007-08-12,2007-08-12
2007-0356-KEN,Mass movement (wet),Kenya,,,,68.0476738315874,2007,2007-08-10,2007-08-13
2007-0358-JPN,Extreme temperature,Japan,,,,68.0476738315874,2007,,2007-08-17
2007-0359-USA,Storm,United States of America,,,364450.0,68.0476738315874,2007,2007-08-16,2007-08-19
2007-0360-BLZ,Storm,Belize,,,21819.0,68.0476738315874,2007,2007-08-21,2007-08-21
2007-0360-CUB,Storm,Cuba,,,,68.0476738315874,2007,2007-08-20,2007-08-20
2007-0360-DMA,Storm,Dominica,,14696.0,29391.0,68.0476738315874,2007,2007-08-21,2007-08-24
2007-0360-DOM,Storm,Dominican Republic,,44087.0,58782.0,68.0476738315874,2007,2007-08-21,2007-08-24
2007-0360-GLP,Storm,Guadeloupe,,183695.0,440867.0,68.0476738315874,2007,2007-08-29,2007-08-29
2007-0360-HTI,Storm,Haiti,,,,68.0476738315874,2007,2007-08-18,2007-08-24
2007-0360-JAM,Storm,Jamaica,,220434.0,440867.0,68.0476738315874,2007,2007-08-20,2007-08-20
2007-0360-LCA,Storm,Saint Lucia,,29391.0,58782.0,68.0476738315874,2007,2007-08-17,2007-08-24
2007-0360-MEX,Storm,Mexico,,698040.0,881735.0,68.0476738315874,2007,2007-08-21,2007-08-24
2007-0360-MTQ,Storm,Martinique,,183695.0,440867.0,68.0476738315874,2007,2007-08-16,2007-08-24
2007-0362-PER,Earthquake,Peru,,293912.0,881735.0,68.0476738315874,2007,2007-08-15,2007-08-15
2007-0363-ETH,Volcanic activity,Ethiopia,,,,68.0476738315874,2007,2007-08-12,2007-08-12
2007-0364-IND,Flood,India,,,,68.0476738315874,2007,2007-08-12,2007-08-17
2007-0365-ALB,Wildfire,Albania,,,,68.0476738315874,2007,,
2007-0366-BGR,Wildfire,Bulgaria,,,3606.0,68.0476738315874,2007,,
2007-0367-MDV,Flood,Maldives,,,,68.0476738315874,2007,2007-05-15,2007-05-17
2007-0368-MKD,Wildfire,North Macedonia,,,,68.0476738315874,2007,,
2007-0369-LBR,Storm,Liberia,,,,68.0476738315874,2007,2007-03-21,2007-03-21
2007-0375-TCD,Storm,Chad,,,,68.0476738315874,2007,2007-05-07,2007-05-07
2007-0380-CHN,Storm,China,,,1308722.0,68.0476738315874,2007,2007-08-18,2007-08-21
2007-0380-PHL,Storm,Philippines,,,723.0,68.0476738315874,2007,2007-08-17,2007-08-24
2007-0380-TWN,Storm,Taiwan (Province of China),,,36739.0,68.0476738315874,2007,2007-08-17,2007-08-24
2007-0383-USA,Flood,United States of America,,661301.0,1028691.0,68.0476738315874,2007,2007-08-16,2007-08-27
2007-0387-CHN,Storm,China,,,,68.0476738315874,2007,2007-08-18,2007-08-18
2007-0389-NER,Flood,Niger,,,,68.0476738315874,2007,2007-07-26,2007-10-10
2007-0391-POL,Storm,Poland,,,,68.0476738315874,2007,2007-08-21,2007-08-21
2007-0392-GRC,Wildfire,Greece,,,2571726.0,68.0476738315874,2007,2007-08-24,2007-08-30
2007-0393-ROU,Flood,Romania,,,,68.0476738315874,2007,2007-08-25,2007-08-26
2007-0395-BGR,Wildfire,Bulgaria,,,,68.0476738315874,2007,2007-08-25,2007-08-26
2007-0396-UKR,Storm,Ukraine,,,,68.0476738315874,2007,2007-07-22,2007-07-24
2007-0398-TLS,Flood,Timor-Leste,,,,68.0476738315874,2007,,
2007-0399-GMB,Flood,Gambia,,,,68.0476738315874,2007,2007-07-18,2007-07-19
2007-0400-CMR,Flood,Cameroon,,,,68.0476738315874,2007,2007-08-02,2007-08-17
2007-0402-MRT,Flood,Mauritania,,,,68.0476738315874,2007,2007-08-31,2007-09-03
2007-0403-TCD,Flood,Chad,,,,68.0476738315874,2007,2007-08-25,2007-09-09
2007-0404-LBR,Flood,Liberia,,,,68.0476738315874,2007,2007-08-26,2007-08-30
2007-0405-CHN,Flood,China,,,8083.0,68.0476738315874,2007,2007-08-22,2007-08-27
2007-0406-YEM,Flood,Yemen,,,,68.0476738315874,2007,2007-08-01,2007-08-27
2007-0408-KEN,Flood,Kenya,,,,68.0476738315874,2007,2007-08-15,2007-10-31
2007-0408-UGA,Flood,Uganda,,,104.0,68.0476738315874,2007,2007-08-15,2007-10-31
2007-0409-MMR,Flood,Myanmar,,,,68.0476738315874,2007,2007-08-14,2007-08-29
2007-0410-KHM,Flood,Cambodia,,,1470.0,68.0476738315874,2007,2007-08-10,2007-08-24
2007-0411-TCD,Flood,Chad,,,,68.0476738315874,2007,2007-08-09,2007-08-15
2007-0412-PAK,Flood,Pakistan,,,,68.0476738315874,2007,2007-08-12,2007-08-14
2007-0414-CHN,Flood,China,,,,68.0476738315874,2007,2007-08-09,2007-08-12
2007-0415-IND,Flood,India,,,,68.0476738315874,2007,2007-08-08,2007-08-15
2007-0419-NGA,Flood,Nigeria,,,,68.0476738315874,2007,2007-08-04,2007-10-21
2007-0421-ROU,Flood,Romania,,,,68.0476738315874,2007,2007-09-05,2007-09-11
2007-0423-GIN,Epidemic,Guinea,,,,68.0476738315874,2007,,
2007-0425-SOM,Flood,Somalia,,,,68.0476738315874,2007,2007-09-01,2007-10-04
2007-0427-SEN,Flood,Senegal,,,,68.0476738315874,2007,2007-08-09,2007-09-20
2007-0428-CIV,Flood,Côte d’Ivoire,,,,68.0476738315874,2007,2007-07-27,2007-07-27
2007-0429-TZA,Epidemic,United Republic of Tanzania,,,,68.0476738315874,2007,2007-07-28,2007-08-01
2007-0432-ZWE,Epidemic,Zimbabwe,,,,68.0476738315874,2007,2007-05-25,
2007-0433-COL,Earthquake,Colombia,,,,68.0476738315874,2007,2007-09-10,2007-09-10
2007-0435-MEX,Flood,Mexico,,,,68.0476738315874,2007,2007-09-04,2007-09-12
2007-0437-COM,Epidemic,Comoros,,,,68.0476738315874,2007,,
2007-0438-TGO,Flood,Togo,,,,68.0476738315874,2007,,
2007-0439-GTM,Storm,Guatemala,,,,68.0476738315874,2007,2007-09-04,2007-09-12
2007-0439-HND,Storm,Honduras,,,9668.0,68.0476738315874,2007,2007-09-04,2007-09-12
2007-0439-MEX,Storm,Mexico,,,,68.0476738315874,2007,2007-09-04,2007-09-06
2007-0439-NIC,Storm,Nicaragua,,,,68.0476738315874,2007,2007-09-04,2007-09-12
2007-0439-SLV,Storm,El Salvador,,,,68.0476738315874,2007,2007-09-04,2007-09-04
2007-0440-IDN,Earthquake,Indonesia,,,734779.0,68.0476738315874,2007,2007-09-12,2007-09-12
2007-0441-GHA,Flood,Ghana,,,,68.0476738315874,2007,2007-08-10,2007-10-10
2007-0442-RWA,Flood,Rwanda,,,,68.0476738315874,2007,2007-09-12,2007-09-20
2007-0444-HRV,Wildfire,Croatia,,,,68.0476738315874,2007,2007-08-30,2007-08-30
2007-0446-THA,Flood,Thailand,,,,68.0476738315874,2007,2007-09-05,2007-11-10
2007-0447-IDN,Flood,Indonesia,,,,68.0476738315874,2007,2007-09-02,2007-09-04
2007-0448-CHN,Flood,China,,,38209.0,68.0476738315874,2007,2007-08-31,2007-09-02
2007-0449-DZA,Flood,Algeria,,,43352.0,68.0476738315874,2007,2007-09-21,2007-09-24
2007-0453-GAB,Epidemic,Gabon,,,,68.0476738315874,2007,2007-05-10,2007-07-01
2007-0454-PRY,Wildfire,Paraguay,,,44087.0,68.0476738315874,2007,,
2007-0455-CAF,Flood,Central African Republic,,,,68.0476738315874,2007,,2007-08-11
2007-0456-COD,Epidemic,Democratic Republic of the Congo,,,,68.0476738315874,2007,,2007-10-02
2007-0457-CHN,Storm,China,,,937578.0,68.0476738315874,2007,2007-09-20,2007-09-20
2007-0457-JPN,Storm,Japan,,,,68.0476738315874,2007,2007-09-17,2007-09-25
2007-0457-PHL,Storm,Philippines,,,,68.0476738315874,2007,2007-09-17,2007-09-25
2007-0457-PRK,Storm,Democratic People's Republic of Korea,,,,68.0476738315874,2007,2007-09-17,2007-09-25
2007-0458-SVN,Storm,Slovenia,,,429111.0,68.0476738315874,2007,2007-09-18,2007-09-20
2007-0461-HND,Earthquake,Honduras,,,,68.0476738315874,2007,2007-09-15,2007-09-15
2007-0463-PHL,Storm,Philippines,,,,68.0476738315874,2007,2007-09-29,2007-10-12
2007-0463-VNM,Storm,Viet Nam,,,280686.0,68.0476738315874,2007,2007-09-29,2007-10-12
2007-0464-MEX,Storm,Mexico,,,,68.0476738315874,2007,2007-09-28,2007-10-01
2007-0465-BRA,Flood,Brazil,,,,68.0476738315874,2007,2007-09-24,2007-09-30
2007-0466-CRI,Flood,Costa Rica,,,,68.0476738315874,2007,2007-09-20,2007-09-26
2007-0467-IND,Flood,India,,,404128.0,68.0476738315874,2007,2007-09-22,2007-10-03
2007-0468-GTM,Flood,Guatemala,,,,68.0476738315874,2007,2007-09-22,2007-09-24
2007-0469-IND,Flood,India,,,,68.0476738315874,2007,2007-09-16,2007-10-07
2007-0470-KOR,Storm,Republic of Korea,,,102869.0,68.0476738315874,2007,2007-09-16,2007-09-19
2007-0471-LBN,Wildfire,Lebanon,,,,68.0476738315874,2007,2007-10-01,2007-10-04
2007-0473-YEM,Volcanic activity,Yemen,,,,68.0476738315874,2007,2007-09-30,2007-09-30
2007-0477-BEN,Flood,Benin,,,,68.0476738315874,2007,,
2007-0479-JPN,Storm,Japan,,1028691.0,1469558.0,68.0476738315874,2007,2007-08-28,2007-09-08
2007-0485-IDN,Earthquake,Indonesia,,,,68.0476738315874,2007,2007-09-09,2007-09-09
2007-0487-SLE,Flood,Sierra Leone,,,,68.0476738315874,2007,,
2007-0495-IRQ,Epidemic,Iraq,,,,68.0476738315874,2007,2007-08-14,2007-10-03
2007-0496-HTI,Flood,Haiti,,,,68.0476738315874,2007,2007-10-07,2007-10-17
2007-0498-CUB,Flood,Cuba,,,,68.0476738315874,2007,2007-10-07,2007-10-17
2007-0501-TUN,Flood,Tunisia,,,,68.0476738315874,2007,2007-10-13,2007-10-16
2007-0503-CRI,Flood,Costa Rica,,,117565.0,68.0476738315874,2007,2007-10-12,2007-10-26
2007-0503-GTM,Flood,Guatemala,,,,68.0476738315874,2007,2007-10-12,2007-10-26
2007-0503-HND,Flood,Honduras,,,,68.0476738315874,2007,2007-10-12,2007-10-26
2007-0503-NIC,Flood,Nicaragua,,,,68.0476738315874,2007,2007-10-14,2007-10-24
2007-0503-PAN,Flood,Panama,,,,68.0476738315874,2007,2007-10-12,2007-10-26
2007-0503-SLV,Flood,El Salvador,,,,68.0476738315874,2007,2007-10-12,2007-10-26
2007-0508-SOM,Epidemic,Somalia,,,,68.0476738315874,2007,,
2007-0509-BGD,Epidemic,Bangladesh,,,,68.0476738315874,2007,2007-07-29,2007-10-09
2007-0510-BGD,Epidemic,Bangladesh,,,,68.0476738315874,2007,2007-07-30,2007-10-09
2007-0511-IDN,Volcanic activity,Indonesia,,,,68.0476738315874,2007,2007-10-16,2007-10-18
2007-0512-VNM,Flood,Viet Nam,,,14696.0,68.0476738315874,2007,2007-10-14,2007-10-24
2007-0515-GIN,Flood,Guinea,,,,68.0476738315874,2007,,
2007-0519-USA,Wildfire,United States of America,,2792160.0,3673895.0,68.0476738315874,2007,2007-10-21,2007-10-24
2007-0521-MEX,Flood,Mexico,,1028691.0,4408674.0,68.0476738315874,2007,2007-10-28,2007-11-16
2007-0522-VNM,Flood,Viet Nam,,,440867.0,68.0476738315874,2007,2007-10-28,2007-11-09
2007-0523-BHS,Storm,Bahamas,,,,68.0476738315874,2007,2007-10-28,2007-11-02
2007-0523-CUB,Storm,Cuba,,,734779.0,68.0476738315874,2007,2007-10-28,2007-11-02
2007-0523-DOM,Storm,Dominican Republic,,,114185.0,68.0476738315874,2007,2007-10-28,2007-11-02
2007-0523-HTI,Storm,Haiti,,,,68.0476738315874,2007,2007-10-28,2007-11-02
2007-0523-JAM,Storm,Jamaica,,,,68.0476738315874,2007,2007-10-28,2007-11-02
2007-0524-IND,Flood,India,,,,68.0476738315874,2007,2007-10-27,2007-11-01
2007-0525-PHL,Flood,Philippines,,,,68.0476738315874,2007,2007-10-27,2007-11-01
2007-0527-COD,Flood,Democratic Republic of the Congo,,,,68.0476738315874,2007,2007-10-25,2007-10-31
2007-0528-BRA,Flood,Brazil,,,,68.0476738315874,2007,2007-10-24,2007-10-27
2007-0529-COL,Flood,Colombia,,,,68.0476738315874,2007,2007-10-20,2007-10-26
2007-0530-THA,Flood,Thailand,,,2204.0,68.0476738315874,2007,2007-10-22,2007-10-29
2007-0531-VNM,Flood,Viet Nam,,,,68.0476738315874,2007,2007-10-20,2007-11-02
2007-0537-MEX,Mass movement (wet),Mexico,,,,68.0476738315874,2007,2007-11-06,2007-11-06
2007-0539-BDI,Flood,Burundi,,,,68.0476738315874,2007,2007-10-15,2007-10-31
2007-0541-NGA,Flood,Nigeria,,,,68.0476738315874,2007,,
2007-0543-HND,Flood,Honduras,,,,68.0476738315874,2007,2007-11-04,2007-11-06
2007-0551-ESP,Flood,Spain,,,,68.0476738315874,2007,2007-10-12,2007-10-18
2007-0552-CHN,Storm,China,,,1583872.0,68.0476738315874,2007,2007-10-02,2007-10-08
2007-0552-TWN,Storm,Taiwan (Province of China),,,51435.0,68.0476738315874,2007,2007-10-06,2007-10-10
2007-0553-PHL,Flood,Philippines,,,3703.0,68.0476738315874,2007,2007-11-18,2007-11-21
2007-0554-BGR,Flood,Bulgaria,,,,68.0476738315874,2007,2007-11-16,2007-11-21
2007-0554-GRC,Flood,Greece,,,,68.0476738315874,2007,2007-11-16,2007-12-02
2007-0554-TUR,Flood,Türkiye,,,,68.0476738315874,2007,2007-11-16,2007-11-21
2007-0555-UGA,Flood,Uganda,,,,68.0476738315874,2007,2007-11-15,2007-11-18
2007-0556-BGD,Storm,Bangladesh,,,3379983.0,68.0476738315874,2007,2007-11-15,2007-11-19
2007-0556-IND,Storm,India,,,,68.0476738315874,2007,2007-11-15,2007-11-15
2007-0557-PNG,Storm,Papua New Guinea,268929.0,,,68.0476738315874,2007,2007-11-12,2007-11-16
2007-0558-VNM,Flood,Viet Nam,,,514345.0,68.0476738315874,2007,2007-11-10,2007-11-21
2007-0559-SOM,Flood,Somalia,,,,68.0476738315874,2007,2007-11-03,2007-11-04
2007-0560-PHL,Storm,Philippines,,,4366.0,68.0476738315874,2007,2007-11-04,2007-11-06
2007-0561-UGA,Epidemic,Uganda,,,,68.0476738315874,2007,2007-08-20,
2007-0562-MNE,Flood,Montenegro,,,,68.0476738315874,2007,2007-11-26,2007-11-29
2007-0562-SRB,Flood,Serbia,,,,68.0476738315874,2007,2007-11-25,2007-11-29
2007-0565-IDN,Earthquake,Indonesia,,,,68.0476738315874,2007,2007-11-25,2007-11-25
2007-0568-DZA,Flood,Algeria,,,,68.0476738315874,2007,2007-11-24,2007-12-02
2007-0572-BRB,Earthquake,Barbados,,,,68.0476738315874,2007,2007-11-29,2007-11-29
2007-0572-LCA,Earthquake,Saint Lucia,,,,68.0476738315874,2007,2007-11-29,2007-11-29
2007-0572-MTQ,Earthquake,Martinique,,,,68.0476738315874,2007,2007-11-29,2007-11-29
2007-0576-PHL,Storm,Philippines,,,7348.0,68.0476738315874,2007,2007-11-25,2007-12-02
2007-0577-PHL,Flood,Philippines,,,,68.0476738315874,2007,2007-11-28,2007-11-28
2007-0578-PHL,Storm,Philippines,,,1470.0,68.0476738315874,2007,2007-11-18,2007-11-23
2007-0579-USA,Wildfire,United States of America,,,462911.0,68.0476738315874,2007,2007-11-24,2007-11-27
2007-0580-CHN,Mass movement (wet),China,,,,68.0476738315874,2007,2007-11-20,2007-11-20
2007-0581-USA,Storm,United States of America,,293912.0,1469558.0,68.0476738315874,2007,2007-12-03,2007-12-07
2007-0585-MWI,Flood,Malawi,,,,68.0476738315874,2007,2007-11-18,
2007-0587-CHL,Earthquake,Chile,,,146956.0,68.0476738315874,2007,2007-11-14,2007-11-14
2007-0590-COG,Flood,Congo,,,,68.0476738315874,2007,2007-10-26,2007-10-26
2007-0591-AUS,Storm,Australia,,,146956.0,68.0476738315874,2007,2007-03-02,2007-03-16
2007-0592-FJI,Flood,Fiji,,,10287.0,68.0476738315874,2007,2007-03-09,2007-03-12
2007-0595-NGA,Flood,Nigeria,,,,68.0476738315874,2007,2007-08-01,2007-08-15
2007-0596-IND,Flood,India,,,,68.0476738315874,2007,2007-08-03,2007-08-27
2007-0598-KOR,Flood,Republic of Korea,,,,68.0476738315874,2007,2007-09-04,2007-09-07
2007-0602-IND,Flood,India,,,,68.0476738315874,2007,2007-07-12,2007-10-10
2007-0603-IND,Flood,India,,,148647.0,68.0476738315874,2007,2007-07-16,2007-07-20
2007-0604-ZWE,Flood,Zimbabwe,,,,68.0476738315874,2007,2007-12-13,
2007-0609-LKA,Flood,Sri Lanka,,,,68.0476738315874,2007,2007-12-16,2008-01-01
2007-0610-IDN,Flood,Indonesia,,,,68.0476738315874,2007,2007-12-25,
2007-0611-MYS,Flood,Malaysia,,,533450.0,68.0476738315874,2007,2007-12-07,2007-12-21
2007-0611-THA,Flood,Thailand,,,,68.0476738315874,2007,2007-12-07,2007-12-21
2007-0612-DOM,Storm,Dominican Republic,,,66130.0,68.0476738315874,2007,2007-12-11,2007-12-17
2007-0612-HTI,Storm,Haiti,,,,68.0476738315874,2007,2007-12-11,2007-12-17
2007-0612-PRI,Storm,Puerto Rico,,,,68.0476738315874,2007,2007-12-11,2007-12-17
2007-0613-KEN,Flood,Kenya,,,,68.0476738315874,2007,2007-12-12,2007-12-15
2007-0614-MOZ,Flood,Mozambique,,,146956.0,68.0476738315874,2007,2007-12-11,2008-01-03
2007-0614-MWI,Flood,Malawi,,,,68.0476738315874,2007,2007-11-11,2008-01-02
2007-0616-MOZ,Flood,Mozambique,,,,68.0476738315874,2007,2007-12-19,2008-01-02
2007-0616-ZWE,Flood,Zimbabwe,,,,68.0476738315874,2007,2007-12-19,2008-01-02
2007-0617-TJK,Mass movement (wet),Tajikistan,,,,68.0476738315874,2007,2007-12-22,2007-12-22
2007-0621-CAN,Storm,Canada,,,,68.0476738315874,2007,2007-12-23,2007-12-26
2007-0621-USA,Storm,United States of America,,,,68.0476738315874,2007,2007-12-23,2007-12-26
2007-0633-ZMB,Flood,Zambia,,,,68.0476738315874,2007,2007-12-30,2008-02-27
2007-0641-USA,Storm,United States of America,,661301.0,734779.0,68.0476738315874,2007,2007-12-09,2007-12-11
2007-0651-IDN,Epidemic,Indonesia,,,,68.0476738315874,2007,,
2007-0652-BOL,Flood,Bolivia (Plurinational State of),,,734779.0,68.0476738315874,2007,2007-12-15,2008-02-20
2007-0653-BRA,Earthquake,Brazil,,,,68.0476738315874,2007,2007-12-09,2007-12-09
2007-0654-JPN,Earthquake,Japan,,,,68.0476738315874,2007,2007-04-15,2007-04-15
2007-0655-FJI,Storm,Fiji,,,958.0,68.0476738315874,2007,2007-12-05,2007-12-07
2007-0656-NGA,Epidemic,Nigeria,,,,68.0476738315874,2007,,2007-12-09
2007-0657-SDN,Epidemic,Sudan,,,,68.0476738315874,2007,2007-01-01,2007-03-11
2007-0658-SDN,Epidemic,Sudan,,,,68.0476738315874,2007,2007-10-18,2007-11-14
2007-0659-AGO,Epidemic,Angola,,,,68.0476738315874,2007,2007-10-02,2007-11-29
2007-0660-SEN,Epidemic,Senegal,,,,68.0476738315874,2007,2007-08-03,2007-10-30
2007-0661-TJK,Flood,Tajikistan,,,,68.0476738315874,2007,2007-07-22,2007-07-22
2007-0662-USA,Storm,United States of America,,293912.0,514345.0,68.0476738315874,2007,2007-05-04,2007-05-08
2007-0663-USA,Storm,United States of America,,2301328.0,2939116.0,68.0476738315874,2007,2007-04-13,2007-04-17
2007-0664-TUN,Flood,Tunisia,,,,68.0476738315874,2007,,
2007-0665-PHL,Flood,Philippines,,,,68.0476738315874,2007,2007-12-01,2007-12-04
2007-0668-PHL,Storm,Philippines,,,,68.0476738315874,2007,2007-09-18,2007-09-18
2007-0669-PHL,Volcanic activity,Philippines,,,,68.0476738315874,2007,2007-07-31,2007-07-31
2007-0670-DZA,Wildfire,Algeria,,,,68.0476738315874,2007,,
2007-0671-MEX,Storm,Mexico,,,,68.0476738315874,2007,2007-09-01,2007-09-01
2007-0672-AFG,Flood,Afghanistan,,,,68.0476738315874,2007,2007-04-30,2007-04-30
2007-0673-ROU,Extreme temperature,Romania,,,,68.0476738315874,2007,2007-12-10,
2007-0674-IND,Extreme temperature,India,,,,68.0476738315874,2007,,
2007-0682-UGA,Epidemic,Uganda,,,,68.0476738315874,2007,,2009-01-19
2007-0683-IND,Flood,India,,,,68.0476738315874,2007,2007-02-11,2007-02-16
2007-0687-IND,Extreme temperature,India,,,,68.0476738315874,2007,2007-03-11,2007-03-14
2007-0689-USA,Storm,United States of America,,293912.0,440867.0,68.0476738315874,2007,2007-02-23,2007-02-25
2007-0690-USA,Storm,United States of America,,293912.0,440867.0,68.0476738315874,2007,2007-05-21,2007-05-25
2007-0692-GBR,Earthquake,United Kingdom of Great Britain and Northern Ireland,,44087.0,88173.0,68.0476738315874,2007,2007-04-28,2007-04-28
2007-0721-MOZ,Epidemic,Mozambique,,,,68.0476738315874,2007,,
2007-0724-DJI,Epidemic,Djibouti,,,,68.0476738315874,2007,,
2007-9288-SWZ,Drought,Eswatini,,,,68.0476738315874,2007,,
2007-9343-MOZ,Drought,Mozambique,,,,68.0476738315874,2007,,
2007-9347-PHL,Drought,Philippines,,,,68.0476738315874,2007,,
2007-9494-LSO,Drought,Lesotho,,,,68.0476738315874,2007,,
2007-9499-MWI,Drought,Malawi,,,,68.0476738315874,2007,,
2007-9514-BRA,Drought,Brazil,,,,68.0476738315874,2007,,
2007-9548-USA,Drought,United States of America,,,440867.0,68.0476738315874,2007,,
2007-9650-TLS,Drought,Timor-Leste,,,,68.0476738315874,2007,,
2007-9675-ZWE,Drought,Zimbabwe,,,,68.0476738315874,2007,,
2007-9676-DJI,Drought,Djibouti,,,,68.0476738315874,2007,,
2007-9677-MDA,Drought,Republic of Moldova,,,596641.0,68.0476738315874,2007,,
2008-0001-KGZ,Earthquake,Kyrgyzstan,,,,70.6600890345053,2008,2008-01-13,2008-01-13
2008-0004-COD,Storm,Democratic Republic of the Congo,,,,70.6600890345053,2008,,
2008-0006-AFG,Extreme temperature,Afghanistan,,,,70.6600890345053,2008,2008-01-05,2008-02-15
2008-0007-BGR,Extreme temperature,Bulgaria,,,,70.6600890345053,2008,,
2008-0007-HUN,Extreme temperature,Hungary,,,,70.6600890345053,2008,,
2008-0008-IRN,Storm,Iran (Islamic Republic of),,,,70.6600890345053,2008,,
2008-0010-USA,Flood,United States of America,,,,70.6600890345053,2008,2008-01-05,2008-01-09
2008-0013-IDN,Flood,Indonesia,,,,70.6600890345053,2008,2008-01-02,2008-01-06
2008-0014-AUS,Flood,Australia,,,127370.0,70.6600890345053,2008,2008-01-03,2008-01-09
2008-0016-BRA,Flood,Brazil,,,,70.6600890345053,2008,2008-01-12,2008-01-16
2008-0017-AUS,Flood,Australia,,636852.0,849136.0,70.6600890345053,2008,2008-01-14,2008-02-01
2008-0020-CHN,Extreme temperature,China,,2264362.0,29861270.0,70.6600890345053,2008,2008-01-10,2008-02-05
2008-0027-COL,Volcanic activity,Colombia,,,,70.6600890345053,2008,2008-01-17,2008-01-17
2008-0037-LSO,Storm,Lesotho,,,,70.6600890345053,2008,,
2008-0039-USA,Storm,United States of America,,1351541.0,1839794.0,70.6600890345053,2008,2008-02-05,2008-02-06
2008-0040-COD,Earthquake,Democratic Republic of the Congo,,,9907.0,70.6600890345053,2008,2008-02-03,2008-02-03
2008-0040-RWA,Earthquake,Rwanda,,,,70.6600890345053,2008,2008-02-03,2008-02-03
2008-0041-BRA,Flood,Brazil,,,,70.6600890345053,2008,2008-02-02,2008-02-06
2008-0042-IDN,Flood,Indonesia,,,,70.6600890345053,2008,2008-02-01,2008-02-06
2008-0043-MDG,Storm,Madagascar,,,,70.6600890345053,2008,2008-01-27,2008-01-27
2008-0048-ECU,Flood,Ecuador,,,1415226.0,70.6600890345053,2008,2008-01-30,2008-03-03
2008-0049-BOL,Epidemic,Bolivia (Plurinational State of),,,,70.6600890345053,2008,,
2008-0050-TJK,Extreme temperature,Tajikistan,,,1188790.0,70.6600890345053,2008,,
2008-0051-FJI,Storm,Fiji,,,42457.0,70.6600890345053,2008,2008-01-28,2008-01-29
2008-0052-IDN,Flood,Indonesia,,,924.0,70.6600890345053,2008,2008-01-30,2008-01-31
2008-0053-ARG,Flood,Argentina,,,,70.6600890345053,2008,2008-01-28,2008-03-30
2008-0055-GBR,Flood,United Kingdom of Great Britain and Northern Ireland,,,,70.6600890345053,2008,2008-01-15,2008-01-26
2008-0060-AGO,Flood,Angola,,,,70.6600890345053,2008,2008-01-31,2008-03-03
2008-0060-NAM,Flood,Namibia,,,,70.6600890345053,2008,2008-01-30,2008-03-03
2008-0062-IND,Mass movement (wet),India,,,,70.6600890345053,2008,2008-02-08,2008-02-08
2008-0064-PER,Flood,Peru,,,,70.6600890345053,2008,2008-02-04,2008-03-14
2008-0065-BRA,Epidemic,Brazil,,,,70.6600890345053,2008,,
2008-0065-PRY,Epidemic,Paraguay,,,,70.6600890345053,2008,2008-01-28,
2008-0066-TZA,Flood,United Republic of Tanzania,,,,70.6600890345053,2008,2008-01-10,2008-03-31
2008-0067-IDN,Flood,Indonesia,,,,70.6600890345053,2008,2008-02-08,2008-02-12
2008-0070-MDG,Storm,Madagascar,,,84914.0,70.6600890345053,2008,2008-02-17,2008-03-03
2008-0073-CHN,Extreme temperature,China,,,,70.6600890345053,2008,2008-02-14,2008-02-18
2008-0074-PRT,Flood,Portugal,,,,70.6600890345053,2008,2008-02-18,2008-02-18
2008-0076-BFA,Epidemic,Burkina Faso,,,,70.6600890345053,2008,,
2008-0076-CIV,Epidemic,Côte d’Ivoire,,,,70.6600890345053,2008,,
2008-0077-PHL,Flood,Philippines,,,43494.0,70.6600890345053,2008,2008-02-12,2008-03-12
2008-0082-AUT,Storm,Austria,,,707613.0,70.6600890345053,2008,2008-02-29,2008-03-02
2008-0082-BEL,Storm,Belgium,,,,70.6600890345053,2008,2008-02-29,2008-03-01
2008-0082-CZE,Storm,Czechia,,8491.0,70761.0,70.6600890345053,2008,2008-02-29,2008-03-02
2008-0082-DEU,Storm,Germany,,,1698271.0,70.6600890345053,2008,2008-02-29,2008-03-02
2008-0082-NLD,Storm,Netherlands (Kingdom of the),,,,70.6600890345053,2008,2008-02-29,2008-03-02
2008-0082-POL,Storm,Poland,,,70761.0,70.6600890345053,2008,2008-03-01,2008-03-01
2008-0082-ROU,Storm,Romania,,,,70.6600890345053,2008,2008-02-29,2008-03-02
2008-0092-IDN,Flood,Indonesia,,,,70.6600890345053,2008,2008-02-11,2008-02-27
2008-0095-KAZ,Flood,Kazakhstan,,,183979.0,70.6600890345053,2008,2008-02-20,2008-03-03
2008-0098-AUS,Flood,Australia,,1259551.0,1556749.0,70.6600890345053,2008,2008-02-13,2008-02-26
2008-0099-USA,Earthquake,United States of America,,,,70.6600890345053,2008,2008-02-21,2008-02-21
2008-0100-KEN,Epidemic,Kenya,,,,70.6600890345053,2008,,
2008-0100-SOM,Epidemic,Somalia,,,,70.6600890345053,2008,,
2008-0104-SWZ,Flood,Eswatini,,,,70.6600890345053,2008,2008-02-04,2008-02-04
2008-0108-IDN,Flood,Indonesia,,,,70.6600890345053,2008,2008-03-01,2008-03-14
2008-0111-MDG,Storm,Madagascar,,,,70.6600890345053,2008,2008-03-05,2008-03-06
2008-0111-MOZ,Storm,Mozambique,,,28305.0,70.6600890345053,2008,2008-03-08,2008-03-09
2008-0115-USA,Storm,United States of America,,636852.0,636852.0,70.6600890345053,2008,2008-03-14,2008-03-14
2008-0121-COL,Flood,Colombia,,,,70.6600890345053,2008,2008-03-11,2008-03-14
2008-0125-BRA,Flood,Brazil,,,509481.0,70.6600890345053,2008,2008-03-30,2008-04-04
2008-0127-KEN,Flood,Kenya,,,,70.6600890345053,2008,2008-03-17,2008-04-05
2008-0127-TZA,Flood,United Republic of Tanzania,,,,70.6600890345053,2008,2008-03-17,2008-04-04
2008-0128-IDN,Flood,Indonesia,,,,70.6600890345053,2008,2008-03-10,2008-04-03
2008-0129-KEN,Flood,Kenya,,,,70.6600890345053,2008,2008-03-20,2008-04-02
2008-0130-IND,Flood,India,,,2830.0,70.6600890345053,2008,2008-03-20,2008-03-28
2008-0131-USA,Flood,United States of America,,,2830.0,70.6600890345053,2008,2008-03-17,2008-04-20
2008-0132-LKA,Flood,Sri Lanka,,,,70.6600890345053,2008,2008-03-12,2008-03-14
2008-0137-PRY,Epidemic,Paraguay,,,,70.6600890345053,2008,,
2008-0139-COD,Flood,Democratic Republic of the Congo,,,,70.6600890345053,2008,2008-04-02,2008-04-02
2008-0140-CHN,Mass movement (wet),China,,,,70.6600890345053,2008,2008-03-14,2008-03-14
2008-0142-BDI,Flood,Burundi,,,,70.6600890345053,2008,2008-04-10,2008-04-11
2008-0155-CHN,Storm,China,,,69346.0,70.6600890345053,2008,2008-04-19,2008-04-19
2008-0155-PHL,Storm,Philippines,,,22644.0,70.6600890345053,2008,2008-04-13,2008-04-13
2008-0162-IDN,Volcanic activity,Indonesia,,,,70.6600890345053,2008,2008-04-15,2008-04-15
2008-0164-COL,Volcanic activity,Colombia,,,,70.6600890345053,2008,2008-04-14,2008-04-14
2008-0170-CAN,Flood,Canada,,,,70.6600890345053,2008,2008-04-10,2008-04-24
2008-0176-IDN,Flood,Indonesia,,,,70.6600890345053,2008,2008-04-23,2008-04-27
2008-0178-IRN,Earthquake,Iran (Islamic Republic of),,,,70.6600890345053,2008,2008-05-01,2008-05-01
2008-0182-ARG,Volcanic activity,Argentina,,,,70.6600890345053,2008,2008-05-07,2008-05-07
2008-0182-CHL,Volcanic activity,Chile,,,,70.6600890345053,2008,2008-05-02,2008-05-06
2008-0184-LKA,Storm,Sri Lanka,,,,70.6600890345053,2008,2008-04-27,2008-05-03
2008-0184-MMR,Storm,Myanmar,,,5660904.0,70.6600890345053,2008,2008-05-02,2008-05-03
2008-0184-THA,Storm,Thailand,,,,70.6600890345053,2008,2008-05-02,2008-05-03
2008-0185-KOR,Flood,Republic of Korea,,,,70.6600890345053,2008,2008-05-04,2008-05-04
2008-0189-IDN,Mass movement (wet),Indonesia,,,,70.6600890345053,2008,2008-05-05,2008-05-05
2008-0192-CHN,Earthquake,China,14152261.0,424568.0,120294216.0,70.6600890345053,2008,2008-05-12,2008-05-12
2008-0194-USA,Storm,United States of America,,636852.0,990658.0,70.6600890345053,2008,2008-05-10,2008-05-12
2008-0197-PHL,Storm,Philippines,,,140354.0,70.6600890345053,2008,2008-05-18,2008-05-18
2008-0208-PAK,Flood,Pakistan,,,,70.6600890345053,2008,2008-05-24,2008-05-26
2008-0210-USA,Storm,United States of America,,1875175.0,2264362.0,70.6600890345053,2008,2008-05-22,2008-05-26
2008-0212-CHN,Flood,China,,,,70.6600890345053,2008,2008-05-27,2008-06-05
2008-0216-ITA,Flood,Italy,,,,70.6600890345053,2008,2008-05-29,2008-05-30
2008-0218-COL,Mass movement (wet),Colombia,,,,70.6600890345053,2008,2008-05-31,2008-05-31
2008-0219-ETH,Flood,Ethiopia,,,,70.6600890345053,2008,2008-05-30,2008-05-31
2008-0223-MNG,Storm,Mongolia,,,,70.6600890345053,2008,2008-05-26,
2008-0224-LKA,Flood,Sri Lanka,,,,70.6600890345053,2008,2008-05-29,2008-06-05
2008-0226-GRC,Earthquake,Greece,,,,70.6600890345053,2008,2008-06-08,2008-06-08
2008-0229-CHL,Flood,Chile,,,,70.6600890345053,2008,2008-05-19,2008-05-27
2008-0230-BEN,Epidemic,Benin,,,,70.6600890345053,2008,,
2008-0231-GMB,Storm,Gambia,,,,70.6600890345053,2008,2008-06-02,2008-06-02
2008-0233-BLZ,Storm,Belize,,,,70.6600890345053,2008,2008-05-31,2008-06-05
2008-0234-CRI,Storm,Costa Rica,,,,70.6600890345053,2008,2008-05-28,2008-05-28
2008-0234-HND,Storm,Honduras,,,,70.6600890345053,2008,2008-05-28,2008-05-28
2008-0234-NIC,Storm,Nicaragua,,,,70.6600890345053,2008,2008-05-29,2008-05-29
2008-0235-NER,Epidemic,Niger,,,,70.6600890345053,2008,2008-01-01,2008-12-08
2008-0237-FRA,Storm,France,,,,70.6600890345053,2008,2008-06-10,2008-06-10
2008-0241-CHN,Mass movement (wet),China,,,,70.6600890345053,2008,2008-06-13,2008-06-13
2008-0242-JPN,Earthquake,Japan,,77837.0,236343.0,70.6600890345053,2008,2008-06-13,2008-06-13
2008-0243-CHN,Flood,China,,169827.0,3113497.0,70.6600890345053,2008,2008-06-07,2008-06-22
2008-0245-ZAF,Flood,South Africa,,,1789.0,70.6600890345053,2008,2008-06-19,2008-06-19
2008-0246-IND,Flood,India,,,174073.0,70.6600890345053,2008,2008-06-11,2008-07-21
2008-0247-GTM,Mass movement (wet),Guatemala,,,,70.6600890345053,2008,2008-06-20,2008-06-20
2008-0249-CHN,Storm,China,,,247665.0,70.6600890345053,2008,2008-06-24,2008-06-27
2008-0249-PHL,Storm,Philippines,,63685.0,402906.0,70.6600890345053,2008,2008-06-21,2008-06-23
2008-0253-USA,Wildfire,United States of America,,,144353.0,70.6600890345053,2008,2008-06-20,2008-07-09
2008-0257-SUR,Flood,Suriname,,,,70.6600890345053,2008,2008-06-01,2008-06-25
2008-0258-SLE,Epidemic,Sierra Leone,,,,70.6600890345053,2008,,
2008-0260-KEN,Flood,Kenya,,,,70.6600890345053,2008,2008-06-13,2008-06-20
2008-0262-VNM,Flood,Viet Nam,,,,70.6600890345053,2008,2008-05-11,2008-05-12
2008-0263-CHN,Flood,China,,,26889.0,70.6600890345053,2008,2008-05-02,2008-05-05
2008-0264-CAN,Flood,Canada,,,,70.6600890345053,2008,2008-04-26,2008-05-01
2008-0268-GTM,Flood,Guatemala,,,,70.6600890345053,2008,2008-07-02,2008-07-03
2008-0271-NPL,Flood,Nepal,,,41.0,70.6600890345053,2008,,
2008-0272-MNG,Epidemic,Mongolia,,,,70.6600890345053,2008,2008-05-01,2008-09-10
2008-0274-UGA,Epidemic,Uganda,,,,70.6600890345053,2008,2008-05-02,2008-06-27
2008-0275-JPN,Earthquake,Japan,,,155675.0,70.6600890345053,2008,2008-07-23,2008-07-24
2008-0282-SLV,Flood,El Salvador,,,,70.6600890345053,2008,2008-07-03,2008-07-03
2008-0285-BGD,Flood,Bangladesh,,,,70.6600890345053,2008,2008-06-26,2008-07-13
2008-0285-IND,Flood,India,,,,70.6600890345053,2008,2008-07-05,2008-07-14
2008-0288-MEX,Flood,Mexico,,,,70.6600890345053,2008,2008-07-06,2008-07-11
2008-0291-TGO,Flood,Togo,,,,70.6600890345053,2008,2008-07-01,2008-08-08
2008-0292-CHN,Storm,China,,,103312.0,70.6600890345053,2008,2008-07-28,2008-08-08
2008-0292-PHL,Storm,Philippines,,,57.0,70.6600890345053,2008,2008-07-28,2008-07-29
2008-0292-TWN,Storm,Taiwan (Province of China),,,14152.0,70.6600890345053,2008,2008-07-27,2008-07-27
2008-0293-JPN,Flood,Japan,,,,70.6600890345053,2008,2008-07-28,2008-07-29
2008-0295-TWN,Storm,Taiwan (Province of China),,14152.0,22644.0,70.6600890345053,2008,2008-07-18,2008-07-19
2008-0296-NER,Flood,Niger,,,,70.6600890345053,2008,,
2008-0300-COG,Epidemic,Congo,,,,70.6600890345053,2008,2008-06-05,2008-06-25
2008-0301-COG,Epidemic,Congo,,,,70.6600890345053,2008,,2008-08-17
2008-0304-GTM,Storm,Guatemala,,,,70.6600890345053,2008,2008-07-21,2008-07-21
2008-0304-MEX,Storm,Mexico,,,106142.0,70.6600890345053,2008,2008-07-20,2008-07-21
2008-0304-USA,Storm,United States of America,,849136.0,1698271.0,70.6600890345053,2008,2008-07-23,2008-07-23
2008-0306-MDA,Flood,Republic of Moldova,,,,70.6600890345053,2008,2008-07-26,2008-07-27
2008-0306-ROU,Flood,Romania,,,,70.6600890345053,2008,2008-07-26,
2008-0306-UKR,Flood,Ukraine,,,1415226.0,70.6600890345053,2008,2008-07-26,2008-07-27
2008-0318-TUR,Wildfire,Türkiye,,,,70.6600890345053,2008,2008-08-01,2008-08-05
2008-0320-NOR,Storm,Norway,,,,70.6600890345053,2008,2008-08-03,2008-08-03
2008-0321-FRA,Storm,France,,84914.0,113218.0,70.6600890345053,2008,2008-08-03,2008-08-04
2008-0325-CHN,Earthquake,China,,,,70.6600890345053,2008,2008-08-05,2008-08-05
2008-0329-CHN,Storm,China,,,113218.0,70.6600890345053,2008,2008-08-08,2008-08-11
2008-0329-HKG,Storm,"China, Hong Kong Special Administrative Region",,,,70.6600890345053,2008,2008-08-05,2008-08-05
2008-0329-PHL,Storm,Philippines,,,,70.6600890345053,2008,2008-08-04,2008-08-04
2008-0329-THA,Storm,Thailand,,,,70.6600890345053,2008,2008-08-11,2008-08-20
2008-0329-VNM,Storm,Viet Nam,,,169827.0,70.6600890345053,2008,2008-08-08,2008-08-11
2008-0331-SSD,Flood,South Sudan,,,,70.6600890345053,2008,,
2008-0338-CUB,Storm,Cuba,,,,70.6600890345053,2008,2008-08-20,2008-08-20
2008-0338-DOM,Storm,Dominican Republic,,,,70.6600890345053,2008,2008-08-18,2008-08-18
2008-0338-HTI,Storm,Haiti,,,,70.6600890345053,2008,2008-08-18,2008-08-18
2008-0338-JAM,Storm,Jamaica,,,,70.6600890345053,2008,2008-08-18,2008-08-24
2008-0338-USA,Storm,United States of America,,,254741.0,70.6600890345053,2008,2008-08-20,2008-08-28
2008-0345-MDG,Epidemic,Madagascar,,,,70.6600890345053,2008,,2008-06-29
2008-0346-BRA,Storm,Brazil,,,,70.6600890345053,2008,2008-05-06,2008-05-06
2008-0347-PHL,Flood,Philippines,,,,70.6600890345053,2008,2008-06-06,2008-06-06
2008-0349-CIV,Flood,Côte d’Ivoire,,,,70.6600890345053,2008,2008-07-03,2008-07-03
2008-0350-PAK,Flood,Pakistan,,,145768.0,70.6600890345053,2008,2008-08-02,2008-08-04
2008-0352-BHS,Storm,Bahamas,,,,70.6600890345053,2008,2008-08-26,2008-08-26
2008-0352-CUB,Storm,Cuba,,,2932348.0,70.6600890345053,2008,2008-08-29,2008-09-01
2008-0352-CYM,Storm,Cayman Islands,,,,70.6600890345053,2008,2008-08-26,2008-08-26
2008-0352-DOM,Storm,Dominican Republic,,,,70.6600890345053,2008,2008-08-26,2008-08-26
2008-0352-HTI,Storm,Haiti,,,,70.6600890345053,2008,2008-08-26,2008-08-26
2008-0352-JAM,Storm,Jamaica,,,93685.0,70.6600890345053,2008,2008-08-28,2008-08-29
2008-0352-TCA,Storm,Turks and Caicos Islands,,,,70.6600890345053,2008,2008-08-26,2008-08-26
2008-0352-USA,Storm,United States of America,,4953291.0,9906582.0,70.6600890345053,2008,2008-09-01,2008-09-01
2008-0355-CHN,Earthquake,China,,,,70.6600890345053,2008,2008-08-21,2008-08-21
2008-0360-BFA,Flood,Burkina Faso,,,,70.6600890345053,2008,,
2008-0361-LBR,Flood,Liberia,,,,70.6600890345053,2008,,
2008-0362-BEN,Flood,Benin,,,,70.6600890345053,2008,,
2008-0363-CMR,Flood,Cameroon,,,,70.6600890345053,2008,,
2008-0364-GIN,Flood,Guinea,,,,70.6600890345053,2008,2008-08-08,2008-08-08
2008-0366-GNB,Flood,Guinea-Bissau,,,,70.6600890345053,2008,2008-07-21,2008-07-21
2008-0367-TCD,Flood,Chad,,,,70.6600890345053,2008,2008-07-20,2008-08-25
2008-0369-CHN,Storm,China,,,82083.0,70.6600890345053,2008,2008-08-22,2008-08-23
2008-0369-HKG,Storm,"China, Hong Kong Special Administrative Region",,,538.0,70.6600890345053,2008,2008-09-22,2008-09-22
2008-0369-PHL,Storm,Philippines,,,47934.0,70.6600890345053,2008,2008-08-22,2008-08-22
2008-0373-VNM,Flood,Viet Nam,,,,70.6600890345053,2008,2008-08-26,2008-08-28
2008-0374-CHN,Earthquake,China,,,696291.0,70.6600890345053,2008,2008-08-30,2008-08-30
2008-0378-DOM,Storm,Dominican Republic,,,,70.6600890345053,2008,2008-09-03,2008-09-03
2008-0378-HTI,Storm,Haiti,,,,70.6600890345053,2008,2008-09-02,2008-09-03
2008-0378-TCA,Storm,Turks and Caicos Islands,,,,70.6600890345053,2008,2008-09-01,2008-09-01
2008-0378-USA,Storm,United States of America,,,226436.0,70.6600890345053,2008,2008-08-28,2008-08-28
2008-0379-BFA,Flood,Burkina Faso,,,,70.6600890345053,2008,,
2008-0380-IRN,Flood,Iran (Islamic Republic of),,,,70.6600890345053,2008,2008-09-09,2008-09-10
2008-0381-GBR,Flood,United Kingdom of Great Britain and Northern Ireland,,,70761.0,70.6600890345053,2008,2008-09-06,2008-09-08
2008-0383-IDN,Flood,Indonesia,,,1528.0,70.6600890345053,2008,2008-09-06,2008-09-08
2008-0384-BHS,Storm,Bahamas,,,,70.6600890345053,2008,2008-09-07,2008-09-07
2008-0384-CUB,Storm,Cuba,,,2122839.0,70.6600890345053,2008,2008-09-08,2008-09-09
2008-0384-HTI,Storm,Haiti,,,,70.6600890345053,2008,2008-09-06,2008-09-08
2008-0384-TCA,Storm,Turks and Caicos Islands,,,707613.0,70.6600890345053,2008,2008-09-06,2008-09-06
2008-0384-USA,Storm,United States of America,,21228391.0,42456782.0,70.6600890345053,2008,2008-09-12,2008-09-16
2008-0385-BGD,Flood,Bangladesh,,,,70.6600890345053,2008,2008-08-30,2008-09-08
2008-0386-ETH,Flood,Ethiopia,,,,70.6600890345053,2008,2008-08-20,2008-08-28
2008-0389-CHL,Flood,Chile,,,32550.0,70.6600890345053,2008,2008-08-29,2008-09-04
2008-0392-MOZ,Wildfire,Mozambique,,,,70.6600890345053,2008,2008-09-01,2008-09-02
2008-0393-PHL,Mass movement (wet),Philippines,,,,70.6600890345053,2008,2008-09-06,2008-09-06
2008-0394-EGY,Mass movement (dry),Egypt,,,,70.6600890345053,2008,2008-09-06,2008-09-06
2008-0398-CHN,Mass movement (wet),China,,,,70.6600890345053,2008,2008-09-08,2008-09-08
2008-0401-IRN,Earthquake,Iran (Islamic Republic of),,,,70.6600890345053,2008,2008-09-10,2008-09-10
2008-0403-IDN,Earthquake,Indonesia,,,,70.6600890345053,2008,2008-09-09,2008-09-09
2008-0409-PAN,Flood,Panama,,,,70.6600890345053,2008,2008-09-03,2008-09-03
2008-0410-SEN,Flood,Senegal,,,,70.6600890345053,2008,2008-08-15,
2008-0411-IRQ,Epidemic,Iraq,,,,70.6600890345053,2008,2008-08-07,2008-11-27
2008-0415-IND,Flood,India,,,,70.6600890345053,2008,2008-09-05,2008-09-11
2008-0416-CHN,Flood,China,,,59439.0,70.6600890345053,2008,2008-08-07,2008-08-11
2008-0417-IRN,Flood,Iran (Islamic Republic of),,,,70.6600890345053,2008,2008-08-07,2008-08-08
2008-0420-ITA,Flood,Italy,,,,70.6600890345053,2008,2008-07-12,2008-07-12
2008-0423-IND,Flood,India,,,,70.6600890345053,2008,2008-09-14,2008-09-21
2008-0424-NGA,Epidemic,Nigeria,,,,70.6600890345053,2008,,
2008-0425-NGA,Epidemic,Nigeria,,,,70.6600890345053,2008,,
2008-0426-CHN,Storm,China,,,1166146.0,70.6600890345053,2008,2008-09-24,2008-09-25
2008-0426-HKG,Storm,"China, Hong Kong Special Administrative Region",,,,70.6600890345053,2008,2008-09-25,2008-09-25
2008-0426-PHL,Storm,Philippines,,,10501.0,70.6600890345053,2008,2008-09-22,2008-09-22
2008-0426-TWN,Storm,Taiwan (Province of China),,,,70.6600890345053,2008,2008-09-23,2008-09-23
2008-0426-VNM,Storm,Viet Nam,,,89159.0,70.6600890345053,2008,2008-09-25,2008-09-28
2008-0427-CRI,Flood,Costa Rica,,,,70.6600890345053,2008,2008-09-02,2008-09-05
2008-0430-THA,Flood,Thailand,,,22644.0,70.6600890345053,2008,2008-09-13,2008-10-07
2008-0431-NPL,Flood,Nepal,,,,70.6600890345053,2008,2008-09-22,2008-09-29
2008-0433-MEX,Mass movement (wet),Mexico,,,,70.6600890345053,2008,2008-09-17,2008-09-18
2008-0437-VNM,Storm,Viet Nam,,,9199.0,70.6600890345053,2008,2008-09-30,2008-09-30
2008-0439-CAF,Flood,Central African Republic,,,,70.6600890345053,2008,,
2008-0439-GMB,Flood,Gambia,,,,70.6600890345053,2008,,
2008-0441-CHN,Storm,China,,,,70.6600890345053,2008,2008-09-28,2008-09-28
2008-0441-TWN,Storm,Taiwan (Province of China),,91990.0,127370.0,70.6600890345053,2008,2008-09-28,2008-09-28
2008-0442-TWN,Storm,Taiwan (Province of China),,,37362.0,70.6600890345053,2008,2008-09-16,2008-09-16
2008-0444-DZA,Flood,Algeria,,,492499.0,70.6600890345053,2008,2008-10-01,2008-10-17
2008-0445-TCD,Flood,Chad,,,,70.6600890345053,2008,2008-09-15,2008-09-15
2008-0446-GNB,Epidemic,Guinea-Bissau,,,,70.6600890345053,2008,,2008-11-19
2008-0447-NER,Epidemic,Niger,,,,70.6600890345053,2008,2008-01-01,
2008-0448-TCD,Epidemic,Chad,,,,70.6600890345053,2008,2008-01-01,2008-10-01
2008-0449-BEN,Epidemic,Benin,,,,70.6600890345053,2008,2008-09-22,2008-10-02
2008-0452-LAO,Flood,Lao People's Democratic Republic,,,,70.6600890345053,2008,2008-08-12,2008-08-18
2008-0454-KGZ,Earthquake,Kyrgyzstan,,,,70.6600890345053,2008,2008-10-05,2008-10-05
2008-0455-CHN,Earthquake,China,,,,70.6600890345053,2008,2008-10-06,2008-10-06
2008-0457-NIC,Flood,Nicaragua,,,,70.6600890345053,2008,2008-09-24,2008-10-17
2008-0459-BDI,Flood,Burundi,,,,70.6600890345053,2008,2008-09-20,
2008-0469-SDN,Epidemic,Sudan,,,,70.6600890345053,2008,,
2008-0470-SDN,Epidemic,Sudan,,,,70.6600890345053,2008,2008-09-29,2008-10-05
2008-0471-ETH,Epidemic,Ethiopia,,,,70.6600890345053,2008,,
2008-0476-RUS,Earthquake,Russian Federation,,,,70.6600890345053,2008,2008-10-11,2008-10-11
2008-0481-VNM,Flood,Viet Nam,,,5661.0,70.6600890345053,2008,2008-10-19,2008-10-20
2008-0482-KEN,Flood,Kenya,,,,70.6600890345053,2008,2008-10-14,2008-10-16
2008-0483-KEN,Flood,Kenya,,,,70.6600890345053,2008,2008-10-04,2008-10-07
2008-0484-BLZ,Flood,Belize,,,13723.0,70.6600890345053,2008,2008-10-19,2008-11-12
2008-0484-CRI,Flood,Costa Rica,,,,70.6600890345053,2008,2008-10-13,2008-10-18
2008-0484-GTM,Flood,Guatemala,,,,70.6600890345053,2008,2008-10-22,
2008-0484-HND,Flood,Honduras,,,,70.6600890345053,2008,2008-10-19,2008-11-12
2008-0484-NIC,Flood,Nicaragua,,,,70.6600890345053,2008,2008-10-18,2008-10-18
2008-0484-SLV,Flood,El Salvador,,,,70.6600890345053,2008,2008-10-16,2008-10-16
2008-0485-RWA,Flood,Rwanda,,,,70.6600890345053,2008,2008-10-01,2008-10-06
2008-0486-IND,Flood,India,,,28305.0,70.6600890345053,2008,2008-08-30,2008-09-08
2008-0488-AFG,Flood,Afghanistan,,,,70.6600890345053,2008,,
2008-0498-MAR,Flood,Morocco,,,,70.6600890345053,2008,2008-10-23,2008-11-03
2008-0499-YEM,Flood,Yemen,,,566090.0,70.6600890345053,2008,2008-10-23,2008-10-24
2008-0500-PAK,Earthquake,Pakistan,,,14152.0,70.6600890345053,2008,2008-10-28,2008-10-28
2008-0501-VNM,Flood,Viet Nam,,,677893.0,70.6600890345053,2008,2008-10-27,2008-11-04
2008-0503-PRY,Storm,Paraguay,,,,70.6600890345053,2008,2008-08-07,2008-08-07
2008-0506-SOM,Flood,Somalia,,,,70.6600890345053,2008,2008-11-03,2008-11-04
2008-0507-CHN,Flood,China,,,41042.0,70.6600890345053,2008,2008-10-31,2008-11-04
2008-0511-AGO,Epidemic,Angola,,,,70.6600890345053,2008,2008-01-01,2009-05-17
2008-0511-BWA,Epidemic,Botswana,,,,70.6600890345053,2008,2008-11-01,2009-05-24
2008-0511-MWI,Epidemic,Malawi,,,,70.6600890345053,2008,2008-11-15,2009-05-24
2008-0511-ZAF,Epidemic,South Africa,,,,70.6600890345053,2008,2008-11-15,2009-05-31
2008-0511-ZMB,Epidemic,Zambia,,,,70.6600890345053,2008,2008-09-10,
2008-0511-ZWE,Epidemic,Zimbabwe,,,,70.6600890345053,2008,2008-08-15,2009-07-23
2008-0513-KEN,Mass movement (wet),Kenya,,,,70.6600890345053,2008,2008-11-08,2008-11-08
2008-0514-CUB,Storm,Cuba,,,,70.6600890345053,2008,2008-11-08,2008-11-08
2008-0514-CYM,Storm,Cayman Islands,,,,70.6600890345053,2008,2008-11-08,2008-11-08
2008-0517-ETH,Flood,Ethiopia,,,,70.6600890345053,2008,2008-11-16,2008-11-17
2008-0518-KEN,Flood,Kenya,,,,70.6600890345053,2008,2008-11-10,2008-11-25
2008-0519-CHN,Flood,China,,,,70.6600890345053,2008,2008-10-10,2008-10-16
2008-0520-SSD,Flood,South Sudan,,,,70.6600890345053,2008,2008-10-03,2008-10-06
2008-0523-IRQ,Flood,Iraq,,,,70.6600890345053,2008,2008-09-10,2008-09-11
2008-0524-USA,Wildfire,United States of America,,849136.0,2830452.0,70.6600890345053,2008,2008-11-13,2008-11-18
2008-0525-AUS,Storm,Australia,,537786.0,636852.0,70.6600890345053,2008,2008-11-15,2008-11-21
2008-0526-IDN,Flood,Indonesia,,,,70.6600890345053,2008,2008-11-15,2008-11-16
2008-0527-UGA,Flood,Uganda,,,,70.6600890345053,2008,2008-11-17,2008-11-17
2008-0528-ZAF,Storm,South Africa,,,,70.6600890345053,2008,2008-11-14,2008-11-14
2008-0532-CUB,Flood,Cuba,,,,70.6600890345053,2008,2008-11-17,2008-11-20
2008-0533-BOL,Storm,Bolivia (Plurinational State of),,,,70.6600890345053,2008,2008-11-08,2008-11-09
2008-0536-IDN,Earthquake,Indonesia,,,,70.6600890345053,2008,2008-11-16,2008-11-16
2008-0538-COL,Mass movement (dry),Colombia,,,,70.6600890345053,2008,2008-11-16,2008-11-16
2008-0540-PHL,Storm,Philippines,,,,70.6600890345053,2008,2008-11-06,2008-11-11
2008-0540-VNM,Storm,Viet Nam,,,,70.6600890345053,2008,2008-11-05,2008-11-05
2008-0543-MOZ,Epidemic,Mozambique,,,,70.6600890345053,2008,2008-11-01,
2008-0543-NAM,Epidemic,Namibia,,,,70.6600890345053,2008,2008-10-22,2009-04-17
2008-0545-PHL,Flood,Philippines,,,5785.0,70.6600890345053,2008,2008-11-21,2008-11-24
2008-0546-COL,Volcanic activity,Colombia,,,,70.6600890345053,2008,2008-11-20,2008-11-20
2008-0547-THA,Flood,Thailand,,,16275.0,70.6600890345053,2008,2008-11-20,2008-12-20
2008-0549-BRA,Flood,Brazil,761392.0,665156.0,1061420.0,70.6600890345053,2008,2008-11-22,2008-11-24
2008-0551-CRI,Flood,Costa Rica,,,31135.0,70.6600890345053,2008,2008-11-22,2008-11-25
2008-0551-PAN,Flood,Panama,,,14152.0,70.6600890345053,2008,2008-11-22,2008-11-25
2008-0552-VNM,Storm,Viet Nam,,,1415.0,70.6600890345053,2008,2008-11-17,2008-11-20
2008-0554-SSD,Flood,South Sudan,,,,70.6600890345053,2008,2008-11-24,2008-11-24
2008-0559-COL,Flood,Colombia,,,,70.6600890345053,2008,2008-09-15,2009-01-12
2008-0560-IND,Flood,India,,,,70.6600890345053,2008,2008-11-27,2008-12-04
2008-0560-LKA,Flood,Sri Lanka,,,,70.6600890345053,2008,2008-11-22,2008-12-04
2008-0563-USA,Extreme temperature,United States of America,,,,70.6600890345053,2008,2008-12-11,2008-12-14
2008-0568-BGD,Mass movement (wet),Bangladesh,,,,70.6600890345053,2008,2008-08-16,2008-08-16
2008-0570-MYS,Flood,Malaysia,,,,70.6600890345053,2008,2008-12-01,2008-12-04
2008-0571-PHL,Flood,Philippines,,,,70.6600890345053,2008,2008-12-01,2008-12-04
2008-0572-NGA,Epidemic,Nigeria,,,,70.6600890345053,2008,,
2008-0575-PNG,Flood,Papua New Guinea,,,,70.6600890345053,2008,2008-12-08,2008-12-08
2008-0579-ITA,Flood,Italy,,,393433.0,70.6600890345053,2008,2008-12-11,2008-12-15
2008-0580-VEN,Flood,Venezuela (Bolivarian Republic of),,,,70.6600890345053,2008,2008-11-20,2008-11-23
2008-0581-AUS,Flood,Australia,,290121.0,389187.0,70.6600890345053,2008,2008-11-20,2008-11-23
2008-0583-FSM,Flood,Micronesia (Federated States of),,,,70.6600890345053,2008,2008-12-09,2008-12-09
2008-0583-KIR,Flood,Kiribati,,,,70.6600890345053,2008,2008-12-09,2008-12-09
2008-0583-MHL,Flood,Marshall Islands,,,,70.6600890345053,2008,2008-12-10,2008-12-24
2008-0583-PNG,Flood,Papua New Guinea,,,,70.6600890345053,2008,2008-12-12,2008-12-12
2008-0588-CHN,Earthquake,China,,,,70.6600890345053,2008,2008-12-25,2008-12-25
2008-0589-GUY,Flood,Guyana,,,,70.6600890345053,2008,2008-12-08,2008-12-17
2008-0591-PAK,Flood,Pakistan,,,,70.6600890345053,2008,2008-08-09,2008-08-20
2008-0596-CHN,Mass movement (wet),China,,,,70.6600890345053,2008,2008-07-08,2008-07-08
2008-0598-CHN,Flood,China,,,144353.0,70.6600890345053,2008,2008-07-07,2008-07-07
2008-0599-USA,Storm,United States of America,,,849136.0,70.6600890345053,2008,2008-01-29,2008-01-30
2008-0600-USA,Storm,United States of America,,1054343.0,1415226.0,70.6600890345053,2008,2008-01-04,2008-01-09
2008-0601-USA,Storm,United States of America,,1132181.0,1556749.0,70.6600890345053,2008,2008-04-09,2008-04-11
2008-0602-AFG,Epidemic,Afghanistan,,,,70.6600890345053,2008,2008-10-06,
2008-0604-ATG,Storm,Antigua and Barbuda,,,,70.6600890345053,2008,2008-10-15,2008-10-16
2008-0604-KNA,Storm,Saint Kitts and Nevis,,,,70.6600890345053,2008,2008-10-15,2008-10-16
2008-0605-BEN,Epidemic,Benin,,,,70.6600890345053,2008,2008-07-21,2008-08-15
2008-0607-VNM,Flood,Viet Nam,,,,70.6600890345053,2008,2008-12-25,2009-01-05
2008-0608-PHL,Flood,Philippines,,,,70.6600890345053,2008,2008-08-08,2008-08-08
2008-0609-PHL,Storm,Philippines,,,396.0,70.6600890345053,2008,2008-05-13,2008-05-13
2008-0611-PHL,Flood,Philippines,,,631.0,70.6600890345053,2008,2008-01-18,2008-01-18
2008-0615-IND,Flood,India,,,,70.6600890345053,2008,2008-07-20,2008-08-08
2008-0616-IND,Extreme temperature,India,,,,70.6600890345053,2008,,
2008-0618-IDN,Flood,Indonesia,,,,70.6600890345053,2008,,
2008-0620-PHL,Flood,Philippines,,,245.0,70.6600890345053,2008,2008-06-17,2008-06-17
2008-0621-PHL,Storm,Philippines,,,208.0,70.6600890345053,2008,2008-07-18,2008-07-18
2008-0622-PHL,Flood,Philippines,,,5855.0,70.6600890345053,2008,2008-09-04,2008-09-13
2008-0623-PHL,Storm,Philippines,,,,70.6600890345053,2008,2008-09-29,2008-09-29
2008-0625-PNG,Mass movement (dry),Papua New Guinea,,,,70.6600890345053,2008,2008-01-06,2008-01-06
2008-0627-USA,Flood,United States of America,,566090.0,14152261.0,70.6600890345053,2008,2008-06-09,2008-06-30
2008-0628-MOZ,Flood,Mozambique,,,,70.6600890345053,2008,2008-12-28,2009-01-19
2008-0629-ZMB,Flood,Zambia,,,,70.6600890345053,2008,2008-02-09,2008-05-01
2008-0630-GHA,Flood,Ghana,,,,70.6600890345053,2008,,
2008-0631-MLI,Flood,Mali,,,,70.6600890345053,2008,2008-08-18,2008-08-19
2008-0633-BEL,Extreme temperature,Belgium,,,,70.4088617569341,2009,,
2008-0633-DEU,Extreme temperature,Germany,,,,70.4088617569341,2009,2009-01-05,
2008-0633-FRA,Extreme temperature,France,,,,70.4088617569341,2009,2009-01-06,2009-01-08
2008-0633-POL,Extreme temperature,Poland,,,,70.6600890345053,2008,2008-11-01,2009-01-08
2008-0633-PRT,Extreme temperature,Portugal,,,,70.4088617569341,2009,,
2008-0633-ROU,Extreme temperature,Romania,,,,70.4088617569341,2009,2009-01-01,2009-01-15
2008-0633-UKR,Extreme temperature,Ukraine,,,,70.4088617569341,2009,,
2008-0634-MYS,Flood,Malaysia,,,,70.6600890345053,2008,2008-12-28,2009-01-19
2008-0634-THA,Flood,Thailand,,,487.0,70.6600890345053,2008,2008-12-29,2009-01-19
2008-0635-IDN,Flood,Indonesia,,,,70.6600890345053,2008,2008-12-26,2009-01-12
2008-0638-USA,Flood,United States of America,,,,70.6600890345053,2008,2008-12-29,2009-01-16
2008-0639-MWI,Flood,Malawi,,,,70.6600890345053,2008,,
2008-0641-TZA,Storm,United Republic of Tanzania,,,,70.6600890345053,2008,,
2008-0642-TZA,Storm,United Republic of Tanzania,,,,70.6600890345053,2008,,
2008-0644-BGD,Storm,Bangladesh,,,,70.6600890345053,2008,2008-03-22,2008-03-22
2008-0645-USA,Storm,United States of America,,88452.0,155675.0,70.6600890345053,2008,2008-04-28,2008-04-28
2008-0646-IND,Storm,India,,,35381.0,70.6600890345053,2008,2008-05-14,2008-05-14
2008-0647-ZAF,Wildfire,South Africa,,,608547.0,70.6600890345053,2008,2008-08-30,2008-09-03
2008-0648-BGD,Storm,Bangladesh,,,,70.6600890345053,2008,2008-10-27,2008-10-27
2008-0649-COL,Earthquake,Colombia,,,14152.0,70.6600890345053,2008,2008-05-24,2008-05-24
2008-0650-CHN,Earthquake,China,,,,70.6600890345053,2008,2008-05-25,2008-05-25
2008-0651-CHN,Storm,China,,,1037361.0,70.6600890345053,2008,2008-04-17,2008-04-19
2008-0652-CHN,Storm,China,,,32550.0,70.6600890345053,2008,2008-06-03,2008-06-03
2008-0653-DEU,Storm,Germany,,1556749.0,2122839.0,70.6600890345053,2008,2008-05-29,2008-06-02
2008-0654-USA,Storm,United States of America,,389187.0,509481.0,70.6600890345053,2008,2008-12-11,2008-12-22
2008-0658-TGO,Epidemic,Togo,,,,70.6600890345053,2008,2008-12-12,2009-01-12
2008-0659-VUT,Volcanic activity,Vanuatu,,,,70.6600890345053,2008,,
2008-0660-BOL,Epidemic,Bolivia (Plurinational State of),,,,70.6600890345053,2008,,2009-06-17
2008-0661-PRY,Epidemic,Paraguay,,,,70.6600890345053,2008,,2009-07-11
2008-0662-JPN,Extreme temperature,Japan,,,,70.6600890345053,2008,,
2008-0663-BFA,Epidemic,Burkina Faso,,,,70.6600890345053,2008,,
2008-9154-THA,Drought,Thailand,,,,70.6600890345053,2008,,
2008-9200-ERI,Drought,Eritrea,,,,70.6600890345053,2008,,
2008-9200-ETH,Drought,Ethiopia,,,,70.6600890345053,2008,,
2008-9302-KEN,Drought,Kenya,,,,70.6600890345053,2008,,
2008-9303-DJI,Drought,Djibouti,,,,70.6600890345053,2008,,
2008-9307-UGA,Drought,Uganda,,,,70.6600890345053,2008,,
2008-9456-TJK,Drought,Tajikistan,,,,70.6600890345053,2008,,
2008-9468-SOM,Drought,Somalia,,,,70.6600890345053,2008,,
2008-9475-AFG,Drought,Afghanistan,,,,70.6600890345053,2008,,
2008-9550-PRY,Drought,Paraguay,,,,70.6600890345053,2008,,
2008-9590-MOZ,Drought,Mozambique,,,,70.6600890345053,2008,,
2008-9640-BDI,Drought,Burundi,,,,70.6600890345053,2008,,
2008-9644-MDG,Drought,Madagascar,,,,70.6600890345053,2008,,
2008-9661-BOL,Drought,Bolivia (Plurinational State of),,,,70.6600890345053,2008,,
2008-9662-CHN,Drought,China,,,331163.0,70.6600890345053,2008,,
2008-9755-SYR,Drought,Syrian Arab Republic,,,,70.6600890345053,2008,,
2009-0001-IDN,Earthquake,Indonesia,,,14203.0,70.4088617569341,2009,2009-01-03,2009-01-03
2009-0002-CRI,Earthquake,Costa Rica,,142028.0,284055.0,70.4088617569341,2009,2009-01-08,2009-01-08
2009-0003-GTM,Mass movement (dry),Guatemala,,,,70.4088617569341,2009,2009-01-04,2009-01-04
2009-0007-ZAF,Storm,South Africa,,,,70.4088617569341,2009,2009-01-03,2009-01-04
2009-0013-FJI,Flood,Fiji,,,61423.0,70.4088617569341,2009,2009-01-08,2009-01-19
2009-0014-ESP,Storm,Spain,,1278248.0,2698524.0,70.4088617569341,2009,2009-01-23,2009-01-24
2009-0014-FRA,Storm,France,,2968376.0,4544882.0,70.4088617569341,2009,2009-01-23,2009-01-26
2009-0014-ITA,Storm,Italy,,,,70.4088617569341,2009,2009-01-24,2009-01-25
2009-0015-ROU,Flood,Romania,,,,70.4088617569341,2009,2009-01-23,2009-01-26
2009-0016-DOM,Flood,Dominican Republic,,,62492.0,70.4088617569341,2009,2009-01-08,2009-01-16
2009-0017-BRA,Flood,Brazil,,,,70.4088617569341,2009,2009-01-20,2009-01-27
2009-0019-DZA,Flood,Algeria,,,,70.4088617569341,2009,2009-01-20,2009-01-27
2009-0023-PHL,Flood,Philippines,,,9024.0,70.4088617569341,2009,2009-01-02,2009-01-15
2009-0026-PHL,Flood,Philippines,,,,70.4088617569341,2009,2009-01-09,2009-01-09
2009-0027-PHL,Flood,Philippines,,,,70.4088617569341,2009,2009-01-08,2009-01-08
2009-0029-FRA,Extreme temperature,France,,,,70.4088617569341,2009,2009-01-14,2009-01-14
2009-0030-BIH,Extreme temperature,Bosnia and Herzegovina,,,,70.4088617569341,2009,,
2009-0030-SRB,Extreme temperature,Serbia,,,,70.4088617569341,2009,2009-01-15,2009-01-15
2009-0033-AFG,Mass movement (wet),Afghanistan,,,,70.4088617569341,2009,2009-01-18,2009-01-18
2009-0035-COL,Flood,Colombia,,,,70.4088617569341,2009,2009-02-15,2009-02-17
2009-0037-AGO,Flood,Angola,,,,70.4088617569341,2009,2009-02-14,2009-02-16
2009-0039-SLB,Flood,Solomon Islands,,,,70.4088617569341,2009,2009-01-29,2009-02-06
2009-0041-ARG,Mass movement (wet),Argentina,,,21304.0,70.4088617569341,2009,2009-02-09,2009-02-10
2009-0042-DOM,Flood,Dominican Republic,,,11935.0,70.4088617569341,2009,2009-02-02,2009-02-12
2009-0043-MAR,Flood,Morocco,,,,70.4088617569341,2009,2009-02-01,2009-02-12
2009-0047-MDG,Storm,Madagascar,,,,70.4088617569341,2009,2009-01-19,2009-01-22
2009-0048-AUS,Storm,Australia,,,,70.4088617569341,2009,2009-01-26,2009-02-20
2009-0049-IDN,Mass movement (wet),Indonesia,,,,70.4088617569341,2009,2009-01-18,2009-01-18
2009-0052-TZA,Storm,United Republic of Tanzania,,,,70.4088617569341,2009,2009-01-16,2009-01-16
2009-0054-TUR,Mass movement (wet),Türkiye,,,,70.4088617569341,2009,2009-01-25,2009-01-25
2009-0056-USA,Extreme temperature,United States of America,,802456.0,1562303.0,70.4088617569341,2009,2009-01-26,2009-01-28
2009-0057-LBR,Infestation,Liberia,,,,70.4088617569341,2009,2009-01-15,
2009-0059-CHN,Earthquake,China,,,4403.0,70.4088617569341,2009,2009-01-25,2009-01-25
2009-0063-IDN,Flood,Indonesia,,,,70.4088617569341,2009,2009-01-27,2009-02-02
2009-0064-CAF,Storm,Central African Republic,,,,70.4088617569341,2009,2009-01-17,2009-01-18
2009-0067-AUS,Wildfire,Australia,,1093612.0,1846358.0,70.4088617569341,2009,2009-02-02,2009-02-14
2009-0081-BIH,Flood,Bosnia and Herzegovina,,,,70.4088617569341,2009,2009-02-01,2009-02-16
2009-0082-BFA,Epidemic,Burkina Faso,,,,70.4088617569341,2009,,2009-04-26
2009-0086-PER,Mass movement (wet),Peru,,,,70.4088617569341,2009,2009-03-02,2009-03-02
2009-0087-MLI,Epidemic,Mali,,,,70.4088617569341,2009,,2009-04-05
2009-0087-NER,Epidemic,Niger,,,,70.4088617569341,2009,,2009-04-05
2009-0087-NGA,Epidemic,Nigeria,,,,70.4088617569341,2009,2009-01-01,2009-04-05
2009-0088-ECU,Flood,Ecuador,,,,70.4088617569341,2009,2009-01-19,2009-03-02
2009-0092-AGO,Flood,Angola,,,,70.4088617569341,2009,2009-03-01,2009-04-16
2009-0092-BWA,Flood,Botswana,,,,70.4088617569341,2009,,
2009-0092-COM,Flood,Comoros,,,,70.4088617569341,2009,2009-04-20,2009-04-24
2009-0092-MOZ,Flood,Mozambique,,,,70.4088617569341,2009,,
2009-0092-NAM,Flood,Namibia,,,,70.4088617569341,2009,2009-03-01,2009-03-19
2009-0093-AGO,Epidemic,Angola,,,,70.4088617569341,2009,,
2009-0096-COL,Mass movement (wet),Colombia,,,,70.4088617569341,2009,2009-02-07,2009-02-07
2009-0103-ZMB,Flood,Zambia,,,,70.4088617569341,2009,2009-02-27,2009-03-27
2009-0106-USA,Flood,United States of America,,,235766.0,70.4088617569341,2009,2009-03-24,2009-04-20
2009-0108-ZAF,Flood,South Africa,,,,70.4088617569341,2009,2009-02-28,2009-03-03
2009-0110-BOL,Flood,Bolivia (Plurinational State of),,,,70.4088617569341,2009,2009-02-12,2009-02-23
2009-0112-IDN,Earthquake,Indonesia,,,12782.0,70.4088617569341,2009,2009-02-11,2009-02-11
2009-0121-IDN,Flood,Indonesia,,,,70.4088617569341,2009,2009-03-26,2009-03-27
2009-0123-MDG,Storm,Madagascar,,,,70.4088617569341,2009,2009-03-17,2009-03-27
2009-0123-MOZ,Storm,Mozambique,,,4261.0,70.4088617569341,2009,2009-03-26,2009-03-27
2009-0128-ARG,Epidemic,Argentina,,,,70.4088617569341,2009,,
2009-0128-BRA,Epidemic,Brazil,,,,70.4088617569341,2009,,2009-03-31
2009-0130-IND,Storm,India,,,,70.4088617569341,2009,2009-03-31,2009-03-31
2009-0136-ITA,Earthquake,Italy,,369272.0,3550689.0,70.4088617569341,2009,2009-04-06,2009-04-06
2009-0137-MDG,Storm,Madagascar,,,7101.0,70.4088617569341,2009,2009-04-06,2009-04-07
2009-0139-AFG,Flood,Afghanistan,,,,70.4088617569341,2009,2009-04-04,2009-04-15
2009-0140-USA,Storm,United States of America,,1633317.0,2414469.0,70.4088617569341,2009,2009-04-09,2009-04-10
2009-0143-PER,Mass movement (wet),Peru,,,,70.4088617569341,2009,2009-04-12,2009-04-16
2009-0147-BDI,Flood,Burundi,,,,70.4088617569341,2009,2009-04-12,2009-04-15
2009-0149-PAK,Flood,Pakistan,,,,70.4088617569341,2009,2009-04-14,2009-04-14
2009-0150-TCD,Epidemic,Chad,,,,70.4088617569341,2009,,
2009-0152-PER,Mass movement (wet),Peru,,,,70.4088617569341,2009,2009-05-05,2009-05-05
2009-0156-AFG,Earthquake,Afghanistan,,,,70.4088617569341,2009,2009-04-16,2009-04-16
2009-0157-BGD,Storm,Bangladesh,,,,70.4088617569341,2009,2009-04-19,2009-04-20
2009-0159-BEN,Storm,Benin,,,,70.4088617569341,2009,,
2009-0160-CAF,Storm,Central African Republic,,,,70.4088617569341,2009,2009-03-23,
2009-0163-BRA,Flood,Brazil,,,781152.0,70.4088617569341,2009,2009-04-22,2009-05-14
2009-0165-PHL,Storm,Philippines,,,43094.0,70.4088617569341,2009,2009-05-07,2009-05-10
2009-0168-AFG,Flood,Afghanistan,,,28406.0,70.4088617569341,2009,2009-03-25,2009-05-24
2009-0170-GAB,Storm,Gabon,,,,70.4088617569341,2009,2009-04-05,2009-04-06
2009-0171-VUT,Flood,Vanuatu,,,,70.4088617569341,2009,2009-04-15,2009-04-15
2009-0174-PHL,Storm,Philippines,,,36657.0,70.4088617569341,2009,2009-04-29,2009-05-05
2009-0175-IND,Extreme temperature,India,,,,70.4088617569341,2009,2009-04-14,2009-06-26
2009-0176-TJK,Flood,Tajikistan,,,1420.0,70.4088617569341,2009,2009-04-21,2009-06-01
2009-0178-USA,Wildfire,United States of America,,,142028.0,70.4088617569341,2009,2009-05-05,2009-05-11
2009-0184-USA,Flood,United States of America,,,,70.4088617569341,2009,2009-05-03,2009-05-10
2009-0189-CAN,Flood,Canada,,,,70.4088617569341,2009,2009-04-01,2009-04-09
2009-0190-USA,Flood,United States of America,,,,70.4088617569341,2009,2009-04-06,2009-04-09
2009-0192-PHL,Mass movement (wet),Philippines,,,,70.4088617569341,2009,2009-05-18,2009-05-18
2009-0193-PHL,Storm,Philippines,,,7.0,70.4088617569341,2009,2009-05-15,2009-05-15
2009-0194-PHL,Flood,Philippines,,,,70.4088617569341,2009,2009-05-18,2009-05-18
2009-0195-PHL,Flood,Philippines,,,,70.4088617569341,2009,2009-05-18,2009-05-18
2009-0198-HTI,Flood,Haiti,,,,70.4088617569341,2009,2009-05-15,2009-05-21
2009-0200-COK,Epidemic,Cook Islands,,,,70.4088617569341,2009,,2009-06-18
2009-0202-KEN,Epidemic,Kenya,,,,70.4088617569341,2009,,2009-05-21
2009-0204-BGD,Storm,Bangladesh,,,383474.0,70.4088617569341,2009,2009-05-25,2009-05-26
2009-0204-BTN,Storm,Bhutan,,,,70.4088617569341,2009,2009-05-25,2009-05-26
2009-0204-IND,Storm,India,,,,70.4088617569341,2009,2009-05-25,2009-05-25
2009-0205-HND,Earthquake,Honduras,,,142028.0,70.4088617569341,2009,2009-05-28,2009-05-28
2009-0207-BRA,Flood,Brazil,,,,70.4088617569341,2009,2009-05-28,2009-05-28
2009-0211-PNG,Mass movement (wet),Papua New Guinea,,,,70.4088617569341,2009,2009-05-26,2009-05-26
2009-0218-CHN,Mass movement (wet),China,,,,70.4088617569341,2009,2009-06-05,2009-06-05
2009-0219-CHN,Flood,China,,,,70.4088617569341,2009,2009-04-01,2009-06-08
2009-0222-CHN,Storm,China,,,887672.0,70.4088617569341,2009,2009-06-03,2009-06-06
2009-0223-CIV,Mass movement (wet),Côte d’Ivoire,,,,70.4088617569341,2009,2009-06-11,2009-06-12
2009-0224-CHN,Storm,China,,,93738.0,70.4088617569341,2009,2009-06-14,2009-06-15
2009-0227-CHN,Flood,China,,,,70.4088617569341,2009,,
2009-0228-AUT,Flood,Austria,,,284055.0,70.4088617569341,2009,2009-06-22,2009-06-28
2009-0228-CZE,Flood,Czechia,,,213041.0,70.4088617569341,2009,2009-06-22,2009-06-28
2009-0228-DEU,Flood,Germany,,,28406.0,70.4088617569341,2009,2009-06-22,2009-06-26
2009-0228-POL,Flood,Poland,,,142028.0,70.4088617569341,2009,2009-06-22,2009-06-26
2009-0228-ROU,Flood,Romania,,,,70.4088617569341,2009,2009-06-25,2009-06-25
2009-0230-AUS,Storm,Australia,,,85217.0,70.4088617569341,2009,2009-05-19,2009-05-28
2009-0233-BWA,Flood,Botswana,,,,70.4088617569341,2009,2009-05-10,2009-07-01
2009-0234-GTM,Flood,Guatemala,,,,70.4088617569341,2009,2009-06-19,2009-06-22
2009-0234-NIC,Flood,Nicaragua,,,,70.4088617569341,2009,2009-06-19,2009-06-22
2009-0235-CHN,Flood,China,,,83796.0,70.4088617569341,2009,2009-06-19,2009-06-22
2009-0236-GHA,Flood,Ghana,,,,70.4088617569341,2009,2009-06-06,2009-07-08
2009-0238-BRA,Flood,Brazil,,,,70.4088617569341,2009,2009-06-20,2009-06-21
2009-0239-PHL,Storm,Philippines,,,6080.0,70.4088617569341,2009,2009-07-23,2009-07-26
2009-0240-IND,Storm,India,,,,70.4088617569341,2009,2009-06-28,2009-06-29
2009-0243-BEN,Flood,Benin,,,,70.4088617569341,2009,2009-06-22,2009-07-03
2009-0243-BFA,Flood,Burkina Faso,,,,70.4088617569341,2009,,
2009-0243-LBR,Flood,Liberia,,,,70.4088617569341,2009,,
2009-0243-TGO,Flood,Togo,,,,70.4088617569341,2009,,
2009-0244-USA,Storm,United States of America,,284055.0,340866.0,70.4088617569341,2009,2009-04-16,2009-04-18
2009-0247-VNM,Flood,Viet Nam,,,,70.4088617569341,2009,2009-07-03,2009-07-06
2009-0249-CHN,Earthquake,China,,,447387.0,70.4088617569341,2009,2009-07-09,2009-07-09
2009-0250-LKA,Epidemic,Sri Lanka,,,,70.4088617569341,2009,,2009-11-18
2009-0251-MMR,Mass movement (wet),Myanmar,,,,70.4088617569341,2009,2009-07-04,2009-07-04
2009-0252-GMB,Storm,Gambia,,,,70.4088617569341,2009,2009-07-02,2009-07-02
2009-0254-CAF,Flood,Central African Republic,,,,70.4088617569341,2009,2009-07-03,2009-07-10
2009-0255-UGA,Epidemic,Uganda,,,,70.4088617569341,2009,2009-03-08,2009-10-29
2009-0259-NPL,Epidemic,Nepal,,,,70.4088617569341,2009,2009-05-01,2009-08-23
2009-0261-ZAF,Flood,South Africa,,,,70.4088617569341,2009,2009-07-12,2009-07-16
2009-0262-TUR,Flood,Türkiye,,,,70.4088617569341,2009,2009-07-10,2009-07-16
2009-0264-COD,Wildfire,Democratic Republic of the Congo,,,,70.4088617569341,2009,2009-07-12,2009-07-12
2009-0265-PHL,Storm,Philippines,,,,70.4088617569341,2009,2009-07-18,2009-07-18
2009-0266-PAK,Flood,Pakistan,,,,70.4088617569341,2009,2009-07-17,2009-07-19
2009-0267-PHL,Flood,Philippines,,,,70.4088617569341,2009,2009-07-17,2009-07-17
2009-0268-BIH,Flood,Bosnia and Herzegovina,,,,70.4088617569341,2009,2009-07-07,2009-07-15
2009-0269-MNG,Flood,Mongolia,,,134.0,70.4088617569341,2009,2009-07-16,2009-07-26
2009-0271-ESP,Wildfire,Spain,,,,70.4088617569341,2009,2009-07-20,2009-07-24
2009-0271-FRA,Wildfire,France,,,,70.4088617569341,2009,,
2009-0271-GRC,Wildfire,Greece,,,,70.4088617569341,2009,,
2009-0271-ITA,Wildfire,Italy,,,163332.0,70.4088617569341,2009,2009-07-20,2009-07-27
2009-0273-AUT,Storm,Austria,,,710138.0,70.4088617569341,2009,2009-07-23,2009-07-24
2009-0273-CHE,Storm,Switzerland,,,1420276.0,70.4088617569341,2009,2009-07-23,2009-07-24
2009-0273-CZE,Storm,Czechia,,,,70.4088617569341,2009,2009-07-23,2009-07-24
2009-0273-DEU,Storm,Germany,,,71014.0,70.4088617569341,2009,2009-07-23,2009-07-24
2009-0273-POL,Storm,Poland,,,,70.4088617569341,2009,2009-07-23,2009-07-24
2009-0275-JPN,Mass movement (wet),Japan,,,,70.4088617569341,2009,2009-07-20,2009-07-20
2009-0276-JPN,Mass movement (wet),Japan,,,,70.4088617569341,2009,2009-07-26,2009-07-27
2009-0279-AUT,Flood,Austria,,,,70.4088617569341,2009,2009-07-16,2009-07-19
2009-0284-CHN,Mass movement (wet),China,,,197418.0,70.4088617569341,2009,2009-07-14,2009-07-23
2009-0285-CHN,Mass movement (wet),China,,,,70.4088617569341,2009,2009-07-22,2009-07-22
2009-0287-USA,Storm,United States of America,,1917372.0,3550689.0,70.4088617569341,2009,2009-02-10,2009-02-13
2009-0289-PHL,Flood,Philippines,,,32610.0,70.4088617569341,2009,2009-07-04,2009-08-10
2009-0292-CHN,Flood,China,,,1420276.0,70.4088617569341,2009,2009-07-01,2009-07-08
2009-0294-BGD,Flood,Bangladesh,,,,70.4088617569341,2009,2009-07-03,2009-07-06
2009-0299-CHN,Storm,China,,,,70.4088617569341,2009,2009-08-04,2009-08-04
2009-0301-PER,Extreme temperature,Peru,,,,70.4088617569341,2009,,
2009-0303-IND,Flood,India,,,,70.4088617569341,2009,2009-07-29,2009-07-29
2009-0304-BGD,Flood,Bangladesh,,,,70.4088617569341,2009,2009-07-29,2009-07-29
2009-0305-NPL,Mass movement (wet),Nepal,,,,70.4088617569341,2009,2009-07-28,2009-07-28
2009-0308-GIN,Flood,Guinea,,,,70.4088617569341,2009,2009-08-03,2009-08-03
2009-0311-PHL,Flood,Philippines,,,,70.4088617569341,2009,2009-08-05,2009-08-05
2009-0313-CHN,Mass movement (wet),China,,,,70.4088617569341,2009,2009-08-06,2009-08-06
2009-0315-IND,Mass movement (wet),India,,,,70.4088617569341,2009,2009-08-08,2009-08-08
2009-0316-JPN,Storm,Japan,,,,70.4088617569341,2009,2009-08-10,2009-08-10
2009-0320-JPN,Earthquake,Japan,,355069.0,568110.0,70.4088617569341,2009,2009-08-10,2009-08-10
2009-0321-CHN,Storm,China,,,2010534.0,70.4088617569341,2009,2009-08-09,2009-08-10
2009-0321-PHL,Storm,Philippines,,,35507.0,70.4088617569341,2009,2009-08-04,2009-08-08
2009-0321-TWN,Storm,Taiwan (Province of China),,,355069.0,70.4088617569341,2009,2009-08-07,2009-08-08
2009-0322-NIC,Flood,Nicaragua,,,,70.4088617569341,2009,2009-07-31,2009-07-31
2009-0332-SLE,Flood,Sierra Leone,,,,70.4088617569341,2009,2009-08-13,2009-08-20
2009-0335-PAK,Flood,Pakistan,,,,70.4088617569341,2009,2009-08-15,2009-08-17
2009-0336-LKA,Flood,Sri Lanka,,,,70.4088617569341,2009,2009-08-15,2009-08-16
2009-0338-NGA,Epidemic,Nigeria,,,,70.4088617569341,2009,,
2009-0342-CAN,Storm,Canada,,,,70.4088617569341,2009,2009-08-23,2009-08-23
2009-0342-USA,Storm,United States of America,,,,70.4088617569341,2009,2009-08-23,2009-08-23
2009-0344-SEN,Flood,Senegal,,,,70.4088617569341,2009,2009-08-24,2009-08-25
2009-0345-GRC,Wildfire,Greece,,,,70.4088617569341,2009,2009-08-21,2009-08-25
2009-0346-YEM,Mass movement (wet),Yemen,,,,70.4088617569341,2009,2009-08-27,2009-08-27
2009-0349-USA,Wildfire,United States of America,,,,70.4088617569341,2009,2009-07-07,2009-10-27
2009-0350-MRT,Flood,Mauritania,,,,70.4088617569341,2009,2009-08-28,2009-08-29
2009-0352-IDN,Flood,Indonesia,,,,70.4088617569341,2009,2009-09-15,2009-09-18
2009-0354-IDN,Earthquake,Indonesia,,,227244.0,70.4088617569341,2009,2009-09-02,2009-09-02
2009-0355-TUR,Flood,Türkiye,,355069.0,781152.0,70.4088617569341,2009,2009-09-07,2009-09-10
2009-0356-ARG,Storm,Argentina,,,,70.4088617569341,2009,2009-09-09,2009-09-09
2009-0356-BRA,Storm,Brazil,,,,70.4088617569341,2009,2009-09-09,2009-09-09
2009-0356-PRY,Storm,Paraguay,,,,70.4088617569341,2009,2009-09-08,2009-09-08
2009-0357-PNG,Epidemic,Papua New Guinea,,,,70.4088617569341,2009,2009-07-18,2009-11-06
2009-0358-PNG,Epidemic,Papua New Guinea,,,,70.4088617569341,2009,2009-08-22,2009-12-18
2009-0360-PHL,Storm,Philippines,,,,70.4088617569341,2009,2009-09-02,2009-09-08
2009-0366-ALB,Earthquake,Albania,,,,70.4088617569341,2009,2009-09-07,2009-09-07
2009-0367-MEX,Flood,Mexico,,,,70.4088617569341,2009,2009-09-01,2009-09-10
2009-0368-ETH,Epidemic,Ethiopia,,,,70.4088617569341,2009,,
2009-0369-PNG,Epidemic,Papua New Guinea,,,,70.4088617569341,2009,2009-09-11,2009-12-18
2009-0373-PHL,Storm,Philippines,,,8952.0,70.4088617569341,2009,2009-09-08,2009-09-09
2009-0374-PHL,Storm,Philippines,,,,70.4088617569341,2009,2009-09-12,2009-09-13
2009-0375-NGA,Flood,Nigeria,,,,70.4088617569341,2009,2009-09-10,2009-09-18
2009-0376-GHA,Flood,Ghana,,,,70.4088617569341,2009,2009-09-17,2009-09-21
2009-0377-MEX,Flood,Mexico,,,,70.4088617569341,2009,2009-09-10,2009-09-19
2009-0378-CHN,Flood,China,,,,70.4088617569341,2009,2009-08-28,2009-09-01
2009-0379-SDN,Flood,Sudan,,,,70.4088617569341,2009,2009-08-16,2009-08-26
2009-0383-IND,Mass movement (wet),India,,,,70.4088617569341,2009,2009-09-03,2009-09-03
2009-0384-MEX,Storm,Mexico,,,56811.0,70.4088617569341,2009,2009-09-02,2009-09-03
2009-0385-AFG,Flood,Afghanistan,,,,70.4088617569341,2009,2009-09-03,2009-09-03
2009-0386-NER,Flood,Niger,,,,70.4088617569341,2009,2009-09-01,2009-09-03
2009-0388-GEO,Earthquake,Georgia,,,,70.4088617569341,2009,2009-09-07,2009-09-07
2009-0394-DZA,Flood,Algeria,,,,70.4088617569341,2009,2009-09-10,2009-09-13
2009-0399-CHN,Storm,China,,,418983.0,70.4088617569341,2009,2009-09-14,2009-09-14
2009-0399-HKG,Storm,"China, Hong Kong Special Administrative Region",,,,70.4088617569341,2009,2009-09-15,2009-09-15
2009-0403-IND,Epidemic,India,,,,70.4088617569341,2009,,
2009-0404-PHL,Earthquake,Philippines,,,128.0,70.4088617569341,2009,2009-09-18,2009-09-19
2009-0405-USA,Flood,United States of America,,284055.0,710138.0,70.4088617569341,2009,2009-09-20,2009-09-21
2009-0406-BTN,Earthquake,Bhutan,,,,70.4088617569341,2009,2009-09-21,2009-09-21
2009-0409-IND,Flood,India,,,312461.0,70.4088617569341,2009,,
2009-0412-TUN,Flood,Tunisia,,,,70.4088617569341,2009,2009-09-22,2009-09-23
2009-0414-KHM,Storm,Cambodia,,,,70.4088617569341,2009,2009-09-29,2009-09-30
2009-0414-LAO,Storm,Lao People's Democratic Republic,,,142028.0,70.4088617569341,2009,2009-09-29,2009-10-01
2009-0414-PHL,Storm,Philippines,,,337300.0,70.4088617569341,2009,2009-09-24,2009-09-27
2009-0414-VNM,Storm,Viet Nam,,,1114916.0,70.4088617569341,2009,2009-09-28,2009-09-29
2009-0418-HTI,Flood,Haiti,,,,70.4088617569341,2009,2009-09-18,2009-09-18
2009-0420-ASM,Earthquake,American Samoa,,,,70.4088617569341,2009,2009-09-29,2009-09-29
2009-0420-TON,Earthquake,Tonga,,,13493.0,70.4088617569341,2009,2009-09-29,2009-09-29
2009-0420-WSM,Earthquake,Samoa,,,176171.0,70.4088617569341,2009,2009-09-29,2009-09-29
2009-0421-IDN,Earthquake,Indonesia,,142028.0,3124607.0,70.4088617569341,2009,2009-09-30,2009-09-30
2009-0422-CHN,Storm,China,,,49710.0,70.4088617569341,2009,2009-10-13,2009-10-13
2009-0422-PHL,Storm,Philippines,,,831400.0,70.4088617569341,2009,2009-09-29,2009-10-10
2009-0422-VNM,Storm,Viet Nam,,,284.0,70.4088617569341,2009,2009-10-14,2009-10-14
2009-0423-JPN,Storm,Japan,,887672.0,1420276.0,70.4088617569341,2009,2009-10-07,2009-10-09
2009-0425-AZE,Flood,Azerbaijan,,,,70.4088617569341,2009,2009-09-21,2009-09-21
2009-0428-ITA,Flood,Italy,,,28406.0,70.4088617569341,2009,2009-10-01,2009-10-06
2009-0429-IND,Flood,India,,72434.0,3053593.0,70.4088617569341,2009,2009-09-25,2009-10-12
2009-0433-TCD,Flood,Chad,,,,70.4088617569341,2009,2009-09-12,2009-09-14
2009-0434-NPL,Flood,Nepal,,7101.0,85217.0,70.4088617569341,2009,2009-10-04,2009-10-12
2009-0436-IDN,Flood,Indonesia,,,,70.4088617569341,2009,2009-10-08,2009-10-08
2009-0437-TZA,Epidemic,United Republic of Tanzania,,,,70.4088617569341,2009,,
2009-0443-IND,Flood,India,,,,70.4088617569341,2009,2009-10-09,2009-10-09
2009-0444-BFA,Flood,Burkina Faso,,,213041.0,70.4088617569341,2009,2009-09-01,2009-09-01
2009-0445-GMB,Flood,Gambia,,,,70.4088617569341,2009,,
2009-0450-PRY,Flood,Paraguay,,,1165.0,70.4088617569341,2009,2009-09-22,2009-10-23
2009-0468-BEN,Flood,Benin,,,,70.4088617569341,2009,,
2009-0469-HTI,Flood,Haiti,,,,70.4088617569341,2009,2009-10-20,2009-10-20
2009-0476-VNM,Mass movement (wet),Viet Nam,,,,70.4088617569341,2009,2009-11-06,2009-11-06
2009-0477-MEX,Storm,Mexico,,,,70.4088617569341,2009,2009-11-08,2009-11-08
2009-0477-NIC,Storm,Nicaragua,,,,70.4088617569341,2009,2009-11-05,2009-11-05
2009-0477-SLV,Storm,El Salvador,,,1333639.0,70.4088617569341,2009,2009-11-07,2009-11-09
2009-0477-USA,Storm,United States of America,,,852165.0,70.4088617569341,2009,2009-11-09,2009-11-10
2009-0478-KHM,Storm,Cambodia,,,,70.4088617569341,2009,2009-11-02,2009-11-03
2009-0478-PHL,Storm,Philippines,,,21580.0,70.4088617569341,2009,2009-10-28,2009-10-28
2009-0478-VNM,Storm,Viet Nam,,,397677.0,70.4088617569341,2009,2009-11-02,2009-11-02
2009-0479-IDN,Earthquake,Indonesia,,,3451.0,70.4088617569341,2009,2009-11-08,2009-11-08
2009-0480-IDN,Mass movement (wet),Indonesia,,,,70.4088617569341,2009,2009-11-08,2009-11-08
2009-0483-IND,Flood,India,,,90898.0,70.4088617569341,2009,2009-11-03,2009-11-08
2009-0484-TZA,Flood,United Republic of Tanzania,,,,70.4088617569341,2009,2009-11-10,2009-11-13
2009-0487-CHN,Storm,China,,29826.0,1462884.0,70.4088617569341,2009,2009-11-09,2009-11-12
2009-0489-IRQ,Flood,Iraq,,,,70.4088617569341,2009,2009-10-30,2009-11-02
2009-0491-CMR,Epidemic,Cameroon,,,,70.4088617569341,2009,2009-09-15,2010-08-01
2009-0493-IRN,Earthquake,Iran (Islamic Republic of),,,,70.4088617569341,2009,2009-11-03,2009-11-03
2009-0494-KEN,Flood,Kenya,,,,70.4088617569341,2009,2009-10-29,2009-11-04
2009-0495-CPV,Epidemic,Cabo Verde,,,,70.4088617569341,2009,2009-09-30,2009-11-29
2009-0497-GBR,Flood,United Kingdom of Great Britain and Northern Ireland,,472952.0,687413.0,70.4088617569341,2009,2009-11-19,2009-11-22
2009-0497-IRL,Flood,Ireland,,,,70.4088617569341,2009,2009-11-18,2009-11-20
2009-0498-TCD,Flood,Chad,,,,70.4088617569341,2009,2009-08-10,2009-08-11
2009-0499-CHN,Storm,China,,,28202.0,70.4088617569341,2009,2009-11-11,2009-11-14
2009-0500-CHN,Mass movement (wet),China,,,,70.4088617569341,2009,2009-11-17,2009-11-17
2009-0501-LKA,Flood,Sri Lanka,,,,70.4088617569341,2009,2009-11-21,2009-11-22
2009-0502-ZWE,Epidemic,Zimbabwe,,,,70.4088617569341,2009,,2009-11-22
2009-0506-GBR,Storm,United Kingdom of Great Britain and Northern Ireland,,,,70.4088617569341,2009,2009-11-13,2009-12-04
2009-0509-ARG,Flood,Argentina,,,,70.4088617569341,2009,2009-11-14,2009-11-22
2009-0511-MYS,Flood,Malaysia,,,,70.4088617569341,2009,2009-11-23,2009-11-26
2009-0512-BRA,Flood,Brazil,,,,70.4088617569341,2009,2009-11-12,2009-11-13
2009-0513-THA,Flood,Thailand,,,,70.4088617569341,2009,2009-11-07,2009-11-08
2009-0515-MEX,Flood,Mexico,,,,70.4088617569341,2009,2009-11-01,2009-11-12
2009-0521-PHL,Storm,Philippines,,,17.0,70.4088617569341,2009,2009-11-25,2009-11-25
2009-0522-SAU,Flood,Saudi Arabia,,,1278248.0,70.4088617569341,2009,2009-11-24,2009-11-26
2009-0523-MLI,Flood,Mali,,,,70.4088617569341,2009,,
2009-0530-SRB,Flood,Serbia,,,,70.4088617569341,2009,2009-11-06,2009-11-07
2009-0531-BRA,Flood,Brazil,,,71014.0,70.4088617569341,2009,2009-11-21,2009-11-30
2009-0531-URY,Flood,Uruguay,,,,70.4088617569341,2009,2009-11-21,2009-11-30
2009-0532-SOM,Flood,Somalia,,,,70.4088617569341,2009,2009-10-23,2009-10-30
2009-0538-COD,Epidemic,Democratic Republic of the Congo,,,,70.4088617569341,2009,,2009-12-06
2009-0540-IDN,Flood,Indonesia,,,,70.4088617569341,2009,2009-12-08,2009-12-08
2009-0541-COD,Epidemic,Democratic Republic of the Congo,,,,70.4088617569341,2009,2009-01-01,2009-11-16
2009-0542-COD,Epidemic,Democratic Republic of the Congo,,,,70.4088617569341,2009,2009-01-01,2009-11-16
2009-0543-MOZ,Epidemic,Mozambique,,,,70.4088617569341,2009,2009-05-05,2010-03-08
2009-0544-COD,Flood,Democratic Republic of the Congo,,,,70.4088617569341,2009,2009-11-16,2009-11-16
2009-0545-UGA,Epidemic,Uganda,,,,70.4088617569341,2009,,2009-10-26
2009-0546-COD,Epidemic,Democratic Republic of the Congo,,,,70.4088617569341,2009,,
2009-0547-MWI,Earthquake,Malawi,,,,70.4088617569341,2009,2009-12-08,2009-12-08
2009-0549-KEN,Epidemic,Kenya,,,,70.4088617569341,2009,2009-11-23,2009-12-09
2009-0550-AGO,Flood,Angola,,,,70.4088617569341,2009,2009-12-10,2009-12-10
2009-0551-LKA,Flood,Sri Lanka,,,,70.4088617569341,2009,2009-12-14,2009-12-16
2009-0553-VUT,Volcanic activity,Vanuatu,,,,70.4088617569341,2009,2009-11-26,2009-11-26
2009-0554-FJI,Storm,Fiji,,,18890.0,70.4088617569341,2009,2009-12-14,2009-12-15
2009-0555-PAN,Flood,Panama,,,,70.4088617569341,2009,2009-11-23,2009-11-23
2009-0557-HND,Epidemic,Honduras,,,,70.4088617569341,2009,,
2009-0560-BRA,Flood,Brazil,,,,70.4088617569341,2009,2009-11-02,2009-11-02
2009-0561-MEX,Flood,Mexico,,,,70.4088617569341,2009,2009-10-02,2009-10-02
2009-0562-SLV,Epidemic,El Salvador,,,,70.4088617569341,2009,,
2009-0563-NIC,Epidemic,Nicaragua,,,,70.4088617569341,2009,,2009-10-30
2009-0564-PER,Epidemic,Peru,,,,70.4088617569341,2009,,
2009-0564-PRY,Epidemic,Paraguay,,,,70.4088617569341,2009,,2009-03-06
2009-0565-DOM,Epidemic,Dominican Republic,,,,70.4088617569341,2009,,
2009-0569-PER,Mass movement (wet),Peru,,,,70.4088617569341,2009,2009-12-16,2009-12-16
2009-0571-AUT,Extreme temperature,Austria,,,,70.4088617569341,2009,2009-12-18,2009-12-19
2009-0571-DEU,Extreme temperature,Germany,,,,70.4088617569341,2009,2009-12-18,2010-01-25
2009-0571-FRA,Extreme temperature,France,,,,70.4088617569341,2009,2009-12-18,2009-12-19
2009-0571-GBR,Extreme temperature,United Kingdom of Great Britain and Northern Ireland,,,,70.4088617569341,2009,2009-12-19,2009-12-23
2009-0571-ITA,Extreme temperature,Italy,,,,70.4088617569341,2009,2009-12-21,2009-12-21
2009-0571-POL,Extreme temperature,Poland,,,,70.4088617569341,2009,2009-11-01,2010-01-26
2009-0571-ROU,Extreme temperature,Romania,,,,70.4088617569341,2009,2009-12-20,2009-12-23
2009-0571-UKR,Extreme temperature,Ukraine,,,,70.4088617569341,2009,2009-12-21,2009-12-21
2009-0573-MWI,Earthquake,Malawi,,,,70.4088617569341,2009,2009-12-20,2009-12-20
2009-0574-PHL,Volcanic activity,Philippines,,,,70.4088617569341,2009,2009-12-14,2009-12-20
2009-0576-KEN,Epidemic,Kenya,,,,70.4088617569341,2009,2009-11-13,2009-12-14
2009-0586-ARG,Flood,Argentina,,,,70.4088617569341,2009,2009-12-28,2009-12-28
2009-0589-AUS,Flood,Australia,,,,70.4088617569341,2009,2009-12-25,2009-12-28
2009-0590-MAR,Flood,Morocco,,,,70.4088617569341,2009,2009-12-25,2009-12-26
2009-0591-TZA,Flood,United Republic of Tanzania,,,,70.4088617569341,2009,2009-12-25,2010-01-10
2009-0594-MEX,Epidemic,Mexico,,,,70.4088617569341,2009,,
2009-0595-BGD,Extreme temperature,Bangladesh,,,,70.4088617569341,2009,2009-12-15,2010-01-31
2009-0595-IND,Extreme temperature,India,,,,71.5635955751889,2010,2010-01-02,2010-01-13
2009-0595-NPL,Extreme temperature,Nepal,,,,70.4088617569341,2009,,
2009-0597-KEN,Flood,Kenya,,,,70.4088617569341,2009,2009-12-24,2010-01-12
2009-0599-USA,Storm,United States of America,,,,70.4088617569341,2009,2009-12-23,2009-12-25
2009-0600-BRA,Mass movement (wet),Brazil,,,205940.0,70.4088617569341,2009,2009-12-31,2010-01-28
2009-0601-USA,Storm,United States of America,,1562303.0,2840552.0,70.4088617569341,2009,2009-06-10,2009-06-18
2009-0603-USA,Storm,United States of America,,1136221.0,1420276.0,70.4088617569341,2009,2009-07-20,2009-07-21
2009-0604-USA,Storm,United States of America,,852165.0,1207234.0,70.4088617569341,2009,2009-05-07,2009-05-09
2009-0606-PHL,Storm,Philippines,,,4102.0,70.4088617569341,2009,2009-08-01,2009-08-03
2009-0607-MNE,Flood,Montenegro,,,,70.4088617569341,2009,2009-12-25,2010-01-10
2009-0608-NPL,Flood,Nepal,,,,70.4088617569341,2009,2009-07-26,2009-07-28
2009-0609-IND,Storm,India,,,426083.0,70.4088617569341,2009,2009-11-11,2009-11-12
2009-0610-MYS,Flood,Malaysia,,,,70.4088617569341,2009,2009-11-20,2009-11-27
2009-0611-VNM,Flood,Viet Nam,,,,70.4088617569341,2009,2009-09-25,2009-09-28
2009-0612-LAO,Flood,Lao People's Democratic Republic,,,,70.4088617569341,2009,2009-08-10,2009-08-11
2009-0613-CHN,Flood,China,,,46869.0,70.4088617569341,2009,2009-07-26,2009-08-04
2009-0614-MEX,Flood,Mexico,,,,70.4088617569341,2009,2009-07-14,2009-07-16
2009-0615-AUS,Flood,Australia,,17043.0,213041.0,70.4088617569341,2009,2009-01-13,2009-02-25
2009-0616-AUS,Extreme temperature,Australia,,,,70.4088617569341,2009,2009-01-27,2009-02-08
2009-0619-CAN,Storm,Canada,,,710138.0,70.4088617569341,2009,2009-08-01,2009-08-03
2009-0621-CHN,Storm,China,,,9942.0,70.4088617569341,2009,2009-08-01,2009-08-05
2009-0622-NGA,Flood,Nigeria,,,,70.4088617569341,2009,2009-06-26,2009-07-02
2009-0628-CPV,Flood,Cabo Verde,,,,70.4088617569341,2009,,
2009-0631-ALB,Flood,Albania,,,,70.4088617569341,2009,2009-12-27,2010-01-08
2009-0632-MNG,Extreme temperature,Mongolia,,,88057.0,70.4088617569341,2009,,
2009-0633-BWA,Storm,Botswana,,,,70.4088617569341,2009,2009-12-05,2009-12-05
2009-0634-MDG,Epidemic,Madagascar,,,,70.4088617569341,2009,,2010-02-15
2009-0636-CHN,Flood,China,,,399097.0,70.4088617569341,2009,2009-06-07,2009-06-09
2009-0637-COL,Mass movement (wet),Colombia,,,,70.4088617569341,2009,2009-07-23,2009-07-23
2009-0638-IND,Flood,India,,,,70.4088617569341,2009,2009-08-26,2009-08-28
2009-0640-IND,Storm,India,,,,70.4088617569341,2009,2009-05-11,2009-05-11
2009-0641-IND,Storm,India,,,,70.4088617569341,2009,2009-06-07,2009-06-07
2009-0642-CHN,Storm,China,,,153390.0,70.4088617569341,2009,2009-08-02,2009-08-08
2009-0644-USA,Storm,United States of America,,1136221.0,2130414.0,70.4088617569341,2009,2009-03-26,2009-03-28
2009-0645-ZWE,Epidemic,Zimbabwe,,,,70.4088617569341,2009,,
2009-0655-ZMB,Epidemic,Zambia,,,,70.4088617569341,2009,2009-10-19,2010-04-08
2009-0656-MWI,Epidemic,Malawi,,,,70.4088617569341,2009,,
2009-0657-AGO,Epidemic,Angola,,,,70.4088617569341,2009,,
2009-0658-JPN,Extreme temperature,Japan,,,,70.4088617569341,2009,,
2009-0660-PER,Flood,Peru,,,,70.4088617569341,2009,,
2009-0661-MOZ,Epidemic,Mozambique,,,,70.4088617569341,2009,,
2009-9055-ARG,Drought,Argentina,,,,70.4088617569341,2009,,
2009-9210-PRY,Drought,Paraguay,,,,70.4088617569341,2009,,
2009-9283-CHN,Drought,China,,,,70.4088617569341,2009,,
2009-9323-BGD,Drought,Bangladesh,,,,70.4088617569341,2009,,
2009-9323-IND,Drought,India,,,,70.4088617569341,2009,,
2009-9415-ECU,Drought,Ecuador,,,2414.0,70.4088617569341,2009,,
2009-9415-GTM,Drought,Guatemala,,,,70.4088617569341,2009,,
2009-9415-SLV,Drought,El Salvador,,,38347.0,70.4088617569341,2009,,
2009-9415-VEN,Drought,Venezuela (Bolivarian Republic of),,,,70.4088617569341,2009,,
2009-9559-HND,Drought,Honduras,,,,70.4088617569341,2009,,
2009-9615-ETH,Drought,Ethiopia,,,,70.4088617569341,2009,,
2009-9633-SSD,Drought,South Sudan,,,,70.4088617569341,2009,,
2009-9634-BDI,Drought,Burundi,,,,70.4088617569341,2009,,
2009-9651-NER,Drought,Niger,,,,70.4088617569341,2009,,
2009-9654-TCD,Drought,Chad,,,,70.4088617569341,2009,,
2009-9655-CHN,Drought,China,,,5112993.0,70.4088617569341,2009,,
2009-9660-NPL,Drought,Nepal,,,,70.4088617569341,2009,,
2009-9661-KGZ,Drought,Kyrgyzstan,,,,70.4088617569341,2009,,
2010-0002-TJK,Earthquake,Tajikistan,,,2096.0,71.5635955751889,2010,2010-01-02,2010-01-02
2010-0003-SLB,Earthquake,Solomon Islands,,,,71.5635955751889,2010,2010-01-03,2010-01-03
2010-0009-BDI,Flood,Burundi,,,,71.5635955751889,2010,,
2010-0012-PAK,Mass movement (wet),Pakistan,,,25152.0,71.5635955751889,2010,2010-01-04,2010-01-04
2010-0017-HTI,Earthquake,Haiti,16069623.0,279472.0,11178868.0,71.5635955751889,2010,2010-01-12,2010-01-12
2010-0018-IRN,Earthquake,Iran (Islamic Republic of),,,,71.5635955751889,2010,2010-01-16,2010-01-17
2010-0020-PHL,Flood,Philippines,,,31.0,71.5635955751889,2010,2010-01-14,2010-01-17
2010-0021-EGY,Flood,Egypt,,,,71.5635955751889,2010,2010-01-18,2010-01-19
2010-0021-ISR,Flood,Israel,,,,71.5635955751889,2010,2010-01-19,2010-01-19
2010-0021-PSE,Flood,State of Palestine,,,,71.5635955751889,2010,2010-01-18,2010-01-19
2010-0023-BOL,Flood,Bolivia (Plurinational State of),,,,71.5635955751889,2010,2010-01-01,2010-01-13
2010-0026-IDN,Flood,Indonesia,,,,71.5635955751889,2010,2010-01-11,2010-01-11
2010-0027-USA,Earthquake,United States of America,,,17467.0,71.5635955751889,2010,2010-01-10,2010-01-10
2010-0028-PAN,Flood,Panama,,,,71.5635955751889,2010,2010-01-11,2010-01-13
2010-0031-PHL,Mass movement (wet),Philippines,,,109.0,71.5635955751889,2010,2010-01-01,2010-01-01
2010-0033-PHL,Flood,Philippines,,,,71.5635955751889,2010,2010-01-17,2010-01-17
2010-0034-IDN,Flood,Indonesia,,,,71.5635955751889,2010,2010-01-22,2010-01-22
2010-0036-CHN,Storm,China,,,125762.0,71.5635955751889,2010,2010-01-01,2010-01-27
2010-0044-PYF,Storm,French Polynesia,,,15371.0,71.5635955751889,2010,2010-02-04,2010-02-04
2010-0045-USA,Storm,United States of America,,,2794717.0,71.5635955751889,2010,2010-02-05,2010-02-11
2010-0048-AFG,Mass movement (wet),Afghanistan,,,,71.5635955751889,2010,2010-02-06,2010-02-09
2010-0050-BGR,Extreme temperature,Bulgaria,,,,71.5635955751889,2010,,
2010-0050-ROU,Extreme temperature,Romania,,,,71.5635955751889,2010,2010-01-22,2010-01-26
2010-0050-RUS,Extreme temperature,Russian Federation,,,,71.5635955751889,2010,2010-01-01,2010-01-26
2010-0050-SRB,Extreme temperature,Serbia,,,,71.5635955751889,2010,2010-01-28,2010-01-28
2010-0052-IND,Mass movement (wet),India,,,,71.5635955751889,2010,2010-02-08,2010-02-08
2010-0053-PAK,Flood,Pakistan,,,,71.5635955751889,2010,2010-02-08,2010-02-09
2010-0054-SLB,Flood,Solomon Islands,,,,71.5635955751889,2010,2010-01-21,2010-02-09
2010-0056-ECU,Flood,Ecuador,,,,71.5635955751889,2010,,
2010-0057-BRA,Extreme temperature,Brazil,,,,71.5635955751889,2010,,
2010-0058-MEX,Flood,Mexico,,,22358.0,71.5635955751889,2010,2010-01-26,2010-02-13
2010-0064-CHN,Earthquake,China,,,6148.0,71.5635955751889,2010,2010-01-30,2010-01-30
2010-0065-PER,Flood,Peru,,,,71.5635955751889,2010,2010-02-10,2010-02-17
2010-0066-AUS,Flood,Australia,,,,71.5635955751889,2010,2010-02-13,2010-02-16
2010-0067-DOM,Flood,Dominican Republic,,,,71.5635955751889,2010,2010-02-14,2010-02-15
2010-0067-HTI,Flood,Haiti,,,,71.5635955751889,2010,2010-02-15,2010-02-15
2010-0068-PRT,Flood,Portugal,2013246.0,97815.0,1886434.0,71.5635955751889,2010,2010-02-20,2010-02-21
2010-0070-ZMB,Mass movement (wet),Zambia,,,,71.5635955751889,2010,2010-02-22,2010-02-22
2010-0073-PAK,Mass movement (wet),Pakistan,,,,71.5635955751889,2010,2010-02-18,2010-02-18
2010-0075-IDN,Flood,Indonesia,,,,71.5635955751889,2010,2010-02-23,2010-03-01
2010-0078-COK,Storm,Cook Islands,,,,71.5635955751889,2010,2010-02-11,2010-02-19
2010-0084-UGA,Mass movement (wet),Uganda,,,,71.5635955751889,2010,2010-02-25,2010-03-01
2010-0087-CHN,Earthquake,China,,,,71.5635955751889,2010,2010-02-25,2010-02-25
2010-0088-BEL,Storm,Belgium,,111789.0,223577.0,71.5635955751889,2010,2010-02-28,2010-02-28
2010-0088-CHE,Storm,Switzerland,,12576.0,19563.0,71.5635955751889,2010,2010-02-28,2010-02-28
2010-0088-DEU,Storm,Germany,,950204.0,1397359.0,71.5635955751889,2010,2010-02-28,2010-02-28
2010-0088-ESP,Storm,Spain,,191438.0,475102.0,71.5635955751889,2010,2010-02-27,2010-02-28
2010-0088-FRA,Storm,France,,2934453.0,5910827.0,71.5635955751889,2010,2010-02-28,2010-03-02
2010-0088-GBR,Storm,United Kingdom of Great Britain and Northern Ireland,,48.0,699.0,71.5635955751889,2010,2010-02-28,2010-02-28
2010-0088-LUX,Storm,Luxembourg,,29345.0,43318.0,71.5635955751889,2010,2010-02-28,2010-02-28
2010-0088-NLD,Storm,Netherlands (Kingdom of the),,25152.0,39126.0,71.5635955751889,2010,2010-02-28,2010-02-28
2010-0088-PRT,Storm,Portugal,,97815.0,377287.0,71.5635955751889,2010,2010-02-27,2010-02-27
2010-0089-USA,Storm,United States of America,,628811.0,698679.0,71.5635955751889,2010,2010-02-23,2010-02-28
2010-0091-CHL,Earthquake,Chile,15145969.0,11178868.0,41920756.0,71.5635955751889,2010,2010-02-27,2010-02-27
2010-0092-HTI,Flood,Haiti,,,,71.5635955751889,2010,2010-02-18,2010-03-02
2010-0093-TUR,Earthquake,Türkiye,,,,71.5635955751889,2010,2010-03-08,2010-03-08
2010-0094-KEN,Flood,Kenya,,,,71.5635955751889,2010,2010-03-01,2010-05-14
2010-0097-MOZ,Flood,Mozambique,,,,71.5635955751889,2010,2010-02-22,2010-03-11
2010-0101-SRB,Flood,Serbia,,,,71.5635955751889,2010,2010-03-01,2010-03-02
2010-0102-AUS,Storm,Australia,,1327491.0,1858487.0,71.5635955751889,2010,2010-03-06,2010-03-10
2010-0103-AUS,Flood,Australia,,67073.0,152312.0,71.5635955751889,2010,2010-02-28,2010-03-17
2010-0104-MDG,Storm,Madagascar,,,,71.5635955751889,2010,2010-03-10,2010-03-12
2010-0105-AGO,Flood,Angola,,,,71.5635955751889,2010,2010-03-01,2010-03-17
2010-0106-FJI,Storm,Fiji,,,55094.0,71.5635955751889,2010,2010-03-14,2010-03-16
2010-0109-KAZ,Flood,Kazakhstan,,,48315.0,71.5635955751889,2010,,
2010-0112-MAR,Flood,Morocco,,,,71.5635955751889,2010,2010-03-09,2010-03-09
2010-0115-ETH,Flood,Ethiopia,,,,71.5635955751889,2010,2010-03-01,2010-03-11
2010-0115-SOM,Flood,Somalia,,,,71.5635955751889,2010,2010-03-01,2010-03-11
2010-0116-ZMB,Flood,Zambia,,,,71.5635955751889,2010,2010-03-01,2010-03-17
2010-0119-ZWE,Flood,Zimbabwe,,,,71.5635955751889,2010,2010-03-04,2010-03-04
2010-0120-AUS,Storm,Australia,,,,71.5635955751889,2010,2010-03-21,2010-03-21
2010-0120-SLB,Storm,Solomon Islands,,,,71.5635955751889,2010,2010-03-15,2010-03-15
2010-0122-BDI,Flood,Burundi,,,,71.5635955751889,2010,,
2010-0125-AUS,Storm,Australia,,1383385.0,1942328.0,71.5635955751889,2010,2010-03-22,2010-03-22
2010-0126-AGO,Flood,Angola,,,,71.5635955751889,2010,2010-03-21,2010-03-22
2010-0127-MWI,Flood,Malawi,,,,71.5635955751889,2010,2010-03-22,2010-03-22
2010-0128-NAM,Flood,Namibia,,,,71.5635955751889,2010,2010-03-24,2010-03-24
2010-0129-AFG,Mass movement (wet),Afghanistan,,,,71.5635955751889,2010,2010-03-02,2010-03-02
2010-0131-BEN,Epidemic,Benin,,,,71.5635955751889,2010,,
2010-0131-BFA,Epidemic,Burkina Faso,,,,71.5635955751889,2010,2010-01-01,2010-05-31
2010-0131-GHA,Epidemic,Ghana,,,,71.5635955751889,2010,,2010-03-02
2010-0131-NER,Epidemic,Niger,,,,71.5635955751889,2010,2010-01-01,2010-03-22
2010-0131-NGA,Epidemic,Nigeria,,,,71.5635955751889,2010,,2010-03-24
2010-0131-TCD,Epidemic,Chad,,,,71.5635955751889,2010,,2010-03-15
2010-0131-TGO,Epidemic,Togo,,,,71.5635955751889,2010,2010-01-01,2010-03-22
2010-0133-COD,Flood,Democratic Republic of the Congo,,,,71.5635955751889,2010,2010-03-17,2010-03-17
2010-0137-TCD,Epidemic,Chad,,,,71.5635955751889,2010,,2010-03-22
2010-0138-COD,Epidemic,Democratic Republic of the Congo,,,,71.5635955751889,2010,,2010-03-22
2010-0139-COD,Epidemic,Democratic Republic of the Congo,,,,71.5635955751889,2010,,2010-03-22
2010-0140-ETH,Epidemic,Ethiopia,,,,71.5635955751889,2010,2010-01-01,2010-03-22
2010-0141-KEN,Epidemic,Kenya,,,,71.5635955751889,2010,2010-01-01,2010-05-26
2010-0142-MOZ,Epidemic,Mozambique,,,,71.5635955751889,2010,2010-01-01,2010-03-13
2010-0143-ZWE,Epidemic,Zimbabwe,,,,71.5635955751889,2010,2010-02-04,2010-03-14
2010-0144-ZWE,Epidemic,Zimbabwe,,,,71.5635955751889,2010,2010-01-01,2010-03-14
2010-0145-BEN,Epidemic,Benin,,,,71.5635955751889,2010,2010-01-15,2010-02-08
2010-0146-RWA,Mass movement (wet),Rwanda,,,,71.5635955751889,2010,2010-03-26,2010-03-31
2010-0147-BRA,Flood,Brazil,,,279472.0,71.5635955751889,2010,2010-04-04,2010-04-12
2010-0153-RUS,Flood,Russian Federation,,,,71.5635955751889,2010,2010-03-22,2010-03-26
2010-0156-PER,Mass movement (wet),Peru,,,,71.5635955751889,2010,2010-04-01,2010-04-06
2010-0158-MEX,Earthquake,Mexico,,558943.0,1606962.0,71.5635955751889,2010,2010-04-04,2010-04-04
2010-0162-USA,Flood,United States of America,,,,71.5635955751889,2010,2010-03-27,2010-03-31
2010-0163-USA,Storm,United States of America,,,,71.5635955751889,2010,2010-04-24,2010-04-24
2010-0164-SOM,Flood,Somalia,,,,71.5635955751889,2010,2010-04-24,2010-04-24
2010-0166-GAB,Storm,Gabon,,,,71.5635955751889,2010,2010-04-17,2010-04-18
2010-0168-COL,Flood,Colombia,,19563.0,1397359.0,71.5635955751889,2010,2010-04-06,2011-03-07
2010-0169-CHN,Earthquake,China,,,698679.0,71.5635955751889,2010,2010-04-14,2010-04-14
2010-0170-ISL,Volcanic activity,Iceland,,,,71.5635955751889,2010,,
2010-0171-BGD,Storm,Bangladesh,,,,71.5635955751889,2010,2010-04-13,2010-04-14
2010-0171-IND,Storm,India,,,,71.5635955751889,2010,2010-04-13,2010-04-14
2010-0174-TJK,Flood,Tajikistan,,,,71.5635955751889,2010,2010-04-11,2010-04-11
2010-0175-TJK,Flood,Tajikistan,,,285061.0,71.5635955751889,2010,2010-05-06,2010-05-10
2010-0176-AFG,Flood,Afghanistan,,,,71.5635955751889,2010,2010-05-05,2010-05-08
2010-0177-IND,Storm,India,,,,71.5635955751889,2010,2010-05-06,2010-05-08
2010-0179-CHN,Storm,China,,,86987.0,71.5635955751889,2010,2010-05-06,2010-05-06
2010-0183-YEM,Flood,Yemen,,,,71.5635955751889,2010,2010-05-05,2010-05-05
2010-0186-KEN,Mass movement (wet),Kenya,,,,71.5635955751889,2010,2010-04-30,2010-04-30
2010-0187-USA,Storm,United States of America,,1117887.0,3283793.0,71.5635955751889,2010,2010-04-30,2010-05-03
2010-0191-LKA,Flood,Sri Lanka,,,146723.0,71.5635955751889,2010,2010-05-14,2010-05-20
2010-0193-CZE,Flood,Czechia,,,265498.0,71.5635955751889,2010,2010-05-15,2010-05-26
2010-0193-HRV,Flood,Croatia,,,111789.0,71.5635955751889,2010,2010-06-03,2010-06-03
2010-0193-HUN,Flood,Hungary,,,614838.0,71.5635955751889,2010,2010-05-15,2010-06-07
2010-0193-POL,Flood,Poland,,,4303864.0,71.5635955751889,2010,2010-05-17,2010-05-26
2010-0193-SRB,Flood,Serbia,,,,71.5635955751889,2010,2010-05-17,2010-05-17
2010-0193-SVK,Flood,Slovakia,,,34934.0,71.5635955751889,2010,2010-05-15,2010-05-26
2010-0196-USA,Storm,United States of America,,2794717.0,3772868.0,71.5635955751889,2010,2010-05-12,2010-05-16
2010-0198-IND,Storm,India,,,,71.5635955751889,2010,2010-05-20,2010-05-20
2010-0199-COD,Mass movement (wet),Democratic Republic of the Congo,,,,71.5635955751889,2010,2010-05-16,2010-05-16
2010-0199-RWA,Mass movement (wet),Rwanda,,,,71.5635955751889,2010,2010-05-16,2010-05-16
2010-0204-AZE,Flood,Azerbaijan,,,,71.5635955751889,2010,2010-05-04,2010-05-13
2010-0205-BGD,Storm,Bangladesh,,,,71.5635955751889,2010,2010-04-17,2010-04-17
2010-0206-IND,Extreme temperature,India,,,,71.5635955751889,2010,,
2010-0207-NPL,Epidemic,Nepal,,,,71.5635955751889,2010,,
2010-0210-OMN,Storm,Oman,,,1397359.0,71.5635955751889,2010,2010-06-06,2010-06-06
2010-0210-PAK,Storm,Pakistan,,,111789.0,71.5635955751889,2010,2010-06-06,2010-06-07
2010-0211-GTM,Storm,Guatemala,,,908283.0,71.5635955751889,2010,2010-05-28,2010-06-01
2010-0211-HND,Storm,Honduras,,,125762.0,71.5635955751889,2010,2010-05-29,2010-05-29
2010-0211-SLV,Storm,El Salvador,,,27947.0,71.5635955751889,2010,2010-05-29,2010-06-01
2010-0216-CHN,Mass movement (wet),China,,,,71.5635955751889,2010,2010-05-30,2010-06-03
2010-0217-CZE,Flood,Czechia,,,,71.5635955751889,2010,2010-06-01,2010-06-01
2010-0217-SVK,Flood,Slovakia,,,,71.5635955751889,2010,2010-06-01,2010-06-02
2010-0220-GTM,Volcanic activity,Guatemala,,,,71.5635955751889,2010,2010-05-27,2010-05-27
2010-0225-USA,Flood,United States of America,,,,71.5635955751889,2010,2010-06-10,2010-06-11
2010-0231-BGD,Mass movement (wet),Bangladesh,,,,71.5635955751889,2010,2010-06-14,2010-06-15
2010-0231-MMR,Mass movement (wet),Myanmar,,,,71.5635955751889,2010,2010-06-17,2010-06-17
2010-0232-PHL,Flood,Philippines,,,,71.5635955751889,2010,2010-05-28,2010-06-01
2010-0233-FRA,Flood,France,,1495174.0,2096038.0,71.5635955751889,2010,2010-06-15,2010-06-16
2010-0238-IDN,Earthquake,Indonesia,,,,71.5635955751889,2010,2010-06-16,2010-06-16
2010-0239-CHN,Flood,China,,85239.0,25152453.0,71.5635955751889,2010,2010-05-29,2010-08-31
2010-0246-GHA,Flood,Ghana,,,,71.5635955751889,2010,2010-06-20,2010-07-05
2010-0248-BRA,Flood,Brazil,,,841210.0,71.5635955751889,2010,2010-06-19,2010-06-23
2010-0251-ROU,Flood,Romania,,,1553063.0,71.5635955751889,2010,2010-06-21,2010-07-03
2010-0252-BIH,Flood,Bosnia and Herzegovina,,,121570.0,71.5635955751889,2010,2010-06-20,2010-06-22
2010-0255-CIV,Flood,Côte d’Ivoire,,,,71.5635955751889,2010,2010-06-24,2010-06-27
2010-0255-TGO,Flood,Togo,,,,71.5635955751889,2010,2010-06-05,
2010-0260-GTM,Storm,Guatemala,1362425.0,,,71.5635955751889,2010,2010-06-27,2010-06-27
2010-0260-MEX,Storm,Mexico,,,2794717.0,71.5635955751889,2010,2010-06-30,2010-07-07
2010-0260-NIC,Storm,Nicaragua,,,,71.5635955751889,2010,2010-06-27,2010-06-27
2010-0260-SLV,Storm,El Salvador,,,,71.5635955751889,2010,2010-06-27,2010-06-27
2010-0262-CHN,Mass movement (wet),China,,,,71.5635955751889,2010,2010-06-28,2010-06-28
2010-0267-PAN,Flood,Panama,,,,71.5635955751889,2010,2010-06-15,
2010-0268-HND,Epidemic,Honduras,,,,71.5635955751889,2010,,
2010-0269-BGD,Flood,Bangladesh,,,,71.5635955751889,2010,2010-06-24,2010-06-24
2010-0270-ECU,Flood,Ecuador,,,,71.5635955751889,2010,2010-04-06,2010-04-06
2010-0271-GAB,Epidemic,Gabon,,,,71.5635955751889,2010,2010-04-10,2010-06-22
2010-0272-KGZ,Mass movement (wet),Kyrgyzstan,,,,71.5635955751889,2010,2010-06-03,2010-06-03
2010-0273-NIC,Flood,Nicaragua,,,,71.5635955751889,2010,2010-05-26,2010-06-03
2010-0274-ECU,Volcanic activity,Ecuador,,,,71.5635955751889,2010,2010-05-28,2010-05-28
2010-0275-UKR,Flood,Ukraine,,,2655.0,71.5635955751889,2010,2010-06-27,2010-07-02
2010-0276-IND,Flood,India,,,624619.0,71.5635955751889,2010,2010-07-05,2010-07-15
2010-0278-MDA,Flood,Republic of Moldova,,,,71.5635955751889,2010,2010-07-05,2010-07-07
2010-0279-DOM,Flood,Dominican Republic,,,,71.5635955751889,2010,2010-07-15,2010-07-15
2010-0280-LBR,Flood,Liberia,,,,71.5635955751889,2010,2010-06-25,2010-06-27
2010-0281-PHL,Flood,Philippines,,,,71.5635955751889,2010,2010-06-01,2010-06-01
2010-0282-PAK,Flood,Pakistan,,,,71.5635955751889,2010,2010-06-22,2010-06-24
2010-0283-IND,Flood,India,,,,71.5635955751889,2010,2010-05-18,2010-05-24
2010-0285-KEN,Flood,Kenya,,,,71.5635955751889,2010,2010-05-08,2010-05-24
2010-0289-COL,Wildfire,Colombia,,,,71.5635955751889,2010,,2010-04-06
2010-0291-KAZ,Flood,Kazakhstan,,,,71.5635955751889,2010,2010-03-17,2010-03-24
2010-0293-PAK,Flood,Pakistan,,,,71.5635955751889,2010,2010-07-21,2010-07-23
2010-0294-ARG,Extreme temperature,Argentina,,,,71.5635955751889,2010,,
2010-0294-BOL,Extreme temperature,Bolivia (Plurinational State of),,,,71.5635955751889,2010,,
2010-0294-CHL,Extreme temperature,Chile,,,,71.5635955751889,2010,,
2010-0294-PRY,Extreme temperature,Paraguay,,,,71.5635955751889,2010,,
2010-0294-URY,Extreme temperature,Uruguay,,,,71.5635955751889,2010,,
2010-0295-NER,Flood,Niger,,,,71.5635955751889,2010,2010-07-19,2010-07-23
2010-0297-SAU,Flood,Saudi Arabia,,,,71.5635955751889,2010,2010-07-23,2010-07-25
2010-0300-BFA,Flood,Burkina Faso,,,246.0,71.5635955751889,2010,2010-07-21,
2010-0300-TCD,Flood,Chad,,,,71.5635955751889,2010,2010-08-15,2010-09-17
2010-0301-IDN,Flood,Indonesia,,,,71.5635955751889,2010,2010-07-23,2010-07-25
2010-0308-CHN,Storm,China,,,699.0,71.5635955751889,2010,2010-07-16,2010-07-16
2010-0308-PHL,Storm,Philippines,,,12122.0,71.5635955751889,2010,2010-07-12,2010-07-15
2010-0308-VNM,Storm,Viet Nam,,,699.0,71.5635955751889,2010,2010-07-17,2010-07-17
2010-0311-JPN,Flood,Japan,,,,71.5635955751889,2010,2010-07-18,2010-07-18
2010-0319-SDN,Flood,Sudan,,,,71.5635955751889,2010,2010-07-10,2010-07-15
2010-0320-YEM,Flood,Yemen,,,,71.5635955751889,2010,2010-07-10,2010-07-15
2010-0321-IND,Flood,India,,,,71.5635955751889,2010,2010-07-13,2010-07-13
2010-0331-JPN,Extreme temperature,Japan,,,,71.5635955751889,2010,2010-07-19,2010-07-25
2010-0332-HKG,Storm,"China, Hong Kong Special Administrative Region",,,,71.5635955751889,2010,2010-07-21,2010-07-23
2010-0332-VNM,Storm,Viet Nam,,,,71.5635955751889,2010,2010-07-23,2010-07-25
2010-0333-NPL,Flood,Nepal,,,,71.5635955751889,2010,2010-07-25,2010-07-25
2010-0338-SAU,Flood,Saudi Arabia,,,,71.5635955751889,2010,2010-07-10,2010-07-12
2010-0341-PAK,Flood,Pakistan,,139736.0,13274906.0,71.5635955751889,2010,2010-07-28,2010-08-07
2010-0343-PER,Extreme temperature,Peru,,,,71.5635955751889,2010,,
2010-0344-CHN,Flood,China,,,,71.5635955751889,2010,,
2010-0346-GIN,Flood,Guinea,,,,71.5635955751889,2010,2010-07-06,2010-07-06
2010-0351-CMR,Flood,Cameroon,,,,71.5635955751889,2010,2010-07-22,2010-07-22
2010-0352-RUS,Wildfire,Russian Federation,,27947.0,2515245.0,71.5635955751889,2010,,2010-08-06
2010-0354-CHN,Mass movement (wet),China,,,,71.5635955751889,2010,2010-07-27,2010-07-27
2010-0357-COD,Flood,Democratic Republic of the Congo,,,,71.5635955751889,2010,2010-07-26,2010-07-26
2010-0361-IRN,Earthquake,Iran (Islamic Republic of),,,,71.5635955751889,2010,2010-07-30,2010-07-30
2010-0367-AFG,Flood,Afghanistan,,,,71.5635955751889,2010,2010-07-27,2010-08-03
2010-0369-PRK,Flood,Democratic People's Republic of Korea,,,,71.5635955751889,2010,2010-07-27,2010-08-08
2010-0371-PHL,Flood,Philippines,,,,71.5635955751889,2010,2010-07-13,2010-07-31
2010-0372-RUS,Extreme temperature,Russian Federation,,,558943.0,71.5635955751889,2010,,
2010-0373-IND,Flood,India,,,,71.5635955751889,2010,2010-08-06,2010-08-08
2010-0377-CHN,Mass movement (wet),China,,4192.0,1060595.0,71.5635955751889,2010,2010-08-07,2010-08-08
2010-0379-NER,Flood,Niger,,,,71.5635955751889,2010,2010-08-01,2010-08-11
2010-0380-CZE,Flood,Czechia,,,220168.0,71.5635955751889,2010,2010-08-07,2010-08-08
2010-0380-DEU,Flood,Germany,,,,71.5635955751889,2010,2010-08-07,2010-08-07
2010-0380-LTU,Flood,Lithuania,,,,71.5635955751889,2010,2010-08-08,2010-08-08
2010-0380-POL,Flood,Poland,,,,71.5635955751889,2010,2010-08-07,2010-08-08
2010-0381-CAF,Flood,Central African Republic,,,,71.5635955751889,2010,2010-07-11,2010-08-07
2010-0383-PHL,Storm,Philippines,,,,71.5635955751889,2010,2010-08-09,2010-08-09
2010-0386-THA,Epidemic,Thailand,,,,71.5635955751889,2010,,2010-08-10
2010-0389-SLE,Mass movement (wet),Sierra Leone,,,,71.5635955751889,2010,2010-08-09,2010-08-09
2010-0391-PHL,Epidemic,Philippines,,,,71.5635955751889,2010,2010-01-01,
2010-0392-KGZ,Epidemic,Kyrgyzstan,,,,71.5635955751889,2010,,2010-05-25
2010-0393-TJK,Epidemic,Tajikistan,,,,71.5635955751889,2010,2010-01-01,2010-08-01
2010-0394-CHN,Mass movement (wet),China,,,,71.5635955751889,2010,2010-08-14,2010-08-14
2010-0398-PHL,Flood,Philippines,,,,71.5635955751889,2010,2010-08-15,2010-08-15
2010-0400-NER,Epidemic,Niger,,,,71.5635955751889,2010,,
2010-0400-NGA,Epidemic,Nigeria,,,,71.5635955751889,2010,2010-07-23,
2010-0400-TCD,Epidemic,Chad,,,,71.5635955751889,2010,,2010-09-21
2010-0401-COL,Flood,Colombia,,,,71.5635955751889,2010,2010-08-09,2010-08-13
2010-0405-CHN,Flood,China,,,,71.5635955751889,2010,2010-08-13,2010-08-16
2010-0411-CHN,Mass movement (wet),China,,,,71.5635955751889,2010,2010-08-18,2010-08-18
2010-0414-COD,Wildfire,Democratic Republic of the Congo,,,,71.5635955751889,2010,2010-08-06,2010-08-20
2010-0415-CHN,Flood,China,,,,71.5635955751889,2010,2010-08-21,2010-08-21
2010-0415-PRK,Flood,Democratic People's Republic of Korea,,,,71.5635955751889,2010,2010-08-21,2010-08-21
2010-0416-IND,Flood,India,,,,71.5635955751889,2010,2010-09-05,2010-09-17
2010-0418-CMR,Epidemic,Cameroon,,,,71.5635955751889,2010,,
2010-0420-SEN,Flood,Senegal,,,,71.5635955751889,2010,2010-08-12,2010-08-23
2010-0421-BOL,Wildfire,Bolivia (Plurinational State of),,,,71.5635955751889,2010,,
2010-0426-MEX,Storm,Mexico,,,,71.5635955751889,2010,2010-08-23,2010-08-24
2010-0428-IND,Storm,India,,,,71.5635955751889,2010,2010-08-25,2010-08-25
2010-0430-COL,Flood,Colombia,,,,71.5635955751889,2010,2010-07-01,2010-07-12
2010-0432-VNM,Storm,Viet Nam,,,61484.0,71.5635955751889,2010,2010-08-24,2010-08-25
2010-0434-NPL,Epidemic,Nepal,,,,71.5635955751889,2010,2010-07-28,2010-08-14
2010-0436-GLP,Epidemic,Guadeloupe,,,,71.5635955751889,2010,,
2010-0436-MTQ,Epidemic,Martinique,,,,71.5635955751889,2010,,
2010-0438-TUR,Mass movement (wet),Türkiye,,,,71.5635955751889,2010,2010-08-27,2010-08-27
2010-0442-GTM,Flood,Guatemala,,,,71.5635955751889,2010,2010-08-27,2010-08-28
2010-0443-HND,Flood,Honduras,,,,71.5635955751889,2010,2010-08-30,2010-08-30
2010-0446-IDN,Volcanic activity,Indonesia,,,,71.5635955751889,2010,2010-08-29,2010-09-07
2010-0447-HND,Flood,Honduras,,,,71.5635955751889,2010,,
2010-0450-ETH,Flood,Ethiopia,,,,71.5635955751889,2010,2010-08-22,2010-08-24
2010-0452-NPL,Flood,Nepal,,,,71.5635955751889,2010,2010-08-21,2010-08-24
2010-0453-CIV,Flood,Côte d’Ivoire,,,,71.5635955751889,2010,,
2010-0454-GMB,Flood,Gambia,,,,71.5635955751889,2010,2010-07-15,
2010-0455-GNB,Flood,Guinea-Bissau,,,,71.5635955751889,2010,,
2010-0456-MLI,Flood,Mali,,,,71.5635955751889,2010,2010-08-11,2010-08-12
2010-0457-SLE,Flood,Sierra Leone,,,,71.5635955751889,2010,,
2010-0459-GTM,Mass movement (wet),Guatemala,,,698679.0,71.5635955751889,2010,2010-09-04,2010-09-04
2010-0463-NZL,Earthquake,New Zealand,,6986793.0,9082830.0,71.5635955751889,2010,2010-09-04,2010-09-04
2010-0464-CHN,Mass movement (wet),China,,,,71.5635955751889,2010,2010-09-06,2010-09-06
2010-0465-AUS,Flood,Australia,,,,71.5635955751889,2010,2010-09-01,2010-09-15
2010-0466-RUS,Wildfire,Russian Federation,,,,71.5635955751889,2010,2010-09-02,2010-09-03
2010-0467-MEX,Flood,Mexico,,,,71.5635955751889,2010,2010-09-20,2010-09-20
2010-0468-ATG,Storm,Antigua and Barbuda,,,17607.0,71.5635955751889,2010,2010-08-29,2010-08-31
2010-0468-USA,Storm,United States of America,,,139736.0,71.5635955751889,2010,2010-09-03,2010-09-03
2010-0470-CRI,Flood,Costa Rica,,,,71.5635955751889,2010,2010-09-06,2010-09-14
2010-0479-KOR,Storm,Republic of Korea,,,,71.5635955751889,2010,2010-09-02,2010-09-02
2010-0479-PRK,Storm,Democratic People's Republic of Korea,,,,71.5635955751889,2010,2010-09-02,2010-09-02
2010-0483-GHA,Flood,Ghana,,,,71.5635955751889,2010,,
2010-0484-CHN,Storm,China,,,416811.0,71.5635955751889,2010,2010-09-20,2010-09-20
2010-0484-TWN,Storm,Taiwan (Province of China),,,88173.0,71.5635955751889,2010,2010-09-18,2010-09-20
2010-0488-PHL,Flood,Philippines,,,4410.0,71.5635955751889,2010,2010-09-10,2010-09-17
2010-0491-NIC,Flood,Nicaragua,,,,71.5635955751889,2010,2010-08-17,2010-09-16
2010-0492-IND,Flood,India,,,2347562.0,71.5635955751889,2010,2010-09-18,2010-09-30
2010-0493-IND,Flood,India,,,,71.5635955751889,2010,2010-09-09,2010-09-09
2010-0494-MEX,Storm,Mexico,,209604.0,5449698.0,71.5635955751889,2010,2010-09-15,2010-09-17
2010-0496-MEX,Mass movement (wet),Mexico,,,,71.5635955751889,2010,2010-09-21,2010-09-21
2010-0501-JAM,Storm,Jamaica,,,209604.0,71.5635955751889,2010,2010-09-29,2010-09-30
2010-0502-COL,Mass movement (wet),Colombia,,,,71.5635955751889,2010,2010-09-27,2010-09-27
2010-0503-BLZ,Storm,Belize,,,,71.5635955751889,2010,2010-09-25,2010-09-25
2010-0503-GTM,Storm,Guatemala,,,,71.5635955751889,2010,2010-09-25,2010-09-25
2010-0503-HND,Storm,Honduras,,,,71.5635955751889,2010,2010-09-25,2010-09-25
2010-0503-MEX,Storm,Mexico,,,,71.5635955751889,2010,2010-09-25,2010-09-25
2010-0503-NIC,Storm,Nicaragua,,,,71.5635955751889,2010,2010-09-24,2010-09-24
2010-0503-SLV,Storm,El Salvador,,,,71.5635955751889,2010,2010-09-25,2010-09-25
2010-0503-VEN,Storm,Venezuela (Bolivarian Republic of),,,,71.5635955751889,2010,2010-09-24,2010-09-24
2010-0508-HTI,Storm,Haiti,,,,71.5635955751889,2010,2010-09-24,2010-09-24
2010-0509-NGA,Flood,Nigeria,,,41921.0,71.5635955751889,2010,2010-09-13,2010-09-30
2010-0510-MEX,Mass movement (wet),Mexico,,,,71.5635955751889,2010,2010-09-28,2010-09-29
2010-0512-IDN,Flood,Indonesia,,,108994.0,71.5635955751889,2010,2010-10-02,2010-10-06
2010-0515-VNM,Flood,Viet Nam,,,199124.0,71.5635955751889,2010,2010-10-01,2010-10-06
2010-0516-GMB,Flood,Gambia,,,,71.5635955751889,2010,2010-09-05,2010-09-06
2010-0522-USA,Storm,United States of America,,,335366.0,71.5635955751889,2010,2010-09-07,2010-09-11
2010-0523-MRT,Flood,Mauritania,,,,71.5635955751889,2010,2010-09-19,2010-09-21
2010-0526-GIN,Flood,Guinea,,,,71.5635955751889,2010,2010-09-15,2010-09-18
2010-0527-BEN,Flood,Benin,,,,71.5635955751889,2010,,
2010-0529-GAB,Epidemic,Gabon,,,,71.5635955751889,2010,,
2010-0530-CHN,Flood,China,,,238948.0,71.5635955751889,2010,2010-10-06,2010-10-06
2010-0533-IDN,Mass movement (wet),Indonesia,,,,71.5635955751889,2010,2010-10-12,2010-10-12
2010-0536-MLI,Flood,Mali,,,,71.5635955751889,2010,2010-10-04,2010-10-04
2010-0539-VNM,Flood,Viet Nam,,,215193.0,71.5635955751889,2010,2010-10-14,2010-10-18
2010-0541-BEN,Epidemic,Benin,,,,71.5635955751889,2010,,
2010-0542-HTI,Flood,Haiti,,,,71.5635955751889,2010,2010-10-18,2010-10-18
2010-0543-CHN,Storm,China,,,586891.0,71.5635955751889,2010,2010-10-22,2010-10-22
2010-0543-PHL,Storm,Philippines,,,385315.0,71.5635955751889,2010,2010-10-18,2010-10-18
2010-0543-TWN,Storm,Taiwan (Province of China),,,13974.0,71.5635955751889,2010,2010-10-22,2010-10-22
2010-0547-RUS,Flood,Russian Federation,,,92226.0,71.5635955751889,2010,2010-10-16,2010-10-16
2010-0550-TGO,Flood,Togo,,,,71.5635955751889,2010,,
2010-0551-LCA,Flood,Saint Lucia,,,,71.5635955751889,2010,2010-10-06,2010-10-06
2010-0552-KHM,Flood,Cambodia,,,97815.0,71.5635955751889,2010,2010-10-20,2010-11-09
2010-0552-THA,Flood,Thailand,,,463923.0,71.5635955751889,2010,2010-10-10,2010-12-10
2010-0553-AGO,Flood,Angola,,,,71.5635955751889,2010,2010-10-15,2010-10-18
2010-0554-MMR,Storm,Myanmar,,,79649.0,71.5635955751889,2010,2010-10-22,2010-10-22
2010-0557-DOM,Epidemic,Dominican Republic,,,,71.5635955751889,2010,,
2010-0557-HTI,Epidemic,Haiti,,,,71.5635955751889,2010,2010-10-22,2011-12-15
2010-0557-VEN,Epidemic,Venezuela (Bolivarian Republic of),,,,73.822750859736,2011,,
2010-0562-IDN,Volcanic activity,Indonesia,,,,71.5635955751889,2010,2010-10-24,2010-10-24
2010-0563-IDN,Earthquake,Indonesia,,,,71.5635955751889,2010,2010-10-25,2010-10-25
2010-0567-BDI,Storm,Burundi,,,,71.5635955751889,2010,2010-10-08,2010-10-08
2010-0571-BRB,Storm,Barbados,,,,71.5635955751889,2010,2010-10-29,2010-10-29
2010-0571-DOM,Storm,Dominican Republic,,,,71.5635955751889,2010,2010-10-29,2010-10-29
2010-0571-HTI,Storm,Haiti,,,,71.5635955751889,2010,2010-11-04,2010-11-05
2010-0571-LCA,Storm,Saint Lucia,,,699.0,71.5635955751889,2010,2010-10-30,2010-10-30
2010-0571-VCT,Storm,Saint Vincent and the Grenadines,,,34934.0,71.5635955751889,2010,2010-10-29,2010-10-29
2010-0573-VNM,Flood,Viet Nam,,,150496.0,71.5635955751889,2010,2010-10-29,2010-11-10
2010-0574-SRB,Earthquake,Serbia,,,184815.0,71.5635955751889,2010,2010-11-03,2010-11-03
2010-0575-CRI,Flood,Costa Rica,,,,71.5635955751889,2010,2010-11-01,2010-11-05
2010-0576-IDN,Flood,Indonesia,,,,71.5635955751889,2010,2010-11-02,2010-11-05
2010-0579-SDN,Flood,Sudan,,,,71.5635955751889,2010,2010-07-01,2010-10-07
2010-0579-SSD,Flood,South Sudan,,,,71.5635955751889,2010,2010-07-01,2010-10-07
2010-0580-SEN,Flood,Senegal,,,,71.5635955751889,2010,2010-10-17,2010-10-18
2010-0582-ITA,Flood,Italy,,,,71.5635955751889,2010,2010-11-08,2010-11-11
2010-0583-LKA,Flood,Sri Lanka,,,,71.5635955751889,2010,2010-11-10,2010-12-11
2010-0585-PHL,Flood,Philippines,,,,71.5635955751889,2010,2010-11-01,2010-11-10
2010-0591-IRN,Earthquake,Iran (Islamic Republic of),,,,71.5635955751889,2010,2010-11-06,2010-11-06
2010-0592-PAN,Flood,Panama,,,,71.5635955751889,2010,2010-11-04,2010-11-08
2010-0593-COG,Epidemic,Congo,,,,71.5635955751889,2010,2010-10-17,2010-11-22
2010-0594-MNE,Flood,Montenegro,,,,71.5635955751889,2010,2010-11-12,2010-11-16
2010-0595-NIC,Epidemic,Nicaragua,,,,71.5635955751889,2010,2010-10-16,2010-10-16
2010-0597-VNM,Flood,Viet Nam,,,357724.0,71.5635955751889,2010,2010-11-12,2010-11-17
2010-0601-BEL,Flood,Belgium,,,332775.0,71.5635955751889,2010,2010-11-11,2010-11-15
2010-0606-PHL,Volcanic activity,Philippines,,,,71.5635955751889,2010,2010-11-09,2010-11-09
2010-0612-USA,Storm,United States of America,,1704777.0,2096038.0,71.5635955751889,2010,2010-03-13,2010-03-15
2010-0613-MAR,Flood,Morocco,,,40523.0,71.5635955751889,2010,2010-11-25,2010-12-06
2010-0615-CHE,Extreme temperature,Switzerland,,,,71.5635955751889,2010,2010-11-30,2010-12-01
2010-0615-CZE,Extreme temperature,Czechia,,,,71.5635955751889,2010,,
2010-0615-DEU,Extreme temperature,Germany,,,,71.5635955751889,2010,2010-11-28,2010-12-01
2010-0615-FRA,Extreme temperature,France,,,,71.5635955751889,2010,2010-11-28,2010-12-01
2010-0615-GBR,Extreme temperature,United Kingdom of Great Britain and Northern Ireland,,,,71.5635955751889,2010,2010-11-28,2010-12-01
2010-0615-ITA,Extreme temperature,Italy,,,,71.5635955751889,2010,2010-12-01,2010-12-01
2010-0615-LTU,Extreme temperature,Lithuania,,,,71.5635955751889,2010,2010-11-27,2010-12-01
2010-0615-POL,Extreme temperature,Poland,,,,71.5635955751889,2010,,
2010-0615-PRT,Extreme temperature,Portugal,,,,71.5635955751889,2010,,
2010-0615-RUS,Extreme temperature,Russian Federation,,,,71.5635955751889,2010,2010-12-03,2010-12-03
2010-0615-SVK,Extreme temperature,Slovakia,,,,71.5635955751889,2010,,2011-02-28
2010-0616-VEN,Flood,Venezuela (Bolivarian Republic of),,,237551.0,71.5635955751889,2010,2010-11-25,2010-12-06
2010-0619-ALB,Flood,Albania,,,,71.5635955751889,2010,2010-12-03,2010-12-03
2010-0619-BGR,Flood,Bulgaria,,,,71.5635955751889,2010,2010-12-04,2010-12-05
2010-0619-BIH,Flood,Bosnia and Herzegovina,,,,71.5635955751889,2010,2010-12-03,2010-12-05
2010-0619-GRC,Flood,Greece,,,,71.5635955751889,2010,2010-11-29,2010-12-05
2010-0619-HRV,Flood,Croatia,,,,71.5635955751889,2010,2010-12-03,2010-12-03
2010-0619-MNE,Flood,Montenegro,,,,71.5635955751889,2010,2010-12-03,2010-12-03
2010-0619-SRB,Flood,Serbia,,,,71.5635955751889,2010,2010-12-03,2010-12-03
2010-0623-CHN,Wildfire,China,,,,71.5635955751889,2010,2010-12-05,2010-12-05
2010-0624-AUS,Flood,Australia,,,,71.5635955751889,2010,2010-11-27,2010-12-06
2010-0625-COL,Mass movement (wet),Colombia,,,,71.5635955751889,2010,2010-12-05,2010-12-05
2010-0627-ISR,Wildfire,Israel,,,377287.0,71.5635955751889,2010,2010-12-02,2010-12-05
2010-0629-IND,Flood,India,,,30742.0,71.5635955751889,2010,2010-11-15,2010-12-07
2010-0639-EGY,Storm,Egypt,,,,71.5635955751889,2010,2010-12-12,2010-12-12
2010-0645-IRN,Earthquake,Iran (Islamic Republic of),,,,71.5635955751889,2010,2010-12-20,2010-12-20
2010-0647-ESP,Flood,Spain,,,,71.5635955751889,2010,2010-12-06,2010-12-10
2010-0651-USA,Flood,United States of America,,,,71.5635955751889,2010,2010-12-19,2010-12-19
2010-0652-BEL,Storm,Belgium,,,,71.5635955751889,2010,2010-12-23,2010-12-24
2010-0652-DEU,Storm,Germany,,,,71.5635955751889,2010,2010-12-23,2010-12-24
2010-0652-DNK,Storm,Denmark,,,,71.5635955751889,2010,2010-12-23,2010-12-28
2010-0652-FRA,Storm,France,,,,71.5635955751889,2010,2010-12-23,2010-12-24
2010-0656-AUS,Flood,Australia,,3493396.0,10200717.0,71.5635955751889,2010,2010-12-25,2011-02-04
2010-0659-PHL,Flood,Philippines,,,66250.0,71.5635955751889,2010,2010-12-24,2011-01-25
2010-0660-EGY,Flood,Egypt,,,,71.5635955751889,2010,2010-12-30,2010-12-30
2010-0663-USA,Storm,United States of America,,,,71.5635955751889,2010,2010-12-31,2011-01-01
2010-0666-PAN,Flood,Panama,,,,71.5635955751889,2010,2010-12-08,2010-12-17
2010-0668-TWN,Earthquake,Taiwan (Province of China),,124365.0,1397359.0,71.5635955751889,2010,2010-03-04,2010-03-04
2010-0669-AFG,Earthquake,Afghanistan,,,,71.5635955751889,2010,2010-04-18,2010-04-18
2010-0670-UGA,Epidemic,Uganda,,,,71.5635955751889,2010,2010-11-16,2010-12-29
2010-0672-IRN,Earthquake,Iran (Islamic Republic of),,,,71.5635955751889,2010,2010-08-27,2010-08-27
2010-0673-CHN,Earthquake,China,,,,71.5635955751889,2010,2010-08-29,2010-08-29
2010-0674-BRA,Flood,Brazil,,,,71.5635955751889,2010,,
2010-0676-BGD,Flood,Bangladesh,,,,71.5635955751889,2010,2010-10-01,2010-10-12
2010-0678-ZAF,Storm,South Africa,,,,71.5635955751889,2010,2010-12-15,2011-01-12
2010-0680-BOL,Epidemic,Bolivia (Plurinational State of),,,,71.5635955751889,2010,,
2010-0680-BRA,Epidemic,Brazil,,,,73.822750859736,2011,,
2010-0680-PER,Epidemic,Peru,,,,71.5635955751889,2010,,2011-05-31
2010-0680-PRY,Epidemic,Paraguay,,,,73.822750859736,2011,,
2010-0682-CHN,Mass movement (wet),China,,,,71.5635955751889,2010,2010-03-10,2010-03-10
2010-0684-IDN,Flood,Indonesia,,,,71.5635955751889,2010,2010-09-11,2010-09-11
2010-0686-BGD,Storm,Bangladesh,,,,71.5635955751889,2010,2010-05-01,2010-05-02
2010-0688-IND,Storm,India,,,,71.5635955751889,2010,2010-05-24,2010-05-24
2010-0689-USA,Storm,United States of America,,1117887.0,,71.5635955751889,2010,2010-06-17,2010-06-20
2010-0690-USA,Storm,United States of America,,,,71.5635955751889,2010,2010-05-10,2010-05-16
2010-0691-CHN,Storm,China,,,,71.5635955751889,2010,2010-09-09,2010-09-09
2010-0692-ITA,Storm,Italy,,,1218497.0,71.5635955751889,2010,2010-10-31,2010-11-02
2010-0693-IND,Storm,India,,,,71.5635955751889,2010,2010-10-31,2010-11-03
2010-0694-IND,Storm,India,,,,71.5635955751889,2010,2010-04-10,2010-04-10
2010-0698-GAB,Storm,Gabon,,,,71.5635955751889,2010,,
2010-0700-KEN,Epidemic,Kenya,,,,71.5635955751889,2010,2010-12-27,2011-04-14
2010-0702-ECU,Epidemic,Ecuador,,,,71.5635955751889,2010,,
2010-0703-SSD,Flood,South Sudan,,,,71.5635955751889,2010,,
2010-0704-MDG,Infestation,Madagascar,,,,71.5635955751889,2010,,
2010-0712-MMR,Extreme temperature,Myanmar,,,,71.5635955751889,2010,,
2010-9077-BRB,Drought,Barbados,,,,71.5635955751889,2010,,
2010-9077-GRD,Drought,Grenada,,,,71.5635955751889,2010,,
2010-9077-GUY,Drought,Guyana,,,20541.0,71.5635955751889,2010,,
2010-9077-LCA,Drought,Saint Lucia,,,,71.5635955751889,2010,,
2010-9077-TTO,Drought,Trinidad and Tobago,,,,71.5635955751889,2010,,
2010-9077-VCT,Drought,Saint Vincent and the Grenadines,,,,71.5635955751889,2010,,
2010-9082-BDI,Drought,Burundi,,,,73.822750859736,2011,,
2010-9082-DJI,Drought,Djibouti,,,,71.5635955751889,2010,,
2010-9082-ETH,Drought,Ethiopia,,,,73.822750859736,2011,,
2010-9082-KEN,Drought,Kenya,,,,73.822750859736,2011,,
2010-9082-SOM,Drought,Somalia,,,,71.5635955751889,2010,,
2010-9082-UGA,Drought,Uganda,,,,73.822750859736,2011,,
2010-9132-THA,Drought,Thailand,,,,71.5635955751889,2010,,
2010-9181-ZWE,Drought,Zimbabwe,,,,71.5635955751889,2010,,
2010-9249-MLI,Drought,Mali,,,,71.5635955751889,2010,,
2010-9253-BOL,Drought,Bolivia (Plurinational State of),,,139736.0,71.5635955751889,2010,,
2010-9290-MOZ,Drought,Mozambique,,,,71.5635955751889,2010,,
2010-9292-MRT,Drought,Mauritania,,,,71.5635955751889,2010,,
2010-9318-RUS,Drought,Russian Federation,,,1956302.0,71.5635955751889,2010,2010-04-01,2010-08-20
2010-9556-BRA,Drought,Brazil,,,,71.5635955751889,2010,,
2010-9701-CHN,Drought,China,,,3311740.0,71.5635955751889,2010,,
2011-0002-CHN,Extreme temperature,China,,,380641.0,73.822750859736,2011,2011-01-01,2011-01-24
2011-0003-AGO,Flood,Angola,,,,73.822750859736,2011,2011-01-03,2011-01-04
2011-0007-IND,Extreme temperature,India,,,,73.822750859736,2011,2011-01-01,2011-01-18
2011-0014-BRA,Flood,Brazil,,67730.0,1354596.0,73.822750859736,2011,2011-01-11,2011-01-12
2011-0015-MOZ,Storm,Mozambique,,,,73.822750859736,2011,2011-01-12,2011-01-12
2011-0018-BGD,Extreme temperature,Bangladesh,,,,73.822750859736,2011,2011-01-07,2011-02-20
2011-0020-MYS,Flood,Malaysia,,,,73.822750859736,2011,2011-01-28,2011-01-31
2011-0021-PHL,Flood,Philippines,,,16812.0,73.822750859736,2011,2011-01-25,2011-02-07
2011-0022-SAU,Flood,Saudi Arabia,,108368.0,406379.0,73.822750859736,2011,2011-01-25,2011-01-31
2011-0023-IDN,Flood,Indonesia,,,,73.822750859736,2011,2011-01-16,2011-01-20
2011-0024-LKA,Flood,Sri Lanka,,,270919.0,73.822750859736,2011,2011-01-05,2011-01-18
2011-0029-USA,Storm,United States of America,,1930299.0,2573732.0,73.822750859736,2011,2011-01-31,2011-02-02
2011-0030-CHN,Earthquake,China,,,,73.822750859736,2011,2011-02-01,2011-02-01
2011-0040-BOL,Flood,Bolivia (Plurinational State of),,,27092.0,73.822750859736,2011,2011-02-14,2011-04-11
2011-0042-AFG,Flood,Afghanistan,,,,73.822750859736,2011,2011-02-10,2011-02-16
2011-0043-LSO,Flood,Lesotho,,,,73.822750859736,2011,2011-02-01,2011-02-16
2011-0044-PHL,Flood,Philippines,,,,73.822750859736,2011,2011-02-01,2011-02-04
2011-0049-LKA,Flood,Sri Lanka,,,406379.0,73.822750859736,2011,2011-02-01,2011-02-10
2011-0057-MDG,Storm,Madagascar,,,,73.822750859736,2011,2011-02-14,2011-02-16
2011-0064-PER,Flood,Peru,,,,73.822750859736,2011,,
2011-0065-BDI,Storm,Burundi,,,,73.822750859736,2011,2011-02-16,2011-02-16
2011-0068-NZL,Earthquake,New Zealand,,16255152.0,20318939.0,73.822750859736,2011,2011-02-22,2011-02-22
2011-0070-AUS,Storm,Australia,,1760975.0,3386490.0,73.822750859736,2011,2011-02-02,2011-02-05
2011-0070-PNG,Storm,Papua New Guinea,,,,73.822750859736,2011,2011-02-02,2011-02-02
2011-0070-SLB,Storm,Solomon Islands,,,,73.822750859736,2011,2011-02-02,2011-02-02
2011-0070-VUT,Storm,Vanuatu,,,,73.822750859736,2011,2011-01-30,2011-01-31
2011-0071-VUT,Storm,Vanuatu,,,,73.822750859736,2011,2011-01-12,2011-01-13
2011-0072-MOZ,Flood,Mozambique,,,,73.822750859736,2011,,
2011-0079-CHN,Earthquake,China,,,392833.0,73.822750859736,2011,2011-03-10,2011-03-10
2011-0080-AUS,Flood,Australia,,,,73.822750859736,2011,2011-03-14,2011-03-18
2011-0081-NAM,Flood,Namibia,,,16255.0,73.822750859736,2011,2011-03-01,2011-04-12
2011-0082-IDN,Earthquake,Indonesia,,,,73.822750859736,2011,2011-03-11,2011-03-11
2011-0082-JPN,Earthquake,Japan,,50797348.0,284465151.0,73.822750859736,2011,2011-03-11,2011-03-11
2011-0083-THA,Flood,Thailand,,,429407.0,73.822750859736,2011,2011-03-23,2011-04-05
2011-0086-BRA,Flood,Brazil,,,,73.822750859736,2011,2011-03-12,2011-03-18
2011-0087-PHL,Flood,Philippines,,,379.0,73.822750859736,2011,2011-03-14,2011-03-18
2011-0088-IDN,Flood,Indonesia,,,,73.822750859736,2011,2011-03-10,2011-03-11
2011-0089-COD,Epidemic,Democratic Republic of the Congo,,,,73.822750859736,2011,,
2011-0090-CHN,Earthquake,China,,,,73.822750859736,2011,2011-03-24,2011-03-24
2011-0090-MMR,Earthquake,Myanmar,,,4877.0,73.822750859736,2011,2011-03-24,2011-03-24
2011-0090-THA,Earthquake,Thailand,,,,73.822750859736,2011,2011-03-24,2011-03-24
2011-0091-TON,Storm,Tonga,,,4064.0,73.822750859736,2011,2011-01-25,2011-01-29
2011-0092-AGO,Flood,Angola,,,,73.822750859736,2011,,
2011-0092-BWA,Flood,Botswana,,,,73.822750859736,2011,,
2011-0092-LSO,Flood,Lesotho,,,,73.822750859736,2011,2011-03-14,2011-03-20
2011-0092-MOZ,Flood,Mozambique,,,,73.822750859736,2011,,
2011-0092-MWI,Flood,Malawi,,,,73.822750859736,2011,,
2011-0092-ZMB,Flood,Zambia,,,,73.822750859736,2011,,
2011-0092-ZWE,Flood,Zimbabwe,,,,73.822750859736,2011,,
2011-0094-IDN,Flood,Indonesia,,,,73.822750859736,2011,2011-02-06,2011-02-07
2011-0095-ECU,Flood,Ecuador,,,,73.822750859736,2011,,
2011-0097-CHL,Wildfire,Chile,,,,73.822750859736,2011,,
2011-0100-ZAF,Flood,South Africa,,,285820.0,73.822750859736,2011,2011-01-01,2011-02-04
2011-0101-PHL,Volcanic activity,Philippines,,,,73.822750859736,2011,2011-02-21,2011-02-21
2011-0102-MWI,Flood,Malawi,,,,73.822750859736,2011,2011-04-11,2011-04-11
2011-0104-PAK,Earthquake,Pakistan,,,,73.822750859736,2011,2011-01-18,2011-01-18
2011-0105-MEX,Extreme temperature,Mexico,,270919.0,677298.0,73.822750859736,2011,2011-02-01,2011-02-08
2011-0107-BOL,Mass movement (wet),Bolivia (Plurinational State of),,,,73.822750859736,2011,2011-02-26,2011-02-26
2011-0112-PRY,Epidemic,Paraguay,,,,73.822750859736,2011,,
2011-0130-JPN,Earthquake,Japan,,,,73.822750859736,2011,2011-04-07,2011-04-07
2011-0131-CAN,Flood,Canada,,212672.0,1083677.0,73.822750859736,2011,2011-04-04,2011-05-31
2011-0132-COL,Flood,Colombia,,55538.0,1395234.0,73.822750859736,2011,,
2011-0134-USA,Storm,United States of America,,2031894.0,2709192.0,73.822750859736,2011,2011-04-14,2011-04-16
2011-0135-CHN,Storm,China,,,20319.0,73.822750859736,2011,2011-04-17,2011-04-18
2011-0140-USA,Wildfire,United States of America,,,247891.0,73.822750859736,2011,2011-04-09,2011-04-30
2011-0141-PHL,Mass movement (wet),Philippines,,,,73.822750859736,2011,2011-04-22,2011-04-22
2011-0142-BRA,Flood,Brazil,,,,73.822750859736,2011,2011-04-21,2011-04-24
2011-0145-USA,Storm,United States of America,,10836768.0,14900556.0,73.822750859736,2011,2011-04-22,2011-04-29
2011-0153-IDN,Mass movement (wet),Indonesia,,,,73.822750859736,2011,2011-05-06,2011-05-06
2011-0156-CHN,Mass movement (wet),China,,,,73.822750859736,2011,2011-05-09,2011-05-09
2011-0157-PHL,Storm,Philippines,,,42343.0,73.822750859736,2011,2011-05-08,2011-05-11
2011-0159-ESP,Earthquake,Spain,,135460.0,270919.0,73.822750859736,2011,2011-05-11,2011-05-11
2011-0161-MEX,Wildfire,Mexico,,,,73.822750859736,2011,,
2011-0166-USA,Flood,United States of America,,,,73.822750859736,2011,2011-05-01,2011-05-24
2011-0170-TUR,Earthquake,Türkiye,,5418.0,330521.0,73.822750859736,2011,2011-05-19,2011-05-19
2011-0172-USA,Storm,United States of America,,9346712.0,18964343.0,73.822750859736,2011,2011-05-20,2011-05-25
2011-0175-MYS,Mass movement (wet),Malaysia,,,,73.822750859736,2011,2011-05-21,2011-05-21
2011-0176-IND,Storm,India,,,,73.822750859736,2011,2011-05-20,2011-05-20
2011-0178-KAZ,Flood,Kazakhstan,,,90758.0,73.822750859736,2011,2011-04-09,2011-04-15
2011-0179-VCT,Flood,Saint Vincent and the Grenadines,,,,73.822750859736,2011,2011-04-11,2011-04-12
2011-0180-BDI,Flood,Burundi,,,,73.822750859736,2011,2011-03-20,2011-04-03
2011-0181-TCD,Epidemic,Chad,,,,73.822750859736,2011,2011-03-18,2011-03-20
2011-0182-MOZ,Epidemic,Mozambique,,,,73.822750859736,2011,,
2011-0183-RWA,Flood,Rwanda,,,,73.822750859736,2011,2011-04-25,2011-05-05
2011-0184-IRQ,Flood,Iraq,,,,73.822750859736,2011,2011-04-22,2011-04-22
2011-0187-BRA,Flood,Brazil,,,,73.822750859736,2011,2011-05-08,2011-05-11
2011-0189-USA,Storm,United States of America,,,,73.822750859736,2011,2011-05-22,2011-05-24
2011-0195-USA,Storm,United States of America,,609568.0,,73.822750859736,2011,2011-05-29,2011-06-01
2011-0199-DOM,Flood,Dominican Republic,,,,73.822750859736,2011,,
2011-0199-HTI,Flood,Haiti,,,,73.822750859736,2011,2011-06-06,2011-06-07
2011-0200-RUS,Flood,Russian Federation,,,28467.0,73.822750859736,2011,2011-05-25,2011-05-30
2011-0201-PER,Extreme temperature,Peru,,,,73.822750859736,2011,,
2011-0202-CHN,Flood,China,,,,73.822750859736,2011,,
2011-0203-CHN,Storm,China,,,,73.822750859736,2011,2011-06-04,2011-06-11
2011-0203-PHL,Storm,Philippines,,,,73.822750859736,2011,2011-06-09,2011-06-10
2011-0204-PHL,Flood,Philippines,,,14448.0,73.822750859736,2011,2011-05-31,2011-06-19
2011-0209-ARG,Volcanic activity,Argentina,,,140878.0,73.822750859736,2011,2011-06-04,2011-06-17
2011-0209-CHL,Volcanic activity,Chile,,,,73.822750859736,2011,2011-06-04,2011-06-17
2011-0212-CHN,Flood,China,,,73324.0,73.822750859736,2011,2011-07-11,2011-07-19
2011-0213-BRA,Flood,Brazil,,,,73.822750859736,2011,2011-07-15,2011-07-19
2011-0214-NGA,Flood,Nigeria,,,,73.822750859736,2011,2011-07-15,2011-07-19
2011-0215-NPL,Flood,Nepal,,,,73.822750859736,2011,2011-07-02,2011-07-19
2011-0218-LAO,Flood,Lao People's Democratic Republic,,,,73.822750859736,2011,2011-06-23,2011-06-29
2011-0221-PHL,Flood,Philippines,,,340.0,73.822750859736,2011,2011-06-28,2011-06-29
2011-0227-CHN,Flood,China,,264146.0,8669414.0,73.822750859736,2011,2011-06-01,2011-06-29
2011-0228-MEX,Storm,Mexico,,,,73.822750859736,2011,2011-06-20,2011-06-20
2011-0230-NGA,Flood,Nigeria,,,6096.0,73.822750859736,2011,2011-06-21,2011-06-22
2011-0231-PHL,Storm,Philippines,,,17432.0,73.822750859736,2011,2011-06-21,2011-06-25
2011-0232-VNM,Storm,Viet Nam,,,,73.822750859736,2011,2011-06-22,2011-06-26
2011-0238-UGA,Storm,Uganda,,,,73.822750859736,2011,2011-06-28,2011-06-28
2011-0239-NGA,Storm,Nigeria,,,,73.822750859736,2011,2011-07-29,2011-07-29
2011-0241-MEX,Storm,Mexico,,,94822.0,73.822750859736,2011,2011-06-30,2011-07-01
2011-0243-KGZ,Earthquake,Kyrgyzstan,,,,73.822750859736,2011,2011-07-19,2011-07-19
2011-0243-TJK,Earthquake,Tajikistan,,,,73.822750859736,2011,2011-07-19,2011-07-19
2011-0243-UZB,Earthquake,Uzbekistan,,,,73.822750859736,2011,2011-07-19,2011-07-19
2011-0244-PHL,Mass movement (wet),Philippines,,,,73.822750859736,2011,2011-07-04,2011-07-04
2011-0250-KOR,Flood,Republic of Korea,,,,73.822750859736,2011,2011-07-08,2011-07-11
2011-0262-BGD,Flood,Bangladesh,,,,73.822750859736,2011,2011-07-21,2011-07-29
2011-0264-USA,Extreme temperature,United States of America,,,,73.822750859736,2011,2011-07-19,2011-07-22
2011-0267-GTM,Storm,Guatemala,,,,73.822750859736,2011,2011-07-20,2011-07-20
2011-0267-MEX,Storm,Mexico,,,,73.822750859736,2011,2011-07-20,2011-07-20
2011-0268-CHN,Mass movement (wet),China,,,,73.822750859736,2011,2011-07-05,2011-07-05
2011-0270-GHA,Flood,Ghana,,,,73.822750859736,2011,2011-07-22,2011-07-29
2011-0272-PHL,Storm,Philippines,,,85689.0,73.822750859736,2011,2011-07-26,2011-07-27
2011-0272-THA,Storm,Thailand,,,,73.822750859736,2011,2011-08-04,2011-08-06
2011-0274-KOR,Mass movement (wet),Republic of Korea,,,,73.822750859736,2011,2011-07-26,2011-07-27
2011-0278-ECU,Mass movement (wet),Ecuador,,,,73.822750859736,2011,,
2011-0279-CHN,Storm,China,,,653708.0,73.822750859736,2011,2011-08-04,2011-08-08
2011-0279-PHL,Storm,Philippines,,,80.0,73.822750859736,2011,2011-08-02,2011-08-02
2011-0279-PRK,Storm,Democratic People's Republic of Korea,,,,73.822750859736,2011,2011-08-07,2011-08-09
2011-0283-BEN,Flood,Benin,,,,73.822750859736,2011,2011-06-20,
2011-0284-PRK,Flood,Democratic People's Republic of Korea,,,,73.822750859736,2011,2011-06-23,2011-07-16
2011-0289-ZWE,Epidemic,Zimbabwe,,,,73.822750859736,2011,2011-01-01,2011-07-17
2011-0290-CAF,Epidemic,Central African Republic,,,,73.822750859736,2011,,2011-10-14
2011-0290-COD,Epidemic,Democratic Republic of the Congo,,,,73.822750859736,2011,2011-01-03,2012-01-22
2011-0290-COG,Epidemic,Congo,,,,73.822750859736,2011,2011-06-14,2011-12-27
2011-0291-MDV,Epidemic,Maldives,,,,73.822750859736,2011,,2011-06-28
2011-0292-COG,Epidemic,Congo,,,,73.822750859736,2011,,
2011-0293-CAF,Storm,Central African Republic,,,,73.822750859736,2011,2011-06-11,2011-06-19
2011-0294-COG,Epidemic,Congo,,,,73.822750859736,2011,,
2011-0295-GEO,Flood,Georgia,,,,73.822750859736,2011,2011-06-12,2011-06-22
2011-0296-TJK,Flood,Tajikistan,,,,73.822750859736,2011,2011-06-11,2011-06-12
2011-0299-CMR,Epidemic,Cameroon,,,,73.822750859736,2011,,2011-10-14
2011-0301-PHL,Flood,Philippines,,,,73.822750859736,2011,2011-08-05,2011-08-05
2011-0303-DOM,Storm,Dominican Republic,,,,73.822750859736,2011,2011-08-04,2011-08-04
2011-0303-HTI,Storm,Haiti,,,,73.822750859736,2011,2011-08-04,2011-08-04
2011-0303-MTQ,Storm,Martinique,,,,73.822750859736,2011,2011-08-03,2011-08-03
2011-0303-PRI,Storm,Puerto Rico,,,,73.822750859736,2011,2011-08-04,2011-08-04
2011-0305-PHL,Mass movement (wet),Philippines,,,,73.822750859736,2011,2011-08-05,2011-08-05
2011-0306-RUS,Storm,Russian Federation,,,4064.0,73.822750859736,2011,2011-07-31,2011-07-31
2011-0315-NGA,Epidemic,Nigeria,,,,73.822750859736,2011,2011-06-27,2011-10-14
2011-0317-NPL,Flood,Nepal,,,,73.822750859736,2011,,
2011-0320-BEL,Storm,Belgium,,,134105.0,73.822750859736,2011,2011-08-18,2011-08-18
2011-0324-LAO,Flood,Lao People's Democratic Republic,,,,73.822750859736,2011,2011-08-01,2011-10-13
2011-0326-THA,Flood,Thailand,,13545960.0,54183838.0,73.822750859736,2011,2011-08-05,2012-01-04
2011-0327-IND,Flood,India,,,372514.0,73.822750859736,2011,2011-08-10,2011-09-13
2011-0328-BHS,Storm,Bahamas,,,54184.0,73.822750859736,2011,2011-08-23,2011-08-26
2011-0328-CAN,Storm,Canada,,,,73.822750859736,2011,2011-08-28,2011-08-29
2011-0328-DOM,Storm,Dominican Republic,,,40638.0,73.822750859736,2011,2011-08-24,2011-08-24
2011-0328-HTI,Storm,Haiti,,,,73.822750859736,2011,2011-08-24,2011-08-24
2011-0328-PRI,Storm,Puerto Rico,,609568.0,677298.0,73.822750859736,2011,2011-08-22,2011-08-22
2011-0328-USA,Storm,United States of America,,,9888551.0,73.822750859736,2011,2011-08-27,2011-09-13
2011-0329-ITA,Extreme temperature,Italy,,,,73.822750859736,2011,2011-08-17,2011-08-24
2011-0331-PRK,Flood,Democratic People's Republic of Korea,,,,73.822750859736,2011,2011-07-25,2011-07-28
2011-0333-GHA,Epidemic,Ghana,,,,73.822750859736,2011,,2011-10-14
2011-0333-MLI,Epidemic,Mali,,,,73.822750859736,2011,,2011-10-14
2011-0333-NER,Epidemic,Niger,,,,73.822750859736,2011,,2011-10-14
2011-0333-TCD,Epidemic,Chad,,,,73.822750859736,2011,2011-08-09,2011-10-14
2011-0338-GTM,Flood,Guatemala,,,,73.822750859736,2011,2011-08-29,2011-08-29
2011-0340-RUS,Flood,Russian Federation,,,,73.822750859736,2011,2011-08-26,2011-08-27
2011-0341-PHL,Storm,Philippines,,,46669.0,73.822750859736,2011,2011-08-27,2011-08-29
2011-0343-NGA,Flood,Nigeria,,,,73.822750859736,2011,2011-08-26,2011-09-08
2011-0347-PAK,Flood,Pakistan,,,3386490.0,73.822750859736,2011,2011-08-12,2011-11-01
2011-0349-USA,Wildfire,United States of America,,609568.0,1354596.0,73.822750859736,2011,2011-09-04,2011-09-09
2011-0351-BTN,Earthquake,Bhutan,,,,73.822750859736,2011,2011-09-18,2011-09-18
2011-0351-CHN,Earthquake,China,,,,73.822750859736,2011,2011-09-18,2011-09-18
2011-0351-IND,Earthquake,India,,,,73.822750859736,2011,2011-09-18,2011-09-18
2011-0351-NPL,Earthquake,Nepal,,,,73.822750859736,2011,2011-09-18,2011-09-18
2011-0352-JPN,Storm,Japan,,1639061.0,2465365.0,73.822750859736,2011,2011-09-22,2011-09-22
2011-0357-BDI,Epidemic,Burundi,,,,73.822750859736,2011,2011-08-05,2011-09-14
2011-0359-VNM,Flood,Viet Nam,,,59602.0,73.822750859736,2011,2011-09-14,2011-09-14
2011-0361-BRA,Flood,Brazil,,,,73.822750859736,2011,,
2011-0364-KHM,Flood,Cambodia,,,705744.0,73.822750859736,2011,2011-08-10,2011-11-01
2011-0366-GTM,Mass movement (wet),Guatemala,,,,73.822750859736,2011,2011-09-20,2011-09-22
2011-0367-PHL,Flood,Philippines,,,156.0,73.822750859736,2011,2011-09-19,2011-09-19
2011-0370-CHN,Flood,China,,,5757033.0,73.822750859736,2011,2011-09-01,2011-09-22
2011-0371-IND,Flood,India,,,1259774.0,73.822750859736,2011,2011-09-23,2011-10-23
2011-0373-GTM,Earthquake,Guatemala,,,,73.822750859736,2011,2011-09-19,2011-09-19
2011-0376-UGA,Flood,Uganda,,,,73.822750859736,2011,2011-08-20,2011-09-08
2011-0378-PHL,Storm,Philippines,,,3596.0,73.822750859736,2011,2011-10-01,2011-10-01
2011-0379-CHN,Storm,China,,,296657.0,73.822750859736,2011,2011-09-29,2011-10-03
2011-0379-PHL,Storm,Philippines,,,466215.0,73.822750859736,2011,2011-09-24,2011-09-24
2011-0380-PHL,Flood,Philippines,,,,73.822750859736,2011,2011-10-07,2011-10-07
2011-0383-HTI,Flood,Haiti,,,,73.822750859736,2011,2011-10-06,2011-10-13
2011-0384-PHL,Storm,Philippines,,,,73.822750859736,2011,2011-10-13,2011-10-13
2011-0385-MEX,Storm,Mexico,,,37522.0,73.822750859736,2011,2011-10-10,2011-11-01
2011-0386-COL,Flood,Colombia,,,1747429.0,73.822750859736,2011,2011-09-01,2011-12-29
2011-0386-CRI,Flood,Costa Rica,,,,73.822750859736,2011,2011-10-17,2011-10-19
2011-0386-GTM,Flood,Guatemala,,,83867.0,73.822750859736,2011,2011-10-12,
2011-0386-HND,Flood,Honduras,,,,73.822750859736,2011,2011-10-17,2011-10-17
2011-0386-NIC,Flood,Nicaragua,,,,73.822750859736,2011,2011-10-12,2011-10-17
2011-0386-PAN,Flood,Panama,,,,73.822750859736,2011,2011-10-20,2011-10-20
2011-0386-SLV,Flood,El Salvador,,,1354596.0,73.822750859736,2011,,2011-10-17
2011-0387-CHN,Earthquake,China,,,,73.822750859736,2011,2011-06-08,2011-06-08
2011-0388-NZL,Earthquake,New Zealand,,2709192.0,4063788.0,73.822750859736,2011,2011-06-13,2011-06-13
2011-0389-IDN,Earthquake,Indonesia,,,7924.0,73.822750859736,2011,2011-09-05,2011-09-05
2011-0392-MEX,Flood,Mexico,,,,73.822750859736,2011,2011-10-20,2011-10-20
2011-0393-PHL,Epidemic,Philippines,,,,73.822750859736,2011,2011-10-11,2011-10-18
2011-0394-VNM,Flood,Viet Nam,,,237057.0,73.822750859736,2011,,
2011-0396-VNM,Flood,Viet Nam,,,,73.822750859736,2011,2011-10-21,2011-10-21
2011-0397-TUR,Earthquake,Türkiye,,121914.0,2031894.0,73.822750859736,2011,2011-10-23,2011-10-23
2011-0400-MMR,Flood,Myanmar,,,2303.0,73.822750859736,2011,2011-10-19,2011-10-21
2011-0408-DZA,Flood,Algeria,,,1055230.0,73.822750859736,2011,2011-10-01,2011-10-02
2011-0409-ZAF,Storm,South Africa,,,,73.822750859736,2011,2011-10-02,2011-10-03
2011-0411-CHN,Earthquake,China,,,76399.0,73.822750859736,2011,2011-11-01,2011-11-01
2011-0413-GHA,Flood,Ghana,,,,73.822750859736,2011,2011-10-26,2011-10-29
2011-0414-OMN,Storm,Oman,,,,73.822750859736,2011,2011-11-03,2011-11-03
2011-0416-ITA,Flood,Italy,,18964.0,738255.0,73.822750859736,2011,2011-10-26,2011-10-26
2011-0419-NER,Flood,Niger,,,,73.822750859736,2011,2011-08-10,2011-09-08
2011-0421-CHN,Flood,China,,,,73.822750859736,2011,2011-08-01,2011-09-08
2011-0422-IND,Flood,India,,,,73.822750859736,2011,2011-08-15,2011-09-08
2011-0423-KEN,Flood,Kenya,,,,73.822750859736,2011,2011-08-15,2011-09-08
2011-0424-IND,Flood,India,,,,73.822750859736,2011,2011-08-15,2011-10-02
2011-0425-USA,Flood,United States of America,,116495.0,,73.822750859736,2011,2011-08-06,2011-08-09
2011-0426-KOR,Flood,Republic of Korea,,,70439.0,73.822750859736,2011,2011-07-27,2011-08-09
2011-0427-BRA,Flood,Brazil,,,,73.822750859736,2011,2011-07-23,2011-07-29
2011-0428-IND,Flood,India,,,,73.822750859736,2011,2011-07-23,2011-08-09
2011-0431-COL,Mass movement (wet),Colombia,,,,73.822750859736,2011,2011-11-04,2011-11-05
2011-0432-DMA,Storm,Dominica,,,,73.822750859736,2011,2011-09-25,2011-09-29
2011-0436-ITA,Flood,Italy,,,,73.822750859736,2011,2011-11-04,2011-11-06
2011-0439-FRA,Flood,France,,,,73.822750859736,2011,2011-11-06,2011-11-06
2011-0443-PER,Earthquake,Peru,,,,73.822750859736,2011,2011-10-28,2011-10-28
2011-0444-USA,Storm,United States of America,,1083677.0,4063788.0,73.822750859736,2011,2011-10-29,2011-10-31
2011-0445-PHL,Earthquake,Philippines,,,,73.822750859736,2011,2011-11-07,2011-11-07
2011-0453-IRL,Flood,Ireland,,223508.0,440244.0,73.822750859736,2011,2011-10-25,2011-10-25
2011-0454-JPN,Storm,Japan,,582476.0,880487.0,73.822750859736,2011,2011-09-02,2011-09-04
2011-0456-USA,Storm,United States of America,,758574.0,1015947.0,73.822750859736,2011,2011-09-04,2011-09-09
2011-0457-THA,Epidemic,Thailand,,,,73.822750859736,2011,,
2011-0460-MEX,Storm,Mexico,,,,73.822750859736,2011,2011-09-09,2011-09-09
2011-0462-MLI,Flood,Mali,,,,73.822750859736,2011,2011-08-01,2011-09-08
2011-0463-GIN,Flood,Guinea,,,,73.822750859736,2011,,
2011-0467-TUR,Earthquake,Türkiye,,,,73.822750859736,2011,2011-11-09,2011-11-09
2011-0468-PHL,Flood,Philippines,,,248.0,73.822750859736,2011,2011-11-14,2011-11-17
2011-0469-PHL,Flood,Philippines,,,242311.0,73.822750859736,2011,2011-11-09,2011-11-14
2011-0473-IND,Flood,India,,,585185.0,73.822750859736,2011,2011-09-05,2011-09-15
2011-0475-ESP,Flood,Spain,,,,73.822750859736,2011,2011-11-07,2011-11-07
2011-0476-KEN,Flood,Kenya,,,,73.822750859736,2011,2011-11-04,2011-11-04
2011-0476-SOM,Flood,Somalia,,,,73.822750859736,2011,2011-11-04,2011-11-04
2011-0484-LKA,Storm,Sri Lanka,,,,73.822750859736,2011,2011-11-24,2011-11-27
2011-0486-NOR,Storm,Norway,,,,73.822750859736,2011,2011-11-26,2011-11-27
2011-0487-CAF,Flood,Central African Republic,,,,73.822750859736,2011,2011-10-11,2011-10-11
2011-0493-IDN,Mass movement (wet),Indonesia,,,,73.822750859736,2011,2011-11-30,2011-11-30
2011-0497-LKA,Epidemic,Sri Lanka,,,,73.822750859736,2011,,2011-12-02
2011-0504-KEN,Flood,Kenya,,,,73.822750859736,2011,2011-11-29,2011-12-22
2011-0506-IDN,Volcanic activity,Indonesia,,,,73.822750859736,2011,2011-07-11,2011-07-17
2011-0510-NPL,Mass movement (wet),Nepal,,,,73.822750859736,2011,2011-07-15,2011-07-15
2011-0512-MEX,Earthquake,Mexico,,,,73.822750859736,2011,2011-12-11,2011-12-11
2011-0513-GTM,Extreme temperature,Guatemala,,,,73.822750859736,2011,,
2011-0516-COD,Flood,Democratic Republic of the Congo,,,,73.822750859736,2011,,
2011-0517-COD,Flood,Democratic Republic of the Congo,,,,73.822750859736,2011,,
2011-0518-CHE,Storm,Switzerland,,,,73.822750859736,2011,2011-12-16,2011-12-16
2011-0518-FRA,Storm,France,,,,73.822750859736,2011,2011-12-15,2011-12-16
2011-0519-PHL,Storm,Philippines,,,51586.0,73.822750859736,2011,2011-12-15,2011-12-18
2011-0523-AGO,Flood,Angola,,,,73.822750859736,2011,2011-12-15,2012-01-09
2011-0525-BGD,Extreme temperature,Bangladesh,,,,73.822750859736,2011,2011-12-13,2011-12-18
2011-0526-AGO,Flood,Angola,,,,73.822750859736,2011,,
2011-0528-DOM,Epidemic,Dominican Republic,,,,73.822750859736,2011,2011-12-07,2011-12-14
2011-0535-TZA,Flood,United Republic of Tanzania,,,,73.822750859736,2011,2011-12-20,2011-12-22
2011-0540-PHL,Flood,Philippines,,,,73.822750859736,2011,2011-12-25,2011-12-28
2011-0542-PHL,Flood,Philippines,,,,73.822750859736,2011,2011-12-21,2011-12-21
2011-0543-NPL,Mass movement (wet),Nepal,,,,73.822750859736,2011,2011-07-20,2011-07-20
2011-0545-PHL,Epidemic,Philippines,,,,73.822750859736,2011,2011-01-01,
2011-0546-SEN,Flood,Senegal,,,,73.822750859736,2011,2011-08-01,2011-08-01
2011-0555-PHL,Storm,Philippines,,,584.0,73.822750859736,2011,2011-05-20,2011-05-29
2011-0556-PER,Flood,Peru,,,,73.822750859736,2011,2011-05-26,2011-05-26
2011-0562-PHL,Flood,Philippines,,,,73.822750859736,2011,2011-05-05,2011-05-05
2011-0563-PHL,Epidemic,Philippines,,,,73.822750859736,2011,2011-03-01,2011-04-18
2011-0564-PHL,Volcanic activity,Philippines,,,,73.822750859736,2011,2011-03-17,2011-04-18
2011-0566-IND,Storm,India,,,508820.0,73.822750859736,2011,2011-12-29,2011-12-30
2011-0568-IDN,Volcanic activity,Indonesia,,,,73.822750859736,2011,2011-12-04,2011-12-27
2011-0569-VEN,Flood,Venezuela (Bolivarian Republic of),,,,73.822750859736,2011,2011-12-01,2011-12-01
2011-0570-PAN,Flood,Panama,,,,73.822750859736,2011,2011-11-10,2011-11-10
2011-0573-JPN,Extreme temperature,Japan,,,,73.822750859736,2011,,
2011-0574-JPN,Storm,Japan,,,67730.0,73.822750859736,2011,2011-07-19,2011-07-19
2011-0575-IDN,Flood,Indonesia,,,,73.822750859736,2011,2011-04-01,2011-04-10
2011-0576-CHN,Storm,China,,,,73.822750859736,2011,2011-06-19,2011-06-24
2011-0576-PHL,Storm,Philippines,,,,73.822750859736,2011,2011-06-14,2011-06-20
2011-0576-VNM,Storm,Viet Nam,,,,73.822750859736,2011,2011-06-19,2011-06-24
2011-0582-NGA,Flood,Nigeria,,,,73.822750859736,2011,2011-10-20,2011-10-28
2011-0583-PER,Storm,Peru,,,,73.822750859736,2011,2011-01-11,2011-01-15
2011-0584-CHL,Wildfire,Chile,,,270919.0,73.822750859736,2011,2011-12-29,2012-01-06
2011-0586-BGD,Mass movement (wet),Bangladesh,,,,73.822750859736,2011,2011-07-04,2011-07-04
2011-0588-PHL,Flood,Philippines,,,,73.822750859736,2011,2011-07-20,2011-07-20
2011-0589-GTM,Flood,Guatemala,,,,73.822750859736,2011,2011-07-18,2011-07-18
2011-0589-MEX,Flood,Mexico,,,,73.822750859736,2011,2011-07-18,2011-07-18
2011-0590-LKA,Flood,Sri Lanka,,,,73.822750859736,2011,2011-05-29,2011-05-29
2011-0591-BGD,Storm,Bangladesh,,,,73.822750859736,2011,2011-04-04,2011-04-04
2011-0592-PHL,Flood,Philippines,,,,73.822750859736,2011,2011-03-31,2011-03-31
2011-0593-IND,Storm,India,,,,73.822750859736,2011,2011-04-15,2011-04-15
2011-0598-NER,Flood,Niger,,,,73.822750859736,2011,2011-08-17,2011-09-02
2011-0600-SLE,Flood,Sierra Leone,,,,73.822750859736,2011,2011-08-10,2011-08-11
2011-0601-CHN,Earthquake,China,,,,73.822750859736,2011,2011-08-11,2011-08-11
2011-0603-IDN,Flood,Indonesia,,,,73.822750859736,2011,2011-12-18,2011-12-22
2011-0607-USA,Storm,United States of America,,,,73.822750859736,2011,2011-01-07,2011-01-12
2011-0608-USA,Storm,United States of America,,,,73.822750859736,2011,2011-01-17,2011-01-24
2011-0609-USA,Storm,United States of America,,2709192.0,4741086.0,73.822750859736,2011,2011-04-03,2011-04-05
2011-0610-USA,Flood,United States of America,,677298.0,6231141.0,73.822750859736,2011,2011-04-18,2011-05-23
2011-0611-USA,Storm,United States of America,,,,73.822750859736,2011,2011-08-13,2011-08-14
2011-0617-TZA,Flood,United Republic of Tanzania,,,,73.822750859736,2011,2011-04-09,2011-05-19
2011-0619-VEN,Flood,Venezuela (Bolivarian Republic of),,,,73.822750859736,2011,2011-04-15,2011-04-25
2011-0626-BRA,Flood,Brazil,,,2709.0,73.822750859736,2011,,
2011-0627-NPL,Extreme temperature,Nepal,,,,73.822750859736,2011,,
2011-0628-POL,Extreme temperature,Poland,,,,73.822750859736,2011,,
2011-0629-MWI,Flood,Malawi,,,,73.822750859736,2011,,2012-01-15
2011-0630-CAN,Wildfire,Canada,,975309.0,2031894.0,73.822750859736,2011,2011-05-14,2011-05-16
2011-0631-ETH,Flood,Ethiopia,,,,73.822750859736,2011,2011-11-07,2011-11-15
2011-0632-AFG,Flood,Afghanistan,,,,73.822750859736,2011,2011-05-01,2011-05-08
2011-0633-MEX,Flood,Mexico,,,,73.822750859736,2011,2011-08-23,2011-09-07
2011-0634-TZA,Flood,United Republic of Tanzania,,,,73.822750859736,2011,2011-12-04,2011-12-04
2011-0635-VEN,Flood,Venezuela (Bolivarian Republic of),,,21674.0,73.822750859736,2011,2011-12-06,2011-12-12
2011-0637-SDN,Storm,Sudan,,,,73.822750859736,2011,2011-08-03,2011-08-03
2011-0638-ZAF,Storm,South Africa,,,13546.0,73.822750859736,2011,2011-12-31,2011-12-31
2011-0639-USA,Wildfire,United States of America,,,270919.0,73.822750859736,2011,2011-05-29,2011-06-23
2011-0640-AUS,Wildfire,Australia,,,73148.0,73.822750859736,2011,2011-08-23,2011-08-24
2011-0641-NPL,Extreme temperature,Nepal,,,167.0,73.822750859736,2011,2011-01-11,2011-01-19
2011-0642-AFG,Storm,Afghanistan,,,,73.822750859736,2011,2011-02-10,2011-02-14
2011-0643-IND,Extreme temperature,India,,,,73.822750859736,2011,2011-12-16,2011-12-31
2011-0644-PRY,Storm,Paraguay,,,,73.822750859736,2011,2011-08-08,2011-08-08
2011-0645-IDN,Flood,Indonesia,,,,73.822750859736,2011,2011-03-17,2011-03-31
2011-0646-USA,Flood,United States of America,,,2709192.0,73.822750859736,2011,2011-05-15,2011-06-30
2011-0647-IND,Flood,India,,,27092.0,73.822750859736,2011,2011-06-15,2011-07-16
2011-0660-PER,Flood,Peru,,,,73.822750859736,2011,,
2011-0661-CHL,Extreme temperature,Chile,,,,73.822750859736,2011,2011-07-13,2011-07-19
2011-0663-JPN,Flood,Japan,,,,73.822750859736,2011,2011-07-29,2011-07-31
2011-9312-AFG,Drought,Afghanistan,,,192353.0,73.822750859736,2011,,
2011-9363-MEX,Drought,Mexico,,,,73.822750859736,2011,,
2011-9363-USA,Drought,United States of America,,1354596.0,10836768.0,73.822750859736,2011,,
2011-9390-TUV,Drought,Tuvalu,,,,73.822750859736,2011,,
2011-9415-TZA,Drought,United Republic of Tanzania,,,,73.822750859736,2011,,
2011-9524-BFA,Drought,Burkina Faso,,,,73.822750859736,2011,,
2011-9529-NER,Drought,Niger,,,,73.822750859736,2011,,
2011-9560-SEN,Drought,Senegal,,,,73.822750859736,2011,,
2011-9629-LSO,Drought,Lesotho,,,,73.822750859736,2011,,
2011-9661-MLI,Drought,Mali,,,,73.822750859736,2011,,
2011-9662-MRT,Drought,Mauritania,,,,73.822750859736,2011,,
2011-9663-ETH,Drought,Ethiopia,,,,75.3503857046957,2012,,
2011-9663-KEN,Drought,Kenya,,,,73.822750859736,2011,,
2011-9663-SDN,Drought,Sudan,,,,75.3503857046957,2012,,
2011-9663-SOM,Drought,Somalia,,,,75.3503857046957,2012,,
2012-0002-PHL,Mass movement (wet),Philippines,,,,75.3503857046957,2012,2012-01-05,2012-01-05
2012-0005-MDG,Storm,Madagascar,,,,75.3503857046957,2012,2012-01-24,2012-01-24
2012-0005-MOZ,Storm,Mozambique,,,,75.3503857046957,2012,2012-01-20,2012-01-22
2012-0005-MWI,Storm,Malawi,,,,75.3503857046957,2012,,
2012-0006-MOZ,Storm,Mozambique,,,,75.3503857046957,2012,2012-01-18,2012-01-18
2012-0006-ZAF,Storm,South Africa,,,,75.3503857046957,2012,,
2012-0009-PHL,Flood,Philippines,,,,75.3503857046957,2012,2012-01-17,2012-01-17
2012-0010-USA,Storm,United States of America,,132713.0,232248.0,75.3503857046957,2012,2012-01-22,2012-01-23
2012-0012-ALB,Extreme temperature,Albania,,,,75.3503857046957,2012,,
2012-0012-SRB,Extreme temperature,Serbia,,,,75.3503857046957,2012,2012-01-06,
2012-0013-AFG,Mass movement (wet),Afghanistan,,,,75.3503857046957,2012,2012-01-18,2012-01-18
2012-0015-IND,Extreme temperature,India,,,,75.3503857046957,2012,2012-01-15,2012-01-17
2012-0019-AUT,Extreme temperature,Austria,,,,75.3503857046957,2012,,
2012-0019-AZE,Extreme temperature,Azerbaijan,,,,75.3503857046957,2012,,
2012-0019-BEL,Extreme temperature,Belgium,,,,75.3503857046957,2012,,
2012-0019-BGR,Extreme temperature,Bulgaria,,,,75.3503857046957,2012,,
2012-0019-BIH,Extreme temperature,Bosnia and Herzegovina,,,,75.3503857046957,2012,2012-02-02,2012-02-07
2012-0019-BLR,Extreme temperature,Belarus,,,,75.3503857046957,2012,,
2012-0019-CHE,Extreme temperature,Switzerland,,,,75.3503857046957,2012,2012-02-07,2012-02-07
2012-0019-CZE,Extreme temperature,Czechia,,,,75.3503857046957,2012,,
2012-0019-DEU,Extreme temperature,Germany,,,,75.3503857046957,2012,,
2012-0019-EST,Extreme temperature,Estonia,,,,75.3503857046957,2012,,
2012-0019-FRA,Extreme temperature,France,,,,75.3503857046957,2012,,
2012-0019-GRC,Extreme temperature,Greece,,,,75.3503857046957,2012,,
2012-0019-HRV,Extreme temperature,Croatia,,,,75.3503857046957,2012,,
2012-0019-HUN,Extreme temperature,Hungary,,,,75.3503857046957,2012,,
2012-0019-ITA,Extreme temperature,Italy,,,175979.0,75.3503857046957,2012,,
2012-0019-LTU,Extreme temperature,Lithuania,,,,75.3503857046957,2012,,
2012-0019-LVA,Extreme temperature,Latvia,,,,75.3503857046957,2012,,
2012-0019-MDA,Extreme temperature,Republic of Moldova,,,,75.3503857046957,2012,2012-01-30,2012-02-05
2012-0019-MKD,Extreme temperature,North Macedonia,,,,75.3503857046957,2012,,
2012-0019-MNE,Extreme temperature,Montenegro,,,,75.3503857046957,2012,,
2012-0019-NLD,Extreme temperature,Netherlands (Kingdom of the),,,,75.3503857046957,2012,,
2012-0019-POL,Extreme temperature,Poland,,,,75.3503857046957,2012,2012-01-27,
2012-0019-ROU,Extreme temperature,Romania,,,,75.3503857046957,2012,2012-01-23,2012-02-16
2012-0019-RUS,Extreme temperature,Russian Federation,,,,75.3503857046957,2012,2012-01-01,
2012-0019-SRB,Extreme temperature,Serbia,,,,75.3503857046957,2012,2012-01-28,
2012-0019-SVK,Extreme temperature,Slovakia,,,,75.3503857046957,2012,,
2012-0019-UKR,Extreme temperature,Ukraine,,,,75.3503857046957,2012,2012-01-27,
2012-0020-PER,Earthquake,Peru,,,,75.3503857046957,2012,2012-01-30,2012-01-30
2012-0023-NAM,Flood,Namibia,,,,75.3503857046957,2012,2012-01-24,2012-01-24
2012-0024-FJI,Flood,Fiji,,,22561.0,75.3503857046957,2012,2012-01-22,2012-02-06
2012-0027-JPN,Storm,Japan,,,209687.0,75.3503857046957,2012,2012-01-01,2012-01-31
2012-0029-AUS,Flood,Australia,,185799.0,298605.0,75.3503857046957,2012,2012-01-22,2012-03-07
2012-0031-PHL,Earthquake,Philippines,,,11811.0,75.3503857046957,2012,2012-02-06,2012-02-06
2012-0032-NGA,Epidemic,Nigeria,,,,75.3503857046957,2012,2012-01-11,2012-01-20
2012-0033-BGR,Flood,Bulgaria,,,5839.0,75.3503857046957,2012,2012-02-01,2012-02-06
2012-0034-DZA,Flood,Algeria,,,,75.3503857046957,2012,2012-02-03,2012-02-14
2012-0037-AUS,Flood,Australia,,181817.0,481749.0,75.3503857046957,2012,2012-02-24,2012-03-16
2012-0042-PHL,Flood,Philippines,,,,75.3503857046957,2012,2012-02-14,2012-02-16
2012-0043-MDG,Storm,Madagascar,,,132713.0,75.3503857046957,2012,2012-02-14,2012-02-15
2012-0045-MAR,Extreme temperature,Morocco,,,,75.3503857046957,2012,,
2012-0046-COD,Flood,Democratic Republic of the Congo,,,,75.3503857046957,2012,2012-01-15,2012-01-22
2012-0049-IND,Mass movement (dry),India,,,,75.3503857046957,2012,2012-02-23,2012-02-23
2012-0050-AFG,Extreme temperature,Afghanistan,,,,75.3503857046957,2012,2012-01-16,2012-01-17
2012-0050-TJK,Extreme temperature,Tajikistan,,,,75.3503857046957,2012,,
2012-0051-BOL,Flood,Bolivia (Plurinational State of),,,,75.3503857046957,2012,,
2012-0052-PNG,Mass movement (wet),Papua New Guinea,,,,75.3503857046957,2012,2012-01-24,2012-01-24
2012-0055-USA,Storm,United States of America,,597210.0,663567.0,75.3503857046957,2012,2012-02-28,2012-02-29
2012-0056-MDG,Storm,Madagascar,,,,75.3503857046957,2012,2012-02-26,2012-02-26
2012-0056-MOZ,Storm,Mozambique,,,,75.3503857046957,2012,2012-03-03,2012-03-07
2012-0058-CAF,Storm,Central African Republic,,,,75.3503857046957,2012,2012-02-15,2012-02-19
2012-0059-KAZ,Flood,Kazakhstan,,,,75.3503857046957,2012,2012-02-18,2012-02-20
2012-0060-USA,Storm,United States of America,,3317833.0,6635666.0,75.3503857046957,2012,2012-03-02,2012-03-04
2012-0066-PSE,Flood,State of Palestine,,,,75.3503857046957,2012,2012-02-28,2012-03-02
2012-0067-AFG,Mass movement (wet),Afghanistan,,,,75.3503857046957,2012,2012-03-05,2012-03-05
2012-0068-CAN,Flood,Canada,,,45123.0,75.3503857046957,2012,2012-03-25,2012-03-30
2012-0069-FJI,Flood,Fiji,,,95554.0,75.3503857046957,2012,2012-03-29,2012-03-30
2012-0070-CHL,Flood,Chile,,,4114.0,75.3503857046957,2012,2012-03-01,2012-03-15
2012-0071-ECU,Flood,Ecuador,,,,75.3503857046957,2012,2012-01-01,2012-03-26
2012-0072-TZA,Flood,United Republic of Tanzania,,,,75.3503857046957,2012,2012-03-01,2012-03-07
2012-0075-BRA,Flood,Brazil,,,,75.3503857046957,2012,2012-02-20,2012-03-26
2012-0078-PHL,Flood,Philippines,,,,75.3503857046957,2012,2012-02-20,2012-02-27
2012-0080-GRC,Flood,Greece,,,,75.3503857046957,2012,2012-02-03,2012-02-06
2012-0081-COD,Epidemic,Democratic Republic of the Congo,,,,75.3503857046957,2012,,
2012-0082-BGD,Storm,Bangladesh,,,,75.3503857046957,2012,2012-04-06,2012-04-06
2012-0084-PAK,Mass movement (wet),Pakistan,,,,75.3503857046957,2012,2012-04-07,2012-04-07
2012-0087-ARG,Storm,Argentina,,,13271.0,75.3503857046957,2012,2012-04-04,2012-04-04
2012-0089-PRY,Flood,Paraguay,,,5309.0,75.3503857046957,2012,2012-03-15,
2012-0094-COL,Epidemic,Colombia,,,,75.3503857046957,2012,,
2012-0095-ECU,Epidemic,Ecuador,,,,75.3503857046957,2012,,
2012-0097-IDN,Earthquake,Indonesia,,,,75.3503857046957,2012,2012-04-11,2012-04-11
2012-0098-RUS,Wildfire,Russian Federation,,,,75.3503857046957,2012,2012-04-20,2012-04-20
2012-0102-AFG,Flood,Afghanistan,,,,75.3503857046957,2012,2012-04-10,2012-04-10
2012-0108-TCD,Epidemic,Chad,,,,75.3503857046957,2012,,2012-03-25
2012-0110-UGA,Epidemic,Uganda,,,,75.3503857046957,2012,2012-01-01,2012-09-01
2012-0111-RUS,Flood,Russian Federation,,,22561.0,75.3503857046957,2012,2012-04-22,2012-04-27
2012-0112-TJK,Flood,Tajikistan,,,1009.0,75.3503857046957,2012,,
2012-0113-COM,Flood,Comoros,,,6636.0,75.3503857046957,2012,2012-04-20,2012-04-28
2012-0114-DOM,Flood,Dominican Republic,,,,75.3503857046957,2012,2012-04-23,2012-04-25
2012-0114-HTI,Flood,Haiti,,,,75.3503857046957,2012,2012-04-08,2012-04-26
2012-0120-JPN,Storm,Japan,,1116119.0,,75.3503857046957,2012,2012-04-03,2012-04-04
2012-0122-USA,Storm,United States of America,,1061707.0,2057056.0,75.3503857046957,2012,2012-04-02,2012-04-03
2012-0124-MEX,Earthquake,Mexico,,212341.0,424683.0,75.3503857046957,2012,2012-03-20,2012-03-20
2012-0126-CHL,Earthquake,Chile,,,132713.0,75.3503857046957,2012,2012-03-25,2012-03-25
2012-0130-RWA,Flood,Rwanda,,,,75.3503857046957,2012,2012-04-09,2012-04-18
2012-0136-CHN,Flood,China,,,419816.0,75.3503857046957,2012,2012-05-08,2012-05-16
2012-0142-ITA,Earthquake,Italy,,1725273.0,20968705.0,75.3503857046957,2012,2012-05-20,2012-05-20
2012-0143-AFG,Flood,Afghanistan,,,,75.3503857046957,2012,2012-05-18,2012-05-18
2012-0148-MWI,Flood,Malawi,,,,75.3503857046957,2012,2012-03-23,2012-03-24
2012-0151-TJK,Earthquake,Tajikistan,,,,75.3503857046957,2012,2012-05-13,2012-05-13
2012-0152-BGR,Earthquake,Bulgaria,,,,75.3503857046957,2012,2012-05-22,2012-05-22
2012-0154-AFG,Flood,Afghanistan,,,,75.3503857046957,2012,2012-05-20,2012-05-20
2012-0156-USA,Storm,United States of America,,1207691.0,2388840.0,75.3503857046957,2012,2012-04-14,2012-04-15
2012-0161-CAF,Storm,Central African Republic,,,,75.3503857046957,2012,,
2012-0162-ITA,Earthquake,Italy,,1725273.0,,75.3503857046957,2012,2012-05-29,2012-05-29
2012-0164-AFG,Earthquake,Afghanistan,,,,75.3503857046957,2012,2012-06-11,2012-06-11
2012-0165-GEO,Flood,Georgia,,,3981.0,75.3503857046957,2012,2012-05-12,2012-05-16
2012-0166-KEN,Flood,Kenya,,1327.0,132713.0,75.3503857046957,2012,2012-04-20,2012-05-16
2012-0167-DOM,Epidemic,Dominican Republic,,,,75.3503857046957,2012,2012-04-12,2012-04-16
2012-0171-PHL,Flood,Philippines,,,,75.3503857046957,2012,2012-06-11,2012-06-11
2012-0172-PHL,Flood,Philippines,,,,75.3503857046957,2012,2012-06-09,2012-06-12
2012-0173-CHN,Flood,China,,165892.0,1592560.0,75.3503857046957,2012,2012-06-22,2012-07-02
2012-0175-BGD,Flood,Bangladesh,,,,75.3503857046957,2012,2012-06-24,2012-07-02
2012-0176-USA,Storm,United States of America,,265427.0,278698.0,75.3503857046957,2012,2012-06-22,2012-06-27
2012-0177-USA,Flood,United States of America,,,230921.0,75.3503857046957,2012,2012-06-09,2012-06-12
2012-0178-TWN,Flood,Taiwan (Province of China),,,22429.0,75.3503857046957,2012,2012-06-09,2012-06-12
2012-0179-IND,Flood,India,,,,75.3503857046957,2012,2012-06-26,2012-07-13
2012-0183-AFG,Flood,Afghanistan,,,,75.3503857046957,2012,2012-05-12,2012-05-16
2012-0185-BRA,Flood,Brazil,,,226940.0,75.3503857046957,2012,2012-05-01,2012-05-20
2012-0186-NPL,Flood,Nepal,,,1327.0,75.3503857046957,2012,2012-05-05,2012-05-07
2012-0187-COL,Flood,Colombia,,,53085.0,75.3503857046957,2012,2012-04-20,2012-04-26
2012-0188-SAU,Flood,Saudi Arabia,,,,75.3503857046957,2012,2012-04-14,2012-04-18
2012-0190-CHN,Earthquake,China,,,398140.0,75.3503857046957,2012,2012-06-24,2012-06-24
2012-0191-AZE,Earthquake,Azerbaijan,,,,75.3503857046957,2012,2012-05-07,2012-05-07
2012-0194-TUR,Flood,Türkiye,,,,75.3503857046957,2012,2012-07-04,2012-07-04
2012-0195-JPN,Flood,Japan,,,1857987.0,75.3503857046957,2012,2012-07-12,2012-07-13
2012-0197-CHN,Flood,China,,,3317833.0,75.3503857046957,2012,2012-04-28,2012-05-15
2012-0199-CHN,Flood,China,,,,75.3503857046957,2012,2012-07-11,2012-07-11
2012-0200-CHN,Flood,China,,,,75.3503857046957,2012,,
2012-0201-PHL,Epidemic,Philippines,,,,75.3503857046957,2012,,
2012-0206-POL,Storm,Poland,,,7830.0,75.3503857046957,2012,2012-07-14,2012-07-15
2012-0213-RUS,Flood,Russian Federation,,39814.0,796280.0,75.3503857046957,2012,2012-07-11,2012-07-11
2012-0214-USA,Extreme temperature,United States of America,,,,75.3503857046957,2012,2012-06-30,2012-07-19
2012-0215-UGA,Mass movement (wet),Uganda,,,,75.3503857046957,2012,2012-06-24,2012-06-24
2012-0217-COD,Epidemic,Democratic Republic of the Congo,,,,75.3503857046957,2012,,
2012-0219-GAB,Flood,Gabon,,,,75.3503857046957,2012,,
2012-0226-AFG,Flood,Afghanistan,,,,75.3503857046957,2012,2012-06-18,2012-06-20
2012-0232-USA,Wildfire,United States of America,,597210.0,796280.0,75.3503857046957,2012,2012-06-23,2012-07-10
2012-0234-USA,Storm,United States of America,,,,75.3503857046957,2012,2012-06-30,2012-06-30
2012-0236-DOM,Flood,Dominican Republic,,,,75.3503857046957,2012,2012-05-07,2012-05-07
2012-0237-HTI,Flood,Haiti,,,,75.3503857046957,2012,,
2012-0238-COL,Flood,Colombia,,,82282.0,75.3503857046957,2012,2012-03-15,2012-05-14
2012-0241-VEN,Flood,Venezuela (Bolivarian Republic of),,,123423.0,75.3503857046957,2012,2012-05-08,2012-05-11
2012-0242-SLB,Flood,Solomon Islands,,,,75.3503857046957,2012,2012-02-01,2012-06-03
2012-0243-RUS,Flood,Russian Federation,,,,75.3503857046957,2012,2012-04-10,2012-04-10
2012-0249-IDN,Mass movement (wet),Indonesia,,,,75.3503857046957,2012,2012-05-24,2012-05-27
2012-0250-IDN,Mass movement (wet),Indonesia,,,,75.3503857046957,2012,2012-05-24,2012-05-24
2012-0251-CUB,Flood,Cuba,,,,75.3503857046957,2012,2012-05-24,2012-05-27
2012-0256-PER,Extreme temperature,Peru,,,,75.3503857046957,2012,,
2012-0258-PRK,Flood,Democratic People's Republic of Korea,,,15129.0,75.3503857046957,2012,2012-07-18,2012-07-29
2012-0259-CHN,Storm,China,,,436627.0,75.3503857046957,2012,2012-07-24,2012-07-24
2012-0259-VNM,Storm,Viet Nam,,,,75.3503857046957,2012,2012-07-26,2012-07-27
2012-0260-CHN,Storm,China,,,164565.0,75.3503857046957,2012,2012-08-08,2012-08-08
2012-0260-PHL,Storm,Philippines,,,13034.0,75.3503857046957,2012,2012-07-31,2012-08-07
2012-0260-TWN,Storm,Taiwan (Province of China),,,35833.0,75.3503857046957,2012,2012-08-02,2012-08-02
2012-0261-UGA,Epidemic,Uganda,,,,75.3503857046957,2012,2012-08-03,2012-08-24
2012-0266-IDN,Flood,Indonesia,,,,75.3503857046957,2012,2012-07-24,2012-07-24
2012-0272-PHL,Flood,Philippines,,3981.0,95992.0,75.3503857046957,2012,2012-08-06,2012-08-08
2012-0275-IRN,Earthquake,Iran (Islamic Republic of),,,663567.0,75.3503857046957,2012,2012-08-11,2012-08-11
2012-0276-MEX,Storm,Mexico,,19907.0,398140.0,75.3503857046957,2012,2012-08-10,2012-08-10
2012-0279-ESP,Wildfire,Spain,,,,75.3503857046957,2012,2012-07-22,2012-07-27
2012-0280-SDN,Flood,Sudan,,,,75.3503857046957,2012,2012-08-01,2012-08-12
2012-0281-CRI,Flood,Costa Rica,,,,75.3503857046957,2012,2012-07-29,2012-07-29
2012-0282-CHN,Storm,China,,305241.0,1990700.0,75.3503857046957,2012,2012-08-08,2012-08-08
2012-0283-CHN,Storm,China,,140676.0,796280.0,75.3503857046957,2012,2012-08-02,2012-08-08
2012-0287-GIN,Epidemic,Guinea,,,,75.3503857046957,2012,2012-02-02,2012-09-01
2012-0292-CHN,Flood,China,,238884.0,10617066.0,75.3503857046957,2012,2012-07-21,2012-07-24
2012-0294-CHN,Storm,China,,,347709.0,75.3503857046957,2012,2012-08-17,2012-08-17
2012-0294-PHL,Storm,Philippines,,,3981.0,75.3503857046957,2012,2012-08-17,2012-08-17
2012-0294-VNM,Storm,Viet Nam,,,9025.0,75.3503857046957,2012,2012-08-17,2012-08-17
2012-0295-SLE,Epidemic,Sierra Leone,,,,75.3503857046957,2012,2012-01-01,2013-01-08
2012-0296-PHL,Storm,Philippines,,,131.0,75.3503857046957,2012,2012-08-20,2012-08-21
2012-0302-NER,Flood,Niger,,,244345.0,75.3503857046957,2012,2012-07-15,2012-10-15
2012-0313-CUB,Storm,Cuba,,,,75.3503857046957,2012,2012-08-25,2012-08-25
2012-0313-DOM,Storm,Dominican Republic,,,,75.3503857046957,2012,2012-08-25,2012-08-25
2012-0313-HTI,Storm,Haiti,,,,75.3503857046957,2012,2012-08-25,2012-08-29
2012-0313-PRI,Storm,Puerto Rico,,,,75.3503857046957,2012,2012-08-25,2012-08-25
2012-0313-USA,Storm,United States of America,,,2654266.0,75.3503857046957,2012,2012-08-28,2012-08-29
2012-0318-SEN,Flood,Senegal,,,13271.0,75.3503857046957,2012,2012-08-15,2012-08-31
2012-0319-MMR,Flood,Myanmar,,,,75.3503857046957,2012,2012-07-15,2012-08-29
2012-0320-BEN,Flood,Benin,,,,75.3503857046957,2012,2012-09-01,2012-10-31
2012-0321-PHL,Earthquake,Philippines,,,,75.3503857046957,2012,2012-09-04,2012-09-04
2012-0322-IND,Flood,India,,,,75.3503857046957,2012,2012-08-21,2012-08-23
2012-0324-COD,Epidemic,Democratic Republic of the Congo,,,,75.3503857046957,2012,2012-08-17,2012-10-19
2012-0325-PAK,Flood,Pakistan,,,,75.3503857046957,2012,2012-09-04,2012-09-04
2012-0334-IND,Flood,India,,,145985.0,75.3503857046957,2012,2012-08-04,2012-08-09
2012-0337-BFA,Flood,Burkina Faso,,,,75.3503857046957,2012,2012-06-15,2012-09-05
2012-0338-CHN,Earthquake,China,,,90245.0,75.3503857046957,2012,2012-06-29,2012-06-29
2012-0343-CRI,Earthquake,Costa Rica,,42468.0,59721.0,75.3503857046957,2012,2012-09-05,2012-09-05
2012-0347-TCD,Flood,Chad,,,13271.0,75.3503857046957,2012,2012-07-15,2012-09-24
2012-0349-PNG,Flood,Papua New Guinea,,,35833.0,75.3503857046957,2012,2012-09-01,2012-09-20
2012-0350-CHN,Earthquake,China,,59721.0,1327133.0,75.3503857046957,2012,2012-09-07,2012-09-07
2012-0351-VNM,Flood,Viet Nam,,2654.0,39814.0,75.3503857046957,2012,2012-09-02,2012-09-11
2012-0354-IND,Flood,India,,,26543.0,75.3503857046957,2012,2012-09-16,2012-09-18
2012-0356-GTM,Volcanic activity,Guatemala,,,,75.3503857046957,2012,2012-09-13,2012-09-13
2012-0357-COD,Epidemic,Democratic Republic of the Congo,,,,75.3503857046957,2012,2012-01-01,2012-08-26
2012-0358-GHA,Epidemic,Ghana,,,,75.3503857046957,2012,2012-01-01,2012-09-01
2012-0359-NER,Epidemic,Niger,,,,75.3503857046957,2012,2012-01-01,2012-10-17
2012-0360-ZMB,Epidemic,Zambia,,,,75.3503857046957,2012,2012-08-03,2012-08-27
2012-0362-CMR,Flood,Cameroon,,,2654.0,75.3503857046957,2012,2012-08-25,2012-08-31
2012-0363-PAK,Flood,Pakistan,,,3317833.0,75.3503857046957,2012,,2012-10-29
2012-0366-NGA,Flood,Nigeria,,,663567.0,75.3503857046957,2012,2012-07-01,2012-10-31
2012-0374-PHL,Storm,Philippines,,,,75.3503857046957,2012,2012-09-21,2012-09-24
2012-0375-THA,Flood,Thailand,,,,75.3503857046957,2012,2012-08-15,2012-09-30
2012-0378-IDN,Flood,Indonesia,,,,75.3503857046957,2012,2012-09-12,2012-09-12
2012-0380-UGA,Flood,Uganda,,,,75.3503857046957,2012,2012-08-20,2012-09-07
2012-0382-BGD,Flood,Bangladesh,,,,75.3503857046957,2012,2012-09-21,2012-09-28
2012-0382-IND,Flood,India,,,130059.0,75.3503857046957,2012,2012-09-19,2012-09-23
2012-0384-TCD,Flood,Chad,,,,75.3503857046957,2012,2012-09-15,2012-10-15
2012-0385-BGD,Storm,Bangladesh,,,,75.3503857046957,2012,2012-10-10,2012-10-10
2012-0386-PER,Mass movement (wet),Peru,,,,75.3503857046957,2012,2012-10-17,2012-10-17
2012-0389-NER,Epidemic,Niger,,,,75.3503857046957,2012,2012-10-05,2012-10-17
2012-0396-PHL,Flood,Philippines,,,2654.0,75.3503857046957,2012,2012-03-27,2012-03-27
2012-0397-CHN,Earthquake,China,,,,75.3503857046957,2012,2012-07-20,2012-07-20
2012-0398-IDN,Earthquake,Indonesia,,,,75.3503857046957,2012,2012-08-18,2012-08-18
2012-0400-NIC,Flood,Nicaragua,,,,75.3503857046957,2012,2012-05-15,2012-05-31
2012-0401-MEX,Storm,Mexico,,111479.0,736559.0,75.3503857046957,2012,2012-06-15,2012-06-15
2012-0402-PER,Flood,Peru,,,,75.3503857046957,2012,2012-02-08,2012-03-13
2012-0406-CHN,Storm,China,,,261445.0,75.3503857046957,2012,2012-10-28,2012-10-28
2012-0406-PHL,Storm,Philippines,,,1777.0,75.3503857046957,2012,2012-10-25,2012-10-25
2012-0406-VNM,Storm,Viet Nam,,,445917.0,75.3503857046957,2012,2012-10-28,2012-10-28
2012-0407-GTM,Earthquake,Guatemala,,,278698.0,75.3503857046957,2012,2012-11-07,2012-11-07
2012-0410-BHS,Storm,Bahamas,,,,75.3503857046957,2012,2012-10-24,2012-10-24
2012-0410-CUB,Storm,Cuba,,,,75.3503857046957,2012,2012-10-22,2012-10-22
2012-0410-DOM,Storm,Dominican Republic,,,39814.0,75.3503857046957,2012,2012-10-24,2012-10-24
2012-0410-HTI,Storm,Haiti,,,337092.0,75.3503857046957,2012,2012-10-24,2012-10-26
2012-0410-JAM,Storm,Jamaica,,,21953.0,75.3503857046957,2012,2012-10-24,2012-10-24
2012-0410-USA,Storm,United States of America,,,66356661.0,75.3503857046957,2012,2012-10-28,2012-10-28
2012-0411-HTI,Epidemic,Haiti,,,,75.3503857046957,2012,2012-10-26,2012-11-06
2012-0413-POL,Extreme temperature,Poland,,,,75.3503857046957,2012,2012-10-28,2012-12-01
2012-0414-JPN,Storm,Japan,,,114133.0,75.3503857046957,2012,2012-08-25,2012-08-25
2012-0414-KOR,Storm,Republic of Korea,,,597210.0,75.3503857046957,2012,2012-08-28,2012-08-28
2012-0414-PRK,Storm,Democratic People's Republic of Korea,,,,75.3503857046957,2012,2012-08-28,2012-08-30
2012-0415-GHA,Epidemic,Ghana,,,,75.3503857046957,2012,2012-01-01,2012-07-16
2012-0416-KGZ,Flood,Kyrgyzstan,,,,75.3503857046957,2012,2012-04-23,2012-04-29
2012-0417-MMR,Earthquake,Myanmar,,,1553.0,75.3503857046957,2012,2012-11-11,2012-11-11
2012-0420-ARG,Storm,Argentina,,,2654.0,75.3503857046957,2012,2012-10-29,2012-10-31
2012-0425-IND,Storm,India,,,,75.3503857046957,2012,2012-11-04,2012-11-08
2012-0425-LKA,Storm,Sri Lanka,,,75647.0,75.3503857046957,2012,2012-10-29,2012-10-31
2012-0426-IDN,Flood,Indonesia,,,,75.3503857046957,2012,2012-11-07,2012-11-09
2012-0431-PHL,Earthquake,Philippines,,,4305.0,75.3503857046957,2012,2012-08-31,2012-08-31
2012-0432-IDN,Flood,Indonesia,,,,75.3503857046957,2012,2012-08-25,2012-08-25
2012-0434-PHL,Storm,Philippines,,,,75.3503857046957,2012,2012-09-13,2012-09-14
2012-0436-CMR,Flood,Cameroon,,,,75.3503857046957,2012,2012-08-27,2012-08-27
2012-0441-DZA,Flood,Algeria,,,,75.3503857046957,2012,2012-08-31,2012-09-02
2012-0444-RUS,Flood,Russian Federation,,,,75.3503857046957,2012,2012-10-09,2012-10-15
2012-0446-GBR,Flood,United Kingdom of Great Britain and Northern Ireland,,,107498.0,75.3503857046957,2012,2012-09-23,2012-09-27
2012-0449-ESP,Flood,Spain,,345055.0,524218.0,75.3503857046957,2012,2012-09-28,2012-09-29
2012-0451-JPN,Storm,Japan,,,36363.0,75.3503857046957,2012,2012-09-29,2012-09-30
2012-0455-CHN,Mass movement (wet),China,,,,75.3503857046957,2012,2012-10-05,2012-10-05
2012-0457-COL,Flood,Colombia,,,,75.3503857046957,2012,2012-10-05,2012-10-19
2012-0462-PRY,Storm,Paraguay,,,2654.0,75.3503857046957,2012,2012-09-18,2012-09-19
2012-0463-PHL,Storm,Philippines,,,,75.3503857046957,2012,2012-10-03,2012-10-03
2012-0466-ITA,Flood,Italy,,,19907.0,75.3503857046957,2012,2012-11-11,2012-11-18
2012-0469-ZAF,Flood,South Africa,,,265427.0,75.3503857046957,2012,2012-10-24,2012-10-29
2012-0471-IRN,Flood,Iran (Islamic Republic of),,,,75.3503857046957,2012,2012-10-12,2012-10-15
2012-0472-SOM,Flood,Somalia,,,,75.3503857046957,2012,2012-11-21,2012-11-21
2012-0473-SSD,Flood,South Sudan,,,,75.3503857046957,2012,2012-09-07,2012-10-03
2012-0475-PAK,Flood,Pakistan,,,,75.3503857046957,2012,2012-08-23,2012-08-29
2012-0476-SSD,Flood,South Sudan,,,,75.3503857046957,2012,2012-08-01,2012-08-29
2012-0477-CHN,Flood,China,,39814.0,796280.0,75.3503857046957,2012,2012-07-09,2012-07-25
2012-0479-COG,Flood,Congo,,,,75.3503857046957,2012,2012-11-17,2012-11-18
2012-0480-PAN,Flood,Panama,,,2654.0,75.3503857046957,2012,2012-11-24,2012-11-25
2012-0485-BGR,Extreme temperature,Bulgaria,,,,75.3503857046957,2012,2012-12-01,2012-12-15
2012-0485-CHE,Extreme temperature,Switzerland,,,,75.3503857046957,2012,2012-12-07,2012-12-31
2012-0485-CZE,Extreme temperature,Czechia,,,,75.3503857046957,2012,2012-12-07,2012-12-07
2012-0485-DEU,Extreme temperature,Germany,,,,75.3503857046957,2012,2012-12-07,2012-12-31
2012-0485-HRV,Extreme temperature,Croatia,,,,75.3503857046957,2012,2012-12-07,2012-12-31
2012-0485-LTU,Extreme temperature,Lithuania,,,,75.3503857046957,2012,2012-12-07,2012-12-31
2012-0485-POL,Extreme temperature,Poland,,,,75.3503857046957,2012,2012-12-01,2012-12-21
2012-0485-RUS,Extreme temperature,Russian Federation,,,,75.3503857046957,2012,2012-12-14,2012-12-25
2012-0485-SRB,Extreme temperature,Serbia,,,,75.3503857046957,2012,2012-12-07,2012-12-31
2012-0485-UKR,Extreme temperature,Ukraine,,,,75.3503857046957,2012,2012-12-07,2012-12-31
2012-0486-USA,Storm,United States of America,,,2654.0,75.3503857046957,2012,2012-12-19,2012-12-21
2012-0488-GBR,Flood,United Kingdom of Great Britain and Northern Ireland,,,,75.3503857046957,2012,2012-12-23,2012-12-23
2012-0491-IRQ,Flood,Iraq,,,,75.3503857046957,2012,2012-12-25,2012-12-26
2012-0493-CAN,Storm,Canada,,,,75.3503857046957,2012,2012-12-24,2012-12-27
2012-0493-USA,Storm,United States of America,,66357.0,132713.0,75.3503857046957,2012,2012-12-25,2012-12-27
2012-0494-SDN,Epidemic,Sudan,,,,75.3503857046957,2012,2012-09-02,2013-01-09
2012-0495-UGA,Epidemic,Uganda,,,,75.3503857046957,2012,2012-10-25,2012-12-02
2012-0497-COG,Flood,Congo,,,,75.3503857046957,2012,2012-12-08,2012-12-09
2012-0498-FJI,Storm,Fiji,,,11148.0,75.3503857046957,2012,2012-12-16,2012-12-18
2012-0498-WLF,Storm,Wallis and Futuna Islands,,,,75.3503857046957,2012,2012-12-15,2012-12-15
2012-0498-WSM,Storm,Samoa,,,176509.0,75.3503857046957,2012,2012-12-13,2012-12-13
2012-0499-PAN,Flood,Panama,,,,75.3503857046957,2012,,
2012-0500-PHL,Storm,Philippines,,,1192233.0,75.3503857046957,2012,2012-12-04,2012-12-04
2012-0500-PLW,Storm,Palau,,,,75.3503857046957,2012,2012-12-02,2012-12-02
2012-0501-HTI,Epidemic,Haiti,,,,75.3503857046957,2012,2012-10-31,2012-11-08
2012-0502-IRN,Earthquake,Iran (Islamic Republic of),,,,75.3503857046957,2012,2012-12-05,2012-12-05
2012-0503-USA,Storm,United States of America,,2654266.0,5308533.0,75.3503857046957,2012,2012-06-28,2012-07-02
2012-0504-KHM,Flood,Cambodia,,,,75.3503857046957,2012,2012-09-17,2012-09-26
2012-0505-CHN,Flood,China,,,663567.0,75.3503857046957,2012,2012-09-07,2012-09-13
2012-0508-SOM,Flood,Somalia,,,,75.3503857046957,2012,2012-09-27,2012-09-28
2012-0509-BGD,Extreme temperature,Bangladesh,,,,75.3503857046957,2012,,
2012-0509-NPL,Extreme temperature,Nepal,,,,76.454145985163,2013,2013-01-01,2013-01-20
2012-0511-PAK,Mass movement (wet),Pakistan,,,,75.3503857046957,2012,2012-11-30,2012-11-30
2012-0532-KAZ,Extreme temperature,Kazakhstan,,,,75.3503857046957,2012,2012-12-18,
2012-0533-NZL,Storm,New Zealand,,,12077.0,75.3503857046957,2012,2012-12-06,2012-12-06
2012-0536-CHN,Earthquake,China,,,127405.0,75.3503857046957,2012,2012-12-07,2012-12-07
2012-0537-LKA,Flood,Sri Lanka,,,1593.0,75.3503857046957,2012,2012-12-17,2012-12-19
2012-0538-IND,Extreme temperature,India,,,,75.3503857046957,2012,2012-12-22,2013-01-20
2012-0539-IDN,Flood,Indonesia,,,,75.3503857046957,2012,2012-12-24,2012-12-25
2012-0540-PHL,Storm,Philippines,,,7334.0,75.3503857046957,2012,2012-12-25,2012-12-27
2012-0542-USA,Wildfire,United States of America,,,265427.0,75.3503857046957,2012,2012-08-03,2012-08-08
2012-0545-AZE,Earthquake,Azerbaijan,,,,75.3503857046957,2012,2012-05-18,2012-05-18
2012-0548-GBR,Flood,United Kingdom of Great Britain and Northern Ireland,,,597210.0,75.3503857046957,2012,2012-06-10,2012-06-11
2012-0549-GBR,Flood,United Kingdom of Great Britain and Northern Ireland,,,1041800.0,75.3503857046957,2012,2012-06-23,2012-06-24
2012-0550-GEO,Storm,Georgia,,,120769.0,75.3503857046957,2012,2012-07-19,2012-07-19
2012-0551-HRV,Flood,Croatia,,,,75.3503857046957,2012,2012-11-05,2012-11-06
2012-0551-SVN,Flood,Slovenia,,,351690.0,75.3503857046957,2012,2012-11-05,2012-11-06
2012-0552-GBR,Flood,United Kingdom of Great Britain and Northern Ireland,,1078959.0,2163227.0,75.3503857046957,2012,2012-11-21,2012-12-18
2012-0553-NGA,Storm,Nigeria,,,1327.0,75.3503857046957,2012,2012-02-13,2012-02-13
2012-0558-IDN,Storm,Indonesia,,,1327.0,75.3503857046957,2012,2012-01-25,2012-01-25
2012-0559-CHN,Extreme temperature,China,,,26808.0,75.3503857046957,2012,2012-02-07,2012-02-09
2012-0561-IDN,Storm,Indonesia,,,,75.3503857046957,2012,2012-02-25,2012-02-25
2012-0563-AFG,Mass movement (wet),Afghanistan,,,,75.3503857046957,2012,2012-03-12,2012-03-12
2012-0570-CHN,Storm,China,,,159256.0,75.3503857046957,2012,2012-04-05,2012-04-05
2012-0571-CHN,Storm,China,,,111479.0,75.3503857046957,2012,2012-04-20,2012-04-24
2012-0573-AFG,Flood,Afghanistan,,,,75.3503857046957,2012,2012-04-22,2012-04-22
2012-0574-JPN,Storm,Japan,,,,75.3503857046957,2012,2012-05-06,2012-05-06
2012-0575-IDN,Flood,Indonesia,,,,75.3503857046957,2012,2012-05-09,2012-05-09
2012-0576-CHN,Flood,China,,,501656.0,75.3503857046957,2012,2012-05-20,2012-05-24
2012-0581-CHN,Flood,China,,,1061707.0,75.3503857046957,2012,2012-07-27,2012-08-02
2012-0582-IDN,Flood,Indonesia,,,,75.3503857046957,2012,2012-07-31,2012-07-31
2012-0584-IND,Flood,India,,,21234.0,75.3503857046957,2012,2012-08-21,2012-08-23
2012-0585-KOR,Storm,Republic of Korea,,,,75.3503857046957,2012,2012-08-30,2012-08-30
2012-0585-TWN,Storm,Taiwan (Province of China),,,11015.0,75.3503857046957,2012,2012-08-24,2012-08-24
2012-0588-JPN,Storm,Japan,,,41141.0,75.3503857046957,2012,2012-09-15,2012-09-17
2012-0588-KOR,Storm,Republic of Korea,,,463169.0,75.3503857046957,2012,2012-09-15,2012-09-17
2012-0589-NPL,Mass movement (wet),Nepal,,,,75.3503857046957,2012,2012-09-23,2012-09-23
2012-0593-ARG,Flood,Argentina,,,,75.3503857046957,2012,2012-11-20,2012-12-04
2012-0596-HTI,Flood,Haiti,,,,75.3503857046957,2012,2012-11-10,2012-11-11
2012-0597-IRN,Earthquake,Iran (Islamic Republic of),,,,75.3503857046957,2012,2012-01-19,2012-01-19
2012-0598-MWI,Flood,Malawi,,,,75.3503857046957,2012,2012-12-15,
2012-0599-PER,Epidemic,Peru,,,,75.3503857046957,2012,,2012-11-26
2012-0601-USA,Storm,United States of America,,2654266.0,5972099.0,75.3503857046957,2012,2012-04-28,2012-04-29
2012-0602-PHL,Flood,Philippines,,,1327.0,75.3503857046957,2012,2012-06-12,2012-06-13
2012-0603-CHN,Flood,China,,,491039.0,75.3503857046957,2012,2012-08-14,2012-08-20
2012-0604-CHN,Earthquake,China,,,111479.0,75.3503857046957,2012,2012-03-09,2012-03-09
2012-0605-CHL,Wildfire,Chile,,19907.0,265427.0,75.3503857046957,2012,2012-01-01,2012-01-06
2012-0608-ECU,Wildfire,Ecuador,,,,75.3503857046957,2012,2012-05-01,2012-09-25
2012-0609-KGZ,Extreme temperature,Kyrgyzstan,,,,75.3503857046957,2012,2012-12-18,2012-12-22
2012-0610-CHN,Flood,China,,191107.0,406103.0,75.3503857046957,2012,2012-08-28,2012-08-30
2012-0611-USA,Storm,United States of America,,,132713.0,75.3503857046957,2012,2012-01-18,2012-01-23
2012-0612-USA,Storm,United States of America,,2654266.0,4512253.0,75.3503857046957,2012,2012-05-25,2012-05-30
2012-0613-USA,Storm,United States of America,,,1857987.0,75.3503857046957,2012,2012-06-06,2012-06-07
2012-0614-USA,Storm,United States of America,,1061707.0,2521553.0,75.3503857046957,2012,2012-06-11,2012-06-13
2012-0615-USA,Storm,United States of America,,597210.0,928993.0,75.3503857046957,2012,2012-07-02,2012-07-04
2012-0616-USA,Storm,United States of America,,265427.0,278698.0,75.3503857046957,2012,2012-09-07,2012-09-09
2012-0626-CAN,Storm,Canada,,703.0,1393490.0,75.3503857046957,2012,2012-08-12,2012-08-12
2012-9021-PRY,Drought,Paraguay,,,,75.3503857046957,2012,,
2012-9065-AGO,Drought,Angola,,,,75.3503857046957,2012,,
2012-9109-THA,Drought,Thailand,,,1593.0,75.3503857046957,2012,,
2012-9160-TCD,Drought,Chad,,,,75.3503857046957,2012,,
2012-9222-PRK,Drought,Democratic People's Republic of Korea,,,,75.3503857046957,2012,,
2012-9235-USA,Drought,United States of America,,,,75.3503857046957,2012,,
2012-9245-GMB,Drought,Gambia,,,,75.3503857046957,2012,,
2012-9290-ITA,Drought,Italy,,,1579289.0,75.3503857046957,2012,2012-06-01,2012-10-10
2012-9304-MWI,Drought,Malawi,,,,75.3503857046957,2012,,
2012-9355-GTM,Drought,Guatemala,,,,75.3503857046957,2012,,
2012-9379-HND,Drought,Honduras,,,,75.3503857046957,2012,,
2012-9395-RUS,Drought,Russian Federation,,,1512932.0,75.3503857046957,2012,2012-06-01,2012-08-31
2012-9405-LKA,Drought,Sri Lanka,,,,75.3503857046957,2012,,
2012-9478-MDA,Drought,Republic of Moldova,,,,75.3503857046957,2012,,
2012-9489-USA,Drought,United States of America,,21234132.0,26542664.0,75.3503857046957,2012,,
2012-9606-UKR,Drought,Ukraine,,,2242855.0,75.3503857046957,2012,2012-04-15,2012-07-31
2012-9607-BRA,Drought,Brazil,,,1937615.0,75.3503857046957,2012,,
2012-9628-CMR,Drought,Cameroon,,,,75.3503857046957,2012,,
2013-0003-BRA,Flood,Brazil,,,2616.0,76.454145985163,2013,2013-01-01,2013-01-20
2013-0007-IDN,Flood,Indonesia,,392392.0,3923921.0,76.454145985163,2013,2013-01-17,2013-01-31
2013-0008-AUS,Storm,Australia,,1307974.0,2615947.0,76.454145985163,2013,2013-01-23,2013-01-30
2013-0009-BLR,Extreme temperature,Belarus,,,,76.454145985163,2013,,
2013-0010-GHA,Epidemic,Ghana,,,,76.454145985163,2013,2013-01-08,2013-01-21
2013-0011-MOZ,Flood,Mozambique,,,39239.0,76.454145985163,2013,,
2013-0011-MWI,Flood,Malawi,,,,76.454145985163,2013,,
2013-0011-NAM,Flood,Namibia,,,,76.454145985163,2013,2013-01-10,2013-03-31
2013-0013-USA,Storm,United States of America,,261595.0,392392.0,76.454145985163,2013,2013-01-29,2013-01-30
2013-0014-ECU,Mass movement (wet),Ecuador,,,,76.454145985163,2013,2013-01-24,2013-01-24
2013-0018-CHN,Mass movement (dry),China,,,10464.0,76.454145985163,2013,2013-01-11,2013-01-11
2013-0019-PHL,Flood,Philippines,,,3662.0,76.454145985163,2013,2013-01-15,2013-01-23
2013-0020-IDN,Earthquake,Indonesia,,,,76.454145985163,2013,2013-01-22,2013-01-22
2013-0022-IDN,Mass movement (wet),Indonesia,,,,76.454145985163,2013,2013-01-25,2013-01-27
2013-0024-AUS,Wildfire,Australia,,104638.0,128181.0,76.454145985163,2013,2013-01-01,2013-01-17
2013-0025-ZWE,Flood,Zimbabwe,,,,76.454145985163,2013,,
2013-0026-MDG,Storm,Madagascar,,,,76.454145985163,2013,2013-01-30,2013-02-02
2013-0026-SYC,Storm,Seychelles,,,12164.0,76.454145985163,2013,2013-02-07,2013-02-07
2013-0027-TJK,Extreme temperature,Tajikistan,,,,76.454145985163,2013,,
2013-0028-PNG,Flood,Papua New Guinea,,,,76.454145985163,2013,,
2013-0029-SLB,Earthquake,Solomon Islands,,,2616.0,76.454145985163,2013,2013-02-06,2013-02-06
2013-0030-SLE,Wildfire,Sierra Leone,,,,76.454145985163,2013,2013-01-02,2013-01-28
2013-0031-BWA,Flood,Botswana,,,,76.454145985163,2013,2013-01-16,2013-01-23
2013-0032-MDG,Storm,Madagascar,,,32699.0,76.454145985163,2013,2013-02-22,2013-02-22
2013-0034-IDN,Flood,Indonesia,,,,76.454145985163,2013,2013-01-03,2013-01-10
2013-0036-PHL,Storm,Philippines,,,,76.454145985163,2013,2013-01-03,2013-01-10
2013-0039-LKA,Flood,Sri Lanka,,,,76.454145985163,2013,2013-01-08,2013-01-16
2013-0040-PSE,Flood,State of Palestine,,,,76.454145985163,2013,2013-01-08,2013-01-10
2013-0046-JPN,Storm,Japan,,,,76.454145985163,2013,2013-01-14,2013-01-14
2013-0053-MOZ,Epidemic,Mozambique,,,,76.454145985163,2013,2013-01-28,2013-02-13
2013-0054-USA,Storm,United States of America,,,130797.0,76.454145985163,2013,2013-02-08,2013-02-09
2013-0055-USA,Storm,United States of America,,,130797.0,76.454145985163,2013,2013-02-09,2013-02-11
2013-0056-PER,Flood,Peru,,,,76.454145985163,2013,2013-01-01,2013-02-20
2013-0057-BOL,Flood,Bolivia (Plurinational State of),,,3270.0,76.454145985163,2013,2013-01-28,2013-02-27
2013-0058-COL,Earthquake,Colombia,,,5232.0,76.454145985163,2013,2013-02-09,2013-02-09
2013-0060-RUS,Impact,Russian Federation,,,43163.0,76.454145985163,2013,2013-02-15,2013-02-15
2013-0061-MKD,Flood,North Macedonia,,,,76.454145985163,2013,2013-02-24,2013-03-04
2013-0061-SRB,Flood,Serbia,,,,76.454145985163,2013,2013-02-24,2013-02-26
2013-0063-IDN,Flood,Indonesia,,,2616.0,76.454145985163,2013,2013-02-15,2013-02-22
2013-0065-CHN,Storm,China,,,162189.0,76.454145985163,2013,2013-02-18,2013-02-21
2013-0068-PAK,Flood,Pakistan,,,,76.454145985163,2013,2013-02-03,2013-02-06
2013-0077-BRA,Flood,Brazil,1975.0,,1962.0,76.454145985163,2013,2013-03-17,2013-03-18
2013-0078-CAF,Storm,Central African Republic,,,,76.454145985163,2013,2013-03-04,2013-03-04
2013-0079-MUS,Flood,Mauritius,,,2616.0,76.454145985163,2013,2013-03-30,2013-04-03
2013-0080-JPN,Storm,Japan,,,18573.0,76.454145985163,2013,2013-02-23,2013-03-03
2013-0081-CHN,Earthquake,China,,,73247.0,76.454145985163,2013,2013-03-03,2013-03-03
2013-0084-CHN,Storm,China,,,338765.0,76.454145985163,2013,2013-03-18,2013-03-20
2013-0085-BGD,Storm,Bangladesh,,,26159.0,76.454145985163,2013,2013-03-22,2013-03-22
2013-0086-IDN,Mass movement (wet),Indonesia,,,,76.454145985163,2013,2013-03-25,2013-03-25
2013-0089-CHN,Storm,China,,,34007.0,76.454145985163,2013,2013-03-29,2013-03-30
2013-0090-BGD,Storm,Bangladesh,,,,76.454145985163,2013,2013-03-29,2013-03-30
2013-0090-IND,Storm,India,,,,76.454145985163,2013,2013-03-29,2013-03-30
2013-0098-IRN,Earthquake,Iran (Islamic Republic of),,,784784.0,76.454145985163,2013,2013-04-09,2013-04-09
2013-0099-IRN,Earthquake,Iran (Islamic Republic of),,,,76.454145985163,2013,2013-04-16,2013-04-16
2013-0099-PAK,Earthquake,Pakistan,,,,76.454145985163,2013,2013-04-16,2013-04-16
2013-0116-CHN,Earthquake,China,,30083.0,8894220.0,76.454145985163,2013,2013-04-20,2013-04-20
2013-0117-USA,Storm,United States of America,,1961960.0,2092758.0,76.454145985163,2013,2013-04-07,2013-04-11
2013-0118-USA,Storm,United States of America,,1046379.0,1438771.0,76.454145985163,2013,2013-04-17,2013-04-19
2013-0119-ARG,Flood,Argentina,,213200.0,1700366.0,76.454145985163,2013,2013-04-01,2013-04-07
2013-0120-ECU,Mass movement (wet),Ecuador,,,,76.454145985163,2013,2013-04-23,2013-04-23
2013-0121-HUN,Earthquake,Hungary,,,,76.454145985163,2013,2013-04-14,2013-04-23
2013-0122-GHA,Flood,Ghana,,,,76.454145985163,2013,2013-03-03,2013-04-30
2013-0123-KEN,Flood,Kenya,,,47087.0,76.454145985163,2013,2013-03-10,2013-04-30
2013-0124-AGO,Flood,Angola,,,,76.454145985163,2013,2013-04-06,2013-04-07
2013-0125-ETH,Flood,Ethiopia,,,2878.0,76.454145985163,2013,2013-04-10,2013-04-30
2013-0126-IDN,Flood,Indonesia,,,,76.454145985163,2013,2013-04-07,2013-04-11
2013-0127-JPN,Earthquake,Japan,,,,76.454145985163,2013,2013-04-12,2013-04-12
2013-0138-BGD,Storm,Bangladesh,,,,76.454145985163,2013,2013-05-16,2013-05-16
2013-0138-IND,Storm,India,,,,76.454145985163,2013,2013-05-16,2013-05-16
2013-0138-LKA,Storm,Sri Lanka,,,,76.454145985163,2013,2013-05-13,2013-05-16
2013-0139-UGA,Epidemic,Uganda,,,,76.454145985163,2013,2013-01-16,2013-04-18
2013-0140-IND,Earthquake,India,,,156957.0,76.454145985163,2013,2013-05-01,2013-05-01
2013-0142-USA,Storm,United States of America,,2354352.0,4054718.0,76.454145985163,2013,2013-05-18,2013-05-22
2013-0148-AFG,Flood,Afghanistan,,,,76.454145985163,2013,2013-02-04,2013-02-10
2013-0151-AFG,Earthquake,Afghanistan,,,,76.454145985163,2013,2013-04-24,2013-04-24
2013-0155-PRT,Storm,Portugal,,180239.0,,76.454145985163,2013,2013-01-18,2013-01-19
2013-0159-SAU,Flood,Saudi Arabia,,,,76.454145985163,2013,2013-05-02,2013-05-02
2013-0160-MMR,Mass movement (wet),Myanmar,,,,76.454145985163,2013,2013-05-03,2013-05-03
2013-0165-POL,Extreme temperature,Poland,,,,76.454145985163,2013,2013-03-01,2013-03-26
2013-0167-CHN,Mass movement (wet),China,,,,76.454145985163,2013,2013-03-29,2013-03-29
2013-0178-AFG,Flood,Afghanistan,,,,76.454145985163,2013,2013-04-25,2013-04-29
2013-0183-USA,Storm,United States of America,,261595.0,392392.0,76.454145985163,2013,2013-05-15,2013-05-17
2013-0184-USA,Storm,United States of America,,1863862.0,2746744.0,76.454145985163,2013,2013-05-26,2013-06-06
2013-0187-BHS,Flood,Bahamas,,19620.0,58859.0,76.454145985163,2013,2013-05-22,2013-05-22
2013-0188-MEX,Storm,Mexico,,,,76.454145985163,2013,2013-05-29,2013-05-29
2013-0190-CAN,Flood,Canada,,2158156.0,7455449.0,76.454145985163,2013,2013-06-20,2013-06-27
2013-0192-IND,Flood,India,,653987.0,1438771.0,76.454145985163,2013,2013-06-12,2013-06-27
2013-0194-ARM,Storm,Armenia,,,78478.0,76.454145985163,2013,2013-05-12,2013-05-17
2013-0197-UGA,Flood,Uganda,,,4055.0,76.454145985163,2013,2013-05-01,2013-05-05
2013-0199-CHN,Flood,China,,,215816.0,76.454145985163,2013,2013-05-06,2013-05-10
2013-0200-CHN,Flood,China,,,864571.0,76.454145985163,2013,2013-05-12,2013-05-28
2013-0201-CHN,Flood,China,,,582048.0,76.454145985163,2013,2013-05-19,2013-05-23
2013-0202-CHN,Flood,China,,,435555.0,76.454145985163,2013,2013-05-24,2013-05-27
2013-0205-AUT,Flood,Austria,,307374.0,1307974.0,76.454145985163,2013,2013-06-02,2013-06-03
2013-0205-CZE,Flood,Czechia,,504703.0,1083724.0,76.454145985163,2013,2013-06-01,2013-06-07
2013-0205-DEU,Flood,Germany,,2354352.0,16872859.0,76.454145985163,2013,2013-05-28,2013-06-18
2013-0205-HUN,Flood,Hungary,,,,76.454145985163,2013,2013-06-03,2013-06-09
2013-0205-SVK,Flood,Slovakia,,,,76.454145985163,2013,2013-06-03,2013-06-05
2013-0206-TWN,Earthquake,Taiwan (Province of China),,,1439.0,76.454145985163,2013,2013-06-02,2013-06-02
2013-0208-IND,Extreme temperature,India,,,,76.454145985163,2013,2013-04-01,2013-05-30
2013-0209-USA,Wildfire,United States of America,,,27991.0,76.454145985163,2013,2013-05-30,2013-06-08
2013-0210-USA,Wildfire,United States of America,,588588.0,653987.0,76.454145985163,2013,2013-06-06,2013-06-20
2013-0211-USA,Storm,United States of America,,588588.0,1177176.0,76.454145985163,2013,2013-06-12,2013-06-13
2013-0212-USA,Wildfire,United States of America,,,2616.0,76.454145985163,2013,2013-06-28,2013-07-12
2013-0213-HTI,Flood,Haiti,,,,76.454145985163,2013,2013-06-14,2013-06-28
2013-0214-PRY,Flood,Paraguay,,,,76.454145985163,2013,2013-06-20,2013-07-18
2013-0215-ESP,Flood,Spain,,,,76.454145985163,2013,2013-06-18,2013-06-19
2013-0215-FRA,Flood,France,,,856723.0,76.454145985163,2013,2013-06-18,2013-06-19
2013-0216-CHE,Storm,Switzerland,,146493.0,326993.0,76.454145985163,2013,2013-06-20,2013-06-21
2013-0217-ZAF,Storm,South Africa,,,,76.454145985163,2013,2013-06-01,2013-06-01
2013-0219-CHN,Flood,China,,,362309.0,76.454145985163,2013,2013-06-05,2013-06-08
2013-0220-LKA,Flood,Sri Lanka,,,2616.0,76.454145985163,2013,2013-06-08,2013-06-08
2013-0221-CHN,Flood,China,,,725925.0,76.454145985163,2013,2013-06-14,2013-06-21
2013-0222-CHN,Storm,China,,,154341.0,76.454145985163,2013,2013-06-23,2013-06-25
2013-0235-IDN,Earthquake,Indonesia,,,170037.0,76.454145985163,2013,2013-07-02,2013-07-02
2013-0242-CHN,Earthquake,China,,,1307974.0,76.454145985163,2013,2013-07-22,2013-07-22
2013-0243-PRK,Flood,Democratic People's Republic of Korea,,,,76.454145985163,2013,2013-07-12,2013-07-23
2013-0245-CHN,Mass movement (wet),China,,,,76.454145985163,2013,2013-07-10,2013-07-10
2013-0249-CHN,Storm,China,,,601668.0,76.454145985163,2013,2013-07-14,2013-07-14
2013-0249-TWN,Storm,Taiwan (Province of China),,,56897.0,76.454145985163,2013,2013-07-14,2013-07-14
2013-0254-USA,Flood,United States of America,,,32699.0,76.454145985163,2013,2013-07-27,2013-07-28
2013-0256-GEO,Flood,Georgia,,,,76.454145985163,2013,2013-07-19,2013-07-29
2013-0257-CHN,Flood,China,,,1831163.0,76.454145985163,2013,2013-06-29,2013-07-03
2013-0258-CHN,Storm,China,,,231511.0,76.454145985163,2013,2013-07-01,2013-07-01
2013-0258-PHL,Storm,Philippines,,,1308.0,76.454145985163,2013,2013-06-30,2013-06-30
2013-0259-CHN,Flood,China,,,6044931.0,76.454145985163,2013,2013-07-07,2013-07-17
2013-0260-IND,Flood,India,,,2616.0,76.454145985163,2013,2013-07-09,2013-07-10
2013-0261-CHN,Storm,China,,,330917.0,76.454145985163,2013,2013-07-13,2013-07-15
2013-0262-CHN,Flood,China,,,1831163.0,76.454145985163,2013,2013-07-21,2013-07-25
2013-0263-MMR,Flood,Myanmar,,,,76.454145985163,2013,2013-07-25,2013-08-07
2013-0263-THA,Flood,Thailand,,,126873.0,76.454145985163,2013,2013-07-25,2013-07-27
2013-0264-CHN,Flood,China,,,746853.0,76.454145985163,2013,2013-07-25,2013-08-01
2013-0265-JPN,Flood,Japan,,,2616.0,76.454145985163,2013,2013-07-28,2013-07-28
2013-0266-VNM,Flood,Viet Nam,,,8502.0,76.454145985163,2013,2013-07-28,2013-07-30
2013-0267-IDN,Flood,Indonesia,,,,76.454145985163,2013,2013-07-28,2013-07-30
2013-0268-NZL,Earthquake,New Zealand,,15434.0,65399.0,76.454145985163,2013,2013-07-21,2013-07-21
2013-0272-CHN,Storm,China,,,2772904.0,76.454145985163,2013,2013-08-15,2013-08-21
2013-0272-PHL,Storm,Philippines,,,42419.0,76.454145985163,2013,2013-08-12,2013-08-15
2013-0273-CHN,Flood,China,,,597744.0,76.454145985163,2013,2013-08-18,2013-08-21
2013-0274-PHL,Flood,Philippines,,130797.0,2864462.0,76.454145985163,2013,2013-08-13,2013-08-21
2013-0276-PAK,Flood,Pakistan,,,1961960.0,76.454145985163,2013,2013-08-07,2013-08-21
2013-0277-USA,Flood,United States of America,,,32699.0,76.454145985163,2013,2013-08-05,2013-08-12
2013-0278-RUS,Flood,Russian Federation,,,1307974.0,76.454145985163,2013,2013-08-01,2013-08-07
2013-0279-AFG,Flood,Afghanistan,,,,76.454145985163,2013,2013-08-01,2013-08-07
2013-0280-SDN,Flood,Sudan,,,9156.0,76.454145985163,2013,2013-08-01,2013-08-21
2013-0281-KEN,Flood,Kenya,,,,76.454145985163,2013,2013-08-05,2013-08-07
2013-0282-IND,Flood,India,,,,76.454145985163,2013,2013-06-23,2013-07-15
2013-0286-USA,Flood,United States of America,,,2616.0,76.454145985163,2013,2013-05-25,2013-05-28
2013-0288-SOM,Flood,Somalia,,,,76.454145985163,2013,2013-05-01,2013-05-16
2013-0291-USA,Flood,United States of America,,,425091.0,76.454145985163,2013,2013-04-22,2013-04-29
2013-0303-RUS,Flood,Russian Federation,,,,76.454145985163,2013,2013-02-20,2013-03-04
2013-0305-KEN,Flood,Kenya,,,,76.454145985163,2013,2013-01-13,2013-01-17
2013-0306-CHN,Storm,China,,,491798.0,76.454145985163,2013,2013-08-22,2013-08-22
2013-0306-TWN,Storm,Taiwan (Province of China),,,15696.0,76.454145985163,2013,2013-08-22,2013-08-22
2013-0307-GTM,Epidemic,Guatemala,,,,76.454145985163,2013,,2013-11-23
2013-0309-GEO,Flood,Georgia,,,,76.454145985163,2013,2013-08-17,2013-08-18
2013-0310-MLI,Flood,Mali,,,,76.454145985163,2013,2013-08-29,2013-08-29
2013-0314-CHN,Earthquake,China,,,202736.0,76.454145985163,2013,2013-08-31,2013-08-31
2013-0315-USA,Wildfire,United States of America,,,228895.0,76.454145985163,2013,2013-08-03,2013-09-01
2013-0316-JPN,Extreme temperature,Japan,,,,76.454145985163,2013,,
2013-0317-CHN,Flood,China,,531037.0,6487549.0,76.454145985163,2013,2013-08-12,2013-09-05
2013-0319-YEM,Flood,Yemen,,,,76.454145985163,2013,2013-08-16,2013-08-17
2013-0326-JPN,Storm,Japan,,,2616.0,76.454145985163,2013,2013-09-02,2013-09-04
2013-0329-ETH,Epidemic,Ethiopia,,,,76.454145985163,2013,,2013-07-22
2013-0330-BFA,Flood,Burkina Faso,,,,76.454145985163,2013,2013-08-15,2013-08-17
2013-0331-PRT,Wildfire,Portugal,,,,76.454145985163,2013,,
2013-0333-VNM,Flood,Viet Nam,,,,76.454145985163,2013,,
2013-0334-USA,Storm,United States of America,,261595.0,392392.0,76.454145985163,2013,2013-08-02,2013-08-03
2013-0335-MEX,Storm,Mexico,,,2616.0,76.454145985163,2013,2013-08-25,2013-08-26
2013-0336-NER,Flood,Niger,,,84657.0,76.454145985163,2013,2013-07-15,2013-08-15
2013-0338-LAO,Flood,Lao People's Democratic Republic,,,78478.0,76.454145985163,2013,,
2013-0340-PHL,Flood,Philippines,,,47087.0,76.454145985163,2013,2013-08-01,2013-08-09
2013-0341-CHN,Storm,China,,,26159.0,76.454145985163,2013,2013-08-02,2013-08-03
2013-0341-VNM,Storm,Viet Nam,,,1308.0,76.454145985163,2013,2013-08-02,2013-08-03
2013-0343-AFG,Flood,Afghanistan,,,,76.454145985163,2013,2013-08-10,2013-08-14
2013-0345-IND,Flood,India,,,,76.454145985163,2013,2013-08-22,2013-08-27
2013-0347-ROU,Flood,Romania,,,14388.0,76.454145985163,2013,2013-09-11,2013-09-15
2013-0348-MEX,Flood,Mexico,,,,76.454145985163,2013,2013-09-05,2013-09-08
2013-0354-USA,Flood,United States of America,,261595.0,2485150.0,76.454145985163,2013,2013-09-12,2013-09-19
2013-0355-PER,Volcanic activity,Peru,,,,76.454145985163,2013,2013-09-12,2014-05-23
2013-0357-PER,Extreme temperature,Peru,,,,76.454145985163,2013,2013-08-23,2013-09-12
2013-0358-MEX,Storm,Mexico,,895962.0,5493489.0,76.454145985163,2013,2013-09-13,2013-09-20
2013-0364-IDN,Flood,Indonesia,,,,76.454145985163,2013,2013-09-12,2013-09-12
2013-0365-BOL,Extreme temperature,Bolivia (Plurinational State of),,,,76.454145985163,2013,,
2013-0366-MLI,Flood,Mali,,,,76.454145985163,2013,2013-08-09,2013-08-12
2013-0367-LAO,Epidemic,Lao People's Democratic Republic,,,,76.454145985163,2013,,
2013-0368-SEN,Flood,Senegal,,,,76.454145985163,2013,2013-09-13,2013-09-13
2013-0370-NIC,Flood,Nicaragua,,,,76.454145985163,2013,2013-05-26,2013-07-25
2013-0371-ETH,Epidemic,Ethiopia,,,,76.454145985163,2013,,2013-07-22
2013-0372-ECU,Flood,Ecuador,,,,76.454145985163,2013,,
2013-0373-CHN,Storm,China,,,,76.454145985163,2013,2013-09-22,2013-09-22
2013-0373-PHL,Storm,Philippines,,,,76.454145985163,2013,2013-09-21,2013-09-22
2013-0373-TWN,Storm,Taiwan (Province of China),,,7979.0,76.454145985163,2013,2013-09-22,2013-09-22
2013-0374-MRT,Flood,Mauritania,,,2616.0,76.454145985163,2013,2013-08-05,2013-09-25
2013-0375-BEN,Flood,Benin,,,,76.454145985163,2013,2013-09-05,2013-09-20
2013-0376-BEN,Wildfire,Benin,,,,76.454145985163,2013,2013-01-06,2013-01-06
2013-0377-ZMB,Flood,Zambia,,,,76.454145985163,2013,,
2013-0378-PHL,Storm,Philippines,,,2197.0,76.454145985163,2013,2013-02-20,2013-02-21
2013-0379-SRB,Flood,Serbia,,,,76.454145985163,2013,2013-03-14,2013-03-14
2013-0380-KHM,Flood,Cambodia,,,653987.0,76.454145985163,2013,2013-09-24,2013-10-14
2013-0380-VNM,Flood,Viet Nam,,,,76.454145985163,2013,2013-09-24,2013-09-24
2013-0381-PAK,Earthquake,Pakistan,,,130797.0,76.454145985163,2013,2013-09-24,2013-09-24
2013-0383-BOL,Mass movement (wet),Bolivia (Plurinational State of),,,,76.454145985163,2013,2013-09-23,2013-09-23
2013-0384-GMB,Flood,Gambia,,,,76.454145985163,2013,2013-08-12,2013-08-13
2013-0385-GIN,Flood,Guinea,,,,76.454145985163,2013,2013-08-01,2013-08-17
2013-0386-NGA,Flood,Nigeria,,,,76.454145985163,2013,2013-04-14,2013-08-17
2013-0395-PHL,Earthquake,Philippines,,26159.0,67307.0,76.454145985163,2013,2013-10-15,2013-10-15
2013-0396-JPN,Storm,Japan,,,261595.0,76.454145985163,2013,2013-10-14,2013-10-16
2013-0398-DEU,Storm,Germany,,,,76.454145985163,2013,2013-10-27,2013-10-28
2013-0398-DNK,Storm,Denmark,,,,76.454145985163,2013,2013-10-27,2013-10-28
2013-0398-FRA,Storm,France,,,,76.454145985163,2013,2013-10-27,2013-10-28
2013-0398-GBR,Storm,United Kingdom of Great Britain and Northern Ireland,,,,76.454145985163,2013,2013-10-27,2013-10-28
2013-0398-NLD,Storm,Netherlands (Kingdom of the),,,,76.454145985163,2013,2013-10-27,2013-10-28
2013-0399-ETH,Epidemic,Ethiopia,,,,76.454145985163,2013,2013-10-14,
2013-0399-SSD,Epidemic,South Sudan,,,,76.454145985163,2013,2013-10-14,
2013-0400-IND,Flood,India,,,340073.0,76.454145985163,2013,2013-10-21,2013-10-26
2013-0401-IND,Storm,India,,,828563.0,76.454145985163,2013,2013-10-12,2013-10-14
2013-0402-AUS,Wildfire,Australia,,214508.0,350537.0,76.454145985163,2013,2013-10-18,2013-10-31
2013-0404-USA,Wildfire,United States of America,,,13080.0,76.454145985163,2013,2013-09-09,2013-09-15
2013-0405-GTM,Earthquake,Guatemala,,,2616.0,76.454145985163,2013,2013-09-07,2013-09-07
2013-0406-MEX,Storm,Mexico,,300834.0,1961960.0,76.454145985163,2013,2013-09-12,2013-09-17
2013-0407-CHL,Extreme temperature,Chile,,,1307974.0,76.454145985163,2013,2013-09-10,2013-09-30
2013-0408-BRA,Storm,Brazil,,,117718.0,76.454145985163,2013,2013-09-21,2013-09-22
2013-0408-PRY,Storm,Paraguay,,,32699.0,76.454145985163,2013,2013-09-21,2013-09-22
2013-0409-PER,Earthquake,Peru,,,,76.454145985163,2013,2013-09-25,2013-09-25
2013-0410-UKR,Flood,Ukraine,,,27467.0,76.454145985163,2013,2013-09-14,2013-09-15
2013-0412-VNM,Flood,Viet Nam,,,,76.454145985163,2013,2013-09-03,2013-09-04
2013-0413-JPN,Storm,Japan,,,2616.0,76.454145985163,2013,2013-09-04,2013-09-04
2013-0414-AFG,Mass movement (wet),Afghanistan,,,,76.454145985163,2013,2013-09-10,2013-09-10
2013-0415-JPN,Storm,Japan,,,2616.0,76.454145985163,2013,2013-09-16,2013-09-16
2013-0416-CHN,Flood,China,,,448635.0,76.454145985163,2013,2013-09-16,2013-09-18
2013-0417-LAO,Flood,Lao People's Democratic Republic,,,79786.0,76.454145985163,2013,2013-09-16,2013-09-18
2013-0417-VNM,Flood,Viet Nam,,,,76.454145985163,2013,2013-09-16,2013-09-18
2013-0418-PHL,Flood,Philippines,,,5232.0,76.454145985163,2013,2013-09-23,2013-09-27
2013-0419-CHN,Storm,China,,,,76.454145985163,2013,2013-09-30,2013-09-30
2013-0419-VNM,Storm,Viet Nam,,,867487.0,76.454145985163,2013,2013-09-30,2013-10-15
2013-0420-SLB,Flood,Solomon Islands,,,2616.0,76.454145985163,2013,2013-08-29,2013-09-02
2013-0421-NZL,Storm,New Zealand,,,26159.0,76.454145985163,2013,2013-09-10,2013-09-11
2013-0425-SSD,Flood,South Sudan,,,,76.454145985163,2013,2013-10-23,2013-10-23
2013-0428-IDN,Flood,Indonesia,,,,76.454145985163,2013,2013-10-07,2013-10-14
2013-0429-CHN,Storm,China,,,8763423.0,76.454145985163,2013,2013-10-07,2013-10-08
2013-0429-JPN,Storm,Japan,,,,76.454145985163,2013,2013-10-07,2013-10-07
2013-0430-PHL,Storm,Philippines,,,126511.0,76.454145985163,2013,2013-10-12,2013-10-14
2013-0430-VNM,Storm,Viet Nam,,,99406.0,76.454145985163,2013,2013-10-10,2013-10-15
2013-0431-THA,Flood,Thailand,,,630443.0,76.454145985163,2013,2013-09-30,2013-10-14
2013-0433-CHN,Storm,China,,,,76.454145985163,2013,2013-11-11,2013-11-11
2013-0433-PHL,Storm,Philippines,,915581.0,13079735.0,76.454145985163,2013,2013-11-08,2013-11-08
2013-0433-PLW,Storm,Palau,,,,76.454145985163,2013,2013-11-07,2013-11-07
2013-0433-VNM,Storm,Viet Nam,,,960053.0,76.454145985163,2013,2013-11-11,2013-11-11
2013-0434-PHL,Flood,Philippines,,,2600.0,76.454145985163,2013,2013-10-04,2013-10-10
2013-0436-IDN,Earthquake,Indonesia,,,,76.454145985163,2013,2013-10-22,2013-10-22
2013-0437-PHL,Storm,Philippines,,,6185.0,76.454145985163,2013,2013-10-31,2013-10-31
2013-0438-SOM,Storm,Somalia,,,2616.0,76.454145985163,2013,2013-11-08,2013-11-19
2013-0439-USA,Storm,United States of America,,1046379.0,1700366.0,76.454145985163,2013,2013-11-16,2013-11-18
2013-0441-ITA,Flood,Italy,,,1020219.0,76.454145985163,2013,2013-11-18,2013-11-19
2013-0443-VNM,Flood,Viet Nam,,,94174.0,76.454145985163,2013,2013-11-14,2013-11-20
2013-0445-SAU,Flood,Saudi Arabia,,,,76.454145985163,2013,2013-11-16,2013-11-19
2013-0453-SSD,Flood,South Sudan,,,,76.454145985163,2013,,
2013-0456-NPL,Flood,Nepal,,,,76.454145985163,2013,2013-05-25,2013-07-18
2013-0457-TGO,Epidemic,Togo,,,,76.454145985163,2013,2013-08-30,2013-10-28
2013-0458-UGA,Epidemic,Uganda,,,,76.454145985163,2013,,
2013-0470-CHN,Earthquake,China,,,,76.454145985163,2013,2013-11-22,2013-11-23
2013-0472-USA,Storm,United States of America,,,2616.0,76.454145985163,2013,2013-11-24,2013-11-24
2013-0473-SOM,Flood,Somalia,,,,76.454145985163,2013,,
2013-0482-IND,Storm,India,,,,76.454145985163,2013,2013-10-05,2013-10-06
2013-0484-PAK,Earthquake,Pakistan,,,,76.454145985163,2013,2013-09-28,2013-09-28
2013-0487-BEN,Epidemic,Benin,,,,76.454145985163,2013,,2013-12-31
2013-0488-CMR,Flood,Cameroon,,,,76.454145985163,2013,2013-09-17,2013-09-18
2013-0489-CAF,Flood,Central African Republic,,,,76.454145985163,2013,2013-09-03,2013-09-04
2013-0493-CRI,Epidemic,Costa Rica,,,,76.454145985163,2013,,
2013-0493-HND,Epidemic,Honduras,,,,76.454145985163,2013,,
2013-0493-NIC,Epidemic,Nicaragua,,,,76.454145985163,2013,,
2013-0500-COL,Epidemic,Colombia,,,,76.454145985163,2013,,
2013-0501-HUN,Storm,Hungary,,,,76.454145985163,2013,2013-03-15,2013-03-15
2013-0502-GEO,Storm,Georgia,,,,76.454145985163,2013,2013-03-24,2013-03-24
2013-0504-IRQ,Flood,Iraq,,,,76.454145985163,2013,2013-11-18,2013-11-19
2013-0508-COG,Epidemic,Congo,,,,76.454145985163,2013,,
2013-0509-SLB,Epidemic,Solomon Islands,,,,76.454145985163,2013,,
2013-0510-USA,Flood,United States of America,,,,76.454145985163,2013,2013-10-31,2013-11-10
2013-0511-CUB,Flood,Cuba,,,,76.454145985163,2013,2013-12-01,2013-12-08
2013-0513-COL,Flood,Colombia,,,2616.0,76.454145985163,2013,2013-09-15,2013-12-01
2013-0515-IND,Storm,India,,,342689.0,76.454145985163,2013,2013-11-22,2013-11-22
2013-0516-IRN,Earthquake,Iran (Islamic Republic of),,,,76.454145985163,2013,2013-11-28,2013-11-28
2013-0517-BEL,Storm,Belgium,,,,76.454145985163,2013,2013-12-04,2013-12-07
2013-0517-DEU,Storm,Germany,,,,76.454145985163,2013,2013-12-04,2013-12-07
2013-0517-DNK,Storm,Denmark,,,,76.454145985163,2013,2013-12-07,2013-12-07
2013-0517-GBR,Storm,United Kingdom of Great Britain and Northern Ireland,,,,76.454145985163,2013,2013-12-06,2013-12-07
2013-0517-NLD,Storm,Netherlands (Kingdom of the),,,13080.0,76.454145985163,2013,2013-12-04,2013-12-07
2013-0517-POL,Storm,Poland,,,,76.454145985163,2013,2013-12-07,2013-12-07
2013-0517-SWE,Storm,Sweden,,,,76.454145985163,2013,2013-12-07,2013-12-07
2013-0519-BRA,Flood,Brazil,,,2616.0,76.454145985163,2013,2013-12-07,2013-12-10
2013-0521-BRA,Flood,Brazil,,,,76.454145985163,2013,2013-12-12,2013-12-12
2013-0524-ISR,Storm,Israel,,,,76.454145985163,2013,2013-12-02,2013-12-15
2013-0524-PSE,Storm,State of Palestine,,,,76.454145985163,2013,2013-12-09,2013-12-19
2013-0528-CAN,Extreme temperature,Canada,,,261595.0,76.454145985163,2013,2013-12-21,2013-12-22
2013-0528-USA,Extreme temperature,United States of America,,,261595.0,76.454145985163,2013,2013-12-19,2013-12-22
2013-0530-BEL,Storm,Belgium,,,,76.454145985163,2013,2013-12-26,2013-12-26
2013-0530-CHE,Storm,Switzerland,,,,76.454145985163,2013,2013-12-24,2013-12-24
2013-0530-ESP,Storm,Spain,,,,76.454145985163,2013,2013-12-24,2013-12-25
2013-0530-FRA,Storm,France,,,,76.454145985163,2013,2013-12-23,2013-12-25
2013-0530-GBR,Storm,United Kingdom of Great Britain and Northern Ireland,,,,76.454145985163,2013,2013-12-26,2013-12-26
2013-0530-NLD,Storm,Netherlands (Kingdom of the),,,,76.454145985163,2013,2013-12-24,2013-12-24
2013-0530-PRT,Storm,Portugal,,,,76.454145985163,2013,2013-12-24,2013-12-25
2013-0531-DOM,Flood,Dominican Republic,,,133.0,76.454145985163,2013,2013-12-23,2013-12-25
2013-0531-LCA,Flood,Saint Lucia,,,,76.454145985163,2013,2013-12-23,2013-12-25
2013-0531-VCT,Flood,Saint Vincent and the Grenadines,,,141261.0,76.454145985163,2013,2013-12-23,2013-12-25
2013-0533-THA,Flood,Thailand,,,,76.454145985163,2013,2013-11-20,2013-12-08
2013-0534-NER,Flood,Niger,,,,76.454145985163,2013,2013-11-03,2013-12-08
2013-0535-MYS,Flood,Malaysia,,,2616.0,76.454145985163,2013,2013-12-01,2013-12-08
2013-0541-IDN,Flood,Indonesia,,,2616.0,76.454145985163,2013,2013-12-28,2013-12-30
2013-0542-IDN,Volcanic activity,Indonesia,,,,76.454145985163,2013,,
2013-0543-SLV,Volcanic activity,El Salvador,,,,76.454145985163,2013,2013-12-29,2013-12-29
2013-0544-BOL,Flood,Bolivia (Plurinational State of),,,,76.454145985163,2013,,
2013-0545-KEN,Flood,Kenya,,,,76.454145985163,2013,,
2013-0546-LBY,Flood,Libya,,,,76.454145985163,2013,2013-11-30,2013-12-07
2013-0547-DEU,Storm,Germany,,4839502.0,6278273.0,76.454145985163,2013,2013-07-27,2013-07-28
2013-0548-USA,Storm,United States of America,,2092758.0,2877542.0,76.454145985163,2013,2013-03-18,2013-03-19
2013-0549-GBR,Extreme temperature,United Kingdom of Great Britain and Northern Ireland,,,,76.454145985163,2013,,
2013-0550-USA,Storm,United States of America,,81748.0,130797.0,76.454145985163,2013,2013-12-01,2013-12-09
2013-0551-ARG,Storm,Argentina,,,2616.0,76.454145985163,2013,2013-12-03,2013-12-03
2013-0552-BRA,Flood,Brazil,,,706306.0,76.454145985163,2013,2013-12-17,2014-01-04
2013-0553-IDN,Flood,Indonesia,,,2616.0,76.454145985163,2013,2013-12-14,2013-12-15
2013-0554-CHN,Flood,China,,,536269.0,76.454145985163,2013,2013-12-14,2013-12-16
2013-0555-CHN,Earthquake,China,,,8240.0,76.454145985163,2013,2013-12-16,2013-12-16
2013-0558-USA,Flood,United States of America,,,,76.454145985163,2013,2013-12-22,2013-12-31
2013-0559-MDG,Epidemic,Madagascar,,,,76.454145985163,2013,2013-10-05,2014-01-13
2013-0560-IDN,Flood,Indonesia,,,,76.454145985163,2013,2013-02-26,2013-02-28
2013-0561-TWN,Earthquake,Taiwan (Province of China),,,1308.0,76.454145985163,2013,2013-03-27,2013-03-27
2013-0563-CHN,Earthquake,China,,,49703.0,76.454145985163,2013,2013-04-17,2013-04-17
2013-0565-CHN,Mass movement (wet),China,,,,76.454145985163,2013,2013-04-22,2013-04-22
2013-0567-CHN,Storm,China,,,201428.0,76.454145985163,2013,2013-04-28,2013-05-02
2013-0568-ARM,Extreme temperature,Armenia,,,,76.454145985163,2013,,
2013-0570-GIN,Epidemic,Guinea,,,,76.454145985163,2013,,
2013-0571-UGA,Epidemic,Uganda,,,,76.454145985163,2013,,
2013-0572-GBR,Flood,United Kingdom of Great Britain and Northern Ireland,,,1961960.0,76.454145985163,2013,2013-12-27,
2013-0573-NAM,Epidemic,Namibia,,,,76.454145985163,2013,,
2013-0576-NPL,Flood,Nepal,,,,76.454145985163,2013,2013-07-10,2013-08-31
2013-0578-PER,Flood,Peru,,,,76.454145985163,2013,2013-10-19,2013-10-22
2013-0579-USA,Storm,United States of America,,1046379.0,1438771.0,76.454145985163,2013,2013-02-24,2013-02-25
2013-0580-CAN,Storm,Canada,,1161481.0,1844243.0,76.454145985163,2013,2013-07-08,2013-07-09
2013-0581-CHN,Earthquake,China,,,,76.454145985163,2013,2013-12-01,2013-12-01
2013-0582-CHN,Extreme temperature,China,,,,76.454145985163,2013,2013-07-01,2013-08-15
2013-9062-CHN,Drought,China,,,,76.454145985163,2013,,
2013-9146-NAM,Drought,Namibia,,,83710.0,76.454145985163,2013,,
2013-9150-MHL,Drought,Marshall Islands,,,,76.454145985163,2013,,
2013-9185-PAN,Drought,Panama,,,261595.0,76.454145985163,2013,,
2013-9203-NZL,Drought,New Zealand,,,1076462.0,76.454145985163,2013,,
2013-9308-ECU,Drought,Ecuador,,,,76.454145985163,2013,,
2013-9369-BOL,Drought,Bolivia (Plurinational State of),,,,76.454145985163,2013,,
2013-9478-ZWE,Drought,Zimbabwe,,,653987.0,76.454145985163,2013,,
2013-9496-PRY,Drought,Paraguay,,,,76.454145985163,2013,,
2014-0001-TON,Storm,Tonga,,,39900.0,77.6944061345599,2014,2014-01-06,2014-01-11
2014-0002-BRA,Flood,Brazil,,,,77.6944061345599,2014,2014-01-12,2014-01-13
2014-0004-AUS,Wildfire,Australia,,,32177.0,77.6944061345599,2014,2014-01-13,2014-01-13
2014-0007-HND,Flood,Honduras,,,,77.6944061345599,2014,2014-01-08,2014-01-08
2014-0008-ESP,Storm,Spain,,,,77.6944061345599,2014,2014-01-07,2014-01-07
2014-0008-FRA,Storm,France,,,,77.6944061345599,2014,2014-01-07,2014-01-07
2014-0008-MAR,Storm,Morocco,,,,77.6944061345599,2014,2014-01-07,2014-01-07
2014-0008-PRT,Storm,Portugal,,,,77.6944061345599,2014,2014-01-04,2014-01-07
2014-0009-CAN,Extreme temperature,Canada,,,,77.6944061345599,2014,2014-01-01,2014-01-09
2014-0009-USA,Extreme temperature,United States of America,,2059350.0,3217735.0,77.6944061345599,2014,2014-01-05,2014-01-08
2014-0010-AUS,Extreme temperature,Australia,,,,77.6944061345599,2014,2014-01-13,2014-01-18
2014-0016-REU,Storm,Réunion,,63068.0,109403.0,77.6944061345599,2014,2014-01-02,2014-01-02
2014-0018-IDN,Flood,Indonesia,,,196925.0,77.6944061345599,2014,2014-01-14,2014-01-17
2014-0019-COL,Flood,Colombia,,,,77.6944061345599,2014,2014-01-06,2014-01-06
2014-0020-PHL,Storm,Philippines,,,16206.0,77.6944061345599,2014,2014-01-19,2014-01-20
2014-0021-ARG,Mass movement (wet),Argentina,,,,77.6944061345599,2014,2014-01-25,2014-01-25
2014-0026-ITA,Flood,Italy,,,154451.0,77.6944061345599,2014,2014-01-18,2014-01-31
2014-0027-FRA,Flood,France,,,,77.6944061345599,2014,2014-01-19,2014-02-07
2014-0028-COD,Mass movement (wet),Democratic Republic of the Congo,,,,77.6944061345599,2014,2014-01-18,2014-01-19
2014-0029-BLR,Extreme temperature,Belarus,,,,77.6944061345599,2014,2014-01-18,2014-01-29
2014-0030-POL,Extreme temperature,Poland,,,,77.6944061345599,2014,2014-01-23,2014-01-27
2014-0030-ROU,Extreme temperature,Romania,,,,77.6944061345599,2014,2014-01-26,2014-01-31
2014-0034-IDN,Mass movement (wet),Indonesia,,,,77.6944061345599,2014,2014-01-28,2014-01-28
2014-0035-BOL,Mass movement (wet),Bolivia (Plurinational State of),,,257419.0,77.6944061345599,2014,2014-01-01,2014-02-28
2014-0038-IDN,Flood,Indonesia,,,222667.0,77.6944061345599,2014,2014-01-24,2014-01-28
2014-0039-GBR,Flood,United Kingdom of Great Britain and Northern Ireland,,682160.0,803147.0,77.6944061345599,2014,,
2014-0040-PER,Flood,Peru,,,,77.6944061345599,2014,2014-01-24,2014-01-27
2014-0042-TZA,Flood,United Republic of Tanzania,,,2574.0,77.6944061345599,2014,2014-01-22,2014-01-23
2014-0044-IDN,Volcanic activity,Indonesia,,,106829.0,77.6944061345599,2014,2014-02-01,2014-02-01
2014-0045-ITA,Flood,Italy,,,378406.0,77.6944061345599,2014,2014-01-31,2014-02-01
2014-0046-SVN,Extreme temperature,Slovenia,,,,77.6944061345599,2014,2014-01-31,2014-02-02
2014-0047-IND,Extreme temperature,India,,,,77.6944061345599,2014,2014-01-20,2014-01-24
2014-0048-USA,Storm,United States of America,,193064.0,321773.0,77.6944061345599,2014,2014-02-02,2014-02-06
2014-0049-GRC,Earthquake,Greece,,10297.0,229103.0,77.6944061345599,2014,2014-01-26,2014-02-03
2014-0052-USA,Storm,United States of America,,257419.0,270290.0,77.6944061345599,2014,2014-01-01,2014-01-05
2014-0053-USA,Storm,United States of America,,,321773.0,77.6944061345599,2014,2014-01-26,2014-01-29
2014-0054-IRN,Earthquake,Iran (Islamic Republic of),,,2574.0,77.6944061345599,2014,2014-01-02,2014-01-02
2014-0055-PHL,Storm,Philippines,,,4119.0,77.6944061345599,2014,2014-01-31,2014-02-01
2014-0056-IDN,Flood,Indonesia,,25742.0,772256.0,77.6944061345599,2014,2014-01-08,2014-02-07
2014-0057-IDN,Flood,Indonesia,,,2574.0,77.6944061345599,2014,2014-01-19,2014-01-22
2014-0058-SYC,Flood,Seychelles,,,,77.6944061345599,2014,2014-01-24,2014-01-24
2014-0061-JPN,Storm,Japan,,3989991.0,7593854.0,77.6944061345599,2014,2014-02-08,2014-02-09
2014-0062-AUS,Wildfire,Australia,,,128709.0,77.6944061345599,2014,2014-02-07,2014-02-28
2014-0063-BDI,Flood,Burundi,,,2574.0,77.6944061345599,2014,2014-02-19,2014-03-10
2014-0064-IDN,Volcanic activity,Indonesia,,,132571.0,77.6944061345599,2014,2014-02-14,2014-02-14
2014-0065-TLS,Epidemic,Timor-Leste,,,,77.6944061345599,2014,,
2014-0066-ZWE,Flood,Zimbabwe,,,25742.0,77.6944061345599,2014,2014-01-20,2014-02-10
2014-0067-FRA,Storm,France,,,,77.6944061345599,2014,2014-02-14,2014-02-14
2014-0067-GBR,Storm,United Kingdom of Great Britain and Northern Ireland,,,128709.0,77.6944061345599,2014,2014-02-14,2014-02-15
2014-0067-IRL,Storm,Ireland,,,,77.6944061345599,2014,2014-02-12,2014-02-14
2014-0067-PRT,Storm,Portugal,,,,77.6944061345599,2014,2014-02-15,2014-02-16
2014-0068-JPN,Storm,Japan,,,238112.0,77.6944061345599,2014,2014-02-14,2014-02-17
2014-0072-USA,Storm,United States of America,,360386.0,965320.0,77.6944061345599,2014,2014-02-11,2014-02-14
2014-0077-KOR,Storm,Republic of Korea,,,14158.0,77.6944061345599,2014,2014-02-17,2014-02-17
2014-0080-SRB,Extreme temperature,Serbia,,,,77.6944061345599,2014,2014-01-28,2014-02-02
2014-0081-IDN,Flood,Indonesia,,,,77.6944061345599,2014,2014-02-25,2014-02-25
2014-0084-AFG,Storm,Afghanistan,,,,77.6944061345599,2014,2014-02-01,2014-02-07
2014-0084-KGZ,Storm,Kyrgyzstan,,,,77.6944061345599,2014,2014-02-01,2014-02-07
2014-0085-CHN,Storm,China,,,868788.0,77.6944061345599,2014,2014-02-07,2014-02-14
2014-0086-CHN,Earthquake,China,,,223954.0,77.6944061345599,2014,2014-02-12,2014-02-12
2014-0089-THA,Extreme temperature,Thailand,,,,77.6944061345599,2014,,
2014-0090-GIN,Epidemic,Guinea,,,,77.6944061345599,2014,,2015-12-29
2014-0090-GMB,Epidemic,Gambia,,,,77.6944061345599,2014,,2014-12-22
2014-0090-LBR,Epidemic,Liberia,,,,77.6944061345599,2014,2014-03-21,2016-01-14
2014-0090-MLI,Epidemic,Mali,,,,77.6944061345599,2014,2014-10-24,2015-01-18
2014-0090-NGA,Epidemic,Nigeria,,,,77.6944061345599,2014,,2015-04-20
2014-0090-SEN,Epidemic,Senegal,,,,77.6944061345599,2014,2014-03-08,2014-10-13
2014-0090-SLE,Epidemic,Sierra Leone,,,,77.6944061345599,2014,2014-03-10,
2014-0091-SLB,Flood,Solomon Islands,,,30890.0,77.6944061345599,2014,2014-04-01,2014-04-08
2014-0092-COM,Storm,Comoros,,,,77.6944061345599,2014,2014-03-27,2014-03-29
2014-0092-MDG,Storm,Madagascar,,,,77.6944061345599,2014,2014-03-29,2014-04-01
2014-0094-CHL,Earthquake,Chile,,,128709.0,77.6944061345599,2014,2014-04-01,2014-04-01
2014-0095-USA,Mass movement (wet),United States of America,,,25742.0,77.6944061345599,2014,2014-03-22,2014-03-22
2014-0096-VUT,Storm,Vanuatu,,,2574.0,77.6944061345599,2014,2014-03-09,2014-03-12
2014-0097-KIR,Flood,Kiribati,,,,77.6944061345599,2014,2014-03-03,2014-03-03
2014-0097-MHL,Flood,Marshall Islands,,,,77.6944061345599,2014,2014-03-03,2014-03-10
2014-0099-ZAF,Flood,South Africa,,,109403.0,77.6944061345599,2014,2014-03-01,2014-03-18
2014-0100-USA,Storm,United States of America,,,2574.0,77.6944061345599,2014,2014-02-28,2014-03-04
2014-0103-BRA,Flood,Brazil,,,257419.0,77.6944061345599,2014,2014-02-15,
2014-0106-IND,Storm,India,,,,77.6944061345599,2014,2014-03-10,2014-03-12
2014-0107-CHN,Storm,China,,,64355.0,77.6944061345599,2014,2014-03-12,2014-03-14
2014-0110-CHN,Storm,China,,,199500.0,77.6944061345599,2014,2014-03-27,2014-04-04
2014-0111-NIC,Earthquake,Nicaragua,,,3861.0,77.6944061345599,2014,2014-04-11,2014-04-11
2014-0118-CHL,Wildfire,Chile,,,43761.0,77.6944061345599,2014,2014-04-12,2014-04-21
2014-0119-TZA,Flood,United Republic of Tanzania,,,,77.6944061345599,2014,2014-04-18,2014-05-01
2014-0122-TJK,Flood,Tajikistan,,,2574.0,77.6944061345599,2014,2014-04-22,2014-04-30
2014-0123-KAZ,Flood,Kazakhstan,,,,77.6944061345599,2014,2014-03-23,2014-04-15
2014-0124-NPL,Mass movement (wet),Nepal,,,,77.6944061345599,2014,2014-04-18,2014-04-18
2014-0126-USA,Storm,United States of America,,1544513.0,2574188.0,77.6944061345599,2014,2014-04-27,2014-05-01
2014-0127-MEX,Earthquake,Mexico,,,,77.6944061345599,2014,2014-04-18,2014-04-18
2014-0128-BGR,Flood,Bulgaria,,,,77.6944061345599,2014,2014-04-17,2014-05-01
2014-0128-BIH,Flood,Bosnia and Herzegovina,,,,77.6944061345599,2014,2014-04-19,2014-04-24
2014-0128-ROU,Flood,Romania,,,,77.6944061345599,2014,2014-04-19,2014-04-22
2014-0128-SRB,Flood,Serbia,,,,77.6944061345599,2014,2014-04-16,2014-04-17
2014-0129-CHN,Earthquake,China,,,102968.0,77.6944061345599,2014,2014-04-04,2014-04-04
2014-0132-CHN,Storm,China,,,200787.0,77.6944061345599,2014,2014-04-16,2014-04-20
2014-0133-CHN,Storm,China,,,586915.0,77.6944061345599,2014,2014-04-22,2014-04-28
2014-0134-AFG,Flood,Afghanistan,,,,77.6944061345599,2014,2014-04-24,2014-05-02
2014-0135-BGD,Storm,Bangladesh,,,,77.6944061345599,2014,2014-04-27,2014-04-28
2014-0139-ARG,Flood,Argentina,,,,77.6944061345599,2014,2014-04-01,2014-04-08
2014-0142-PRY,Flood,Paraguay,,,,77.6944061345599,2014,2014-02-25,2014-03-10
2014-0159-THA,Earthquake,Thailand,,19306.0,79800.0,77.6944061345599,2014,2014-05-05,2014-05-05
2014-0164-BIH,Flood,Bosnia and Herzegovina,,,561919.0,77.6944061345599,2014,2014-05-13,2014-05-20
2014-0164-HRV,Flood,Croatia,,,,77.6944061345599,2014,2014-05-15,2014-05-20
2014-0164-SRB,Flood,Serbia,,,2636306.0,77.6944061345599,2014,2014-05-13,2014-05-20
2014-0165-USA,Wildfire,United States of America,,,128709.0,77.6944061345599,2014,2014-05-11,2014-05-20
2014-0171-IRN,Flood,Iran (Islamic Republic of),,,63068.0,77.6944061345599,2014,2014-06-01,2014-06-10
2014-0173-CHN,Earthquake,China,,,77226.0,77.6944061345599,2014,2014-05-24,2014-05-24
2014-0174-GRC,Earthquake,Greece,,,579192.0,77.6944061345599,2014,2014-05-24,2014-05-24
2014-0174-TUR,Earthquake,Türkiye,,,,77.6944061345599,2014,2014-05-24,2014-05-24
2014-0177-CHN,Earthquake,China,,,2574.0,77.6944061345599,2014,2014-05-30,2014-05-30
2014-0180-CHN,Flood,China,,,1287094.0,77.6944061345599,2014,2014-05-24,2014-06-03
2014-0181-LKA,Flood,Sri Lanka,,,2574.0,77.6944061345599,2014,2014-06-04,2014-06-10
2014-0182-IND,Storm,India,,,,77.6944061345599,2014,2014-05-30,2014-05-31
2014-0183-GTM,Storm,Guatemala,,,,77.6944061345599,2014,2014-05-30,2014-06-06
2014-0183-MEX,Storm,Mexico,,,,77.6944061345599,2014,2014-05-30,2014-06-06
2014-0185-AFG,Flood,Afghanistan,,,3861.0,77.6944061345599,2014,2014-06-03,2014-06-10
2014-0188-ARG,Flood,Argentina,,,79800.0,77.6944061345599,2014,2014-06-07,2014-06-30
2014-0188-BRA,Flood,Brazil,,,,77.6944061345599,2014,2014-06-07,2014-06-30
2014-0188-PRY,Flood,Paraguay,,,,77.6944061345599,2014,,2014-07-01
2014-0191-SSD,Epidemic,South Sudan,,,,77.6944061345599,2014,2014-04-29,2014-06-03
2014-0192-USA,Storm,United States of America,,3732572.0,5019666.0,77.6944061345599,2014,2014-05-18,2014-05-23
2014-0193-RUS,Flood,Russian Federation,,,10297.0,77.6944061345599,2014,2014-05-29,2014-06-10
2014-0200-HTI,Epidemic,Haiti,,,,77.6944061345599,2014,2014-05-31,2014-08-16
2014-0204-TJK,Flood,Tajikistan,,,,77.6944061345599,2014,2014-05-10,2014-05-16
2014-0209-BEL,Storm,Belgium,,,,77.6944061345599,2014,2014-06-08,2014-06-10
2014-0209-DEU,Storm,Germany,,,,77.6944061345599,2014,2014-06-08,2014-06-10
2014-0209-FRA,Storm,France,,,,77.6944061345599,2014,2014-06-08,2014-06-10
2014-0210-BGR,Flood,Bulgaria,,,485234.0,77.6944061345599,2014,2014-06-19,2014-06-25
2014-0211-NGA,Flood,Nigeria,,,,77.6944061345599,2014,2014-06-28,2014-06-28
2014-0212-CHN,Flood,China,,,871363.0,77.6944061345599,2014,2014-06-01,2014-06-07
2014-0213-CHN,Storm,China,,,168609.0,77.6944061345599,2014,2014-06-14,2014-06-16
2014-0214-CHN,Storm,China,,,120987.0,77.6944061345599,2014,2014-06-17,2014-06-21
2014-0215-CHN,Flood,China,,,1158385.0,77.6944061345599,2014,2014-06-17,2014-06-21
2014-0217-CHN,Flood,China,,,621666.0,77.6944061345599,2014,2014-06-25,2014-06-30
2014-0218-IND,Flood,India,,,2574.0,77.6944061345599,2014,2014-06-26,2014-06-28
2014-0227-CHN,Storm,China,,,5448234.0,77.6944061345599,2014,2014-07-18,2014-07-19
2014-0227-PHL,Storm,Philippines,,,1056158.0,77.6944061345599,2014,2014-07-15,2014-07-15
2014-0227-VNM,Storm,Viet Nam,,,7980.0,77.6944061345599,2014,2014-07-19,2014-07-20
2014-0234-GTM,Earthquake,Guatemala,,,,77.6944061345599,2014,2014-07-07,2014-07-07
2014-0234-MEX,Earthquake,Mexico,,,,77.6944061345599,2014,2014-07-07,2014-07-07
2014-0235-SSD,Epidemic,South Sudan,,,,77.6944061345599,2014,2014-04-23,2014-08-17
2014-0236-JPN,Storm,Japan,,,200787.0,77.6944061345599,2014,2014-07-07,2014-07-10
2014-0237-CIV,Flood,Côte d’Ivoire,,,,77.6944061345599,2014,2014-06-19,2014-07-11
2014-0240-CHN,Storm,China,,,643547.0,77.6944061345599,2014,2014-07-22,2014-07-24
2014-0240-PHL,Storm,Philippines,,,,77.6944061345599,2014,2014-07-22,2014-07-23
2014-0240-TWN,Storm,Taiwan (Province of China),,,25742.0,77.6944061345599,2014,2014-07-22,2014-08-24
2014-0244-BGD,Storm,Bangladesh,,,,77.6944061345599,2014,2014-06-11,2014-06-11
2014-0245-BRA,Flood,Brazil,,,,77.6944061345599,2014,2014-07-03,2014-07-14
2014-0246-NPL,Flood,Nepal,,,,77.6944061345599,2014,2014-07-01,2014-07-14
2014-0250-PHL,Flood,Philippines,,,1018.0,77.6944061345599,2014,2014-06-13,2014-07-03
2014-0252-ITA,Flood,Italy,,,154451.0,77.6944061345599,2014,2014-05-02,2014-05-10
2014-0258-COM,Earthquake,Comoros,,,,77.6944061345599,2014,2014-03-12,2014-03-12
2014-0260-KHM,Flood,Cambodia,,,2574.0,77.6944061345599,2014,2014-07-30,2014-08-31
2014-0263-USA,Storm,United States of America,,257419.0,347515.0,77.6944061345599,2014,2014-07-26,2014-07-27
2014-0264-SDN,Flood,Sudan,,,,77.6944061345599,2014,2014-07-25,
2014-0266-CHN,Flood,China,,,643547.0,77.6944061345599,2014,2014-07-03,2014-07-07
2014-0267-CHN,Flood,China,,,1608867.0,77.6944061345599,2014,2014-07-13,2014-07-18
2014-0268-IND,Flood,India,,,,77.6944061345599,2014,2014-07-16,2014-07-22
2014-0268-NPL,Flood,Nepal,,,,77.6944061345599,2014,2014-07-16,2014-07-22
2014-0269-CHN,Storm,China,,,352664.0,77.6944061345599,2014,2014-07-19,2014-07-20
2014-0270-IND,Mass movement (wet),India,,,,77.6944061345599,2014,2014-07-30,2014-07-30
2014-0271-JPN,Mass movement (wet),Japan,,39771.0,48910.0,77.6944061345599,2014,2014-08-20,2014-08-20
2014-0272-NPL,Flood,Nepal,,,,77.6944061345599,2014,2014-08-11,2014-08-25
2014-0278-PAN,Flood,Panama,,,,77.6944061345599,2014,2014-08-18,2014-09-04
2014-0280-BGR,Flood,Bulgaria,,,,77.6944061345599,2014,2014-07-31,2014-08-02
2014-0280-ROU,Flood,Romania,,,,77.6944061345599,2014,2014-07-31,2014-07-31
2014-0281-CHN,Earthquake,China,,,6435470.0,77.6944061345599,2014,2014-08-03,2014-08-03
2014-0282-GHA,Epidemic,Ghana,,,,77.6944061345599,2014,,
2014-0287-IRN,Earthquake,Iran (Islamic Republic of),,,55345.0,77.6944061345599,2014,2014-08-18,2014-08-18
2014-0289-NER,Flood,Niger,,,2574.0,77.6944061345599,2014,,2014-10-03
2014-0290-BGD,Flood,Bangladesh,,,205935.0,77.6944061345599,2014,2014-08-11,2014-09-10
2014-0292-CHN,Storm,China,,,,77.6944061345599,2014,2014-09-02,2014-09-02
2014-0296-NPL,Mass movement (wet),Nepal,,,19306.0,77.6944061345599,2014,2014-08-02,2014-08-02
2014-0298-DZA,Earthquake,Algeria,,,,77.6944061345599,2014,2014-08-01,2014-08-01
2014-0306-BIH,Flood,Bosnia and Herzegovina,,,,77.6944061345599,2014,2014-08-06,2014-08-06
2014-0306-SRB,Flood,Serbia,,,,77.6944061345599,2014,2014-08-06,2014-08-06
2014-0310-USA,Storm,United States of America,,,84948.0,77.6944061345599,2014,2014-08-08,2014-08-10
2014-0311-ZAF,Earthquake,South Africa,,,,77.6944061345599,2014,2014-08-05,2014-08-05
2014-0313-IND,Flood,India,,,257419.0,77.6944061345599,2014,2014-08-03,2014-08-04
2014-0314-JPN,Storm,Japan,,,,77.6944061345599,2014,2014-08-03,2014-08-06
2014-0314-KOR,Storm,Republic of Korea,,,,77.6944061345599,2014,2014-08-03,2014-08-06
2014-0316-JPN,Storm,Japan,,,257419.0,77.6944061345599,2014,2014-08-10,2014-08-12
2014-0317-USA,Flood,United States of America,,695031.0,2059350.0,77.6944061345599,2014,2014-08-11,2014-08-13
2014-0318-USA,Earthquake,United States of America,,193064.0,900966.0,77.6944061345599,2014,2014-08-24,2014-08-24
2014-0319-CAN,Flood,Canada,,111977.0,166035.0,77.6944061345599,2014,2014-08-04,2014-08-04
2014-0321-CHN,Flood,China,,,626815.0,77.6944061345599,2014,2014-08-11,2014-08-19
2014-0322-PAK,Storm,Pakistan,,,,77.6944061345599,2014,2014-08-15,2014-08-24
2014-0323-CHN,Flood,China,,,772256.0,77.6944061345599,2014,2014-08-22,2014-08-28
2014-0324-KOR,Flood,Republic of Korea,,,2574.0,77.6944061345599,2014,2014-08-25,2014-09-04
2014-0325-MEX,Storm,Mexico,,,18019.0,77.6944061345599,2014,2014-08-22,2014-09-02
2014-0326-HUN,Flood,Hungary,,,,77.6944061345599,2014,2014-09-14,2014-09-26
2014-0329-BIH,Flood,Bosnia and Herzegovina,,,,77.6944061345599,2014,2014-09-14,2014-09-15
2014-0329-HRV,Flood,Croatia,,,,77.6944061345599,2014,2014-09-14,2014-09-15
2014-0329-SRB,Flood,Serbia,,,,77.6944061345599,2014,2014-09-15,2014-09-16
2014-0330-CHN,Storm,China,,,,77.6944061345599,2014,2014-09-18,2014-09-24
2014-0330-PHL,Storm,Philippines,,,97540.0,77.6944061345599,2014,2014-09-17,2014-09-22
2014-0330-TWN,Storm,Taiwan (Province of China),,,514838.0,77.6944061345599,2014,2014-09-18,2014-09-24
2014-0331-PHL,Volcanic activity,Philippines,,,,77.6944061345599,2014,2014-09-16,2014-12-03
2014-0333-MEX,Storm,Mexico,,1544513.0,3217735.0,77.6944061345599,2014,2014-09-10,2014-09-17
2014-0334-PER,Earthquake,Peru,,,,77.6944061345599,2014,2014-09-27,2014-09-27
2014-0336-JPN,Volcanic activity,Japan,,,,77.6944061345599,2014,2014-09-27,2014-09-30
2014-0337-CHN,Mass movement (wet),China,,,,77.6944061345599,2014,2014-08-27,2014-08-27
2014-0343-IND,Flood,India,,193064.0,20593503.0,77.6944061345599,2014,,
2014-0343-PAK,Flood,Pakistan,,,2574188.0,77.6944061345599,2014,2014-09-01,2014-10-11
2014-0344-CHN,Flood,China,,,733644.0,77.6944061345599,2014,2014-09-01,2014-09-08
2014-0345-THA,Flood,Thailand,,,12871.0,77.6944061345599,2014,2014-09-01,2014-09-08
2014-0359-SVN,Flood,Slovenia,,,,77.6944061345599,2014,2014-09-13,2014-09-13
2014-0365-GEO,Flood,Georgia,,,,77.6944061345599,2014,2014-09-21,2014-09-24
2014-0368-BGR,Flood,Bulgaria,,,12871.0,77.6944061345599,2014,2014-09-04,2014-09-06
2014-0371-CMR,Epidemic,Cameroon,,,,77.6944061345599,2014,2014-04-24,2014-08-12
2014-0378-COL,Storm,Colombia,,,,77.6944061345599,2014,2014-10-06,2014-10-06
2014-0381-DEU,Storm,Germany,,244548.0,514838.0,77.6944061345599,2014,2014-07-28,2014-07-29
2014-0385-MEX,Storm,Mexico,,,644.0,77.6944061345599,2014,2014-09-04,2014-09-08
2014-0386-MEX,Storm,Mexico,,,32177.0,77.6944061345599,2014,2014-09-02,2014-09-11
2014-0388-FRA,Storm,France,,186629.0,234251.0,77.6944061345599,2014,2014-09-18,2014-09-18
2014-0389-CHN,Flood,China,,,1801932.0,77.6944061345599,2014,2014-09-10,2014-09-17
2014-0390-CHN,Storm,China,,,3732572.0,77.6944061345599,2014,2014-09-10,2014-09-16
2014-0390-PHL,Storm,Philippines,,,24690.0,77.6944061345599,2014,2014-09-10,2014-09-16
2014-0390-VNM,Storm,Viet Nam,,,5792.0,77.6944061345599,2014,2014-09-16,2014-09-16
2014-0391-IND,Flood,India,,,209796.0,77.6944061345599,2014,2014-09-24,2014-10-11
2014-0392-IND,Storm,India,,682160.0,9009658.0,77.6944061345599,2014,2014-10-12,2014-10-12
2014-0396-JPN,Storm,Japan,,,128709.0,77.6944061345599,2014,2014-10-12,2014-10-13
2014-0397-JPN,Storm,Japan,,,128709.0,77.6944061345599,2014,2014-10-06,2014-10-06
2014-0400-CMR,Flood,Cameroon,,,,77.6944061345599,2014,2014-08-21,2014-08-21
2014-0401-CMR,Epidemic,Cameroon,,,,77.6944061345599,2014,2014-08-18,2014-08-28
2014-0402-LKA,Mass movement (wet),Sri Lanka,,,,77.6944061345599,2014,2014-10-02,2014-10-02
2014-0404-BGR,Storm,Bulgaria,,93958.0,701466.0,77.6944061345599,2014,2014-07-08,2014-07-08
2014-0405-PNG,Flood,Papua New Guinea,,,,77.6944061345599,2014,,
2014-0406-CHN,Flood,China,,,,77.6944061345599,2014,2014-07-10,2014-07-10
2014-0408-IND,Flood,India,,,,77.6944061345599,2014,2014-08-16,2014-09-01
2014-0409-IND,Flood,India,,,128709.0,77.6944061345599,2014,2014-08-09,2014-08-16
2014-0410-PNG,Volcanic activity,Papua New Guinea,,,,77.6944061345599,2014,2014-08-09,2014-08-09
2014-0411-LAO,Flood,Lao People's Democratic Republic,,,,77.6944061345599,2014,2014-08-12,2014-08-18
2014-0412-MMR,Flood,Myanmar,,,,77.6944061345599,2014,2014-09-17,2014-09-17
2014-0413-MMR,Flood,Myanmar,,,,77.6944061345599,2014,,
2014-0414-PHL,Flood,Philippines,,,,77.6944061345599,2014,2014-08-30,2014-09-05
2014-0416-NPL,Storm,Nepal,,,,77.6944061345599,2014,2014-10-14,2014-10-14
2014-0417-MEX,Storm,Mexico,,,2574.0,77.6944061345599,2014,2014-10-18,2014-10-20
2014-0419-GRC,Flood,Greece,,,,77.6944061345599,2014,2014-10-24,2014-10-24
2014-0422-SLV,Epidemic,El Salvador,,,,77.6944061345599,2014,,
2014-0423-PNG,Storm,Papua New Guinea,,,,77.6944061345599,2014,2014-04-07,2014-04-09
2014-0425-MOZ,Flood,Mozambique,,,,77.6944061345599,2014,,
2014-0426-ZMB,Flood,Zambia,,,,77.6944061345599,2014,,
2014-0430-COL,Flood,Colombia,,,,77.6944061345599,2014,2014-03-15,2014-05-15
2014-0431-COL,Flood,Colombia,,,,77.6944061345599,2014,2014-06-14,2014-06-14
2014-0432-COD,Flood,Democratic Republic of the Congo,,,19306.0,77.6944061345599,2014,2014-10-25,2014-10-28
2014-0434-LKA,Mass movement (wet),Sri Lanka,,,,77.6944061345599,2014,2014-10-28,2014-10-29
2014-0438-LSO,Storm,Lesotho,,,,77.6944061345599,2014,2014-10-11,2014-10-11
2014-0439-NGA,Epidemic,Nigeria,,,,77.6944061345599,2014,,
2014-0442-ARG,Flood,Argentina,,,,77.6944061345599,2014,2014-10-30,2014-11-04
2014-0444-USA,Storm,United States of America,,128709.0,218806.0,77.6944061345599,2014,2014-10-12,2014-10-14
2014-0447-GTM,Flood,Guatemala,,,,77.6944061345599,2014,2014-10-15,2014-10-17
2014-0447-HND,Flood,Honduras,,,1802.0,77.6944061345599,2014,2014-10-15,2014-10-17
2014-0447-NIC,Flood,Nicaragua,,,,77.6944061345599,2014,2014-10-15,2014-10-17
2014-0448-ITA,Flood,Italy,,,389989.0,77.6944061345599,2014,2014-10-08,2014-10-11
2014-0449-CHN,Earthquake,China,,,352664.0,77.6944061345599,2014,2014-10-07,2014-10-07
2014-0453-DOM,Flood,Dominican Republic,,,,77.6944061345599,2014,2014-11-03,2014-11-05
2014-0453-HTI,Flood,Haiti,,,,77.6944061345599,2014,2014-11-03,2014-11-05
2014-0453-PRI,Flood,Puerto Rico,,,,77.6944061345599,2014,2014-11-03,2014-11-05
2014-0456-SOM,Flood,Somalia,,,,77.6944061345599,2014,2014-10-24,2014-11-16
2014-0458-CHE,Storm,Switzerland,,,,77.6944061345599,2014,2014-11-15,2014-11-15
2014-0458-ITA,Storm,Italy,,,321773.0,77.6944061345599,2014,2014-11-12,2014-11-16
2014-0459-USA,Storm,United States of America,,81730.0,128709.0,77.6944061345599,2014,2014-11-15,2014-11-19
2014-0461-NER,Animal incident,Niger,,,,77.6944061345599,2014,2014-11-17,2014-11-17
2014-0462-FRA,Flood,France,,,,77.6944061345599,2014,2014-11-13,2014-11-16
2014-0463-MAR,Storm,Morocco,,,386128.0,77.6944061345599,2014,2014-11-21,2014-11-24
2014-0464-CHN,Earthquake,China,,,64355.0,77.6944061345599,2014,2014-11-22,2014-11-22
2014-0465-JPN,Earthquake,Japan,,,2574.0,77.6944061345599,2014,2014-11-22,2014-11-22
2014-0471-THA,Flood,Thailand,,,,77.6944061345599,2014,2014-11-07,2014-11-16
2014-0473-IDN,Flood,Indonesia,,,,77.6944061345599,2014,2014-11-22,2014-11-24
2014-0474-PHL,Storm,Philippines,,,,77.6944061345599,2014,2014-11-27,2014-11-28
2014-0474-VNM,Storm,Viet Nam,,,,77.6944061345599,2014,2014-11-30,2014-11-30
2014-0475-AUS,Storm,Australia,,1096604.0,1287094.0,77.6944061345599,2014,2014-11-22,2014-11-30
2014-0478-CPV,Volcanic activity,Cabo Verde,,,,77.6944061345599,2014,2014-11-23,2015-01-31
2014-0479-PHL,Storm,Philippines,,,146572.0,77.6944061345599,2014,2014-12-12,2014-12-12
2014-0482-USA,Storm,United States of America,,,,77.6944061345599,2014,2014-12-10,2014-12-17
2014-0483-IDN,Mass movement (wet),Indonesia,,,,77.6944061345599,2014,2014-12-12,2014-12-20
2014-0487-JPN,Storm,Japan,,,,77.6944061345599,2014,2014-12-17,2014-12-18
2014-0488-FRA,Flood,France,,311477.0,389989.0,77.6944061345599,2014,2014-11-29,2014-12-05
2014-0490-MAR,Flood,Morocco,,,,77.6944061345599,2014,2014-11-28,2014-11-30
2014-0491-USA,Flood,United States of America,,64355.0,115838.0,77.6944061345599,2014,2014-12-02,2014-12-05
2014-0493-THA,Flood,Thailand,,,,77.6944061345599,2014,,
2014-0494-MYS,Flood,Malaysia,,,365535.0,77.6944061345599,2014,2014-12-16,2014-12-30
2014-0495-LKA,Flood,Sri Lanka,,,,77.6944061345599,2014,2014-12-01,2015-01-05
2014-0496-MKD,Extreme temperature,North Macedonia,,,,77.6944061345599,2014,2014-12-28,2015-01-03
2014-0497-PHL,Storm,Philippines,,,22766.0,77.6944061345599,2014,2014-12-28,2014-12-31
2014-0505-COL,Flood,Colombia,,,10297.0,77.6944061345599,2014,2014-11-01,2014-12-20
2014-0514-ZWE,Flood,Zimbabwe,,,,77.6944061345599,2014,,
2014-0515-NER,Epidemic,Niger,,,,77.6944061345599,2014,2014-12-12,2014-12-20
2014-0518-MOZ,Flood,Mozambique,,,,77.6944061345599,2014,2014-12-16,2014-12-18
2014-0518-SWZ,Flood,Eswatini,,,,77.6944061345599,2014,2014-12-16,2014-12-18
2014-0519-CHN,Storm,China,,,405435.0,77.6944061345599,2014,2014-12-02,2014-12-09
2014-0519-JPN,Storm,Japan,,,,77.6944061345599,2014,2014-12-02,2014-12-09
2014-0520-IND,Extreme temperature,India,,,,77.6944061345599,2014,2014-12-07,2014-12-09
2014-0522-THA,Flood,Thailand,,,,77.6944061345599,2014,2014-12-13,2014-12-31
2014-0523-IND,Extreme temperature,India,,,,77.6944061345599,2014,2014-12-17,2014-12-18
2014-0525-CHL,Flood,Chile,,,,77.6944061345599,2014,2014-06-11,2014-06-11
2014-0526-COD,Epidemic,Democratic Republic of the Congo,,,,77.6944061345599,2014,2014-08-11,2014-11-05
2014-0528-GTM,Extreme temperature,Guatemala,,,,77.6944061345599,2014,,
2014-0529-BOL,Flood,Bolivia (Plurinational State of),,,,77.7865676599233,2015,2015-01-15,2015-01-31
2014-0529-PER,Flood,Peru,,,,77.6944061345599,2014,,2015-01-31
2014-0530-MOZ,Epidemic,Mozambique,,,,77.6944061345599,2014,2014-12-25,2015-03-02
2014-0530-MWI,Epidemic,Malawi,,,,77.7865676599233,2015,,
2014-0530-ZWE,Epidemic,Zimbabwe,,,,77.7865676599233,2015,,
2014-0532-BOL,Flood,Bolivia (Plurinational State of),,,,77.6944061345599,2014,,
2014-0534-PER,Flood,Peru,,,,77.6944061345599,2014,2014-01-01,2014-01-20
2014-0535-LKA,Flood,Sri Lanka,,,,77.6944061345599,2014,2014-02-06,2014-02-06
2014-0536-CIV,Flood,Côte d’Ivoire,,,,77.6944061345599,2014,2014-06-02,2014-06-07
2014-0537-THA,Storm,Thailand,,,,77.6944061345599,2014,2014-03-16,2014-03-16
2014-0538-IND,Storm,India,,,,77.6944061345599,2014,2014-04-17,2014-04-20
2014-0540-USA,Storm,United States of America,,1673222.0,2059350.0,77.6944061345599,2014,2014-06-03,2014-06-06
2014-0544-CHN,Earthquake,China,,,,77.6944061345599,2014,2014-12-06,2014-12-06
2014-0546-PAK,Extreme temperature,Pakistan,,,23168.0,77.6944061345599,2014,,2014-04-30
2014-0547-PER,Extreme temperature,Peru,,,,77.6944061345599,2014,2014-04-13,2014-09-27
2014-0548-LKA,Mass movement (wet),Sri Lanka,,,,77.6944061345599,2014,2014-10-29,2014-10-29
2014-0549-CHN,Flood,China,,,900966.0,77.6944061345599,2014,2014-05-12,2014-05-16
2014-0550-CHN,Flood,China,,,1415803.0,77.6944061345599,2014,2014-06-04,2014-06-28
2014-0551-IND,Storm,India,,,,77.6944061345599,2014,2014-03-06,2014-03-07
2014-0552-CHN,Storm,China,,,128709.0,77.6944061345599,2014,2014-04-07,2014-04-16
2014-0555-CHN,Storm,China,,,39900.0,77.6944061345599,2014,2014-08-10,2014-08-11
2014-0571-PHL,Flood,Philippines,,,,77.6944061345599,2014,2014-08-25,2014-09-01
2014-0572-CHN,Mass movement (wet),China,,,,77.6944061345599,2014,2014-09-14,2014-09-14
2014-0573-NER,Epidemic,Niger,,,,77.6944061345599,2014,2014-12-31,2015-05-02
2014-0578-JPN,Extreme temperature,Japan,,,,77.6944061345599,2014,2014-07-14,2014-07-29
2014-0581-BGD,Flood,Bangladesh,,,,77.6944061345599,2014,,
2014-0582-KEN,Epidemic,Kenya,,,,77.6944061345599,2014,2014-12-26,
2014-9023-USA,Drought,United States of America,,,2831607.0,77.6944061345599,2014,,
2014-9025-BRA,Drought,Brazil,,,6435470.0,77.6944061345599,2014,,
2014-9102-HTI,Drought,Haiti,,,2574.0,77.6944061345599,2014,,
2014-9196-BFA,Drought,Burkina Faso,,,,77.6944061345599,2014,,
2014-9231-SOM,Drought,Somalia,,,,77.6944061345599,2014,,
2014-9265-CHN,Drought,China,,,1518771.0,77.6944061345599,2014,,
2014-9277-GTM,Drought,Guatemala,,,74651.0,77.6944061345599,2014,,
2014-9332-HND,Drought,Honduras,,,,77.6944061345599,2014,,
2014-9393-LKA,Drought,Sri Lanka,,,32177.0,77.6944061345599,2014,,
2014-9404-KEN,Drought,Kenya,,,,77.6944061345599,2014,,
2014-9408-CHN,Drought,China,,141580.0,3217735.0,77.6944061345599,2014,,
2014-9428-THA,Drought,Thailand,,,,77.6944061345599,2014,,
2014-9429-MYS,Drought,Malaysia,,,,77.6944061345599,2014,,
2014-9457-BOL,Drought,Bolivia (Plurinational State of),,,,77.6944061345599,2014,,
2014-9469-JAM,Drought,Jamaica,,,12871.0,77.6944061345599,2014,,
2014-9533-MDG,Drought,Madagascar,,,,77.6944061345599,2014,,
2014-9573-SEN,Drought,Senegal,,,,77.6944061345599,2014,,
2014-9580-CRI,Drought,Costa Rica,,,,77.7865676599233,2015,,
2014-9580-NIC,Drought,Nicaragua,,,,77.6944061345599,2014,,
2014-9580-SLV,Drought,El Salvador,,,128557.0,77.7865676599233,2015,,
2015-0002-LBN,Storm,Lebanon,,,,77.7865676599233,2015,2015-01-06,2015-01-10
2015-0002-PSE,Storm,State of Palestine,,,,77.7865676599233,2015,2015-01-07,2015-01-10
2015-0002-SYR,Storm,Syrian Arab Republic,,,,77.7865676599233,2015,2015-01-07,2015-01-11
2015-0010-AUS,Wildfire,Australia,,57851.0,65564.0,77.7865676599233,2015,2015-01-03,2015-01-08
2015-0011-MOZ,Flood,Mozambique,,,,77.7865676599233,2015,2015-01-01,2015-02-09
2015-0011-MWI,Flood,Malawi,,,501372.0,77.7865676599233,2015,2015-01-01,2015-01-21
2015-0016-MDG,Storm,Madagascar,,,46280.0,77.7865676599233,2015,2015-01-16,2015-01-17
2015-0017-PHL,Storm,Philippines,,,1286.0,77.7865676599233,2015,2015-01-19,2015-01-19
2015-0021-MYS,Flood,Malaysia,,,,77.7865676599233,2015,2015-01-14,2015-01-20
2015-0023-ALB,Flood,Albania,,,,77.7865676599233,2015,2015-02-01,2015-02-02
2015-0023-MKD,Flood,North Macedonia,,,,77.7865676599233,2015,2015-01-31,2015-02-03
2015-0025-USA,Storm,United States of America,,,128557.0,77.7865676599233,2015,2015-01-06,2015-01-11
2015-0026-USA,Storm,United States of America,,64278.0,102846.0,77.7865676599233,2015,2015-01-26,2015-01-28
2015-0030-MWI,Storm,Malawi,,,,77.7865676599233,2015,2015-01-02,2015-01-04
2015-0030-ZWE,Storm,Zimbabwe,,,,77.7865676599233,2015,2015-01-02,2015-01-04
2015-0035-OMN,Storm,Oman,,33425.0,284111.0,77.7865676599233,2015,2015-01-19,2015-01-19
2015-0036-IDN,Flood,Indonesia,,,,77.7865676599233,2015,2015-01-23,2015-01-25
2015-0038-ALB,Flood,Albania,,,,77.7865676599233,2015,2015-01-31,2015-02-02
2015-0038-BGR,Flood,Bulgaria,,,7456.0,77.7865676599233,2015,2015-02-01,2015-02-04
2015-0038-GRC,Flood,Greece,,,,77.7865676599233,2015,2015-01-30,2015-02-01
2015-0038-TUR,Flood,Türkiye,,,,77.7865676599233,2015,2015-01-30,2015-02-02
2015-0044-ARG,Storm,Argentina,,,22112.0,77.7865676599233,2015,2015-02-15,2015-02-24
2015-0046-USA,Storm,United States of America,,96418.0,128557.0,77.7865676599233,2015,2015-02-16,2015-02-22
2015-0053-AUS,Storm,Australia,,,100274.0,77.7865676599233,2015,2015-02-20,2015-02-20
2015-0054-AFG,Mass movement (wet),Afghanistan,,,3857.0,77.7865676599233,2015,2015-02-15,2015-02-27
2015-0056-IDN,Flood,Indonesia,,,,77.7865676599233,2015,2015-02-05,2015-02-09
2015-0057-MDG,Flood,Madagascar,,,,77.7865676599233,2015,2015-02-27,2015-02-27
2015-0058-AFG,Mass movement (wet),Afghanistan,,,,77.7865676599233,2015,2015-02-21,2015-02-21
2015-0059-AFG,Mass movement (wet),Afghanistan,,,,77.7865676599233,2015,2015-02-15,2015-02-15
2015-0060-DOM,Flood,Dominican Republic,,,,77.7865676599233,2015,2015-02-20,2015-02-24
2015-0069-TZA,Storm,United Republic of Tanzania,,,,77.7865676599233,2015,2015-03-03,2015-03-04
2015-0070-ARG,Flood,Argentina,,,,77.7865676599233,2015,2015-03-04,2015-03-04
2015-0072-USA,Storm,United States of America,,128557.0,192835.0,77.7865676599233,2015,2015-01-31,2015-02-04
2015-0073-USA,Storm,United States of America,,2571138.0,3856707.0,77.7865676599233,2015,2015-02-16,2015-02-22
2015-0074-MDG,Storm,Madagascar,,,12856.0,77.7865676599233,2015,2015-02-07,2015-02-08
2015-0075-AGO,Flood,Angola,,,,77.7865676599233,2015,2015-02-13,2015-02-14
2015-0076-IDN,Flood,Indonesia,,,,77.7865676599233,2015,2015-01-30,2015-02-02
2015-0077-IDN,Flood,Indonesia,,,302109.0,77.7865676599233,2015,2015-02-08,2015-02-13
2015-0078-CHN,Earthquake,China,,,18834.0,77.7865676599233,2015,2015-02-22,2015-02-22
2015-0079-AUS,Storm,Australia,,509085.0,701921.0,77.7865676599233,2015,2015-02-22,2015-02-24
2015-0081-ITA,Storm,Italy,,354817.0,1117159.0,77.7865676599233,2015,2015-03-02,2015-03-09
2015-0086-COL,Earthquake,Colombia,,,,77.7865676599233,2015,2015-03-10,2015-03-10
2015-0088-IRN,Flood,Iran (Islamic Republic of),,,77134.0,77.7865676599233,2015,2015-03-10,2015-03-11
2015-0090-AGO,Flood,Angola,,,,77.7865676599233,2015,2015-03-09,2015-03-23
2015-0091-AGO,Flood,Angola,,,,77.7865676599233,2015,2015-03-09,2015-03-23
2015-0092-CHL,Wildfire,Chile,,,,77.7865676599233,2015,2015-03-13,2015-03-21
2015-0093-KIR,Storm,Kiribati,,,,77.7865676599233,2015,2015-03-12,2015-03-13
2015-0093-PNG,Storm,Papua New Guinea,,,,77.7865676599233,2015,2015-03-13,2015-03-13
2015-0093-SLB,Storm,Solomon Islands,,,,77.7865676599233,2015,2015-03-06,2015-03-06
2015-0093-TUV,Storm,Tuvalu,,,,77.7865676599233,2015,2015-03-10,2015-03-11
2015-0093-VUT,Storm,Vanuatu,,,577735.0,77.7865676599233,2015,2015-03-12,2015-03-14
2015-0097-PNG,Flood,Papua New Guinea,,,,77.7865676599233,2015,2015-03-04,2015-03-18
2015-0104-CRI,Volcanic activity,Costa Rica,,,,77.7865676599233,2015,2015-03-12,2015-03-12
2015-0105-CHN,Storm,China,,,268684.0,77.7865676599233,2015,2015-04-04,2015-04-15
2015-0105-FSM,Storm,Micronesia (Federated States of),,,14141.0,77.7865676599233,2015,2015-03-27,2015-03-30
2015-0105-PHL,Storm,Philippines,,,,77.7865676599233,2015,2015-04-06,2015-04-06
2015-0106-CHL,Flood,Chile,,642784.0,1928354.0,77.7865676599233,2015,2015-03-25,2015-04-08
2015-0107-IND,Flood,India,,,97703.0,77.7865676599233,2015,2015-03-20,2015-03-31
2015-0109-BDI,Mass movement (wet),Burundi,,,,77.7865676599233,2015,2015-03-29,2015-03-29
2015-0112-IDN,Mass movement (wet),Indonesia,,,,77.7865676599233,2015,2015-03-28,2015-03-28
2015-0113-PSE,Storm,State of Palestine,,,,77.7865676599233,2015,2015-02-19,2015-02-22
2015-0114-ECU,Flood,Ecuador,,,,77.7865676599233,2015,2015-03-23,2015-03-23
2015-0116-HTI,Flood,Haiti,,,,77.7865676599233,2015,2015-04-04,2015-04-06
2015-0118-BGD,Storm,Bangladesh,,,5142.0,77.7865676599233,2015,2015-04-01,2015-04-07
2015-0118-IND,Storm,India,,,3857.0,77.7865676599233,2015,2015-04-04,2015-04-05
2015-0118-MMR,Storm,Myanmar,,,,77.7865676599233,2015,2015-04-04,2015-04-05
2015-0119-TJK,Mass movement (wet),Tajikistan,,,,77.7865676599233,2015,2015-04-03,2015-04-03
2015-0121-MEX,Storm,Mexico,,,2571.0,77.7865676599233,2015,2015-03-26,2015-03-28
2015-0122-USA,Storm,United States of America,,128557.0,218547.0,77.7865676599233,2015,2015-03-03,2015-03-05
2015-0123-USA,Storm,United States of America,,578506.0,642784.0,77.7865676599233,2015,2015-03-25,2015-03-26
2015-0124-PAK,Flood,Pakistan,,,,77.7865676599233,2015,2015-02-24,2015-03-03
2015-0125-CHN,Earthquake,China,,,19284.0,77.7865676599233,2015,2015-03-01,2015-03-01
2015-0126-IND,Storm,India,,136270.0,1164726.0,77.7865676599233,2015,2015-03-06,2015-03-18
2015-0127-IRN,Flood,Iran (Islamic Republic of),,,77134.0,77.7865676599233,2015,2015-03-11,2015-03-15
2015-0129-IDN,Flood,Indonesia,,,,77.7865676599233,2015,2015-03-15,2015-03-23
2015-0130-SAU,Flood,Saudi Arabia,,,2571.0,77.7865676599233,2015,2015-03-23,2015-03-27
2015-0131-CHN,Storm,China,,,289253.0,77.7865676599233,2015,2015-03-24,2015-03-25
2015-0132-CHN,Storm,China,,,138841.0,77.7865676599233,2015,2015-03-29,2015-03-31
2015-0135-AUS,Storm,Australia,,62993.0,73277.0,77.7865676599233,2015,2015-03-12,2015-03-15
2015-0137-RUS,Wildfire,Russian Federation,,,175892.0,77.7865676599233,2015,2015-04-12,2015-04-15
2015-0138-USA,Storm,United States of America,,1272713.0,1799797.0,77.7865676599233,2015,2015-04-07,2015-04-10
2015-0142-ARG,Volcanic activity,Argentina,,,,77.7865676599233,2015,2015-04-24,2015-04-24
2015-0142-CHL,Volcanic activity,Chile,,,771341.0,77.7865676599233,2015,2015-04-24,2015-04-30
2015-0143-CHL,Volcanic activity,Chile,,,,77.7865676599233,2015,,
2015-0144-BGD,Earthquake,Bangladesh,,,,77.7865676599233,2015,2015-04-25,2015-04-25
2015-0144-CHN,Earthquake,China,,,,77.7865676599233,2015,2015-04-25,2015-04-25
2015-0144-IND,Earthquake,India,,,,77.7865676599233,2015,2015-04-25,2015-04-25
2015-0144-NPL,Earthquake,Nepal,,128557.0,6651534.0,77.7865676599233,2015,2015-04-25,2015-04-25
2015-0145-PAK,Flood,Pakistan,,,1286.0,77.7865676599233,2015,2015-04-26,2015-04-28
2015-0148-AUS,Storm,Australia,,938465.0,1671240.0,77.7865676599233,2015,2015-04-20,2015-04-28
2015-0151-AFG,Mass movement (wet),Afghanistan,,,,77.7865676599233,2015,2015-04-27,2015-05-02
2015-0153-RWA,Flood,Rwanda,,,,77.7865676599233,2015,2015-04-03,2015-04-03
2015-0154-KAZ,Flood,Kazakhstan,,,6814.0,77.7865676599233,2015,2015-04-08,2015-04-12
2015-0155-USA,Storm,United States of America,,1028455.0,1221291.0,77.7865676599233,2015,2015-04-24,2015-04-28
2015-0156-BRA,Storm,Brazil,,,2571.0,77.7865676599233,2015,2015-04-20,2015-04-20
2015-0157-BRA,Mass movement (wet),Brazil,,,,77.7865676599233,2015,2015-04-27,2015-04-27
2015-0158-KEN,Flood,Kenya,,,,77.7865676599233,2015,2015-04-04,2015-04-10
2015-0159-KEN,Flood,Kenya,,,,77.7865676599233,2015,2015-04-27,2015-05-02
2015-0160-CHN,Storm,China,,,25711.0,77.7865676599233,2015,2015-04-04,2015-04-05
2015-0162-CHN,Storm,China,,,167124.0,77.7865676599233,2015,2015-04-06,2015-04-09
2015-0163-CHN,Storm,China,,,321392.0,77.7865676599233,2015,2015-04-19,2015-04-21
2015-0164-IND,Storm,India,,,205691.0,77.7865676599233,2015,2015-04-21,2015-04-21
2015-0168-CUB,Flood,Cuba,,,,77.7865676599233,2015,2015-04-30,2015-04-30
2015-0171-COL,Mass movement (wet),Colombia,,,,77.7865676599233,2015,2015-05-17,2015-05-18
2015-0175-CHN,Earthquake,China,,,,77.7865676599233,2015,2015-05-12,2015-05-12
2015-0175-IND,Earthquake,India,,,,77.7865676599233,2015,2015-05-12,2015-05-12
2015-0175-NPL,Earthquake,Nepal,,,,77.7865676599233,2015,2015-05-12,2015-05-12
2015-0176-JPN,Storm,Japan,,,29825.0,77.7865676599233,2015,2015-05-12,2015-05-12
2015-0176-PHL,Storm,Philippines,,,447.0,77.7865676599233,2015,2015-05-11,2015-05-11
2015-0177-USA,Storm,United States of America,,,1285569.0,77.7865676599233,2015,2015-05-06,2015-05-13
2015-0180-USA,Storm,United States of America,,128557.0,205691.0,77.7865676599233,2015,2015-05-03,2015-05-05
2015-0181-IDN,Mass movement (wet),Indonesia,,,,77.7865676599233,2015,2015-05-06,2015-05-06
2015-0184-PRY,Storm,Paraguay,,,,77.7865676599233,2015,2015-04-04,2015-04-04
2015-0185-CHN,Flood,China,,,1028455.0,77.7865676599233,2015,2015-05-13,2015-06-01
2015-0186-USA,Flood,United States of America,,,,77.7865676599233,2015,2015-05-24,2015-05-24
2015-0187-MEX,Storm,Mexico,,,,77.7865676599233,2015,2015-05-25,2015-05-26
2015-0189-IND,Extreme temperature,India,,,,77.7865676599233,2015,2015-05-20,2015-05-31
2015-0194-TJK,Flood,Tajikistan,,,,77.7865676599233,2015,2015-05-11,2015-05-13
2015-0198-SLV,Storm,El Salvador,,,,77.7865676599233,2015,2015-05-02,2015-05-04
2015-0199-PER,Flood,Peru,,,,77.7865676599233,2015,2015-04-09,2015-04-09
2015-0200-NER,Epidemic,Niger,,,,77.7865676599233,2015,,
2015-0203-ROU,Flood,Romania,,,,77.7865676599233,2015,2015-05-27,2015-06-02
2015-0204-CHL,Flood,Chile,,,,77.7865676599233,2015,2015-05-17,2015-05-21
2015-0205-TZA,Flood,United Republic of Tanzania,,,,77.7865676599233,2015,2015-05-07,2015-05-21
2015-0206-NZL,Flood,New Zealand,,,128557.0,77.7865676599233,2015,2015-05-13,2015-05-21
2015-0207-IND,Flood,India,,,,77.7865676599233,2015,2015-05-17,2015-05-21
2015-0208-BRA,Flood,Brazil,,,,77.7865676599233,2015,2015-04-01,2015-05-02
2015-0211-USA,Storm,United States of America,,1028455.0,1799797.0,77.7865676599233,2015,2015-05-06,2015-05-13
2015-0212-USA,Flood,United States of America,,1928354.0,3471036.0,77.7865676599233,2015,2015-05-23,2015-05-30
2015-0213-BGD,Storm,Bangladesh,,,,77.7865676599233,2015,2015-05-02,2015-05-03
2015-0214-CHN,Storm,China,,,592647.0,77.7865676599233,2015,2015-05-07,2015-05-12
2015-0215-PAK,Flood,Pakistan,,,,77.7865676599233,2015,2015-06-04,2015-06-05
2015-0216-MYS,Earthquake,Malaysia,,,3.0,77.7865676599233,2015,2015-06-05,2015-06-05
2015-0217-GHA,Flood,Ghana,,,15427.0,77.7865676599233,2015,2015-06-02,2015-06-15
2015-0219-CHN,Flood,China,,,326535.0,77.7865676599233,2015,2015-05-13,2015-05-17
2015-0220-CHN,Flood,China,,,642784.0,77.7865676599233,2015,2015-05-28,2015-06-01
2015-0225-NGA,Epidemic,Nigeria,,,,77.7865676599233,2015,,
2015-0226-IND,Mass movement (wet),India,,,,77.7865676599233,2015,2015-06-02,2015-06-29
2015-0226-NPL,Mass movement (wet),Nepal,,,,77.7865676599233,2015,2015-06-06,2015-06-11
2015-0227-GEO,Flood,Georgia,,,29568.0,77.7865676599233,2015,2015-06-07,2015-06-15
2015-0231-CIV,Flood,Côte d’Ivoire,,,,77.7865676599233,2015,2015-06-07,2015-06-21
2015-0232-PAK,Extreme temperature,Pakistan,,,,77.7865676599233,2015,2015-06-18,2015-06-24
2015-0235-RUS,Flood,Russian Federation,,,,77.7865676599233,2015,2015-06-25,2015-06-25
2015-0237-CRI,Flood,Costa Rica,,,,77.7865676599233,2015,2015-06-27,2015-07-09
2015-0240-CHN,Flood,China,,,257114.0,77.7865676599233,2015,2015-06-16,2015-06-17
2015-0244-CHN,Storm,China,,,1208435.0,77.7865676599233,2015,2015-07-11,2015-07-12
2015-0244-JPN,Storm,Japan,,,,77.7865676599233,2015,2015-07-09,2015-07-11
2015-0244-PHL,Storm,Philippines,,,1928354.0,77.7865676599233,2015,2015-07-12,2015-07-12
2015-0244-TWN,Storm,Taiwan (Province of China),,,,77.7865676599233,2015,2015-07-12,2015-07-12
2015-0245-USA,Storm,United States of America,,578506.0,835620.0,77.7865676599233,2015,2015-06-03,2015-06-08
2015-0247-CHN,Flood,China,,,803481.0,77.7865676599233,2015,2015-06-01,2015-06-06
2015-0248-CHN,Flood,China,,,2571138.0,77.7865676599233,2015,2015-06-07,2015-06-11
2015-0249-IND,Flood,India,,,776484.0,77.7865676599233,2015,2015-06-19,2015-06-20
2015-0251-CHN,Storm,China,,,186408.0,77.7865676599233,2015,2015-06-21,2015-06-23
2015-0252-CHN,Storm,China,,,14141.0,77.7865676599233,2015,2015-06-22,2015-06-22
2015-0252-VNM,Storm,Viet Nam,,,,77.7865676599233,2015,2015-06-24,2015-06-29
2015-0253-BGD,Flood,Bangladesh,,,51423.0,77.7865676599233,2015,2015-06-23,2015-06-30
2015-0253-IND,Flood,India,,,,77.7865676599233,2015,2015-06-23,2015-06-30
2015-0253-MMR,Flood,Myanmar,,,,77.7865676599233,2015,2015-06-23,2015-06-30
2015-0255-CHN,Flood,China,,,829192.0,77.7865676599233,2015,2015-06-26,2015-07-02
2015-0256-NZL,Flood,New Zealand,,,219832.0,77.7865676599233,2015,2015-06-22,2015-06-29
2015-0258-IRN,Flood,Iran (Islamic Republic of),,,,77.7865676599233,2015,2015-07-14,2015-07-21
2015-0261-JPN,Storm,Japan,,163267.0,266113.0,77.7865676599233,2015,2015-07-16,2015-07-17
2015-0263-POL,Storm,Poland,,,,77.7865676599233,2015,2015-07-19,2015-07-19
2015-0271-CHN,Earthquake,China,,,4114.0,77.7865676599233,2015,2015-07-03,2015-07-03
2015-0275-CAN,Wildfire,Canada,,,,77.7865676599233,2015,2015-07-01,2015-07-10
2015-0278-CHN,Storm,China,,,273826.0,77.7865676599233,2015,2015-07-09,2015-07-09
2015-0278-PHL,Storm,Philippines,,,2851.0,77.7865676599233,2015,2015-07-04,2015-07-05
2015-0279-PHL,Flood,Philippines,,,,77.7865676599233,2015,2015-07-02,2015-07-02
2015-0281-SLB,Storm,Solomon Islands,,,2571.0,77.7865676599233,2015,2015-07-05,2015-07-06
2015-0283-PHL,Flood,Philippines,,,111.0,77.7865676599233,2015,2015-07-07,2015-07-10
2015-0284-PHL,Flood,Philippines,,,,77.7865676599233,2015,2015-07-12,2015-07-21
2015-0285-BRA,Flood,Brazil,,,,77.7865676599233,2015,2015-07-10,2015-07-21
2015-0286-TJK,Flood,Tajikistan,,,,77.7865676599233,2015,2015-07-15,2015-07-21
2015-0287-CMR,Flood,Cameroon,,,,77.7865676599233,2015,2015-06-22,2015-06-29
2015-0288-PAK,Flood,Pakistan,,,,77.7865676599233,2015,2015-06-25,2015-06-29
2015-0291-PAK,Flood,Pakistan,,,,77.7865676599233,2015,2015-07-15,2015-08-19
2015-0292-VNM,Flood,Viet Nam,,,262256.0,77.7865676599233,2015,2015-07-25,2015-08-05
2015-0293-BGD,Flood,Bangladesh,,,,77.7865676599233,2015,2015-07-25,2015-07-27
2015-0296-VEN,Flood,Venezuela (Bolivarian Republic of),,,,77.7865676599233,2015,2015-06-29,2015-07-07
2015-0301-SSD,Epidemic,South Sudan,,,,77.7865676599233,2015,2015-05-28,2015-09-05
2015-0302-YEM,Epidemic,Yemen,,,,77.7865676599233,2015,2015-03-27,2015-06-04
2015-0303-CHN,Flood,China,,,1542683.0,77.7865676599233,2015,2015-07-20,2015-07-29
2015-0306-NPL,Mass movement (wet),Nepal,,,,77.7865676599233,2015,2015-07-29,
2015-0308-MMR,Flood,Myanmar,,,152983.0,77.7865676599233,2015,2015-07-15,2015-08-19
2015-0309-BGD,Storm,Bangladesh,,,51423.0,77.7865676599233,2015,2015-07-29,2015-07-30
2015-0310-PRY,Flood,Paraguay,,,,77.7865676599233,2015,2015-07-25,2015-08-05
2015-0312-USA,Wildfire,United States of America,,,2571.0,77.7865676599233,2015,2015-07-22,2015-08-13
2015-0313-GUY,Flood,Guyana,,,,77.7865676599233,2015,2015-07-15,2015-07-21
2015-0315-PER,Extreme temperature,Peru,,,120843.0,77.7865676599233,2015,,
2015-0317-IND,Flood,India,,,,77.7865676599233,2015,2015-07-15,2015-08-19
2015-0318-MKD,Flood,North Macedonia,,,111845.0,77.7865676599233,2015,2015-08-03,2015-08-05
2015-0323-PHL,Flood,Philippines,,,,77.7865676599233,2015,2015-08-05,2015-08-05
2015-0324-LAO,Flood,Lao People's Democratic Republic,,,12856.0,77.7865676599233,2015,2015-08-01,2015-08-15
2015-0325-COL,Flood,Colombia,,,,77.7865676599233,2015,2015-07-22,2015-08-06
2015-0326-USA,Storm,United States of America,,578506.0,899898.0,77.7865676599233,2015,2015-07-12,2015-07-14
2015-0333-IND,Flood,India,,,,77.7865676599233,2015,2015-07-07,2015-07-13
2015-0333-PAK,Flood,Pakistan,,,,77.7865676599233,2015,2015-07-07,2015-07-13
2015-0334-CHN,Storm,China,,,109273.0,77.7865676599233,2015,2015-07-13,2015-07-14
2015-0336-COD,Earthquake,Democratic Republic of the Congo,,,,77.7865676599233,2015,2015-08-06,2015-08-07
2015-0337-MLI,Flood,Mali,,,,77.7865676599233,2015,2015-08-08,2015-08-09
2015-0338-CHL,Storm,Chile,,,,77.7865676599233,2015,2015-08-08,2015-08-09
2015-0339-CHN,Storm,China,,,1648987.0,77.7865676599233,2015,2015-08-09,2015-08-09
2015-0339-MNP,Storm,Northern Mariana Islands,,,,77.7865676599233,2015,2015-08-01,2015-08-02
2015-0339-PHL,Storm,Philippines,,,,77.7865676599233,2015,2015-08-05,2015-08-05
2015-0339-TWN,Storm,Taiwan (Province of China),,,,77.7865676599233,2015,2015-08-08,2015-08-09
2015-0342-EGY,Extreme temperature,Egypt,,,,77.7865676599233,2015,2015-08-09,2015-08-09
2015-0345-PRK,Flood,Democratic People's Republic of Korea,,,,77.7865676599233,2015,2015-08-01,2015-08-05
2015-0346-BFA,Flood,Burkina Faso,,,39853.0,77.7865676599233,2015,2015-08-04,2015-08-07
2015-0349-ARG,Flood,Argentina,,,,77.7865676599233,2015,2015-08-05,2015-08-12
2015-0352-CAF,Storm,Central African Republic,,,,77.7865676599233,2015,2015-04-24,2015-04-24
2015-0353-GTM,Flood,Guatemala,,,,77.7865676599233,2015,2015-08-10,2015-08-10
2015-0355-GTM,Epidemic,Guatemala,,,,77.7865676599233,2015,,
2015-0359-PHL,Flood,Philippines,,,147.0,77.7865676599233,2015,2015-07-30,2015-08-05
2015-0361-ECU,Volcanic activity,Ecuador,,,,77.7865676599233,2015,2015-08-14,2015-08-22
2015-0363-URY,Flood,Uruguay,,,,77.7865676599233,2015,2015-08-17,2015-08-19
2015-0366-HTI,Epidemic,Haiti,,,,77.7865676599233,2015,,
2015-0368-NER,Flood,Niger,,,,77.7865676599233,2015,2015-07-25,
2015-0371-JPN,Storm,Japan,,,,77.7865676599233,2015,2015-08-25,2015-08-25
2015-0371-PHL,Storm,Philippines,,,38951.0,77.7865676599233,2015,2015-08-22,2015-08-22
2015-0374-IND,Flood,India,,,,77.7865676599233,2015,2015-08-13,2015-08-19
2015-0375-DMA,Storm,Dominica,,,620686.0,77.7865676599233,2015,2015-08-27,2015-08-27
2015-0375-DOM,Storm,Dominican Republic,,,,77.7865676599233,2015,2015-08-28,2015-08-28
2015-0375-HTI,Storm,Haiti,,,,77.7865676599233,2015,2015-08-29,2015-08-30
2015-0382-MEX,Flood,Mexico,,,,77.7865676599233,2015,2015-03-13,2015-03-23
2015-0383-BOL,Flood,Bolivia (Plurinational State of),,,,77.7865676599233,2015,2015-02-20,2015-02-24
2015-0384-GRC,Flood,Greece,,,,77.7865676599233,2015,2015-02-01,2015-02-09
2015-0385-COD,Wildfire,Democratic Republic of the Congo,,,,77.7865676599233,2015,2015-08-24,2015-08-28
2015-0391-LBN,Storm,Lebanon,,,,77.7865676599233,2015,2015-02-10,2015-02-17
2015-0392-SDN,Flood,Sudan,,,,77.7865676599233,2015,2015-08-08,2015-08-09
2015-0393-SDN,Extreme temperature,Sudan,,,,77.7865676599233,2015,2015-08-13,2015-08-15
2015-0395-CHN,Flood,China,,,537368.0,77.7865676599233,2015,2015-08-02,2015-08-04
2015-0397-CHN,Flood,China,,,282825.0,77.7865676599233,2015,2015-08-16,2015-08-19
2015-0399-USA,Flood,United States of America,,,128557.0,77.7865676599233,2015,2015-07-24,2015-08-05
2015-0400-USA,Storm,United States of America,,1028455.0,1221291.0,77.7865676599233,2015,2015-08-02,2015-08-04
2015-0401-USA,Wildfire,United States of America,,,192835.0,77.7865676599233,2015,2015-08-13,2015-08-31
2015-0406-IND,Flood,India,,,,77.7865676599233,2015,2015-08-28,2015-08-30
2015-0409-KOR,Epidemic,Republic of Korea,,,,77.7865676599233,2015,,
2015-0410-BEL,Extreme temperature,Belgium,,,,77.7865676599233,2015,2015-06-30,2015-07-05
2015-0410-FRA,Extreme temperature,France,,,,77.7865676599233,2015,2015-06-29,2015-08-09
2015-0411-BGD,Mass movement (wet),Bangladesh,,,,77.7865676599233,2015,2015-07-18,2015-07-18
2015-0412-IDN,Flood,Indonesia,,,,77.7865676599233,2015,2015-07-15,
2015-0413-IND,Flood,India,,,,77.7865676599233,2015,2015-07-14,2015-07-16
2015-0415-IDN,Earthquake,Indonesia,,,,77.7865676599233,2015,2015-09-24,2015-09-24
2015-0418-JPN,Flood,Japan,,835620.0,1799797.0,77.7865676599233,2015,2015-09-09,2015-09-11
2015-0421-USA,Wildfire,United States of America,,1234146.0,1799797.0,77.7865676599233,2015,2015-09-13,2015-09-20
2015-0427-ISR,Storm,Israel,,,,77.7865676599233,2015,2015-09-08,2015-09-10
2015-0427-LBN,Storm,Lebanon,,,,77.7865676599233,2015,2015-09-08,2015-09-08
2015-0427-SYR,Storm,Syrian Arab Republic,,,,77.7865676599233,2015,2015-09-08,2015-09-08
2015-0428-GIN,Mass movement (wet),Guinea,,,,77.7865676599233,2015,2015-09-06,2015-09-07
2015-0429-IDN,Wildfire,Indonesia,,,1285569.0,77.7865676599233,2015,,
2015-0431-USA,Flood,United States of America,,,2571.0,77.7865676599233,2015,2015-09-14,2015-09-14
2015-0434-FRA,Storm,France,,,,77.7865676599233,2015,2015-09-16,2015-09-16
2015-0435-CHL,Earthquake,Chile,,449949.0,1028455.0,77.7865676599233,2015,2015-09-16,2015-09-16
2015-0436-SLE,Flood,Sierra Leone,,,,77.7865676599233,2015,2015-09-05,2015-09-06
2015-0437-DZA,Flood,Algeria,,,,77.7865676599233,2015,2015-09-16,2015-09-17
2015-0438-IRN,Flood,Iran (Islamic Republic of),,,,77.7865676599233,2015,2015-09-18,2015-09-18
2015-0444-GTM,Mass movement (wet),Guatemala,,,6428.0,77.7865676599233,2015,2015-10-02,2015-10-03
2015-0446-DOM,Flood,Dominican Republic,,,,77.7865676599233,2015,2015-09-22,2015-09-29
2015-0446-GTM,Flood,Guatemala,,,,77.7865676599233,2015,2015-09-27,2015-09-28
2015-0446-NIC,Flood,Nicaragua,,,,77.7865676599233,2015,2015-09-22,2015-09-29
2015-0446-PAN,Flood,Panama,,,,77.7865676599233,2015,2015-09-22,2015-09-29
2015-0446-SLV,Flood,El Salvador,,,,77.7865676599233,2015,2015-09-22,2015-09-29
2015-0447-ESP,Flood,Spain,,,2571.0,77.7865676599233,2015,2015-09-07,2015-09-07
2015-0448-NGA,Flood,Nigeria,,,32139.0,77.7865676599233,2015,2015-09-05,2015-09-24
2015-0449-MMR,Mass movement (wet),Myanmar,,,,77.7865676599233,2015,2015-10-09,2015-10-09
2015-0450-IND,Storm,India,,,,77.7865676599233,2015,2015-09-06,2015-09-06
2015-0451-FRA,Flood,France,,838191.0,1187866.0,77.7865676599233,2015,2015-10-03,2015-10-04
2015-0454-PAK,Mass movement (dry),Pakistan,,,,77.7865676599233,2015,2015-10-13,2015-10-13
2015-0455-MMR,Mass movement (wet),Myanmar,,,,77.7865676599233,2015,2015-10-11,2015-10-11
2015-0456-JPN,Storm,Japan,,321392.0,,77.7865676599233,2015,2015-09-08,2015-09-10
2015-0457-CHN,Flood,China,,,,77.7865676599233,2015,2015-09-15,2015-09-23
2015-0458-CHN,Storm,China,,101560.0,849761.0,77.7865676599233,2015,2015-09-28,2015-09-28
2015-0458-JPN,Storm,Japan,,,,77.7865676599233,2015,2015-09-28,2015-09-28
2015-0458-TWN,Storm,Taiwan (Province of China),,,33425.0,77.7865676599233,2015,2015-09-28,2015-09-28
2015-0459-USA,Storm,United States of America,,514228.0,2571138.0,77.7865676599233,2015,2015-10-01,2015-10-13
2015-0460-LAO,Flood,Lao People's Democratic Republic,,,,77.7865676599233,2015,2015-09-07,2015-09-11
2015-0460-VNM,Flood,Viet Nam,,,,77.7865676599233,2015,2015-09-07,2015-09-11
2015-0462-PHL,Storm,Philippines,,,271236.0,77.7865676599233,2015,2015-10-14,2015-10-20
2015-0465-BIH,Flood,Bosnia and Herzegovina,,,,77.7865676599233,2015,2015-10-14,2015-10-16
2015-0465-HRV,Flood,Croatia,,,,77.7865676599233,2015,2015-10-14,2015-10-16
2015-0465-ITA,Flood,Italy,,,209548.0,77.7865676599233,2015,2015-10-14,2015-10-16
2015-0470-MEX,Storm,Mexico,,440950.0,1058023.0,77.7865676599233,2015,2015-10-22,2015-10-28
2015-0473-CPV,Storm,Cabo Verde,,,1414.0,77.7865676599233,2015,2015-08-31,2015-08-31
2015-0476-AFG,Earthquake,Afghanistan,,,,77.7865676599233,2015,2015-10-26,2015-10-26
2015-0476-IND,Earthquake,India,,,,77.7865676599233,2015,2015-10-26,2015-10-26
2015-0476-PAK,Earthquake,Pakistan,,,,77.7865676599233,2015,2015-10-25,2015-10-25
2015-0477-SOM,Flood,Somalia,,,,77.7865676599233,2015,2015-10-27,2015-10-27
2015-0479-BHS,Storm,Bahamas,,78420.0,115701.0,77.7865676599233,2015,2015-10-01,2015-10-04
2015-0480-GIN,Flood,Guinea,,,,77.7865676599233,2015,2015-07-24,2015-08-03
2015-0481-IRQ,Epidemic,Iraq,,,,77.7865676599233,2015,2015-09-15,2015-10-31
2015-0482-DZA,Flood,Algeria,,,,77.7865676599233,2015,2015-10-16,2015-10-28
2015-0484-SOM,Storm,Somalia,,,,77.7865676599233,2015,2015-11-02,2015-11-02
2015-0484-YEM,Storm,Yemen,,,257114.0,77.7865676599233,2015,2015-11-03,2015-11-04
2015-0485-IRQ,Flood,Iraq,,,,77.7865676599233,2015,2015-10-28,2015-10-30
2015-0488-USA,Storm,United States of America,,257114.0,347104.0,77.7865676599233,2015,2015-10-29,2015-11-03
2015-0489-BRA,Flood,Brazil,,,2571.0,77.7865676599233,2015,2015-10-08,2015-10-20
2015-0490-CHN,Storm,China,,,5399390.0,77.7865676599233,2015,2015-10-04,2015-10-04
2015-0490-PHL,Storm,Philippines,,,1671.0,77.7865676599233,2015,2015-10-02,2015-10-02
2015-0491-CHN,Storm,China,,,55279.0,77.7865676599233,2015,2015-10-06,2015-10-11
2015-0492-MMR,Flood,Myanmar,,,,77.7865676599233,2015,2015-10-08,2015-10-08
2015-0494-SOM,Storm,Somalia,,,,77.7865676599233,2015,2015-11-08,2015-11-08
2015-0494-YEM,Storm,Yemen,,,,77.7865676599233,2015,2015-11-08,2015-11-10
2015-0498-URY,Flood,Uruguay,,,,77.7865676599233,2015,2015-10-14,2015-10-28
2015-0499-IRN,Flood,Iran (Islamic Republic of),,,663354.0,77.7865676599233,2015,2015-11-12,2015-11-12
2015-0504-IND,Flood,India,,970605.0,2828252.0,77.7865676599233,2015,2015-11-08,2015-12-04
2015-0507-SAU,Flood,Saudi Arabia,,,,77.7865676599233,2015,2015-11-17,2015-11-18
2015-0509-CMR,Epidemic,Cameroon,,,,77.7865676599233,2015,2015-01-01,
2015-0510-CHN,Mass movement (wet),China,,,,77.7865676599233,2015,2015-11-13,2015-11-13
2015-0511-BLZ,Flood,Belize,,,,77.7865676599233,2015,2015-10-15,2015-10-19
2015-0512-KGZ,Earthquake,Kyrgyzstan,,,15427.0,77.7865676599233,2015,2015-11-17,2015-11-17
2015-0514-AUS,Wildfire,Australia,,154268.0,257114.0,77.7865676599233,2015,2015-11-25,2015-11-28
2015-0522-PER,Flood,Peru,,,,77.7865676599233,2015,2015-03-23,2015-03-23
2015-0524-IDN,Mass movement (wet),Indonesia,,,,77.7865676599233,2015,2015-12-03,2015-12-03
2015-0525-GBR,Storm,United Kingdom of Great Britain and Northern Ireland,,1136443.0,1542683.0,77.7865676599233,2015,2015-12-04,2015-12-06
2015-0525-IRL,Storm,Ireland,,,,77.7865676599233,2015,2015-12-06,2015-12-06
2015-0528-TJK,Earthquake,Tajikistan,,,6428.0,77.7865676599233,2015,2015-12-07,2015-12-07
2015-0529-MNG,Extreme temperature,Mongolia,,,,77.7865676599233,2015,,
2015-0530-LKA,Flood,Sri Lanka,,,,77.7865676599233,2015,2015-11-15,2015-12-04
2015-0531-USA,Storm,United States of America,,80348.0,179980.0,77.7865676599233,2015,2015-11-25,2015-12-04
2015-0532-ESP,Flood,Spain,,,,77.7865676599233,2015,2015-11-01,2015-11-03
2015-0532-ITA,Flood,Italy,,,,77.7865676599233,2015,2015-11-01,2015-11-13
2015-0532-PRT,Flood,Portugal,,,,77.7865676599233,2015,2015-11-01,2015-11-03
2015-0533-CHN,Flood,China,,,167124.0,77.7865676599233,2015,2015-11-10,2015-11-16
2015-0534-CHN,Storm,China,,,,77.7865676599233,2015,2015-11-22,2015-11-25
2015-0535-COD,Flood,Democratic Republic of the Congo,,,,77.7865676599233,2015,2015-12-11,2015-12-12
2015-0536-COD,Flood,Democratic Republic of the Congo,,,,77.7865676599233,2015,2015-11-19,2015-12-17
2015-0540-TZA,Epidemic,United Republic of Tanzania,,,,77.7865676599233,2015,2015-08-15,2018-01-07
2015-0541-TZA,Epidemic,United Republic of Tanzania,,,,77.7865676599233,2015,,
2015-0542-ALB,Flood,Albania,,,,77.7865676599233,2015,2015-11-21,2015-12-04
2015-0543-PHL,Storm,Philippines,,,173831.0,77.7865676599233,2015,2015-12-14,2015-12-15
2015-0544-SOM,Flood,Somalia,,,,77.7865676599233,2015,,
2015-0547-LKA,Flood,Sri Lanka,,,,77.7865676599233,2015,2015-09-15,2015-10-05
2015-0548-ETH,Flood,Ethiopia,,,,77.7865676599233,2015,,
2015-0549-COD,Flood,Democratic Republic of the Congo,,,,77.7865676599233,2015,2015-11-07,2015-11-23
2015-0550-ECU,Volcanic activity,Ecuador,,,,77.7865676599233,2015,2015-11-17,
2015-0551-ARG,Flood,Argentina,,,,77.7865676599233,2015,2015-12-20,2016-01-11
2015-0551-BRA,Flood,Brazil,,,,77.7865676599233,2015,2015-12-20,2015-12-26
2015-0551-PRY,Flood,Paraguay,,,,77.7865676599233,2015,,2016-01-27
2015-0551-URY,Flood,Uruguay,,,,77.7865676599233,2015,2015-12-20,2015-12-26
2015-0558-USA,Storm,United States of America,,1028455.0,2571138.0,77.7865676599233,2015,2015-12-26,2015-12-30
2015-0560-AUS,Wildfire,Australia,,,128557.0,77.7865676599233,2015,2015-12-19,2015-12-26
2015-0561-GBR,Flood,United Kingdom of Great Britain and Northern Ireland,,1285569.0,1542683.0,77.7865676599233,2015,2015-12-26,2015-12-26
2015-0564-KEN,Flood,Kenya,,,,77.7865676599233,2015,2015-12-01,2016-01-06
2015-0565-USA,Flood,United States of America,,257114.0,771341.0,77.7865676599233,2015,2015-12-15,2016-01-06
2015-0571-AFG,Earthquake,Afghanistan,,,,77.7865676599233,2015,2015-12-25,2015-12-25
2015-0571-PAK,Earthquake,Pakistan,,,,77.7865676599233,2015,2015-12-25,2015-12-25
2015-0575-JPN,Extreme temperature,Japan,,,,77.7865676599233,2015,2015-08-03,2015-08-09
2015-0576-AUS,Flood,Australia,,,514228.0,77.7865676599233,2015,2015-04-30,2015-05-03
2015-0577-POL,Extreme temperature,Poland,,,,77.7865676599233,2015,,
2015-0578-BDI,Flood,Burundi,,,16712.0,77.7865676599233,2015,,2016-02-01
2015-0579-AGO,Epidemic,Angola,,,,77.7865676599233,2015,2015-12-05,2016-10-20
2015-0580-GHA,Epidemic,Ghana,,,,77.7865676599233,2015,,2016-02-10
2015-0580-TGO,Epidemic,Togo,,,,77.7865676599233,2015,,
2015-0581-AFG,Flood,Afghanistan,,,,77.7865676599233,2015,2015-05-09,2015-05-09
2015-0598-ITA,Flood,Italy,,,142698.0,77.7865676599233,2015,2015-08-11,2015-08-12
2015-0600-IND,Storm,India,,,,77.7865676599233,2015,2015-05-19,2015-05-19
2015-0601-BGD,Storm,Bangladesh,,,,77.7865676599233,2015,2015-05-23,2015-05-23
2015-0604-IND,Storm,India,,,,77.7865676599233,2015,2015-10-03,2015-10-04
2015-0606-EGY,Storm,Egypt,,,,77.7865676599233,2015,2015-11-03,2015-11-04
2015-0608-TLS,Earthquake,Timor-Leste,,,5142.0,77.7865676599233,2015,2015-11-04,2015-11-04
2015-0610-JPN,Extreme temperature,Japan,,,,77.7865676599233,2015,2015-05-11,
2015-0611-JPN,Extreme temperature,Japan,,,,77.7865676599233,2015,2015-07-12,2015-07-15
2015-0613-USA,Wildfire,United States of America,,578506.0,514228.0,77.7865676599233,2015,2015-09-09,2015-09-14
2015-0619-KHM,Flood,Cambodia,,,,77.7865676599233,2015,2015-09-16,2015-09-16
2015-0620-KHM,Storm,Cambodia,,,,77.7865676599233,2015,2015-09-19,2015-09-20
2015-0620-THA,Storm,Thailand,,,721.0,77.7865676599233,2015,2015-09-15,2015-09-21
2015-0620-VNM,Storm,Viet Nam,,,280.0,77.7865676599233,2015,2015-09-14,2015-09-14
2015-0621-COL,Wildfire,Colombia,,,,77.7865676599233,2015,,
2015-9166-NER,Drought,Niger,,,,77.7865676599233,2015,,
2015-9210-USA,Drought,United States of America,,,5785060.0,77.7865676599233,2015,,
2015-9257-PRK,Drought,Democratic People's Republic of Korea,,,,77.7865676599233,2015,,
2015-9307-BWA,Drought,Botswana,,,56565.0,77.7865676599233,2015,,
2015-9328-CHN,Drought,China,,570793.0,3167642.0,77.7865676599233,2015,,
2015-9353-PAN,Drought,Panama,,,,77.7865676599233,2015,,
2015-9364-PHL,Drought,Philippines,,,108501.0,77.7865676599233,2015,,
2015-9372-COL,Drought,Colombia,,,,77.7865676599233,2015,,
2015-9372-CUB,Drought,Cuba,,,,77.7865676599233,2015,,
2015-9373-SDN,Drought,Sudan,,,,77.7865676599233,2015,,
2015-9410-PNG,Drought,Papua New Guinea,,,77134.0,77.7865676599233,2015,,
2015-9411-IDN,Drought,Indonesia,,,,77.7865676599233,2015,,
2015-9444-MWI,Drought,Malawi,,,,77.7865676599233,2015,,
2015-9483-FJI,Drought,Fiji,,,,77.7865676599233,2015,,
2015-9483-SLB,Drought,Solomon Islands,,,,77.7865676599233,2015,,
2015-9483-TON,Drought,Tonga,,,,77.7865676599233,2015,,
2015-9483-WSM,Drought,Samoa,,,,77.7865676599233,2015,,
2015-9496-MHL,Drought,Marshall Islands,,,6299.0,77.7865676599233,2015,,
2015-9500-ZAF,Drought,South Africa,,,321392.0,77.7865676599233,2015,,
2015-9505-NAM,Drought,Namibia,,,77134.0,77.7865676599233,2015,,
2015-9545-ETH,Drought,Ethiopia,,,1799797.0,77.7865676599233,2015,,
2015-9574-THA,Drought,Thailand,,,4242378.0,77.7865676599233,2015,,
2015-9575-GMB,Drought,Gambia,,,,77.7865676599233,2015,,
2015-9616-SOM,Drought,Somalia,,,,77.7865676599233,2015,,
2015-9617-VNM,Drought,Viet Nam,,,8677591.0,77.7865676599233,2015,,
2015-9618-IND,Drought,India,,514228.0,3856707.0,77.7865676599233,2015,,
2015-9621-PLW,Drought,Palau,,,,77.7865676599233,2015,,
2016-0001-POL,Extreme temperature,Poland,,,,78.7679229975209,2016,2016-01-02,2016-01-04
2016-0001-UKR,Extreme temperature,Ukraine,,,,78.7679229975209,2016,2016-01-01,2016-01-12
2016-0002-BGD,Earthquake,Bangladesh,,,,78.7679229975209,2016,2016-01-03,2016-01-03
2016-0002-IND,Earthquake,India,,,95216.0,78.7679229975209,2016,2016-01-03,2016-01-03
2016-0004-TON,Storm,Tonga,,,,78.7679229975209,2016,2016-01-02,2016-01-02
2016-0010-USA,Storm,United States of America,,304693.0,698254.0,78.7679229975209,2016,2016-01-23,2016-01-26
2016-0012-USA,Storm,United States of America,,82521.0,158694.0,78.7679229975209,2016,2016-01-04,2016-01-08
2016-0014-AUS,Wildfire,Australia,,63478.0,139651.0,78.7679229975209,2016,2016-01-05,2016-01-10
2016-0019-IDN,Earthquake,Indonesia,,,,78.7679229975209,2016,2016-01-16,2016-01-16
2016-0023-CHN,Extreme temperature,China,,,2031284.0,78.7679229975209,2016,2016-01-20,2016-01-26
2016-0023-JPN,Extreme temperature,Japan,,,,78.7679229975209,2016,2016-01-20,2016-01-26
2016-0023-KOR,Extreme temperature,Republic of Korea,,,161233.0,78.7679229975209,2016,2016-01-20,2016-01-26
2016-0023-THA,Extreme temperature,Thailand,,,,78.7679229975209,2016,2016-01-20,2016-01-26
2016-0023-TWN,Extreme temperature,Taiwan (Province of China),,,66017.0,78.7679229975209,2016,2016-01-20,2016-01-26
2016-0028-TZA,Flood,United Republic of Tanzania,,,,78.7679229975209,2016,2016-01-17,2016-01-18
2016-0032-ECU,Flood,Ecuador,,,12696.0,78.7679229975209,2016,2016-01-01,2016-01-25
2016-0033-BRA,Flood,Brazil,,,126955.0,78.7679229975209,2016,2016-01-09,2016-01-15
2016-0036-ZAF,Extreme temperature,South Africa,,,,78.7679229975209,2016,2016-01-01,2016-01-10
2016-0038-CHN,Flood,China,,,25391.0,78.7679229975209,2016,2016-01-26,2016-01-29
2016-0039-ECU,Flood,Ecuador,,,,78.7679229975209,2016,2016-01-24,2016-01-26
2016-0040-IDN,Flood,Indonesia,,,2539.0,78.7679229975209,2016,2016-02-07,2016-02-12
2016-0041-FJI,Storm,Fiji,,63478.0,761731.0,78.7679229975209,2016,2016-02-20,2016-02-21
2016-0041-TON,Storm,Tonga,,,,78.7679229975209,2016,2016-02-19,2016-02-19
2016-0043-TWN,Earthquake,Taiwan (Province of China),,469734.0,888687.0,78.7679229975209,2016,2016-02-06,2016-02-06
2016-0049-IND,Mass movement (wet),India,,,,78.7679229975209,2016,2016-02-03,2016-02-03
2016-0051-USA,Storm,United States of America,,,1523463.0,78.7679229975209,2016,2016-02-22,2016-02-25
2016-0053-HTI,Flood,Haiti,,,2539.0,78.7679229975209,2016,2016-02-28,2016-02-28
2016-0054-PER,Flood,Peru,,,2539.0,78.7679229975209,2016,2016-02-20,2016-02-25
2016-0056-AGO,Flood,Angola,,,,78.7679229975209,2016,2016-02-29,2016-03-01
2016-0057-IDN,Flood,Indonesia,,,,78.7679229975209,2016,2016-02-19,2016-02-24
2016-0057-MYS,Flood,Malaysia,,,,78.7679229975209,2016,2016-02-19,2016-02-24
2016-0060-TZA,Flood,United Republic of Tanzania,,,,78.7679229975209,2016,2016-02-10,2016-02-15
2016-0061-MAR,Extreme temperature,Morocco,,,,78.7679229975209,2016,2016-02-27,2016-02-27
2016-0076-SRB,Flood,Serbia,,,126955.0,78.7679229975209,2016,2016-03-06,2016-03-07
2016-0077-BRA,Flood,Brazil,,,126955.0,78.7679229975209,2016,2016-03-10,2016-03-11
2016-0085-USA,Storm,United States of America,,710949.0,2031284.0,78.7679229975209,2016,2016-03-04,2016-03-12
2016-0086-USA,Storm,United States of America,,1167988.0,1523463.0,78.7679229975209,2016,2016-03-17,2016-03-18
2016-0087-USA,Storm,United States of America,,2158239.0,2919970.0,78.7679229975209,2016,2016-03-22,2016-03-25
2016-0088-AGO,Flood,Angola,,,,78.7679229975209,2016,2016-03-03,2016-03-06
2016-0089-KEN,Flood,Kenya,,,,78.7679229975209,2016,2016-03-10,2016-03-10
2016-0092-IDN,Flood,Indonesia,,,,78.7679229975209,2016,2016-03-07,2016-03-08
2016-0094-IDN,Flood,Indonesia,,,,78.7679229975209,2016,2016-03-08,2016-03-13
2016-0095-CHN,Flood,China,,,215824.0,78.7679229975209,2016,2016-03-19,2016-03-22
2016-0096-NZL,Flood,New Zealand,,,31739.0,78.7679229975209,2016,2016-03-23,2016-03-24
2016-0100-PAK,Earthquake,Pakistan,,,,78.7679229975209,2016,2016-04-10,2016-04-10
2016-0101-ETH,Flood,Ethiopia,,,,78.7679229975209,2016,2016-04-02,2016-04-07
2016-0105-SAU,Flood,Saudi Arabia,,,,78.7679229975209,2016,2016-04-08,2016-04-15
2016-0107-JPN,Earthquake,Japan,,,48242988.0,78.7679229975209,2016,2016-04-14,2016-04-14
2016-0112-AFG,Flood,Afghanistan,,,,78.7679229975209,2016,2016-04-02,2016-04-08
2016-0112-PAK,Flood,Pakistan,,,,78.7679229975209,2016,2016-04-02,2016-04-08
2016-0115-URY,Flood,Uruguay,,,3809.0,78.7679229975209,2016,2016-04-12,2016-05-11
2016-0117-ECU,Earthquake,Ecuador,4245383.0,710949.0,2539105.0,78.7679229975209,2016,2016-04-16,2016-04-16
2016-0118-CHL,Flood,Chile,,,126955.0,78.7679229975209,2016,2016-04-15,2016-04-18
2016-0120-OMN,Flood,Oman,,,,78.7679229975209,2016,2016-04-08,2016-04-15
2016-0120-SAU,Flood,Saudi Arabia,,,,78.7679229975209,2016,2016-04-08,2016-04-10
2016-0120-YEM,Flood,Yemen,,,,78.7679229975209,2016,2016-04-13,2016-04-14
2016-0121-JPN,Earthquake,Japan,,6347762.0,25391047.0,78.7679229975209,2016,2016-04-16,2016-04-16
2016-0123-USA,Storm,United States of America,,3808657.0,4951254.0,78.7679229975209,2016,2016-04-10,2016-04-15
2016-0124-USA,Flood,United States of America,,1269552.0,2539105.0,78.7679229975209,2016,2016-04-16,2016-04-19
2016-0125-USA,Storm,United States of America,,2539105.0,3046926.0,78.7679229975209,2016,2016-04-25,2016-05-04
2016-0126-HTI,Flood,Haiti,,,,78.7679229975209,2016,2016-04-23,2016-04-24
2016-0127-ARG,Flood,Argentina,,63478.0,1269552.0,78.7679229975209,2016,2016-04-04,2016-04-15
2016-0128-RUS,Flood,Russian Federation,,,2539.0,78.7679229975209,2016,2016-04-16,2016-04-22
2016-0129-MWI,Flood,Malawi,,,,78.7679229975209,2016,2016-04-06,2016-04-11
2016-0129-SOM,Flood,Somalia,,,,78.7679229975209,2016,2016-04-06,2016-04-11
2016-0130-UGA,Flood,Uganda,,,3428.0,78.7679229975209,2016,2016-04-13,2016-04-18
2016-0131-AGO,Flood,Angola,,,,78.7679229975209,2016,2016-04-16,2016-04-22
2016-0133-IND,Extreme temperature,India,,,,78.7679229975209,2016,2016-04-01,2016-05-20
2016-0135-AFG,Flood,Afghanistan,,,,78.7679229975209,2016,2016-04-16,2016-04-17
2016-0137-CHN,Flood,China,,,123147.0,78.7679229975209,2016,2016-04-20,2016-04-28
2016-0138-MMR,Storm,Myanmar,,,2539.0,78.7679229975209,2016,2016-04-21,2016-04-23
2016-0139-IND,Flood,India,,,190433.0,78.7679229975209,2016,2016-04-22,2016-04-25
2016-0140-CHN,Storm,China,,,256450.0,78.7679229975209,2016,2016-04-24,2016-04-27
2016-0141-FJI,Storm,Fiji,,,,78.7679229975209,2016,2016-04-04,2016-04-07
2016-0141-TON,Storm,Tonga,,,,78.7679229975209,2016,2016-04-07,2016-04-07
2016-0148-UGA,Mass movement (wet),Uganda,,,,78.7679229975209,2016,2016-05-10,2016-05-10
2016-0149-RWA,Flood,Rwanda,,,,78.7679229975209,2016,,
2016-0150-USA,Storm,United States of America,,1015642.0,2158239.0,78.7679229975209,2016,2016-05-08,2016-05-11
2016-0151-ECU,Earthquake,Ecuador,,,,78.7679229975209,2016,2016-05-18,2016-05-18
2016-0153-LKA,Flood,Sri Lanka,,132033.0,1523463.0,78.7679229975209,2016,2016-05-14,2016-05-15
2016-0154-BGD,Storm,Bangladesh,,,,78.7679229975209,2016,2016-05-13,2016-05-15
2016-0156-IDN,Mass movement (wet),Indonesia,,,,78.7679229975209,2016,2016-05-15,2016-05-15
2016-0161-KEN,Flood,Kenya,,,,78.7679229975209,2016,2016-04-29,2016-05-02
2016-0162-CHN,Mass movement (wet),China,,,888687.0,78.7679229975209,2016,2016-05-04,2016-05-11
2016-0164-RWA,Mass movement (wet),Rwanda,,,,78.7679229975209,2016,2016-05-07,2016-05-08
2016-0165-HTI,Flood,Haiti,,,,78.7679229975209,2016,2016-05-02,2016-05-02
2016-0170-USA,Flood,United States of America,,,,78.7679229975209,2016,2016-04-30,2016-04-30
2016-0172-CAN,Wildfire,Canada,,3681702.0,5078209.0,78.7679229975209,2016,2016-05-01,2016-07-04
2016-0175-BGD,Storm,Bangladesh,,,761731.0,78.7679229975209,2016,2016-05-21,2016-05-21
2016-0179-AUT,Flood,Austria,,,,78.7679229975209,2016,2016-06-01,2016-06-01
2016-0179-BEL,Flood,Belgium,,,,78.7679229975209,2016,2016-06-02,2016-06-08
2016-0179-DEU,Flood,Germany,,1053728.0,2539105.0,78.7679229975209,2016,2016-05-31,2016-06-07
2016-0179-FRA,Flood,France,,1650418.0,3046926.0,78.7679229975209,2016,2016-05-31,2016-06-05
2016-0179-POL,Flood,Poland,,,,78.7679229975209,2016,2016-05-28,2016-05-28
2016-0179-ROU,Flood,Romania,,,,78.7679229975209,2016,2016-06-02,2016-06-02
2016-0181-USA,Storm,United States of America,,1015642.0,1396508.0,78.7679229975209,2016,2016-05-21,2016-05-28
2016-0183-USA,Flood,United States of America,,253910.0,380866.0,78.7679229975209,2016,2016-05-27,2016-06-02
2016-0184-DOM,Flood,Dominican Republic,,,,78.7679229975209,2016,2016-05-07,2016-05-08
2016-0184-HTI,Flood,Haiti,,,,78.7679229975209,2016,2016-05-07,2016-05-08
2016-0185-HTI,Flood,Haiti,,,,78.7679229975209,2016,2016-05-26,2016-05-31
2016-0186-ETH,Flood,Ethiopia,,,,78.7679229975209,2016,2016-05-09,2016-05-20
2016-0187-IND,Wildfire,India,,,,78.7679229975209,2016,2016-02-01,2016-05-02
2016-0187-NPL,Wildfire,Nepal,,,,78.7679229975209,2016,2016-02-01,2016-05-02
2016-0189-MMR,Storm,Myanmar,,,3301.0,78.7679229975209,2016,2016-04-29,2016-05-03
2016-0191-AFG,Flood,Afghanistan,,,,78.7679229975209,2016,2016-05-09,2016-05-12
2016-0191-TJK,Flood,Tajikistan,,,,78.7679229975209,2016,2016-05-09,2016-05-12
2016-0194-CHN,Flood,China,,,567490.0,78.7679229975209,2016,2016-05-18,2016-05-21
2016-0195-IND,Mass movement (wet),India,,,,78.7679229975209,2016,2016-05-22,2016-05-22
2016-0196-YEM,Mass movement (wet),Yemen,,,,78.7679229975209,2016,2016-05-22,2016-05-23
2016-0198-CHN,Flood,China,,,87599.0,78.7679229975209,2016,2016-05-21,2016-05-29
2016-0201-AUS,Storm,Australia,,393561.0,634776.0,78.7679229975209,2016,2016-06-04,2016-06-05
2016-0203-USA,Storm,United States of America,,253910.0,1269552.0,78.7679229975209,2016,2016-06-22,2016-06-24
2016-0206-USA,Wildfire,United States of America,,,190433.0,78.7679229975209,2016,2016-06-25,2016-06-26
2016-0209-CHN,Storm,China,,,383405.0,78.7679229975209,2016,2016-06-24,2016-06-24
2016-0211-BEL,Storm,Belgium,,,,78.7679229975209,2016,2016-06-23,2016-06-24
2016-0211-NLD,Storm,Netherlands (Kingdom of the),,669054.0,1071502.0,78.7679229975209,2016,2016-06-23,2016-06-24
2016-0212-GHA,Flood,Ghana,,,,78.7679229975209,2016,2016-06-10,2016-06-14
2016-0216-IDN,Mass movement (wet),Indonesia,,,31739.0,78.7679229975209,2016,2016-06-17,2016-06-21
2016-0219-NER,Flood,Niger,,,,78.7679229975209,2016,2016-06-20,
2016-0221-JPN,Flood,Japan,,,,78.7679229975209,2016,2016-06-20,2016-06-23
2016-0224-MMR,Mass movement (wet),Myanmar,,,,78.7679229975209,2016,2016-05-23,2016-05-23
2016-0227-RUS,Flood,Russian Federation,,,12696.0,78.7679229975209,2016,2016-06-04,2016-06-10
2016-0229-PAK,Storm,Pakistan,,,,78.7679229975209,2016,2016-06-01,2016-06-02
2016-0230-CHN,Storm,China,,,975016.0,78.7679229975209,2016,2016-06-02,2016-06-08
2016-0232-MMR,Flood,Myanmar,,,,78.7679229975209,2016,2016-06-01,2016-06-24
2016-0233-CHN,Flood,China,,,842983.0,78.7679229975209,2016,2016-06-09,2016-06-16
2016-0234-IND,Storm,India,,,,78.7679229975209,2016,2016-06-12,2016-06-12
2016-0235-CHN,Storm,China,,,634776.0,78.7679229975209,2016,2016-06-16,2016-06-23
2016-0236-CHN,Flood,China,,76173.0,3808657.0,78.7679229975209,2016,2016-06-18,2016-06-23
2016-0237-IND,Storm,India,,,,78.7679229975209,2016,2016-06-20,2016-06-21
2016-0238-CHN,Flood,China,,,856948.0,78.7679229975209,2016,2016-06-23,2016-06-30
2016-0239-IND,Flood,India,,,126955.0,78.7679229975209,2016,2016-06-25,2016-07-01
2016-0240-PAK,Flood,Pakistan,,,,78.7679229975209,2016,2016-07-03,2016-07-06
2016-0241-CHN,Flood,China,,548447.0,27930151.0,78.7679229975209,2016,2016-06-28,2016-07-13
2016-0243-CAN,Flood,Canada,,,,78.7679229975209,2016,2016-06-14,2016-06-21
2016-0244-TZA,Flood,United Republic of Tanzania,,,,78.7679229975209,2016,2016-04-22,2016-04-24
2016-0246-BOL,Flood,Bolivia (Plurinational State of),,,,78.7679229975209,2016,2016-02-28,2016-03-03
2016-0247-AGO,Flood,Angola,,,,78.7679229975209,2016,2016-03-01,2016-03-10
2016-0248-MOZ,Flood,Mozambique,,,,78.7679229975209,2016,2016-01-05,2016-01-29
2016-0250-CHN,Mass movement (wet),China,,,,78.7679229975209,2016,2016-07-01,2016-07-01
2016-0251-TJK,Earthquake,Tajikistan,,,,78.7679229975209,2016,2016-07-01,2016-07-01
2016-0255-CHN,Mass movement (wet),China,,,,78.7679229975209,2016,2016-07-07,2016-07-07
2016-0256-CHN,Storm,China,,,1918497.0,78.7679229975209,2016,2016-07-09,2016-07-09
2016-0256-PHL,Storm,Philippines,,,,78.7679229975209,2016,2016-07-08,2016-07-08
2016-0256-TWN,Storm,Taiwan (Province of China),,,,78.7679229975209,2016,2016-07-09,2016-07-09
2016-0257-CHN,Flood,China,,101564.0,5712985.0,78.7679229975209,2016,2016-07-18,2016-07-25
2016-0264-USA,Wildfire,United States of America,,,63478.0,78.7679229975209,2016,2016-07-24,2016-08-01
2016-0267-IND,Flood,India,,,190433.0,78.7679229975209,2016,2016-07-28,2016-07-30
2016-0267-NPL,Flood,Nepal,,,19043.0,78.7679229975209,2016,2016-07-25,2016-07-27
2016-0268-VNM,Storm,Viet Nam,,,242484.0,78.7679229975209,2016,2016-07-28,2016-07-28
2016-0269-NER,Flood,Niger,,,,78.7679229975209,2016,2016-06-01,2016-09-07
2016-0270-PAK,Flood,Pakistan,,,,78.7679229975209,2016,2016-07-30,2016-07-30
2016-0271-IND,Flood,India,,,444343.0,78.7679229975209,2016,2016-07-15,2016-09-12
2016-0272-MLI,Flood,Mali,,,,78.7679229975209,2016,2016-07-11,2016-07-23
2016-0274-SDN,Flood,Sudan,,,,78.7679229975209,2016,,2016-09-08
2016-0275-NPL,Flood,Nepal,,,,78.7679229975209,2016,2016-06-29,2016-07-05
2016-0276-IND,Flood,India,,,203128.0,78.7679229975209,2016,2016-07-09,2016-08-22
2016-0282-MKD,Flood,North Macedonia,,,63478.0,78.7679229975209,2016,2016-08-06,2016-08-07
2016-0284-BLZ,Storm,Belize,,,,78.7679229975209,2016,2016-08-04,2016-08-04
2016-0284-GTM,Storm,Guatemala,,,,78.7679229975209,2016,2016-08-06,2016-08-06
2016-0284-HND,Storm,Honduras,,,,78.7679229975209,2016,2016-08-06,2016-08-06
2016-0284-MEX,Storm,Mexico,,,,78.7679229975209,2016,2016-08-06,2016-08-07
2016-0285-PRT,Wildfire,Portugal,,,199320.0,78.7679229975209,2016,2016-08-08,2016-08-13
2016-0287-BFA,Flood,Burkina Faso,,,,78.7679229975209,2016,2016-06-21,2016-07-16
2016-0288-BGD,Flood,Bangladesh,,,190433.0,78.7679229975209,2016,2016-07-19,2016-08-02
2016-0289-SSD,Epidemic,South Sudan,,,,78.7679229975209,2016,,2017-01-20
2016-0292-USA,Flood,United States of America,,3173881.0,12695523.0,78.7679229975209,2016,2016-08-09,2016-08-16
2016-0295-RUS,Flood,Russian Federation,,,,78.7679229975209,2016,2016-08-15,2016-08-15
2016-0297-USA,Wildfire,United States of America,,,126955.0,78.7679229975209,2016,2016-08-13,2016-08-16
2016-0298-PER,Earthquake,Peru,,,,78.7679229975209,2016,2016-08-14,2016-08-14
2016-0300-CAF,Epidemic,Central African Republic,,,,78.7679229975209,2016,2016-07-05,2016-09-20
2016-0301-LBR,Flood,Liberia,,,,78.7679229975209,2016,2016-06-29,2016-07-12
2016-0302-SYC,Epidemic,Seychelles,,,,78.7679229975209,2016,,2016-07-12
2016-0304-IND,Flood,India,,,,78.7679229975209,2016,2016-08-01,2016-08-03
2016-0305-ZAF,Flood,South Africa,,185355.0,228519.0,78.7679229975209,2016,2016-07-25,2016-08-03
2016-0306-IDN,Flood,Indonesia,,,,78.7679229975209,2016,2016-07-11,2016-07-19
2016-0307-MYS,Flood,Malaysia,,,,78.7679229975209,2016,2016-07-18,2016-07-19
2016-0309-AFG,Flood,Afghanistan,,,,78.7679229975209,2016,2016-07-19,2016-07-19
2016-0313-ITA,Earthquake,Italy,,95216.0,6347762.0,78.7679229975209,2016,2016-08-24,2016-08-24
2016-0316-LAO,Flood,Lao People's Democratic Republic,,,63.0,78.7679229975209,2016,2016-08-11,2016-08-20
2016-0318-GTM,Mass movement (wet),Guatemala,,,,78.7679229975209,2016,2016-09-06,2016-09-07
2016-0319-MEX,Storm,Mexico,,,63478.0,78.7679229975209,2016,2016-09-06,2016-09-07
2016-0321-PRK,Flood,Democratic People's Republic of Korea,,,77443.0,78.7679229975209,2016,2016-08-29,2016-09-06
2016-0322-USA,Storm,United States of America,,342779.0,761731.0,78.7679229975209,2016,2016-09-01,2016-09-06
2016-0324-JPN,Storm,Japan,,,,78.7679229975209,2016,2016-09-04,2016-09-04
2016-0325-MEX,Flood,Mexico,,,,78.7679229975209,2016,2016-09-03,2016-09-06
2016-0327-SSD,Flood,South Sudan,,,,78.7679229975209,2016,2016-07-01,2016-08-31
2016-0329-TZA,Earthquake,United Republic of Tanzania,,,581455.0,78.7679229975209,2016,2016-09-10,2016-09-10
2016-0329-UGA,Earthquake,Uganda,,,,78.7679229975209,2016,2016-09-10,2016-09-10
2016-0331-USA,Flood,United States of America,,,698254.0,78.7679229975209,2016,2016-09-19,2016-09-23
2016-0332-MEX,Flood,Mexico,,,,78.7679229975209,2016,2016-09-14,2016-09-22
2016-0333-MEX,Flood,Mexico,,,31739.0,78.7679229975209,2016,2016-09-29,2016-10-05
2016-0334-GRC,Flood,Greece,,,71095.0,78.7679229975209,2016,2016-09-05,2016-09-08
2016-0335-MKD,Earthquake,North Macedonia,,,12696.0,78.7679229975209,2016,2016-09-11,2016-09-11
2016-0336-NGA,Storm,Nigeria,,,,78.7679229975209,2016,2016-08-14,2016-09-07
2016-0337-NGA,Flood,Nigeria,,,,78.7679229975209,2016,2016-09-01,2016-09-20
2016-0340-CHN,Storm,China,,,222172.0,78.7679229975209,2016,2016-09-08,2016-09-13
2016-0341-KOR,Earthquake,Republic of Korea,,,26661.0,78.7679229975209,2016,2016-09-12,2016-09-12
2016-0342-CHN,Storm,China,,128225.0,2919970.0,78.7679229975209,2016,2016-09-15,2016-09-15
2016-0342-PHL,Storm,Philippines,,,6237.0,78.7679229975209,2016,2016-09-16,2016-09-16
2016-0342-TWN,Storm,Taiwan (Province of China),,,88869.0,78.7679229975209,2016,2016-09-14,2016-09-14
2016-0344-SDN,Epidemic,Sudan,,,,78.7679229975209,2016,2016-09-19,2016-09-19
2016-0345-IDN,Flood,Indonesia,,,27930.0,78.7679229975209,2016,2016-09-20,2016-09-22
2016-0350-CHN,Storm,China,,,1053728.0,78.7679229975209,2016,2016-09-28,2016-09-28
2016-0350-TWN,Storm,Taiwan (Province of China),,,139651.0,78.7679229975209,2016,2016-09-27,2016-09-27
2016-0352-CIV,Flood,Côte d’Ivoire,,,,78.7679229975209,2016,2016-09-28,2016-09-28
2016-0355-BHS,Storm,Bahamas,,,761731.0,78.7679229975209,2016,2016-09-28,2016-10-10
2016-0355-CUB,Storm,Cuba,,,3300836.0,78.7679229975209,2016,2016-09-28,2016-10-07
2016-0355-DOM,Storm,Dominican Republic,,,,78.7679229975209,2016,2016-10-03,2016-10-04
2016-0355-HTI,Storm,Haiti,,,2539105.0,78.7679229975209,2016,2016-09-28,2016-10-07
2016-0355-JAM,Storm,Jamaica,,,,78.7679229975209,2016,2016-09-27,2016-10-03
2016-0355-LCA,Storm,Saint Lucia,,,,78.7679229975209,2016,2016-09-28,2016-09-28
2016-0355-USA,Storm,United States of America,,6347762.0,12695523.0,78.7679229975209,2016,2016-10-08,2016-10-12
2016-0355-VCT,Storm,Saint Vincent and the Grenadines,,,,78.7679229975209,2016,2016-09-28,2016-09-29
2016-0356-HND,Flood,Honduras,,,,78.7679229975209,2016,2016-10-18,2016-10-20
2016-0357-ITA,Earthquake,Italy,,,253910.0,78.7679229975209,2016,2016-10-26,2016-10-26
2016-0358-ITA,Earthquake,Italy,,,253910.0,78.7679229975209,2016,2016-10-30,2016-10-30
2016-0359-EGY,Storm,Egypt,,,31739.0,78.7679229975209,2016,2016-10-27,2016-10-29
2016-0360-THA,Flood,Thailand,,,152346.0,78.7679229975209,2016,2016-10-06,2016-10-16
2016-0361-JPN,Storm,Japan,,,,78.7679229975209,2016,2016-10-05,2016-10-06
2016-0361-KOR,Storm,Republic of Korea,,,159964.0,78.7679229975209,2016,2016-10-05,2016-10-12
2016-0362-VNM,Storm,Viet Nam,,,444343.0,78.7679229975209,2016,2016-10-13,2016-10-15
2016-0363-CHN,Storm,China,,,1129902.0,78.7679229975209,2016,2016-10-16,2016-10-19
2016-0363-PHL,Storm,Philippines,,,14587.0,78.7679229975209,2016,2016-10-16,2016-10-19
2016-0364-CHN,Storm,China,,,,78.7679229975209,2016,2016-10-19,2016-10-21
2016-0364-PHL,Storm,Philippines,,,64354.0,78.7679229975209,2016,2016-10-19,2016-10-21
2016-0369-MMR,Flood,Myanmar,,,2539.0,78.7679229975209,2016,,
2016-0371-CHN,Storm,China,,,156155.0,78.7679229975209,2016,2016-08-02,2016-08-02
2016-0371-PHL,Storm,Philippines,,,,78.7679229975209,2016,2016-07-29,2016-07-29
2016-0371-VNM,Storm,Viet Nam,,,182816.0,78.7679229975209,2016,2016-08-02,2016-08-02
2016-0373-CHN,Storm,China,,,29200.0,78.7679229975209,2016,2016-08-04,2016-08-07
2016-0375-PAK,Flood,Pakistan,,,,78.7679229975209,2016,2016-08-05,2016-08-08
2016-0376-CHN,Flood,China,,,165042.0,78.7679229975209,2016,2016-08-05,2016-08-10
2016-0377-PHL,Flood,Philippines,,,11832.0,78.7679229975209,2016,2016-08-08,2016-08-16
2016-0378-THA,Flood,Thailand,,,,78.7679229975209,2016,2016-08-15,2016-08-16
2016-0379-CHN,Storm,China,,,,78.7679229975209,2016,2016-08-18,2016-08-19
2016-0379-VNM,Storm,Viet Nam,,,199.0,78.7679229975209,2016,2016-08-18,2016-08-21
2016-0382-JPN,Storm,Japan,,,126955.0,78.7679229975209,2016,2016-08-22,2016-08-22
2016-0383-MMR,Earthquake,Myanmar,,,12696.0,78.7679229975209,2016,2016-08-24,2016-08-24
2016-0387-PAK,Flood,Pakistan,,,,78.7679229975209,2016,2016-08-27,2016-08-28
2016-0389-CHN,Flood,China,,,26661.0,78.7679229975209,2016,2016-09-18,2016-09-22
2016-0390-JPN,Storm,Japan,,,,78.7679229975209,2016,2016-09-20,2016-09-20
2016-0391-IND,Flood,India,,55860.0,747766.0,78.7679229975209,2016,2016-09-21,2016-09-29
2016-0392-SLB,Epidemic,Solomon Islands,,,,78.7679229975209,2016,2016-10-08,
2016-0394-GHA,Epidemic,Ghana,,,,78.7679229975209,2016,2016-10-21,
2016-0395-NZL,Earthquake,New Zealand,,2666060.0,4951254.0,78.7679229975209,2016,2016-11-14,2016-11-14
2016-0400-VNM,Flood,Viet Nam,,,132389.0,78.7679229975209,2016,2016-10-09,2016-10-16
2016-0404-HTI,Epidemic,Haiti,,,,78.7679229975209,2016,,
2016-0418-HTI,Flood,Haiti,,,,78.7679229975209,2016,2016-11-05,2016-11-10
2016-0419-COD,Epidemic,Democratic Republic of the Congo,,,,78.7679229975209,2016,,2016-05-11
2016-0420-ALB,Flood,Albania,,,,78.7679229975209,2016,2016-11-07,2016-11-10
2016-0423-DOM,Flood,Dominican Republic,,,,78.7679229975209,2016,2016-11-07,2016-11-10
2016-0424-MEX,Flood,Mexico,,,,78.7679229975209,2016,2016-11-03,2016-11-10
2016-0425-IDN,Flood,Indonesia,,,,78.7679229975209,2016,2016-10-23,2016-11-10
2016-0426-ROU,Flood,Romania,,,,78.7679229975209,2016,2016-10-09,2016-10-16
2016-0427-UKR,Flood,Ukraine,,,,78.7679229975209,2016,2016-10-12,2016-10-16
2016-0428-AUS,Flood,Australia,,,31739.0,78.7679229975209,2016,2016-09-10,2016-09-22
2016-0433-CRI,Storm,Costa Rica,,,,78.7679229975209,2016,2016-11-23,2016-11-25
2016-0433-NIC,Storm,Nicaragua,,,,78.7679229975209,2016,2016-11-17,2016-11-17
2016-0433-PAN,Storm,Panama,,,,78.7679229975209,2016,2016-11-21,2016-11-22
2016-0439-COD,Epidemic,Democratic Republic of the Congo,,,,78.7679229975209,2016,,2016-10-31
2016-0440-YEM,Epidemic,Yemen,,,,78.7679229975209,2016,2016-10-06,2017-01-11
2016-0442-ISR,Wildfire,Israel,,,660167.0,78.7679229975209,2016,2016-11-18,2016-11-26
2016-0444-MMR,Epidemic,Myanmar,,,,78.7679229975209,2016,2016-08-22,2016-08-22
2016-0445-PHL,Flood,Philippines,,,,78.7679229975209,2016,2016-08-18,2016-08-22
2016-0446-SRB,Flood,Serbia,,,,78.7679229975209,2016,2016-11-07,2016-11-07
2016-0447-NER,Epidemic,Niger,,,,78.7679229975209,2016,,2016-11-21
2016-0448-BEN,Epidemic,Benin,,,,78.7679229975209,2016,2016-08-16,2016-09-03
2016-0449-SEN,Flood,Senegal,,,,78.7679229975209,2016,,2016-09-11
2016-0451-COD,Flood,Democratic Republic of the Congo,,,,78.7679229975209,2016,2016-11-09,2016-11-09
2016-0453-ITA,Flood,Italy,,,126955.0,78.7679229975209,2016,2016-11-23,2016-11-25
2016-0456-PHL,Storm,Philippines,,,,78.7679229975209,2016,2016-11-23,2016-11-25
2016-0458-IDN,Earthquake,Indonesia,,,,78.7679229975209,2016,2016-08-01,2016-08-01
2016-0460-BDI,Epidemic,Burundi,,,,78.7679229975209,2016,2016-08-03,2016-09-08
2016-0461-HUN,Flood,Hungary,,,,78.7679229975209,2016,2016-06-21,2016-06-21
2016-0463-USA,Wildfire,United States of America,,761731.0,1523463.0,78.7679229975209,2016,,2016-12-31
2016-0464-PER,Earthquake,Peru,,,,78.7679229975209,2016,2016-12-01,2016-12-01
2016-0472-THA,Flood,Thailand,,,31739.0,78.7679229975209,2016,2016-12-01,2016-12-10
2016-0475-IDN,Earthquake,Indonesia,,,126955.0,78.7679229975209,2016,2016-12-07,2016-12-07
2016-0477-USA,Storm,United States of America,,253910.0,349127.0,78.7679229975209,2016,2016-11-26,2016-12-01
2016-0478-ZAF,Flood,South Africa,,,126955.0,78.7679229975209,2016,2016-11-09,2016-11-09
2016-0479-IDN,Flood,Indonesia,,,,78.7679229975209,2016,2016-11-13,2016-11-15
2016-0480-CHN,Earthquake,China,,,6983.0,78.7679229975209,2016,2016-11-25,2016-11-25
2016-0481-SAU,Storm,Saudi Arabia,,,63478.0,78.7679229975209,2016,2016-11-28,2016-11-29
2016-0482-ARM,Mass movement (wet),Armenia,,,,78.7679229975209,2016,2016-06-24,2016-06-24
2016-0483-SLB,Earthquake,Solomon Islands,,,,78.7679229975209,2016,2016-12-08,2016-12-08
2016-0485-IND,Storm,India,,253910.0,1269552.0,78.7679229975209,2016,2016-12-12,2016-12-14
2016-0489-MYS,Flood,Malaysia,,,,78.7679229975209,2016,2016-11-28,2016-12-07
2016-0490-PHL,Storm,Philippines,,,,78.7679229975209,2016,2016-09-28,2016-09-28
2016-0492-JPN,Earthquake,Japan,,,126955.0,78.7679229975209,2016,2016-10-21,2016-10-21
2016-0493-USA,Earthquake,United States of America,,,25391.0,78.7679229975209,2016,2016-11-07,2016-11-07
2016-0494-VCT,Flood,Saint Vincent and the Grenadines,,,8252.0,78.7679229975209,2016,2016-11-29,2016-11-29
2016-0496-ESP,Flood,Spain,,,63478.0,78.7679229975209,2016,2016-12-17,2016-12-19
2016-0497-VNM,Flood,Viet Nam,,,44434.0,78.7679229975209,2016,2016-12-12,2016-12-20
2016-0503-PHL,Storm,Philippines,,,131603.0,78.7679229975209,2016,2016-12-25,2016-12-26
2016-0507-COD,Flood,Democratic Republic of the Congo,,,,78.7679229975209,2016,2016-12-27,2016-12-28
2016-0509-MNG,Extreme temperature,Mongolia,,,,78.7679229975209,2016,2016-12-23,2017-01-04
2016-0513-SGP,Epidemic,Singapore,,,,78.7679229975209,2016,2016-01-01,2016-01-31
2016-0514-VNM,Epidemic,Viet Nam,,,,78.7679229975209,2016,2016-01-01,2016-09-30
2016-0515-AUS,Epidemic,Australia,,,,78.7679229975209,2016,2016-01-01,2016-01-30
2016-0516-MYS,Flood,Malaysia,,,167581.0,78.7679229975209,2016,2016-12-26,2017-01-23
2016-0517-VNM,Flood,Viet Nam,,,27930.0,78.7679229975209,2016,2016-10-30,2016-11-05
2016-0518-BRA,Epidemic,Brazil,,,,78.7679229975209,2016,2016-12-18,2017-04-01
2016-0518-COL,Epidemic,Colombia,,,,78.7679229975209,2016,,2017-01-10
2016-0518-PER,Epidemic,Peru,,,,78.7679229975209,2016,,2017-01-04
2016-0519-ARG,Flood,Argentina,,,2539.0,78.7679229975209,2016,2016-12-25,2016-12-26
2016-0521-USA,Storm,United States of America,,,126955.0,78.7679229975209,2016,2016-12-13,2016-12-19
2016-0522-BOL,Flood,Bolivia (Plurinational State of),,,,78.7679229975209,2016,2016-11-26,2016-12-05
2016-0522-COL,Flood,Colombia,,,,78.7679229975209,2016,2016-11-26,2016-12-05
2016-0522-VEN,Flood,Venezuela (Bolivarian Republic of),,,,78.7679229975209,2016,2016-11-26,2016-12-05
2016-0523-ZWE,Storm,Zimbabwe,,,,78.7679229975209,2016,2016-12-09,2016-12-14
2016-0525-IDN,Flood,Indonesia,,,12696.0,78.7679229975209,2016,2016-11-30,2016-12-07
2016-0526-CHN,Earthquake,China,,,171390.0,78.7679229975209,2016,2016-12-08,2016-12-08
2016-0527-IDN,Flood,Indonesia,,,93947.0,78.7679229975209,2016,2016-12-21,2016-12-26
2016-0528-VUT,Epidemic,Vanuatu,,,,78.7679229975209,2016,2016-11-30,2017-03-19
2016-0529-MOZ,Flood,Mozambique,,,,78.7679229975209,2016,,
2016-0531-PRK,Flood,Democratic People's Republic of Korea,,,,78.7679229975209,2016,2016-07-22,2016-07-24
2016-0532-MEX,Flood,Mexico,,,,78.7679229975209,2016,2016-02-03,2016-02-06
2016-0533-COL,Flood,Colombia,,,,78.7679229975209,2016,2016-10-18,2016-10-22
2016-0536-CHN,Earthquake,China,,,76173.0,78.7679229975209,2016,2016-05-18,2016-05-18
2016-0537-PHL,Earthquake,Philippines,,,,78.7679229975209,2016,2016-03-30,2016-03-30
2016-0538-JPN,Extreme temperature,Japan,,,,78.7679229975209,2016,2016-08-06,2016-08-08
2016-0544-IRN,Storm,Iran (Islamic Republic of),,,,78.7679229975209,2016,2016-09-01,2016-09-02
2016-0546-MOZ,Storm,Mozambique,,,1904.0,78.7679229975209,2016,2016-10-24,2016-10-24
2016-0547-NGA,Epidemic,Nigeria,,,,78.7679229975209,2016,,2017-07-17
2016-0548-SOM,Epidemic,Somalia,,,,78.7679229975209,2016,,
2016-0550-USA,Storm,United States of America,,1015642.0,,78.7679229975209,2016,2016-04-24,2016-04-28
2016-0552-USA,Flood,United States of America,,422761.0,2919970.0,78.7679229975209,2016,2016-03-08,2016-03-13
2016-0553-PAK,Flood,Pakistan,,,2539.0,78.7679229975209,2016,2016-03-09,2016-03-29
2016-0554-IND,Flood,India,,,,78.7679229975209,2016,2016-07-17,2016-07-19
2016-0554-PAK,Flood,Pakistan,,,,78.7679229975209,2016,2016-08-06,2016-08-07
2016-0573-VNM,Flood,Viet Nam,,,,78.7679229975209,2016,2016-08-12,2016-08-14
2016-0575-SSD,Epidemic,South Sudan,,,,78.7679229975209,2016,2016-08-15,2016-08-15
2016-0576-NGA,Epidemic,Nigeria,,,,78.7679229975209,2016,2016-12-04,2017-11-10
2016-0579-PNG,Flood,Papua New Guinea,,,,78.7679229975209,2016,,
2016-9020-MDG,Drought,Madagascar,,,,78.7679229975209,2016,,
2016-9050-LSO,Drought,Lesotho,,,,78.7679229975209,2016,,
2016-9052-HTI,Drought,Haiti,,,106642.0,78.7679229975209,2016,,
2016-9065-SSD,Drought,South Sudan,,,,78.7679229975209,2016,,
2016-9119-TLS,Drought,Timor-Leste,,,,78.7679229975209,2016,,
2016-9122-MOZ,Drought,Mozambique,,,,78.7679229975209,2016,,
2016-9225-KHM,Drought,Cambodia,,,,78.7679229975209,2016,,
2016-9249-PRY,Drought,Paraguay,,,,78.7679229975209,2016,,
2016-9291-SWZ,Drought,Eswatini,,,,78.7679229975209,2016,,
2016-9369-CHN,Drought,China,,1396508.0,3808657.0,78.7679229975209,2016,,
2016-9435-BOL,Drought,Bolivia (Plurinational State of),,,571299.0,78.7679229975209,2016,,
2016-9452-KEN,Drought,Kenya,,,,78.7679229975209,2016,,
2016-9495-FSM,Drought,Micronesia (Federated States of),,,,78.7679229975209,2016,,
2016-9529-LKA,Drought,Sri Lanka,,,25391.0,78.7679229975209,2016,,
2017-0002-CHL,Wildfire,Chile,,205107.0,683690.0,80.4457792619455,2017,2017-01-15,2017-03-16
2017-0006-THA,Flood,Thailand,,,1243073.0,80.4457792619455,2017,2017-01-01,2017-01-31
2017-0010-ALB,Extreme temperature,Albania,,,,80.4457792619455,2017,2017-01-20,2017-01-20
2017-0010-BLR,Extreme temperature,Belarus,,,,80.4457792619455,2017,2017-01-05,2017-01-20
2017-0010-GRC,Extreme temperature,Greece,,,,80.4457792619455,2017,2017-01-20,2017-01-20
2017-0010-MKD,Extreme temperature,North Macedonia,,,,80.4457792619455,2017,2017-01-05,2017-01-20
2017-0010-SRB,Extreme temperature,Serbia,,,,80.4457792619455,2017,2017-01-20,2017-01-20
2017-0010-UKR,Extreme temperature,Ukraine,,,,80.4457792619455,2017,,2017-01-13
2017-0015-ITA,Earthquake,Italy,,7458.0,22375.0,80.4457792619455,2017,2017-01-18,2017-01-19
2017-0022-USA,Storm,United States of America,,994459.0,1367381.0,80.4457792619455,2017,2017-01-18,2017-01-23
2017-0025-PAK,Mass movement (wet),Pakistan,,,,80.4457792619455,2017,2017-02-04,2017-02-04
2017-0026-AFG,Mass movement (wet),Afghanistan,,,,80.4457792619455,2017,2017-02-05,2017-02-05
2017-0027-AFG,Mass movement (wet),Afghanistan,,,,80.4457792619455,2017,2017-02-05,2017-02-05
2017-0028-PHL,Flood,Philippines,,,10069.0,80.4457792619455,2017,2017-01-16,2017-01-31
2017-0031-ARG,Mass movement (wet),Argentina,,,,80.4457792619455,2017,2017-01-10,2017-01-10
2017-0032-MAR,Extreme temperature,Morocco,,,,80.4457792619455,2017,2017-01-15,2017-02-26
2017-0033-DZA,Extreme temperature,Algeria,,,,80.4457792619455,2017,2017-01-16,2017-01-20
2017-0034-TJK,Mass movement (wet),Tajikistan,,,,80.4457792619455,2017,2017-01-27,2017-01-28
2017-0036-PER,Flood,Peru,,,124307.0,80.4457792619455,2017,2017-01-14,2017-02-01
2017-0038-AFG,Storm,Afghanistan,,,,80.4457792619455,2017,2017-01-24,2017-01-25
2017-0039-USA,Storm,United States of America,,248615.0,497229.0,80.4457792619455,2017,2017-01-06,2017-01-13
2017-0044-CHN,Mass movement (wet),China,,,,80.4457792619455,2017,2017-01-20,2017-01-20
2017-0045-PAK,Flood,Pakistan,,,,80.4457792619455,2017,2017-01-17,2017-01-22
2017-0046-IND,Mass movement (wet),India,,,,80.4457792619455,2017,2017-01-25,2017-01-26
2017-0049-PYF,Flood,French Polynesia,,,2486.0,80.4457792619455,2017,2017-01-20,2017-01-23
2017-0050-PHL,Earthquake,Philippines,,,17371.0,80.4457792619455,2017,2017-02-10,2017-02-10
2017-0051-MOZ,Storm,Mozambique,,,21132.0,80.4457792619455,2017,2017-02-15,2017-02-15
2017-0052-PER,Flood,Peru,,,,80.4457792619455,2017,2017-02-01,2017-02-07
2017-0053-GIN,Epidemic,Guinea,,,,80.4457792619455,2017,,
2017-0054-MAR,Extreme temperature,Morocco,,,,80.4457792619455,2017,2017-02-27,2017-02-27
2017-0055-CHL,Flood,Chile,,,2486.0,80.4457792619455,2017,2017-02-24,2017-03-03
2017-0058-USA,Flood,United States of America,,,,80.4457792619455,2017,2017-02-22,2017-02-22
2017-0059-IDN,Flood,Indonesia,,,,80.4457792619455,2017,2017-02-21,2017-02-21
2017-0062-USA,Storm,United States of America,,248615.0,1864610.0,80.4457792619455,2017,2017-02-08,2017-02-21
2017-0068-IDN,Mass movement (wet),Indonesia,,,2486.0,80.4457792619455,2017,2017-02-09,2017-02-12
2017-0070-USA,Storm,United States of America,,1740303.0,2361839.0,80.4457792619455,2017,2017-02-27,2017-03-02
2017-0071-AFG,Storm,Afghanistan,,,,80.4457792619455,2017,2017-02-17,2017-02-19
2017-0072-AUS,Wildfire,Australia,,18646.0,24861.0,80.4457792619455,2017,2017-02-09,2017-02-13
2017-0075-MDG,Storm,Madagascar,,,24861.0,80.4457792619455,2017,2017-03-07,2017-03-10
2017-0079-BWA,Flood,Botswana,,,,80.4457792619455,2017,2017-02-18,2017-02-23
2017-0080-BDI,Mass movement (wet),Burundi,,,,80.4457792619455,2017,2017-03-16,2017-03-22
2017-0083-GHA,Storm,Ghana,,,,80.4457792619455,2017,2017-03-19,2017-03-19
2017-0084-PER,Flood,Peru,,472368.0,3853527.0,80.4457792619455,2017,2017-03-15,2017-03-19
2017-0086-FRA,Storm,France,,423888.0,683690.0,80.4457792619455,2017,2017-03-06,2017-03-07
2017-0087-RWA,Storm,Rwanda,,,,80.4457792619455,2017,2017-04-01,2017-04-01
2017-0090-COL,Mass movement (wet),Colombia,,,124307.0,80.4457792619455,2017,2017-03-31,2017-04-01
2017-0091-ZWE,Storm,Zimbabwe,,,234941.0,80.4457792619455,2017,,
2017-0093-SOM,Epidemic,Somalia,,,,80.4457792619455,2017,,
2017-0094-CAF,Storm,Central African Republic,,,,80.4457792619455,2017,,2017-04-03
2017-0096-IRN,Flood,Iran (Islamic Republic of),,,438805.0,80.4457792619455,2017,2017-04-15,2017-04-16
2017-0102-IDN,Mass movement (wet),Indonesia,,,13674.0,80.4457792619455,2017,2017-04-01,2017-04-01
2017-0104-ARG,Flood,Argentina,,,,80.4457792619455,2017,2017-03-27,2017-04-07
2017-0105-AUS,Storm,Australia,,1740303.0,3356298.0,80.4457792619455,2017,2017-03-27,2017-04-06
2017-0106-NAM,Flood,Namibia,,,,80.4457792619455,2017,,
2017-0108-USA,Storm,United States of America,,,1243073.0,80.4457792619455,2017,2017-03-13,2017-03-15
2017-0109-AGO,Flood,Angola,,,2486.0,80.4457792619455,2017,2017-03-21,2017-04-08
2017-0110-CHN,Storm,China,,,34806.0,80.4457792619455,2017,2017-03-01,2017-03-01
2017-0111-IDN,Flood,Indonesia,,,23618.0,80.4457792619455,2017,2017-03-03,2017-03-03
2017-0113-CHN,Earthquake,China,,,38535.0,80.4457792619455,2017,2017-03-26,2017-03-26
2017-0118-NER,Epidemic,Niger,,,,80.4457792619455,2017,2017-01-01,2017-03-31
2017-0119-COL,Mass movement (wet),Colombia,,,2486.0,80.4457792619455,2017,2017-04-17,2017-04-21
2017-0123-MWI,Flood,Malawi,,,,80.4457792619455,2017,2017-04-19,2017-05-03
2017-0124-CHN,Earthquake,China,,,2486.0,80.4457792619455,2017,2017-05-11,2017-05-11
2017-0126-CAN,Flood,Canada,,113120.0,248615.0,80.4457792619455,2017,2017-05-05,2017-05-20
2017-0136-USA,Flood,United States of America,,994459.0,2113225.0,80.4457792619455,2017,2017-04-28,2017-05-01
2017-0137-DOM,Storm,Dominican Republic,,,,80.4457792619455,2017,2017-04-20,2017-04-23
2017-0137-HTI,Storm,Haiti,,,,80.4457792619455,2017,2017-04-20,2017-04-23
2017-0137-JAM,Storm,Jamaica,,,,80.4457792619455,2017,2017-04-20,2017-04-23
2017-0138-BGD,Flood,Bangladesh,,,159113.0,80.4457792619455,2017,2017-03-28,2017-04-15
2017-0139-BGD,Storm,Bangladesh,,,,80.4457792619455,2017,2017-05-01,2017-05-01
2017-0140-PHL,Earthquake,Philippines,,,2486.0,80.4457792619455,2017,2017-04-08,2017-04-08
2017-0142-PHL,Storm,Philippines,,,2486.0,80.4457792619455,2017,2017-04-15,2017-04-15
2017-0143-CHN,Storm,China,,,248615.0,80.4457792619455,2017,2017-04-15,2017-04-17
2017-0144-IND,Extreme temperature,India,,,,80.4457792619455,2017,2017-04-12,2017-06-15
2017-0145-PAK,Storm,Pakistan,,,,80.4457792619455,2017,2017-04-22,2017-04-22
2017-0146-KGZ,Mass movement (wet),Kyrgyzstan,,,,80.4457792619455,2017,2017-04-29,2017-04-29
2017-0147-IDN,Flood,Indonesia,,,,80.4457792619455,2017,2017-04-29,2017-04-29
2017-0151-RUS,Storm,Russian Federation,,,2486.0,80.4457792619455,2017,2017-05-29,2017-05-29
2017-0152-BGD,Storm,Bangladesh,,,,80.4457792619455,2017,2017-05-30,2017-05-30
2017-0152-IND,Storm,India,,,,80.4457792619455,2017,2017-05-30,2017-05-31
2017-0152-MMR,Storm,Myanmar,,,,80.4457792619455,2017,2017-06-01,2017-06-09
2017-0153-LKA,Flood,Sri Lanka,,41021.0,483556.0,80.4457792619455,2017,2017-05-25,2017-05-31
2017-0168-MEX,Storm,Mexico,,,,80.4457792619455,2017,2017-06-01,2017-06-03
2017-0169-CHN,Flood,China,,,133009.0,80.4457792619455,2017,2017-05-31,2017-06-05
2017-0169-TWN,Flood,Taiwan (Province of China),,,34930.0,80.4457792619455,2017,2017-05-31,2017-06-05
2017-0174-BGD,Mass movement (wet),Bangladesh,,,,80.4457792619455,2017,2017-06-12,2017-06-14
2017-0176-PRT,Wildfire,Portugal,702336.0,23618.0,288393.0,80.4457792619455,2017,2017-06-17,2017-06-21
2017-0177-IDN,Flood,Indonesia,,,,80.4457792619455,2017,2017-06-01,2017-06-03
2017-0178-ZAF,Storm,South Africa,,180246.0,351790.0,80.4457792619455,2017,2017-06-07,2017-06-08
2017-0180-IND,Flood,India,,,,80.4457792619455,2017,2017-06-04,2017-06-06
2017-0181-PAK,Storm,Pakistan,,,,80.4457792619455,2017,2017-06-10,2017-06-10
2017-0182-GRC,Earthquake,Greece,,,,80.4457792619455,2017,2017-06-12,2017-06-12
2017-0184-CIV,Flood,Côte d’Ivoire,,,,80.4457792619455,2017,2017-06-10,2017-06-21
2017-0185-CHL,Flood,Chile,,,,80.4457792619455,2017,2017-06-16,2017-06-17
2017-0186-NER,Flood,Niger,,,,80.4457792619455,2017,2017-06-13,2017-06-19
2017-0187-CHN,Flood,China,,,115606.0,80.4457792619455,2017,2017-06-15,2017-06-21
2017-0190-GTM,Mass movement (wet),Guatemala,,,,80.4457792619455,2017,2017-06-20,2017-06-20
2017-0195-ARG,Flood,Argentina,,,,80.4457792619455,2017,2017-05-29,2017-06-14
2017-0195-URY,Flood,Uruguay,,,,80.4457792619455,2017,2017-05-29,2017-06-14
2017-0196-GTM,Flood,Guatemala,,,,80.4457792619455,2017,2017-06-10,2017-06-11
2017-0196-HND,Flood,Honduras,,,,80.4457792619455,2017,2017-06-10,2017-06-11
2017-0201-CHN,Mass movement (wet),China,,,,80.4457792619455,2017,2017-06-23,2017-06-23
2017-0202-BRA,Flood,Brazil,,,124307.0,80.4457792619455,2017,2017-05-26,2017-06-10
2017-0203-USA,Storm,United States of America,,3107683.0,3853527.0,80.4457792619455,2017,2017-05-09,2017-05-11
2017-0204-IRN,Earthquake,Iran (Islamic Republic of),,,2486.0,80.4457792619455,2017,2017-05-13,2017-05-13
2017-0205-KEN,Flood,Kenya,241156.0,,,80.4457792619455,2017,2017-05-08,2017-05-16
2017-0205-TZA,Flood,United Republic of Tanzania,241156.0,,,80.4457792619455,2017,2017-05-08,2017-05-16
2017-0206-IDN,Flood,Indonesia,,,2486.0,80.4457792619455,2017,2017-05-12,2017-05-15
2017-0209-HTI,Flood,Haiti,,,,80.4457792619455,2017,2017-05-17,2017-05-19
2017-0214-CHN,Storm,China,,,75827.0,80.4457792619455,2017,2017-05-20,2017-05-24
2017-0215-COL,Flood,Colombia,,,2486.0,80.4457792619455,2017,2017-03-17,2017-03-27
2017-0216-GUY,Flood,Guyana,,,,80.4457792619455,2017,2017-05-20,2017-05-25
2017-0217-ZAF,Flood,South Africa,,,,80.4457792619455,2017,2017-05-14,2017-05-19
2017-0218-CHL,Flood,Chile,,,,80.4457792619455,2017,2017-05-11,2017-05-15
2017-0220-KAZ,Flood,Kazakhstan,,,,80.4457792619455,2017,2017-04-14,2017-04-21
2017-0221-ARG,Flood,Argentina,,,,80.4457792619455,2017,2017-04-05,2017-04-21
2017-0222-NZL,Flood,New Zealand,,80800.0,88258.0,80.4457792619455,2017,2017-04-05,2017-04-21
2017-0223-COL,Flood,Colombia,,,,80.4457792619455,2017,2017-02-23,2017-03-03
2017-0224-MYS,Flood,Malaysia,,,,80.4457792619455,2017,2017-01-23,2017-02-07
2017-0225-COL,Flood,Colombia,,,,80.4457792619455,2017,2017-01-05,2017-02-07
2017-0226-PHL,Flood,Philippines,,,,80.4457792619455,2017,2017-02-01,2017-02-07
2017-0227-HND,Flood,Honduras,,,,80.4457792619455,2017,2017-01-07,2017-01-21
2017-0228-ESP,Wildfire,Spain,,,,80.4457792619455,2017,2017-06-24,2017-06-28
2017-0230-HUN,Storm,Hungary,,,,80.4457792619455,2017,2017-06-21,2017-06-21
2017-0231-VUT,Storm,Vanuatu,,,,80.4457792619455,2017,2017-05-07,2017-05-12
2017-0232-RUS,Flood,Russian Federation,,,,80.4457792619455,2017,2017-05-10,2017-05-23
2017-0234-USA,Storm,United States of America,,1367381.0,1740303.0,80.4457792619455,2017,2017-06-25,2017-06-29
2017-0243-PAK,Flood,Pakistan,,,136738.0,80.4457792619455,2017,2017-06-26,2017-09-11
2017-0245-CHN,Flood,China,,310768.0,7458440.0,80.4457792619455,2017,2017-06-22,2017-07-07
2017-0246-JPN,Flood,Japan,,174030.0,870151.0,80.4457792619455,2017,2017-07-06,2017-07-07
2017-0247-PHL,Earthquake,Philippines,6588.0,,5425.0,80.4457792619455,2017,2017-07-06,2017-07-06
2017-0251-TJK,Flood,Tajikistan,,,,80.4457792619455,2017,2017-06-26,2017-06-26
2017-0252-USA,Wildfire,United States of America,,,,80.4457792619455,2017,2017-07-06,2017-07-10
2017-0253-USA,Storm,United States of America,,1864610.0,2486147.0,80.4457792619455,2017,2017-06-09,2017-06-12
2017-0254-CHN,Flood,China,,,142953.0,80.4457792619455,2017,2017-06-08,2017-06-12
2017-0256-NPL,Mass movement (wet),Nepal,,,,80.4457792619455,2017,2017-06-30,2017-07-05
2017-0257-IND,Flood,India,,,,80.4457792619455,2017,2017-06-01,2017-06-30
2017-0259-VNM,Flood,Viet Nam,,,441.0,80.4457792619455,2017,2017-06-27,2017-07-05
2017-0261-CHN,Flood,China,,,344331.0,80.4457792619455,2017,2017-07-06,2017-07-09
2017-0264-CHN,Flood,China,,,180246.0,80.4457792619455,2017,2017-07-08,2017-07-11
2017-0265-IND,Storm,India,,,,80.4457792619455,2017,2017-07-08,2017-07-11
2017-0266-IND,Mass movement (wet),India,,,,80.4457792619455,2017,2017-07-11,2017-07-11
2017-0270-VNM,Flood,Viet Nam,,,1616.0,80.4457792619455,2017,2017-07-07,2017-07-10
2017-0271-CAN,Wildfire,Canada,96960.0,,,80.4457792619455,2017,2017-07-07,2017-09-15
2017-0272-NGA,Flood,Nigeria,6340.0,,,80.4457792619455,2017,2017-07-08,2017-07-09
2017-0279-YEM,Epidemic,Yemen,,,,80.4457792619455,2017,2017-04-27,2017-06-03
2017-0280-GRC,Earthquake,Greece,,,,80.4457792619455,2017,2017-07-21,2017-07-21
2017-0280-TUR,Earthquake,Türkiye,,,,80.4457792619455,2017,2017-07-21,2017-07-21
2017-0281-CHN,Storm,China,,,4475.0,80.4457792619455,2017,2017-07-16,2017-07-17
2017-0281-LAO,Storm,Lao People's Democratic Republic,,,,80.4457792619455,2017,2017-07-17,2017-07-19
2017-0281-THA,Storm,Thailand,,,,80.4457792619455,2017,2017-07-17,2017-07-19
2017-0281-VNM,Storm,Viet Nam,,,88258.0,80.4457792619455,2017,2017-07-17,2017-07-18
2017-0282-USA,Flood,United States of America,,,,80.4457792619455,2017,2017-07-15,2017-07-15
2017-0284-CHN,Storm,China,,,4226449.0,80.4457792619455,2017,2017-07-13,2017-07-17
2017-0286-CHN,Storm,China,,,94474.0,80.4457792619455,2017,2017-07-14,2017-07-21
2017-0287-CHN,Flood,China,,,45994.0,80.4457792619455,2017,2017-07-17,2017-07-20
2017-0288-AFG,Flood,Afghanistan,,,,80.4457792619455,2017,2017-07-17,2017-07-17
2017-0289-IND,Flood,India,,,,80.4457792619455,2017,2017-06-25,2017-07-24
2017-0290-IND,Flood,India,,,,80.4457792619455,2017,,
2017-0292-FRA,Wildfire,France,,,,80.4457792619455,2017,2017-07-24,2017-07-25
2017-0294-IND,Flood,India,,,310768.0,80.4457792619455,2017,,
2017-0297-HRV,Wildfire,Croatia,,,,80.4457792619455,2017,2017-07-16,2017-07-18
2017-0297-MNE,Wildfire,Montenegro,,,,80.4457792619455,2017,2017-07-16,2017-07-18
2017-0304-GIN,Flood,Guinea,,,,80.4457792619455,2017,2017-07-04,2017-07-04
2017-0305-NER,Epidemic,Niger,,,,80.4457792619455,2017,2017-06-29,2017-06-29
2017-0306-GHA,Flood,Ghana,,,,80.4457792619455,2017,2017-04-01,2017-07-21
2017-0307-LKA,Epidemic,Sri Lanka,,,,80.4457792619455,2017,2017-01-01,2017-10-09
2017-0310-DEU,Flood,Germany,,,,80.4457792619455,2017,2017-07-24,2017-07-27
2017-0311-MMR,Flood,Myanmar,,,,80.4457792619455,2017,2017-07-02,2017-07-25
2017-0315-NGA,Epidemic,Nigeria,,,,80.4457792619455,2017,2017-05-03,2017-07-02
2017-0316-THA,Flood,Thailand,,38535.0,381624.0,80.4457792619455,2017,2017-07-05,2017-08-02
2017-0318-NGA,Epidemic,Nigeria,,,,80.4457792619455,2017,2017-06-07,2017-08-03
2017-0319-NZL,Storm,New Zealand,,,24861.0,80.4457792619455,2017,2017-07-21,2017-07-23
2017-0320-FRA,Flood,France,,,,80.4457792619455,2017,2017-06-13,2017-06-15
2017-0321-NPL,Flood,Nepal,,,,80.4457792619455,2017,2017-06-30,2017-07-03
2017-0326-CHN,Storm,China,,,70855.0,80.4457792619455,2017,2017-08-03,2017-08-03
2017-0326-PHL,Storm,Philippines,,,217.0,80.4457792619455,2017,2017-07-25,2017-07-27
2017-0326-TWN,Storm,Taiwan (Province of China),,,21381.0,80.4457792619455,2017,2017-07-29,2017-07-31
2017-0327-JPN,Storm,Japan,,,2486.0,80.4457792619455,2017,2017-08-05,2017-08-07
2017-0328-AUT,Storm,Austria,,14917.0,146683.0,80.4457792619455,2017,2017-08-05,2017-08-09
2017-0328-ITA,Storm,Italy,,,4351.0,80.4457792619455,2017,2017-08-05,2017-08-06
2017-0329-TUN,Wildfire,Tunisia,,,,80.4457792619455,2017,2017-07-29,2017-08-07
2017-0331-CHN,Earthquake,China,,,621537.0,80.4457792619455,2017,2017-08-08,2017-08-08
2017-0332-CHN,Mass movement (wet),China,,,,80.4457792619455,2017,2017-08-07,2017-08-07
2017-0334-MEX,Storm,Mexico,,,2486.0,80.4457792619455,2017,2017-08-07,2017-08-07
2017-0336-USA,Storm,United States of America,,248615.0,248615.0,80.4457792619455,2017,2017-08-05,2017-08-08
2017-0337-VNM,Flood,Viet Nam,,,109390.0,80.4457792619455,2017,2017-08-03,2017-08-03
2017-0340-COD,Mass movement (wet),Democratic Republic of the Congo,,,,80.4457792619455,2017,2017-08-16,2017-08-16
2017-0341-CZE,Storm,Czechia,,,3605.0,80.4457792619455,2017,2017-08-10,2017-08-11
2017-0341-POL,Storm,Poland,,,341845.0,80.4457792619455,2017,2017-08-10,2017-08-11
2017-0341-SVK,Storm,Slovakia,,,,80.4457792619455,2017,2017-08-10,2017-08-11
2017-0342-BGD,Flood,Bangladesh,,,621537.0,80.4457792619455,2017,2017-08-10,2017-08-31
2017-0342-IND,Flood,India,,,1947896.0,80.4457792619455,2017,2017-08-11,2017-08-31
2017-0342-NPL,Flood,Nepal,,,739629.0,80.4457792619455,2017,2017-08-10,2017-09-07
2017-0343-SLE,Mass movement (wet),Sierra Leone,,,37292.0,80.4457792619455,2017,2017-08-14,2017-08-14
2017-0349-ITA,Earthquake,Italy,,,,80.4457792619455,2017,2017-08-23,2017-08-23
2017-0350-CHE,Mass movement (dry),Switzerland,,,,80.4457792619455,2017,2017-08-23,2017-08-23
2017-0352-CHN,Storm,China,,310768.0,4350757.0,80.4457792619455,2017,2017-08-24,2017-08-24
2017-0352-HKG,Storm,"China, Hong Kong Special Administrative Region",,,939142.0,80.4457792619455,2017,2017-08-24,2017-08-24
2017-0352-MAC,Storm,"China, Macao Special Administrative Region",,,1765164.0,80.4457792619455,2017,2017-08-24,2017-08-24
2017-0352-VNM,Storm,Viet Nam,,,1777595.0,80.4457792619455,2017,2017-08-24,2017-08-24
2017-0360-AUT,Storm,Austria,,,,80.4457792619455,2017,2017-08-19,2017-08-19
2017-0360-DEU,Storm,Germany,,,197649.0,80.4457792619455,2017,2017-08-18,2017-08-19
2017-0362-USA,Storm,United States of America,,37292199.0,118091963.0,80.4457792619455,2017,2017-08-25,2017-08-29
2017-0363-CHN,Mass movement (wet),China,,,2859.0,80.4457792619455,2017,2017-08-28,2017-08-28
2017-0364-IND,Flood,India,,96960.0,372922.0,80.4457792619455,2017,2017-08-29,2017-08-29
2017-0365-YEM,Flood,Yemen,,,,80.4457792619455,2017,2017-08-29,2017-08-30
2017-0367-CMR,Flood,Cameroon,,,,80.4457792619455,2017,2017-08-04,2017-08-29
2017-0368-BFA,Flood,Burkina Faso,,,,80.4457792619455,2017,,
2017-0370-NER,Flood,Niger,,,12431.0,80.4457792619455,2017,2017-08-26,2017-09-15
2017-0372-CHN,Flood,China,,,391568.0,80.4457792619455,2017,2017-08-08,2017-08-09
2017-0376-MEX,Storm,Mexico,,,,80.4457792619455,2017,2017-08-30,2017-09-02
2017-0378-NGA,Flood,Nigeria,,,,80.4457792619455,2017,2017-08-15,2017-09-19
2017-0379-SDN,Epidemic,Sudan,,,,80.4457792619455,2017,2017-09-18,2017-09-18
2017-0380-MRT,Storm,Mauritania,,,,80.4457792619455,2017,2017-09-04,2017-09-04
2017-0381-AIA,Storm,Anguilla,,8329.0,248615.0,80.4457792619455,2017,2017-09-06,2017-09-06
2017-0381-ATG,Storm,Antigua and Barbuda,248615.0,8453.0,310768.0,80.4457792619455,2017,2017-09-06,2017-09-06
2017-0381-BHS,Storm,Bahamas,,494.0,2486.0,80.4457792619455,2017,2017-09-08,2017-09-09
2017-0381-BLM,Storm,Saint Barthélemy,,1303735.0,,80.4457792619455,2017,2017-09-08,2017-09-09
2017-0381-BRB,Storm,Barbados,,,,80.4457792619455,2017,2017-09-08,2017-09-09
2017-0381-CUB,Storm,Cuba,,248615.0,671260.0,80.4457792619455,2017,2017-09-08,2017-09-10
2017-0381-DOM,Storm,Dominican Republic,,,,80.4457792619455,2017,2017-09-06,2017-09-06
2017-0381-HTI,Storm,Haiti,,201.0,,80.4457792619455,2017,2017-09-07,2017-09-08
2017-0381-KNA,Storm,Saint Kitts and Nevis,,2859.0,24861.0,80.4457792619455,2017,2017-09-06,2017-09-06
2017-0381-MAF,Storm,Saint Martin (French Part),,1530472.0,5096601.0,80.4457792619455,2017,2017-09-08,2017-09-09
2017-0381-PRI,Storm,Puerto Rico,,,,80.4457792619455,2017,2017-09-06,2017-09-07
2017-0381-SXM,Storm,Sint Maarten (Dutch part),,621537.0,3107683.0,80.4457792619455,2017,2017-09-08,2017-09-09
2017-0381-TCA,Storm,Turks and Caicos Islands,,18522.0,621537.0,80.4457792619455,2017,2017-09-08,2017-09-09
2017-0381-USA,Storm,United States of America,,36049126.0,70855178.0,80.4457792619455,2017,2017-09-10,2017-09-28
2017-0381-VGB,Storm,British Virgin Islands,,,3729220.0,80.4457792619455,2017,2017-09-08,2017-09-09
2017-0381-VIR,Storm,United States Virgin Islands,,,,80.4457792619455,2017,2017-09-07,2017-09-07
2017-0382-GTM,Earthquake,Guatemala,,,,80.4457792619455,2017,2017-09-08,2017-09-08
2017-0382-MEX,Earthquake,Mexico,,497229.0,2859069.0,80.4457792619455,2017,2017-09-08,2017-09-08
2017-0383-DMA,Storm,Dominica,,23991.0,1809915.0,80.4457792619455,2017,2017-09-18,2017-09-19
2017-0383-DOM,Storm,Dominican Republic,,,78314.0,80.4457792619455,2017,2017-09-20,2017-09-20
2017-0383-GLP,Storm,Guadeloupe,,,149169.0,80.4457792619455,2017,2017-09-20,2017-09-20
2017-0383-HTI,Storm,Haiti,,,,80.4457792619455,2017,2017-09-21,2017-09-21
2017-0383-MTQ,Storm,Martinique,,,54695.0,80.4457792619455,2017,2017-09-18,2017-09-18
2017-0383-PRI,Storm,Puerto Rico,,37292199.0,84528984.0,80.4457792619455,2017,2017-09-19,2017-09-21
2017-0383-USA,Storm,United States of America,,,,80.4457792619455,2017,2017-09-26,2017-09-27
2017-0383-VGB,Storm,British Virgin Islands,,,,80.4457792619455,2017,2017-09-20,2017-09-20
2017-0383-VIR,Storm,United States Virgin Islands,,,,80.4457792619455,2017,2017-09-20,2017-09-20
2017-0384-CAF,Flood,Central African Republic,,,,80.4457792619455,2017,2017-08-23,2017-08-31
2017-0385-PAK,Epidemic,Pakistan,,,,80.4457792619455,2017,2017-08-15,2017-09-14
2017-0387-MEX,Earthquake,Mexico,,2486147.0,7458440.0,80.4457792619455,2017,2017-09-17,2017-09-17
2017-0391-COD,Flood,Democratic Republic of the Congo,,,,80.4457792619455,2017,2017-09-19,2017-09-20
2017-0392-MEX,Storm,Mexico,,,,80.4457792619455,2017,2017-09-07,2017-09-08
2017-0393-IDN,Volcanic activity,Indonesia,,,,80.4457792619455,2017,2017-09-22,2017-11-28
2017-0394-VUT,Volcanic activity,Vanuatu,,,,80.4457792619455,2017,2017-09-23,2017-10-02
2017-0395-UGA,Flood,Uganda,,,,80.4457792619455,2017,2017-09-20,2017-09-27
2017-0398-CHN,Flood,China,,,448749.0,80.4457792619455,2017,2017-09-24,2017-10-07
2017-0406-PHL,Storm,Philippines,,,6588.0,80.4457792619455,2017,2017-09-11,2017-09-15
2017-0406-THA,Storm,Thailand,,,,80.4457792619455,2017,2017-09-17,2017-09-17
2017-0406-VNM,Storm,Viet Nam,,,601647.0,80.4457792619455,2017,2017-09-15,2017-09-16
2017-0407-ROU,Storm,Romania,,,9074.0,80.4457792619455,2017,2017-09-17,2017-09-17
2017-0408-HRV,Storm,Croatia,,7458.0,200135.0,80.4457792619455,2017,2017-09-11,2017-09-11
2017-0408-ITA,Storm,Italy,,,268504.0,80.4457792619455,2017,2017-09-09,2017-09-10
2017-0410-COL,Storm,Colombia,,,,80.4457792619455,2017,2017-10-04,2017-10-04
2017-0410-CRI,Storm,Costa Rica,,,229969.0,80.4457792619455,2017,2017-09-04,2017-10-06
2017-0410-GTM,Storm,Guatemala,,,,80.4457792619455,2017,2017-10-05,2017-10-05
2017-0410-HND,Storm,Honduras,,,,80.4457792619455,2017,2017-10-05,2017-10-06
2017-0410-NIC,Storm,Nicaragua,,,,80.4457792619455,2017,2017-10-05,2017-10-06
2017-0410-PAN,Storm,Panama,,,,80.4457792619455,2017,2017-10-06,2017-10-06
2017-0410-SLV,Storm,El Salvador,,,,80.4457792619455,2017,2017-10-05,2017-10-06
2017-0410-USA,Storm,United States of America,,,310768.0,80.4457792619455,2017,2017-10-07,2017-10-08
2017-0411-MDG,Epidemic,Madagascar,,,,80.4457792619455,2017,2017-08-19,2017-11-26
2017-0415-RWA,Storm,Rwanda,,,,80.4457792619455,2017,2017-09-17,2017-09-17
2017-0416-GTM,Flood,Guatemala,,,,80.4457792619455,2017,2017-09-18,2017-09-18
2017-0417-ESP,Wildfire,Spain,,,,80.4457792619455,2017,2017-10-17,2017-10-17
2017-0417-PRT,Wildfire,Portugal,,335630.0,621537.0,80.4457792619455,2017,2017-10-15,2017-10-16
2017-0421-TCD,Epidemic,Chad,,,,80.4457792619455,2017,2017-08-14,2017-10-11
2017-0422-PHL,Storm,Philippines,,,,80.4457792619455,2017,2017-11-01,2017-11-03
2017-0422-VNM,Storm,Viet Nam,,,1243073.0,80.4457792619455,2017,2017-11-04,2017-11-05
2017-0428-VNM,Flood,Viet Nam,,,109390.0,80.4457792619455,2017,2017-10-08,2017-10-16
2017-0432-JPN,Storm,Japan,,,1243073.0,80.4457792619455,2017,2017-10-22,2017-10-22
2017-0432-PHL,Storm,Philippines,,,4226.0,80.4457792619455,2017,2017-10-18,2017-10-20
2017-0434-USA,Wildfire,United States of America,,11933504.0,16159953.0,80.4457792619455,2017,2017-06-01,2017-12-31
2017-0443-KOR,Earthquake,Republic of Korea,,,,80.4457792619455,2017,2017-11-15,2017-11-15
2017-0444-GRC,Flood,Greece,,,,80.4457792619455,2017,2017-11-11,2017-11-20
2017-0446-IRN,Earthquake,Iran (Islamic Republic of),,,919874.0,80.4457792619455,2017,2017-11-12,2017-11-12
2017-0446-IRQ,Earthquake,Iraq,,,,80.4457792619455,2017,2017-11-12,2017-11-12
2017-0448-TJK,Epidemic,Tajikistan,,,,80.4457792619455,2017,,
2017-0449-GTM,Flood,Guatemala,,,,80.4457792619455,2017,2017-10-23,2017-10-26
2017-0449-HND,Flood,Honduras,,,,80.4457792619455,2017,2017-10-23,2017-10-29
2017-0449-NIC,Flood,Nicaragua,,,,80.4457792619455,2017,2017-10-27,2017-10-27
2017-0450-GTM,Flood,Guatemala,,,,80.4457792619455,2017,,2017-10-28
2017-0451-KGZ,Earthquake,Kyrgyzstan,,,,80.4457792619455,2017,2017-05-03,2017-05-03
2017-0452-HTI,Flood,Haiti,,,,80.4457792619455,2017,2017-11-14,2017-11-18
2017-0462-ZAF,Storm,South Africa,,174030.0,397783.0,80.4457792619455,2017,2017-10-09,2017-10-10
2017-0463-CHN,Flood,China,,,93230.0,80.4457792619455,2017,2017-10-01,2017-10-10
2017-0465-THA,Flood,Thailand,,,1740.0,80.4457792619455,2017,2017-10-10,2017-11-08
2017-0466-MNG,Mass movement (wet),Mongolia,,,,80.4457792619455,2017,2017-10-22,2017-10-22
2017-0468-JPN,Storm,Japan,,410214.0,621537.0,80.4457792619455,2017,2017-09-17,2017-09-19
2017-0471-CAN,Flood,Canada,,160356.0,,80.4457792619455,2017,2017-08-28,2017-08-29
2017-0472-IRN,Flood,Iran (Islamic Republic of),,,43508.0,80.4457792619455,2017,2017-08-10,2017-08-15
2017-0476-CHN,Flood,China,,,533278.0,80.4457792619455,2017,2017-08-11,2017-08-16
2017-0477-MYS,Flood,Malaysia,,,,80.4457792619455,2017,2017-11-03,2017-11-08
2017-0478-COL,Flood,Colombia,,,,80.4457792619455,2017,2017-11-09,2017-11-09
2017-0480-BFA,Epidemic,Burkina Faso,,,,80.4457792619455,2017,,2017-11-11
2017-0481-TGO,Flood,Togo,,,,80.4457792619455,2017,,
2017-0483-IND,Mass movement (wet),India,,,,80.4457792619455,2017,2017-08-13,2017-08-13
2017-0485-CHN,Storm,China,,,69612.0,80.4457792619455,2017,2017-08-27,2017-08-27
2017-0485-HKG,Storm,"China, Hong Kong Special Administrative Region",,,,80.4457792619455,2017,2017-08-27,2017-08-27
2017-0485-MAC,Storm,"China, Macao Special Administrative Region",,,,80.4457792619455,2017,2017-08-27,2017-08-27
2017-0485-PHL,Storm,Philippines,,,,80.4457792619455,2017,2017-08-25,2017-08-26
2017-0490-GBR,Flood,United Kingdom of Great Britain and Northern Ireland,,,,80.4457792619455,2017,2017-11-22,2017-11-26
2017-0490-IRL,Flood,Ireland,,,,80.4457792619455,2017,2017-11-22,2017-11-23
2017-0491-SAU,Flood,Saudi Arabia,,,,80.4457792619455,2017,2017-11-21,2017-11-22
2017-0492-VNM,Flood,Viet Nam,,,,80.4457792619455,2017,2017-11-19,2017-11-24
2017-0493-LKA,Flood,Sri Lanka,,,,80.4457792619455,2017,2017-11-03,2017-11-13
2017-0494-IDN,Flood,Indonesia,,,,80.4457792619455,2017,2017-11-03,2017-11-17
2017-0495-IND,Flood,India,,,,80.4457792619455,2017,2017-10-30,2017-11-08
2017-0497-PHL,Flood,Philippines,,,,80.4457792619455,2017,2017-09-22,2017-09-24
2017-0498-MEX,Flood,Mexico,,,,80.4457792619455,2017,2017-09-26,2017-10-07
2017-0504-ALB,Flood,Albania,,,11063.0,80.4457792619455,2017,2017-11-30,2017-12-04
2017-0508-IND,Storm,India,,,,80.4457792619455,2017,2017-12-02,2017-12-02
2017-0508-LKA,Storm,Sri Lanka,,,430103.0,80.4457792619455,2017,2017-11-29,2017-12-01
2017-0511-USA,Wildfire,United States of America,,2113225.0,2734761.0,80.4457792619455,2017,2017-12-04,2017-12-31
2017-0512-USA,Storm,United States of America,,248615.0,323199.0,80.4457792619455,2017,2017-11-05,2017-11-06
2017-0513-CHN,Earthquake,China,,,,80.4457792619455,2017,2017-11-18,2017-11-18
2017-0515-IDN,Storm,Indonesia,,,,80.4457792619455,2017,2017-11-28,2017-11-29
2017-0516-MYS,Flood,Malaysia,,,,80.4457792619455,2017,2017-11-25,2017-12-03
2017-0516-THA,Flood,Thailand,,,,80.4457792619455,2017,2017-11-25,2017-12-03
2017-0517-IND,Flood,India,,,,80.4457792619455,2017,2017-08-16,2017-08-23
2017-0521-IRN,Earthquake,Iran (Islamic Republic of),,,,80.4457792619455,2017,2017-12-20,2017-12-20
2017-0524-PHL,Storm,Philippines,,,62154.0,80.4457792619455,2017,2017-12-21,2017-12-26
2017-0525-MYS,Storm,Malaysia,,,,80.4457792619455,2017,2017-12-18,2017-12-20
2017-0525-PHL,Storm,Philippines,,,89378.0,80.4457792619455,2017,2017-12-16,2017-12-18
2017-0529-CHL,Mass movement (wet),Chile,,,,80.4457792619455,2017,2017-12-17,2017-12-18
2017-0530-IDN,Earthquake,Indonesia,,,,80.4457792619455,2017,2017-12-15,2017-12-15
2017-0542-USA,Storm,United States of America,,932305.0,1367381.0,80.4457792619455,2017,2017-12-31,2018-01-05
2017-0543-COD,Epidemic,Democratic Republic of the Congo,,,,80.4457792619455,2017,2017-11-25,2018-02-13
2017-0544-ITA,Flood,Italy,,59668.0,155384.0,80.4457792619455,2017,2017-12-11,2017-12-12
2017-0546-PRK,Epidemic,Democratic People's Republic of Korea,,,,80.4457792619455,2017,2017-12-01,2018-01-23
2017-0547-ZAF,Wildfire,South Africa,,248615.0,522091.0,80.4457792619455,2017,2017-06-07,2017-06-13
2017-0548-ARE,Flood,United Arab Emirates,,,,80.4457792619455,2017,2017-12-16,2017-12-16
2017-0548-OMN,Flood,Oman,,,,80.4457792619455,2017,2017-12-16,2017-12-17
2017-0549-MWI,Epidemic,Malawi,,,,80.4457792619455,2017,2017-11-24,2018-02-11
2017-0551-BRA,Epidemic,Brazil,,,,80.4457792619455,2017,2017-07-01,2018-02-16
2017-0552-KEN,Epidemic,Kenya,,,,80.4457792619455,2017,2017-12-15,2018-02-03
2017-0553-MOZ,Epidemic,Mozambique,,,,80.4457792619455,2017,2017-08-14,2018-02-11
2017-0555-YEM,Epidemic,Yemen,,,,80.4457792619455,2017,2017-10-29,2017-12-21
2017-0556-BGD,Epidemic,Bangladesh,,,,80.4457792619455,2017,2017-11-03,2017-12-12
2017-0557-KEN,Epidemic,Kenya,,,,80.4457792619455,2017,2017-01-01,2017-11-29
2017-0558-ZMB,Epidemic,Zambia,,,,80.4457792619455,2017,2017-09-28,2018-02-27
2017-0560-CIV,Epidemic,Côte d’Ivoire,,,,80.4457792619455,2017,2017-04-22,2017-07-11
2017-0562-AUS,Storm,Australia,,484799.0,609106.0,80.4457792619455,2017,2017-03-06,2017-03-09
2017-0563-USA,Storm,United States of America,,2486147.0,2734761.0,80.4457792619455,2017,2017-03-06,2017-03-09
2017-0564-USA,Storm,United States of America,,2486147.0,3356298.0,80.4457792619455,2017,2017-03-25,2017-03-28
2017-0565-DEU,Storm,Germany,,708552.0,919874.0,80.4457792619455,2017,2017-06-22,2017-06-23
2017-0566-TUR,Storm,Türkiye,,372922.0,745844.0,80.4457792619455,2017,2017-07-27,2017-07-27
2017-0568-CHN,Flood,China,,,611592.0,80.4457792619455,2017,2017-04-26,2017-04-29
2017-0569-IND,Storm,India,,,,80.4457792619455,2017,2017-05-28,2017-05-28
2017-0570-IND,Storm,India,,,,80.4457792619455,2017,2017-03-25,2017-03-25
2017-0573-SDN,Flood,Sudan,,,,80.4457792619455,2017,2017-06-30,2017-08-14
2017-0576-IDN,Flood,Indonesia,,,,80.4457792619455,2017,2017-11-19,2017-11-24
2017-0581-GMB,Flood,Gambia,,,,80.4457792619455,2017,,
2017-9088-ZWE,Drought,Zimbabwe,,,,80.4457792619455,2017,,
2017-9206-CHN,Drought,China,,,151655.0,80.4457792619455,2017,,
2017-9207-AGO,Drought,Angola,,,,80.4457792619455,2017,,
2017-9208-NER,Drought,Niger,,,,80.4457792619455,2017,,
2017-9211-ZAF,Drought,South Africa,,,1491688.0,80.4457792619455,2017,,
2017-9296-ITA,Drought,Italy,,,2859069.0,80.4457792619455,2017,,
2017-9342-TCD,Drought,Chad,,,,80.4457792619455,2017,,
2017-9343-MRT,Drought,Mauritania,,,,80.4457792619455,2017,,
2017-9468-MDG,Drought,Madagascar,,,,80.4457792619455,2017,,
2017-9550-USA,Drought,United States of America,,2361839.0,3107683.0,80.4457792619455,2017,2017-03-01,2017-12-31
2017-9580-CPV,Drought,Cabo Verde,,,,80.4457792619455,2017,,
2018-0002-CHE,Storm,Switzerland,,19779.0,,82.4106679610351,2018,2018-01-03,2018-01-04
2018-0002-ESP,Storm,Spain,,,,82.4106679610351,2018,2018-01-03,2018-01-04
2018-0002-FRA,Storm,France,,,242687.0,82.4106679610351,2018,2018-01-03,2018-01-04
2018-0002-GBR,Storm,United Kingdom of Great Britain and Northern Ireland,,,,82.4106679610351,2018,2018-01-02,2018-01-03
2018-0002-IRL,Storm,Ireland,,,,82.4106679610351,2018,2018-01-02,2018-01-03
2018-0004-PHL,Storm,Philippines,,,14916.0,82.4106679610351,2018,2018-01-01,2018-01-03
2018-0005-COD,Flood,Democratic Republic of the Congo,,,,82.4106679610351,2018,2018-01-03,2018-01-07
2018-0008-MDG,Storm,Madagascar,,,,82.4106679610351,2018,2018-01-05,2018-01-08
2018-0010-USA,Mass movement (wet),United States of America,,,1092092.0,82.4106679610351,2018,2018-01-08,2018-01-14
2018-0011-PER,Earthquake,Peru,,,,82.4106679610351,2018,2018-01-14,2018-01-14
2018-0014-PHL,Volcanic activity,Philippines,,,4325.0,82.4106679610351,2018,2018-01-13,2018-03-06
2018-0016-IDN,Volcanic activity,Indonesia,,,,82.4106679610351,2018,2018-01-14,2018-01-14
2018-0017-PNG,Volcanic activity,Papua New Guinea,,,,82.4106679610351,2018,2018-01-05,2018-01-06
2018-0018-BGD,Extreme temperature,Bangladesh,,,,82.4106679610351,2018,2018-01-01,2018-01-10
2018-0025-BEL,Storm,Belgium,,,,82.4106679610351,2018,2018-01-17,2018-01-18
2018-0025-DEU,Storm,Germany,,,714076.0,82.4106679610351,2018,2018-01-17,2018-01-18
2018-0025-FRA,Storm,France,,,,82.4106679610351,2018,2018-01-17,2018-01-18
2018-0025-NLD,Storm,Netherlands (Kingdom of the),,,133491.0,82.4106679610351,2018,2018-01-17,2018-01-18
2018-0029-MUS,Storm,Mauritius,,,,82.4106679610351,2018,2018-01-15,2018-01-21
2018-0029-REU,Storm,Réunion,,,,82.4106679610351,2018,2018-01-18,2018-01-18
2018-0030-MAR,Extreme temperature,Morocco,,,,82.4106679610351,2018,2018-01-05,2018-01-09
2018-0031-IDN,Earthquake,Indonesia,,,97075.0,82.4106679610351,2018,2018-01-23,2018-01-23
2018-0037-FRA,Flood,France,,212351.0,451398.0,82.4106679610351,2018,2018-01-24,2018-01-29
2018-0038-ARG,Flood,Argentina,,,,82.4106679610351,2018,2018-01-31,2018-02-21
2018-0039-MOZ,Mass movement (wet),Mozambique,,,,82.4106679610351,2018,2018-02-18,2018-02-19
2018-0040-BRA,Flood,Brazil,,,12134.0,82.4106679610351,2018,2018-02-14,2018-02-16
2018-0042-TON,Storm,Tonga,,,,82.4106679610351,2018,2018-02-12,2018-02-13
2018-0042-WSM,Storm,Samoa,,,,82.4106679610351,2018,2018-02-12,2018-02-12
2018-0044-PHL,Storm,Philippines,,,3725.0,82.4106679610351,2018,2018-02-12,2018-02-16
2018-0045-USA,Storm,United States of America,,,1213435.0,82.4106679610351,2018,2018-01-03,2018-01-05
2018-0046-USA,Storm,United States of America,,,60672.0,82.4106679610351,2018,2018-01-21,2018-01-24
2018-0047-LBN,Storm,Lebanon,,,,82.4106679610351,2018,2018-01-19,2018-01-20
2018-0048-MOZ,Flood,Mozambique,,,6189.0,82.4106679610351,2018,2018-01-16,2018-01-22
2018-0049-IND,Extreme temperature,India,,,,82.4106679610351,2018,2018-01-01,2018-02-07
2018-0049-NPL,Extreme temperature,Nepal,,,,82.4106679610351,2018,2018-01-01,2018-01-07
2018-0050-CHN,Storm,China,,,1036274.0,82.4106679610351,2018,2018-01-02,2018-01-05
2018-0051-PHL,Flood,Philippines,,,,82.4106679610351,2018,2018-01-13,2018-01-17
2018-0053-CHN,Storm,China,,,1759481.0,82.4106679610351,2018,2018-01-24,2018-01-29
2018-0055-PNG,Earthquake,Papua New Guinea,,,74020.0,82.4106679610351,2018,2018-02-26,2018-02-26
2018-0056-IDN,Mass movement (wet),Indonesia,,,,82.4106679610351,2018,2018-02-22,2018-02-22
2018-0059-TWN,Earthquake,Taiwan (Province of China),,,121344.0,82.4106679610351,2018,2018-02-06,2018-02-06
2018-0061-CZE,Extreme temperature,Czechia,,,,82.4106679610351,2018,2018-02-23,2018-02-28
2018-0061-EST,Extreme temperature,Estonia,,,,82.4106679610351,2018,2018-02-01,2018-02-28
2018-0061-FRA,Extreme temperature,France,,,,82.4106679610351,2018,2018-02-23,2018-02-28
2018-0061-ITA,Extreme temperature,Italy,,,,82.4106679610351,2018,2018-02-23,2018-02-28
2018-0061-LTU,Extreme temperature,Lithuania,,,,82.4106679610351,2018,2018-02-23,2018-02-28
2018-0061-POL,Extreme temperature,Poland,,,,82.4106679610351,2018,2018-02-23,2018-02-28
2018-0061-ROU,Extreme temperature,Romania,,,,82.4106679610351,2018,2018-02-23,2018-02-28
2018-0062-BOL,Flood,Bolivia (Plurinational State of),,,,82.4106679610351,2018,2018-02-10,2018-02-21
2018-0063-MYS,Flood,Malaysia,,,,82.4106679610351,2018,2018-02-03,2018-02-12
2018-0064-MWI,Flood,Malawi,,,,82.4106679610351,2018,2018-02-01,2018-02-14
2018-0065-BDI,Flood,Burundi,,,,82.4106679610351,2018,2018-01-14,2018-01-24
2018-0066-PRY,Flood,Paraguay,,,,82.4106679610351,2018,2018-01-13,2018-01-22
2018-0068-MYS,Flood,Malaysia,,,,82.4106679610351,2018,2018-01-01,2018-01-05
2018-0073-MNG,Extreme temperature,Mongolia,,,,82.4106679610351,2018,,
2018-0074-ARG,Flood,Argentina,,,,82.4106679610351,2018,2018-01-20,2018-01-20
2018-0076-UGA,Epidemic,Uganda,,,,82.4106679610351,2018,2018-02-15,2018-02-28
2018-0077-NGA,Epidemic,Nigeria,,,,82.4106679610351,2018,2018-01-01,2018-07-08
2018-0082-ALB,Flood,Albania,,,,82.4106679610351,2018,2018-03-05,2018-03-09
2018-0086-MDG,Storm,Madagascar,,,,82.4106679610351,2018,2018-03-14,2018-03-20
2018-0087-HRV,Flood,Croatia,,,,82.4106679610351,2018,2018-03-18,2018-03-18
2018-0097-BLR,Flood,Belarus,,,,82.4106679610351,2018,2018-03-19,2018-04-19
2018-0101-FJI,Storm,Fiji,,,12134.0,82.4106679610351,2018,2018-04-02,2018-04-02
2018-0103-BWA,Flood,Botswana,,,,82.4106679610351,2018,2018-02-23,2018-03-22
2018-0104-AGO,Flood,Angola,,,,82.4106679610351,2018,2018-02-22,2018-03-03
2018-0104-MWI,Flood,Malawi,,,,82.4106679610351,2018,2018-02-22,2018-03-07
2018-0104-RWA,Flood,Rwanda,,,26696.0,82.4106679610351,2018,2018-03-03,2018-03-05
2018-0111-USA,Storm,United States of America,,1698809.0,2790901.0,82.4106679610351,2018,2018-03-01,2018-03-03
2018-0112-BRA,Flood,Brazil,,,52178.0,82.4106679610351,2018,2018-03-20,2018-03-21
2018-0113-RUS,Flood,Russian Federation,,,,82.4106679610351,2018,2018-03-25,2018-04-16
2018-0116-KEN,Flood,Kenya,,,,82.4106679610351,2018,2018-03-14,2018-03-20
2018-0118-CHN,Storm,China,,,178375.0,82.4106679610351,2018,2018-03-03,2018-03-03
2018-0119-IND,Wildfire,India,,,,82.4106679610351,2018,2018-03-10,2018-03-10
2018-0121-IDN,Flood,Indonesia,,,,82.4106679610351,2018,2018-03-22,2018-03-26
2018-0123-AUS,Flood,Australia,,,13833.0,82.4106679610351,2018,2018-03-09,2018-03-11
2018-0125-TZA,Flood,United Republic of Tanzania,,,,82.4106679610351,2018,2018-04-14,2018-04-18
2018-0128-ISR,Flood,Israel,,,,82.4106679610351,2018,2018-04-24,2018-04-27
2018-0129-USA,Storm,United States of America,,,1577466.0,82.4106679610351,2018,2018-04-13,2018-04-15
2018-0130-USA,Flood,United States of America,,,151679.0,82.4106679610351,2018,2018-04-14,2018-04-15
2018-0131-COL,Flood,Colombia,,,,82.4106679610351,2018,2018-03-12,2018-04-17
2018-0132-KEN,Flood,Kenya,,,424702.0,82.4106679610351,2018,2018-03-14,2018-05-31
2018-0133-SOM,Flood,Somalia,,,97075.0,82.4106679610351,2018,2018-04-01,2018-05-31
2018-0135-RWA,Flood,Rwanda,,,13348.0,82.4106679610351,2018,2018-04-23,2018-04-24
2018-0137-IND,Storm,India,,,121344.0,82.4106679610351,2018,2018-04-11,2018-04-11
2018-0138-IND,Storm,India,,,121344.0,82.4106679610351,2018,2018-04-17,2018-04-17
2018-0140-BGD,Storm,Bangladesh,,,,82.4106679610351,2018,2018-04-29,2018-04-30
2018-0143-PAK,Extreme temperature,Pakistan,,,,82.4106679610351,2018,2018-05-18,2018-05-22
2018-0145-DJI,Storm,Djibouti,,,,82.4106679610351,2018,2018-05-20,2018-05-21
2018-0145-SOM,Storm,Somalia,,,,82.4106679610351,2018,2018-05-21,2018-05-21
2018-0146-USA,Volcanic activity,United States of America,,,606718.0,82.4106679610351,2018,2018-05-03,2018-05-30
2018-0147-VUT,Volcanic activity,Vanuatu,,,,82.4106679610351,2018,,
2018-0148-KEN,Flood,Kenya,,,,82.4106679610351,2018,2018-05-09,2018-05-10
2018-0149-IND,Storm,India,,,,82.4106679610351,2018,2018-05-13,2018-05-16
2018-0150-IND,Storm,India,,,29122.0,82.4106679610351,2018,2018-05-01,2018-05-10
2018-0154-MMR,Mass movement (dry),Myanmar,,,,82.4106679610351,2018,2018-05-04,2018-05-04
2018-0156-AFG,Flood,Afghanistan,,,,82.4106679610351,2018,2018-05-09,2018-05-22
2018-0157-GTM,Flood,Guatemala,,,,82.4106679610351,2018,2018-05-18,2018-05-22
2018-0158-BGD,Flood,Bangladesh,,,,82.4106679610351,2018,2018-05-20,2018-05-22
2018-0159-CHN,Flood,China,,,,82.4106679610351,2018,2018-05-07,2018-05-16
2018-0160-CAN,Flood,Canada,,,,82.4106679610351,2018,2018-05-10,2018-05-14
2018-0161-ARG,Storm,Argentina,,,,82.4106679610351,2018,2018-04-28,2018-04-29
2018-0162-DZA,Flood,Algeria,,,,82.4106679610351,2018,2018-04-24,2018-04-28
2018-0163-BDI,Flood,Burundi,,,,82.4106679610351,2018,2018-04-28,2018-05-01
2018-0164-MWI,Flood,Malawi,,,,82.4106679610351,2018,2018-04-11,2018-04-17
2018-0165-ROU,Flood,Romania,,,,82.4106679610351,2018,2018-03-14,2018-03-16
2018-0166-IDN,Flood,Indonesia,,,,82.4106679610351,2018,2018-03-05,2018-03-06
2018-0167-KAZ,Flood,Kazakhstan,,,,82.4106679610351,2018,2018-03-09,2018-03-14
2018-0168-GTM,Volcanic activity,Guatemala,,,,82.4106679610351,2018,2018-06-03,2018-06-03
2018-0170-CUB,Storm,Cuba,,,,82.4106679610351,2018,2018-05-29,2018-06-02
2018-0170-USA,Storm,United States of America,,,151679.0,82.4106679610351,2018,2018-05-27,2018-05-30
2018-0177-OMN,Storm,Oman,,,,82.4106679610351,2018,2018-05-23,2018-05-23
2018-0177-YEM,Storm,Yemen,,,,82.4106679610351,2018,2018-05-23,2018-05-23
2018-0180-ETH,Mass movement (wet),Ethiopia,,,,82.4106679610351,2018,2018-05-20,2018-05-26
2018-0183-JPN,Earthquake,Japan,,,3943664.0,82.4106679610351,2018,2018-06-18,2018-06-18
2018-0185-CIV,Flood,Côte d’Ivoire,,,,82.4106679610351,2018,2018-06-18,2018-06-19
2018-0189-AFG,Mass movement (wet),Afghanistan,,,,82.4106679610351,2018,2018-07-12,2018-07-12
2018-0190-JPN,Flood,Japan,,2912244.0,11527634.0,82.4106679610351,2018,2018-06-29,2018-07-08
2018-0191-GNB,Storm,Guinea-Bissau,,,,82.4106679610351,2018,2018-06-27,2018-06-27
2018-0194-FJI,Storm,Fiji,,,60672.0,82.4106679610351,2018,2018-04-09,2018-04-11
2018-0195-CAN,Extreme temperature,Canada,,,,82.4106679610351,2018,2018-06-29,2018-07-05
2018-0198-CHN,Flood,China,,,2123511.0,82.4106679610351,2018,2018-05-05,2018-07-31
2018-0199-IND,Storm,India,,,,82.4106679610351,2018,2018-06-01,2018-06-06
2018-0201-CHN,Storm,China,,,691658.0,82.4106679610351,2018,2018-07-19,2018-07-19
2018-0201-VNM,Storm,Viet Nam,,,,82.4106679610351,2018,2018-06-06,2018-06-19
2018-0202-IND,Storm,India,,,60672.0,82.4106679610351,2018,2018-06-08,2018-06-12
2018-0203-BGD,Flood,Bangladesh,,,,82.4106679610351,2018,2018-06-05,2018-06-14
2018-0203-MMR,Flood,Myanmar,,,,82.4106679610351,2018,2018-06-05,2018-06-14
2018-0204-VNM,Flood,Viet Nam,,,27909.0,82.4106679610351,2018,2018-06-23,2018-06-27
2018-0205-IND,Flood,India,,,,82.4106679610351,2018,2018-06-22,2018-07-03
2018-0206-USA,Storm,United States of America,,,1759481.0,82.4106679610351,2018,2018-05-13,2018-05-15
2018-0207-TJK,Flood,Tajikistan,,,,82.4106679610351,2018,2018-05-16,2018-05-21
2018-0208-RWA,Mass movement (wet),Rwanda,,,33976.0,82.4106679610351,2018,2018-05-06,2018-05-06
2018-0209-IND,Storm,India,,,60672.0,82.4106679610351,2018,2018-05-06,2018-05-09
2018-0210-CHN,Flood,China,,,452611.0,82.4106679610351,2018,2018-05-07,2018-05-30
2018-0211-CHN,Flood,China,,,81300.0,82.4106679610351,2018,2018-05-07,2018-05-14
2018-0212-AFG,Flood,Afghanistan,,,,82.4106679610351,2018,2018-05-07,2018-05-15
2018-0212-PAK,Flood,Pakistan,,,,82.4106679610351,2018,2018-05-07,2018-05-15
2018-0213-IND,Flood,India,,,12134.0,82.4106679610351,2018,2018-05-17,2018-05-20
2018-0214-IND,Storm,India,,,30336.0,82.4106679610351,2018,2018-05-28,2018-05-28
2018-0215-CHN,Earthquake,China,,,35190.0,82.4106679610351,2018,2018-05-28,2018-05-28
2018-0216-IND,Flood,India,,,3034.0,82.4106679610351,2018,2018-05-29,2018-05-31
2018-0218-DOM,Flood,Dominican Republic,,,,82.4106679610351,2018,2018-07-09,2018-07-11
2018-0218-PRI,Flood,Puerto Rico,,,,82.4106679610351,2018,2018-07-09,2018-07-11
2018-0219-NPL,Flood,Nepal,,,,82.4106679610351,2018,2018-07-01,2018-07-11
2018-0220-BGR,Flood,Bulgaria,,,,82.4106679610351,2018,2018-06-28,2018-07-02
2018-0221-SDN,Flood,Sudan,,,,82.4106679610351,2018,2018-06-18,2018-06-27
2018-0222-KHM,Flood,Cambodia,,,,82.4106679610351,2018,2018-07-23,2018-07-23
2018-0222-LAO,Flood,Lao People's Democratic Republic,,,,82.4106679610351,2018,2018-07-23,2018-07-23
2018-0223-GRC,Wildfire,Greece,,,,82.4106679610351,2018,2018-07-23,2018-07-24
2018-0224-LVA,Wildfire,Latvia,,,,82.4106679610351,2018,2018-07-18,2018-07-22
2018-0224-SWE,Wildfire,Sweden,,,123770.0,82.4106679610351,2018,2018-07-08,2018-07-25
2018-0226-JPN,Extreme temperature,Japan,,,,82.4106679610351,2018,2018-07-01,2018-07-15
2018-0226-KOR,Extreme temperature,Republic of Korea,,,,82.4106679610351,2018,,
2018-0227-LAO,Storm,Lao People's Democratic Republic,,,,82.4106679610351,2018,2018-07-18,2018-07-19
2018-0227-PHL,Storm,Philippines,,,106782.0,82.4106679610351,2018,2018-07-17,2018-07-31
2018-0227-VNM,Storm,Viet Nam,,,266956.0,82.4106679610351,2018,2018-07-18,2018-07-22
2018-0232-NER,Flood,Niger,,,,82.4106679610351,2018,,2018-08-31
2018-0235-BEL,Extreme temperature,Belgium,,,,82.4106679610351,2018,,
2018-0235-DEU,Extreme temperature,Germany,,,,82.4106679610351,2018,,
2018-0235-ESP,Extreme temperature,Spain,,,,82.4106679610351,2018,,
2018-0235-FRA,Extreme temperature,France,,,,82.4106679610351,2018,,
2018-0235-GBR,Extreme temperature,United Kingdom of Great Britain and Northern Ireland,,,,82.4106679610351,2018,2018-06-30,2018-07-10
2018-0235-ITA,Extreme temperature,Italy,,,,82.4106679610351,2018,,
2018-0235-NLD,Extreme temperature,Netherlands (Kingdom of the),,,,82.4106679610351,2018,,
2018-0235-PRT,Extreme temperature,Portugal,,,,82.4106679610351,2018,,
2018-0238-NGA,Flood,Nigeria,,,,82.4106679610351,2018,2018-07-13,2018-07-16
2018-0240-MMR,Mass movement (wet),Myanmar,,,,82.4106679610351,2018,2018-07-15,2018-07-15
2018-0244-GEO,Flood,Georgia,,,,82.4106679610351,2018,2018-07-05,2018-07-05
2018-0246-SRB,Flood,Serbia,,,,82.4106679610351,2018,2018-06-25,2018-06-30
2018-0247-ROU,Flood,Romania,,,,82.4106679610351,2018,2018-06-29,2018-07-02
2018-0248-UKR,Storm,Ukraine,,,,82.4106679610351,2018,2018-06-28,2018-06-30
2018-0249-MNG,Flood,Mongolia,,,,82.4106679610351,2018,2018-07-03,2018-07-05
2018-0250-CHN,Flood,China,,,948036.0,82.4106679610351,2018,2018-07-07,2018-07-07
2018-0252-CHN,Flood,China,,,643957.0,82.4106679610351,2018,2018-07-10,2018-07-11
2018-0253-COD,Epidemic,Democratic Republic of the Congo,,,,82.4106679610351,2018,2018-05-08,2018-08-03
2018-0254-IDN,Earthquake,Indonesia,,,35190.0,82.4106679610351,2018,2018-07-29,2018-07-29
2018-0255-MMR,Flood,Myanmar,,,,82.4106679610351,2018,2018-07-15,2018-08-10
2018-0256-PRK,Extreme temperature,Democratic People's Republic of Korea,,,,82.4106679610351,2018,2018-07-11,2018-08-03
2018-0257-IDN,Earthquake,Indonesia,,,958614.0,82.4106679610351,2018,2018-08-05,2018-08-05
2018-0258-USA,Wildfire,United States of America,,,1213435.0,82.4106679610351,2018,2018-07-27,2018-08-31
2018-0259-ESP,Wildfire,Spain,,,,82.4106679610351,2018,2018-08-06,2018-08-09
2018-0259-PRT,Wildfire,Portugal,,,,82.4106679610351,2018,2018-08-03,2018-08-08
2018-0267-IND,Flood,India,,,,82.4106679610351,2018,2018-07-26,2018-07-28
2018-0272-TUR,Mass movement (wet),Türkiye,,,,82.4106679610351,2018,2018-07-08,2018-07-08
2018-0278-LKA,Flood,Sri Lanka,,,,82.4106679610351,2018,2018-05-19,2018-05-26
2018-0279-USA,Storm,United States of America,,485374.0,1820153.0,82.4106679610351,2018,2018-07-19,2018-07-22
2018-0280-DOM,Storm,Dominican Republic,,,,82.4106679610351,2018,2018-07-09,2018-07-11
2018-0280-PRI,Storm,Puerto Rico,,,,82.4106679610351,2018,2018-07-09,2018-07-11
2018-0281-IRN,Earthquake,Iran (Islamic Republic of),,,12134.0,82.4106679610351,2018,2018-07-22,2018-07-22
2018-0282-CHN,Flood,China,,,337335.0,82.4106679610351,2018,2018-06-28,2018-07-05
2018-0285-CHN,Storm,China,,,594583.0,82.4106679610351,2018,2018-07-10,2018-07-11
2018-0286-IND,Flood,India,,,,82.4106679610351,2018,2018-07-20,2018-07-23
2018-0287-CHN,Storm,China,,,291224.0,82.4106679610351,2018,2018-07-22,2018-07-22
2018-0290-VEN,Flood,Venezuela (Bolivarian Republic of),,,,82.4106679610351,2018,2018-08-01,2018-08-10
2018-0292-SDN,Flood,Sudan,,,,82.4106679610351,2018,2018-07-23,2018-07-30
2018-0295-IND,Flood,India,,,3461299.0,82.4106679610351,2018,2018-08-07,2018-08-20
2018-0298-NER,Epidemic,Niger,,,,82.4106679610351,2018,2018-07-05,2018-10-01
2018-0299-CAN,Wildfire,Canada,,,,82.4106679610351,2018,,
2018-0302-IDN,Earthquake,Indonesia,,,6067.0,82.4106679610351,2018,2018-08-19,2018-08-19
2018-0305-CHN,Storm,China,,,228126.0,82.4106679610351,2018,2018-08-15,2018-08-15
2018-0305-LAO,Storm,Lao People's Democratic Republic,,,273023.0,82.4106679610351,2018,2018-08-13,2018-08-16
2018-0305-VNM,Storm,Viet Nam,,,2427.0,82.4106679610351,2018,2018-08-17,2018-08-19
2018-0308-ITA,Flood,Italy,,,,82.4106679610351,2018,2018-08-21,2018-08-21
2018-0309-CHN,Storm,China,,,96953.0,82.4106679610351,2018,2018-08-22,2018-08-23
2018-0309-PRK,Storm,Democratic People's Republic of Korea,,,5630.0,82.4106679610351,2018,2018-08-23,2018-08-24
2018-0310-IRN,Earthquake,Iran (Islamic Republic of),,,,82.4106679610351,2018,2018-08-26,2018-08-26
2018-0313-TWN,Storm,Taiwan (Province of China),,,41257.0,82.4106679610351,2018,2018-08-23,2018-08-26
2018-0314-MMR,Flood,Myanmar,,,,82.4106679610351,2018,2018-08-29,2018-08-31
2018-0315-MEX,Earthquake,Mexico,,,,82.4106679610351,2018,2018-02-16,2018-02-16
2018-0316-PNG,Earthquake,Papua New Guinea,,,,82.4106679610351,2018,2018-03-05,2018-03-05
2018-0317-PNG,Earthquake,Papua New Guinea,,,,82.4106679610351,2018,2018-03-07,2018-03-07
2018-0321-SLV,Earthquake,El Salvador,,,,82.4106679610351,2018,2018-05-06,2018-05-06
2018-0323-CHN,Earthquake,China,,,60672.0,82.4106679610351,2018,2018-08-13,2018-08-13
2018-0326-JPN,Storm,Japan,,10920916.0,15167939.0,82.4106679610351,2018,2018-09-04,2018-09-05
2018-0328-ETH,Mass movement (wet),Ethiopia,,,44.0,82.4106679610351,2018,2018-09-04,2018-09-04
2018-0329-PRK,Flood,Democratic People's Republic of Korea,,,30336.0,82.4106679610351,2018,2018-08-24,2018-09-06
2018-0330-JPN,Earthquake,Japan,,,1516794.0,82.4106679610351,2018,2018-09-06,2018-09-06
2018-0331-USA,Flood,United States of America,,,303359.0,82.4106679610351,2018,2018-09-03,2018-09-11
2018-0341-CHN,Storm,China,,,934345.0,82.4106679610351,2018,2018-09-10,2018-09-18
2018-0341-HKG,Storm,"China, Hong Kong Special Administrative Region",,,,82.4106679610351,2018,2018-09-17,2018-09-17
2018-0341-PHL,Storm,Philippines,,,38870.0,82.4106679610351,2018,2018-09-16,2018-09-16
2018-0342-USA,Storm,United States of America,,6067176.0,16988092.0,82.4106679610351,2018,2018-09-12,2018-09-18
2018-0344-USA,Storm,United States of America,,746263.0,1213435.0,82.4106679610351,2018,2018-08-06,2018-08-07
2018-0345-IND,Flood,India,,,,82.4106679610351,2018,2018-08-02,2018-08-06
2018-0347-CHN,Storm,China,,,445331.0,82.4106679610351,2018,2018-08-12,2018-08-12
2018-0347-PHL,Storm,Philippines,,,23055.0,82.4106679610351,2018,2018-09-19,2018-09-19
2018-0348-CHN,Storm,China,,,6552550.0,82.4106679610351,2018,2018-08-15,2018-08-17
2018-0350-AFG,Flood,Afghanistan,,,,82.4106679610351,2018,2018-08-24,2018-08-24
2018-0352-IDN,Earthquake,Indonesia,1941496.0,,1759481.0,82.4106679610351,2018,2018-09-28,2018-09-28
2018-0353-JPN,Storm,Japan,,,5460458.0,82.4106679610351,2018,2018-09-28,2018-10-01
2018-0360-HTI,Earthquake,Haiti,,,,82.4106679610351,2018,2018-10-06,2018-10-06
2018-0361-ESP,Flood,Spain,,37616.0,182015.0,82.4106679610351,2018,2018-10-09,2018-10-11
2018-0363-COD,Epidemic,Democratic Republic of the Congo,,,,82.4106679610351,2018,2018-08-01,2019-12-13
2018-0364-TUN,Flood,Tunisia,,,43684.0,82.4106679610351,2018,2018-09-21,2018-09-23
2018-0365-NGA,Flood,Nigeria,,,333695.0,82.4106679610351,2018,2018-09-20,2018-10-02
2018-0366-CAN,Storm,Canada,,,394366.0,82.4106679610351,2018,2018-09-21,2018-09-21
2018-0367-MEX,Flood,Mexico,,,,82.4106679610351,2018,2018-09-20,2018-09-23
2018-0368-GHA,Flood,Ghana,,,,82.4106679610351,2018,2018-08-31,2018-10-02
2018-0369-CHN,Flood,China,,,958614.0,82.4106679610351,2018,2018-08-29,2018-09-05
2018-0369-VNM,Flood,Viet Nam,,,,82.4106679610351,2018,2018-08-29,2018-09-05
2018-0370-IND,Flood,India,,,,82.4106679610351,2018,2018-09-01,2018-10-06
2018-0372-IND,Flood,India,,,,82.4106679610351,2018,2018-09-23,2018-09-24
2018-0373-CUB,Storm,Cuba,,,,82.4106679610351,2018,2018-10-10,2018-10-11
2018-0373-USA,Storm,United States of America,,12134351.0,19414962.0,82.4106679610351,2018,2018-10-10,2018-10-11
2018-0374-CRI,Flood,Costa Rica,,,,82.4106679610351,2018,2018-10-02,2018-10-11
2018-0374-GTM,Flood,Guatemala,,,,82.4106679610351,2018,2018-10-01,2018-10-18
2018-0374-HND,Flood,Honduras,,,,82.4106679610351,2018,2018-10-11,2018-10-11
2018-0374-NIC,Flood,Nicaragua,,,,82.4106679610351,2018,2018-10-01,2018-10-19
2018-0374-SLV,Flood,El Salvador,,,,82.4106679610351,2018,2018-10-06,2018-10-11
2018-0375-FRA,Flood,France,,279090.0,412568.0,82.4106679610351,2018,2018-10-14,2018-10-15
2018-0376-PRT,Storm,Portugal,,72806.0,140152.0,82.4106679610351,2018,2018-10-14,2018-10-16
2018-0383-IRN,Flood,Iran (Islamic Republic of),,,201430.0,82.4106679610351,2018,2018-10-05,2018-10-06
2018-0384-LKA,Flood,Sri Lanka,,,,82.4106679610351,2018,2018-10-06,2018-10-12
2018-0385-IND,Storm,India,,,1116360.0,82.4106679610351,2018,2018-10-11,2018-10-12
2018-0386-VEN,Flood,Venezuela (Bolivarian Republic of),,,,82.4106679610351,2018,2018-09-25,2018-09-28
2018-0387-SDN,Flood,Sudan,,,,82.4106679610351,2018,2018-08-01,2018-09-04
2018-0390-QAT,Flood,Qatar,,,12134.0,82.4106679610351,2018,2018-10-20,2018-10-20
2018-0394-OMN,Storm,Oman,,,,82.4106679610351,2018,2018-10-14,2018-10-14
2018-0394-YEM,Storm,Yemen,,,,82.4106679610351,2018,2018-10-14,2018-10-15
2018-0395-TTO,Flood,Trinidad and Tobago,,,4490.0,82.4106679610351,2018,2018-10-19,2018-10-23
2018-0396-COL,Flood,Colombia,,,,82.4106679610351,2018,2018-10-01,2018-10-17
2018-0397-FRA,Storm,France,,,,82.4106679610351,2018,2018-10-30,2018-10-30
2018-0397-ITA,Storm,Italy,,,1334779.0,82.4106679610351,2018,2018-10-29,2018-11-04
2018-0399-MNP,Storm,Northern Mariana Islands,,,,82.4106679610351,2018,2018-10-25,2018-10-25
2018-0399-PHL,Storm,Philippines,,,370098.0,82.4106679610351,2018,2018-10-30,2018-10-30
2018-0403-JOR,Flood,Jordan,,,,82.4106679610351,2018,2018-10-25,2018-10-26
2018-0406-MEX,Storm,Mexico,,,651372.0,82.4106679610351,2018,2018-10-23,2018-10-23
2018-0407-RUS,Flood,Russian Federation,,,12134.0,82.4106679610351,2018,2018-10-24,2018-10-26
2018-0409-USA,Wildfire,United States of America,,15167939.0,20021680.0,82.4106679610351,2018,2018-06-01,2018-12-31
2018-0414-JOR,Flood,Jordan,,,,82.4106679610351,2018,2018-11-09,2018-11-09
2018-0414-KWT,Flood,Kuwait,,,,82.4106679610351,2018,2018-11-09,2018-11-09
2018-0415-BRA,Mass movement (wet),Brazil,,,,82.4106679610351,2018,2018-11-10,2018-11-10
2018-0419-USA,Flood,United States of America,,,485374.0,82.4106679610351,2018,2018-10-15,2018-10-20
2018-0421-MEX,Storm,Mexico,,,8500.0,82.4106679610351,2018,2018-10-19,2018-10-23
2018-0423-UGA,Mass movement (wet),Uganda,,,,82.4106679610351,2018,2018-10-11,2018-10-11
2018-0424-JPN,Storm,Japan,,,,82.4106679610351,2018,2018-10-06,2018-10-07
2018-0425-IDN,Flood,Indonesia,,,,82.4106679610351,2018,2018-10-11,2018-10-12
2018-0426-IRN,Earthquake,Iran (Islamic Republic of),,,12134.0,82.4106679610351,2018,2018-11-25,2018-11-25
2018-0427-IRQ,Flood,Iraq,,,,82.4106679610351,2018,2018-11-22,2018-11-23
2018-0431-IND,Storm,India,,,940412.0,82.4106679610351,2018,2018-11-16,2018-11-16
2018-0433-MDG,Epidemic,Madagascar,,,,82.4106679610351,2018,2018-10-04,2019-01-07
2018-0434-ZWE,Epidemic,Zimbabwe,,,,82.4106679610351,2018,2018-08-07,2018-11-16
2018-0435-CMR,Epidemic,Cameroon,,,,82.4106679610351,2018,2018-05-18,2018-11-23
2018-0436-AGO,Epidemic,Angola,,,,82.4106679610351,2018,2018-10-09,2018-11-12
2018-0437-CAF,Epidemic,Central African Republic,,,,82.4106679610351,2018,2018-09-10,2018-11-18
2018-0438-TCD,Epidemic,Chad,,,,82.4106679610351,2018,2018-05-30,2019-04-12
2018-0439-ARG,Flood,Argentina,,,,82.4106679610351,2018,2018-11-12,2018-11-12
2018-0441-MLI,Flood,Mali,,,,82.4106679610351,2018,2018-08-07,2018-08-19
2018-0442-PRY,Flood,Paraguay,,,,82.4106679610351,2018,2018-11-01,2018-11-19
2018-0443-MNG,Storm,Mongolia,,,,82.4106679610351,2018,2018-11-25,2018-11-28
2018-0448-VNM,Flood,Viet Nam,,,30336.0,82.4106679610351,2018,2018-12-08,2018-12-10
2018-0454-IDN,Mass movement (wet),Indonesia,,,,82.4106679610351,2018,2018-12-31,2019-01-01
2018-0455-PHL,Storm,Philippines,,,129538.0,82.4106679610351,2018,2018-12-28,2018-12-31
2018-0456-VUT,Volcanic activity,Vanuatu,,,,82.4106679610351,2018,2018-12-15,2018-12-18
2018-0457-USA,Storm,United States of America,,,182015.0,82.4106679610351,2018,2018-12-26,2018-12-28
2018-0458-IDN,Volcanic activity,Indonesia,,,303359.0,82.4106679610351,2018,2018-12-22,2018-12-22
2018-0459-AUS,Extreme temperature,Australia,,,,82.4106679610351,2018,,
2018-0461-ITA,Volcanic activity,Italy,,,139545.0,82.4106679610351,2018,2018-12-24,2018-12-26
2018-0467-LKA,Flood,Sri Lanka,,,,82.4106679610351,2018,2018-12-22,2018-12-25
2018-0468-USA,Wildfire,United States of America,,4853741.0,6309863.0,82.4106679610351,2018,2018-11-08,2018-11-21
2018-0469-MHL,Storm,Marshall Islands,,,,83.9041700601057,2019,2019-01-05,2019-01-05
2018-0469-SLB,Storm,Solomon Islands,,,,82.4106679610351,2018,2018-12-29,2018-12-29
2018-0471-IDN,Flood,Indonesia,,,,82.4106679610351,2018,2018-11-26,2018-12-04
2018-0472-IDN,Flood,Indonesia,,,,82.4106679610351,2018,2018-12-06,2018-12-10
2018-0473-IND,Storm,India,,,121344.0,82.4106679610351,2018,2018-12-17,2018-12-19
2018-0474-CHN,Storm,China,,,144763.0,82.4106679610351,2018,2018-12-27,2018-12-31
2018-0477-RWA,Flood,Rwanda,,,13348.0,82.4106679610351,2018,2018-04-01,2018-04-16
2018-0478-BOL,Epidemic,Bolivia (Plurinational State of),,,,82.4106679610351,2018,2018-04-15,2019-06-02
2018-0479-BDI,Flood,Burundi,,,,82.4106679610351,2018,2018-05-04,2018-05-09
2018-0480-ARM,Storm,Armenia,,,2211.0,82.4106679610351,2018,2018-08-17,2018-08-18
2018-0481-PLW,Epidemic,Palau,,,,82.4106679610351,2018,2018-12-07,2019-03-17
2018-0483-IDN,Flood,Indonesia,,,,82.4106679610351,2018,2018-02-21,2018-02-23
2018-0484-VNM,Storm,Viet Nam,,,20871.0,82.4106679610351,2018,2018-11-17,2018-11-18
2018-0485-NZL,Flood,New Zealand,,,30336.0,82.4106679610351,2018,2018-06-11,2018-06-11
2018-0486-PHL,Epidemic,Philippines,,,,82.4106679610351,2018,,
2018-0487-ETH,Epidemic,Ethiopia,,,,82.4106679610351,2018,,
2018-0488-ZWE,Epidemic,Zimbabwe,,,,82.4106679610351,2018,2018-09-05,2019-03-12
2018-0489-PHL,Epidemic,Philippines,,,,82.4106679610351,2018,2018-01-01,2019-06-29
2018-0490-HUN,Extreme temperature,Hungary,,,,82.4106679610351,2018,,
2018-9075-ARG,Drought,Argentina,,,4125679.0,82.4106679610351,2018,,
2018-9103-URY,Drought,Uruguay,,,606718.0,82.4106679610351,2018,,
2018-9187-LTU,Drought,Lithuania,,,,82.4106679610351,2018,,
2018-9187-POL,Drought,Poland,,,,82.4106679610351,2018,,
2018-9191-NAM,Drought,Namibia,,,,82.4106679610351,2018,,
2018-9258-AUS,Drought,Australia,,,1456122.0,82.4106679610351,2018,,
2018-9277-CRI,Drought,Costa Rica,,,,83.9041700601057,2019,,
2018-9277-GTM,Drought,Guatemala,,,54203.0,82.4106679610351,2018,,
2018-9277-HND,Drought,Honduras,,,,82.4106679610351,2018,,
2018-9277-NIC,Drought,Nicaragua,,,,82.4106679610351,2018,,
2018-9277-PAN,Drought,Panama,,,87367.0,82.4106679610351,2018,,
2018-9277-SLV,Drought,El Salvador,,,44897.0,82.4106679610351,2018,,
2018-9278-AFG,Drought,Afghanistan,,,,82.4106679610351,2018,,
2018-9372-IND,Drought,India,,,1334779.0,82.4106679610351,2018,,
2018-9469-MRT,Drought,Mauritania,,,,82.4106679610351,2018,,
2018-9476-USA,Drought,United States of America,,,3640305.0,82.4106679610351,2018,,
2018-9491-SEN,Drought,Senegal,,,,82.4106679610351,2018,,
2019-0001-AUT,Storm,Austria,,,,83.9041700601057,2019,2019-01-05,2019-01-16
2019-0001-CHE,Storm,Switzerland,,,,83.9041700601057,2019,2019-01-13,2019-01-15
2019-0001-DEU,Storm,Germany,,,,83.9041700601057,2019,2019-01-05,2019-01-17
2019-0005-LBN,Storm,Lebanon,,,,83.9041700601057,2019,2019-01-11,2019-01-17
2019-0007-USA,Storm,United States of America,,,,83.9041700601057,2019,2019-01-11,2019-01-15
2019-0008-ARG,Flood,Argentina,,,,83.9041700601057,2019,2019-01-11,2019-01-17
2019-0008-BRA,Flood,Brazil,,,,83.9041700601057,2019,2019-01-11,2019-01-11
2019-0009-THA,Storm,Thailand,,,,83.9041700601057,2019,2019-01-04,2019-01-04
2019-0013-IDN,Mass movement (wet),Indonesia,,,,83.9041700601057,2019,2019-01-21,2019-01-23
2019-0015-ESP,Flood,Spain,,34563.0,69126.0,83.9041700601057,2019,2019-01-22,2019-01-25
2019-0020-MDG,Flood,Madagascar,,,,83.9041700601057,2019,2019-01-19,2019-01-20
2019-0021-PHL,Storm,Philippines,,,,83.9041700601057,2019,2019-01-18,2019-01-25
2019-0022-IDN,Flood,Indonesia,,,,83.9041700601057,2019,2019-01-17,2019-01-17
2019-0023-CHL,Earthquake,Chile,,,,83.9041700601057,2019,2019-01-19,2019-01-19
2019-0025-CUB,Storm,Cuba,,,,83.9041700601057,2019,2019-01-27,2019-01-28
2019-0027-PER,Mass movement (wet),Peru,,,,83.9041700601057,2019,2019-01-25,2019-01-26
2019-0028-AUS,Flood,Australia,,756816.0,2383672.0,83.9041700601057,2019,2019-01-27,2019-02-09
2019-0033-SAU,Flood,Saudi Arabia,,,,83.9041700601057,2019,2019-01-27,2019-01-30
2019-0037-BOL,Flood,Bolivia (Plurinational State of),,,,83.9041700601057,2019,2019-01-16,2019-01-16
2019-0040-URY,Flood,Uruguay,,,,83.9041700601057,2019,2019-01-10,2019-01-23
2019-0044-DZA,Extreme temperature,Algeria,,,,83.9041700601057,2019,2019-01-11,2019-03-22
2019-0045-USA,Storm,United States of America,,,119184.0,83.9041700601057,2019,2019-01-18,2019-01-21
2019-0046-USA,Storm,United States of America,,,,83.9041700601057,2019,2019-01-29,2019-01-31
2019-0048-MOZ,Flood,Mozambique,,,,83.9041700601057,2019,2019-01-01,2019-01-31
2019-0048-MWI,Flood,Malawi,,,,83.9041700601057,2019,2019-01-01,2019-01-31
2019-0048-ZMB,Flood,Zambia,,,,83.9041700601057,2019,2019-01-01,2019-01-31
2019-0049-BDI,Flood,Burundi,,,,83.9041700601057,2019,2019-01-17,2019-01-21
2019-0050-AFG,Flood,Afghanistan,,,,83.9041700601057,2019,2019-01-06,2019-01-06
2019-0055-MDA,Extreme temperature,Republic of Moldova,,,,83.9041700601057,2019,2019-01-11,2019-01-30
2019-0056-MNG,Extreme temperature,Mongolia,,,,83.9041700601057,2019,2019-01-11,2019-02-20
2019-0070-AGO,Flood,Angola,,,,83.9041700601057,2019,2019-02-20,2019-02-28
2019-0072-PER,Flood,Peru,,,,83.9041700601057,2019,2019-02-21,2019-02-28
2019-0073-BOL,Flood,Bolivia (Plurinational State of),,,,83.9041700601057,2019,2019-02-24,2019-04-10
2019-0075-COL,Flood,Colombia,,,,83.9041700601057,2019,2019-02-20,2019-02-26
2019-0078-ECU,Flood,Ecuador,,,,83.9041700601057,2019,2019-02-21,2019-03-05
2019-0079-COG,Epidemic,Congo,,,,83.9041700601057,2019,,
2019-0080-PHL,Epidemic,Philippines,,,,83.9041700601057,2019,2019-01-01,2019-04-27
2019-0081-USA,Storm,United States of America,,166857.0,226449.0,83.9041700601057,2019,2019-03-03,2019-03-04
2019-0082-AFG,Flood,Afghanistan,,,,83.9041700601057,2019,2019-03-02,
2019-0082-IRN,Flood,Iran (Islamic Republic of),,,95347.0,83.9041700601057,2019,2019-03-09,2019-03-10
2019-0082-PAK,Flood,Pakistan,,,,83.9041700601057,2019,2019-02-20,
2019-0084-AUS,Wildfire,Australia,,,,83.9041700601057,2019,2019-03-01,2019-03-20
2019-0085-IDN,Earthquake,Indonesia,,,,83.9041700601057,2019,2019-02-28,2019-02-28
2019-0086-USA,Flood,United States of America,,,,83.9041700601057,2019,2019-02-25,2019-03-01
2019-0089-USA,Storm,United States of America,,,1430203.0,83.9041700601057,2019,2019-02-23,2019-02-25
2019-0090-USA,Flood,United States of America,,,,83.9041700601057,2019,2019-02-26,2019-03-04
2019-0091-CHL,Flood,Chile,,,,83.9041700601057,2019,2019-02-01,2019-02-10
2019-0092-BOL,Mass movement (wet),Bolivia (Plurinational State of),,,,83.9041700601057,2019,2019-02-02,2019-02-04
2019-0093-PER,Flood,Peru,,,,83.9041700601057,2019,2019-02-07,2019-02-07
2019-0094-ZWE,Flood,Zimbabwe,,,,83.9041700601057,2019,2019-02-11,2019-02-18
2019-0096-CHN,Earthquake,China,,,2384.0,83.9041700601057,2019,2019-02-25,2019-02-25
2019-0098-PNG,Flood,Papua New Guinea,,,,83.9041700601057,2019,2019-02-11,2019-02-25
2019-0099-MOZ,Flood,Mozambique,,,,83.9041700601057,2019,2019-03-09,2019-03-11
2019-0100-BRA,Flood,Brazil,,,,83.9041700601057,2019,2019-03-10,2019-03-11
2019-0101-MWI,Flood,Malawi,,,,83.9041700601057,2019,2019-03-04,2019-03-10
2019-0106-ZAF,Flood,South Africa,,,,83.9041700601057,2019,2019-03-08,2019-03-12
2019-0107-IDN,Flood,Indonesia,,,,83.9041700601057,2019,2019-03-06,2019-03-08
2019-0109-IDN,Earthquake,Indonesia,,,,83.9041700601057,2019,2019-03-17,2019-03-17
2019-0110-MDG,Storm,Madagascar,,,,83.9041700601057,2019,2019-03-15,2019-03-15
2019-0110-MOZ,Storm,Mozambique,,178775.0,2383672.0,83.9041700601057,2019,2019-03-14,2019-03-15
2019-0110-ZWE,Storm,Zimbabwe,,,,83.9041700601057,2019,2019-03-14,2019-03-14
2019-0111-IDN,Flood,Indonesia,,,122759.0,83.9041700601057,2019,2019-03-16,2019-03-18
2019-0115-NGA,Epidemic,Nigeria,,,,83.9041700601057,2019,,
2019-0116-USA,Flood,United States of America,,2979590.0,11918359.0,83.9041700601057,2019,2019-03-14,2019-03-31
2019-0117-IDN,Mass movement (wet),Indonesia,,,,83.9041700601057,2019,2019-03-20,2019-03-20
2019-0122-YEM,Epidemic,Yemen,,,,83.9041700601057,2019,2019-01-01,2019-07-05
2019-0123-AGO,Flood,Angola,,,,83.9041700601057,2019,2019-03-16,2019-03-22
2019-0124-FSM,Storm,Micronesia (Federated States of),,,,83.9041700601057,2019,2019-02-19,2019-02-22
2019-0125-AFG,Flood,Afghanistan,,,,83.9041700601057,2019,2019-03-18,2019-03-26
2019-0125-IRN,Flood,Iran (Islamic Republic of),,238367.0,2979590.0,83.9041700601057,2019,2019-03-19,2019-04-10
2019-0131-MOZ,Epidemic,Mozambique,,,,83.9041700601057,2019,,2019-04-18
2019-0134-CHN,Wildfire,China,,,,83.9041700601057,2019,2019-04-01,2019-04-01
2019-0135-NPL,Storm,Nepal,,,,83.9041700601057,2019,2019-03-30,2019-03-31
2019-0137-SYR,Flood,Syrian Arab Republic,,,,83.9041700601057,2019,2019-03-30,2019-04-03
2019-0141-IRQ,Flood,Iraq,,,,83.9041700601057,2019,2019-03-24,2019-04-02
2019-0143-AFG,Flood,Afghanistan,,,,83.9041700601057,2019,2019-03-30,2019-04-15
2019-0144-BGD,Storm,Bangladesh,,,,83.9041700601057,2019,2019-03-31,2019-03-31
2019-0146-BRA,Flood,Brazil,,,,83.9041700601057,2019,2019-04-08,2019-04-09
2019-0149-KOR,Wildfire,Republic of Korea,,,,83.9041700601057,2019,2019-04-04,2019-04-05
2019-0150-PRY,Flood,Paraguay,,,,83.9041700601057,2019,2019-03-15,2019-04-04
2019-0155-IND,Storm,India,,,,83.9041700601057,2019,2019-04-16,2019-04-17
2019-0155-PAK,Storm,Pakistan,,,,83.9041700601057,2019,2019-04-15,2019-04-18
2019-0158-PNG,Mass movement (wet),Papua New Guinea,,,,83.9041700601057,2019,2019-04-15,2019-04-15
2019-0159-COL,Flood,Colombia,,,,83.9041700601057,2019,2019-04-07,2019-04-15
2019-0160-USA,Storm,United States of America,,,1549387.0,83.9041700601057,2019,2019-04-13,2019-04-14
2019-0161-CHN,Flood,China,,,,83.9041700601057,2019,2019-04-11,2019-04-12
2019-0162-PHL,Earthquake,Philippines,,,59592.0,83.9041700601057,2019,2019-04-22,2019-04-22
2019-0164-BGD,Storm,Bangladesh,,,,83.9041700601057,2019,2019-05-04,2019-05-04
2019-0164-IND,Storm,India,,,2157223.0,83.9041700601057,2019,2019-05-03,2019-05-03
2019-0165-COM,Storm,Comoros,,,,83.9041700601057,2019,2019-04-24,2019-04-25
2019-0165-MOZ,Storm,Mozambique,,,274122.0,83.9041700601057,2019,2019-04-25,2019-04-25
2019-0165-TZA,Storm,United Republic of Tanzania,,,,83.9041700601057,2019,2019-04-26,2019-04-26
2019-0167-IDN,Flood,Indonesia,,,,83.9041700601057,2019,2019-04-25,2019-04-26
2019-0168-IDN,Flood,Indonesia,,,17878.0,83.9041700601057,2019,2019-04-25,2019-05-27
2019-0170-COD,Mass movement (wet),Democratic Republic of the Congo,,,,83.9041700601057,2019,2019-04-26,2019-04-29
2019-0171-CAN,Flood,Canada,,250286.0,953469.0,83.9041700601057,2019,2019-04-27,2019-05-05
2019-0175-COL,Mass movement (wet),Colombia,,,,83.9041700601057,2019,2019-04-21,2019-04-21
2019-0176-ZAF,Flood,South Africa,,,59592.0,83.9041700601057,2019,2019-04-21,2019-04-25
2019-0179-UGA,Flood,Uganda,,,,83.9041700601057,2019,2019-04-22,2019-04-23
2019-0182-ZAF,Flood,South Africa,,,,83.9041700601057,2019,2019-05-02,2019-05-02
2019-0184-USA,Storm,United States of America,,,,83.9041700601057,2019,2019-04-24,2019-04-26
2019-0185-ARG,Flood,Argentina,,,,83.9041700601057,2019,2019-04-23,2019-04-23
2019-0186-ESP,Storm,Spain,,,,83.9041700601057,2019,2019-04-18,2019-04-22
2019-0187-MWI,Mass movement (wet),Malawi,,,,83.9041700601057,2019,2019-04-20,2019-04-20
2019-0188-SSD,Epidemic,South Sudan,,,,83.9041700601057,2019,,
2019-0189-SSD,Wildfire,South Sudan,,,,83.9041700601057,2019,2019-05-08,2019-05-08
2019-0192-KEN,Epidemic,Kenya,,,,83.9041700601057,2019,,2019-05-02
2019-0193-TZA,Epidemic,United Republic of Tanzania,,,,83.9041700601057,2019,,2019-05-02
2019-0194-BIH,Flood,Bosnia and Herzegovina,,,,83.9041700601057,2019,2019-05-12,2019-05-13
2019-0194-HRV,Flood,Croatia,,,,83.9041700601057,2019,2019-05-12,2019-05-15
2019-0195-ITA,Flood,Italy,,,,83.9041700601057,2019,2019-05-15,2019-05-15
2019-0197-PRY,Flood,Paraguay,,,,83.9041700601057,2019,2019-04-01,2019-05-13
2019-0199-MNG,Storm,Mongolia,,,,83.9041700601057,2019,2019-05-10,2019-05-11
2019-0200-MLI,Flood,Mali,,,,83.9041700601057,2019,2019-05-16,2019-05-16
2019-0201-PAK,Flood,Pakistan,,,,83.9041700601057,2019,2019-04-13,2019-04-14
2019-0203-TZA,Flood,United Republic of Tanzania,,,,83.9041700601057,2019,2019-05-13,2019-05-17
2019-0206-ARG,Flood,Argentina,,,,83.9041700601057,2019,2019-05-10,2019-05-20
2019-0209-CHN,Flood,China,,834285.0,7389382.0,83.9041700601057,2019,2019-06-13,2019-07-01
2019-0210-IDN,Flood,Indonesia,,,,83.9041700601057,2019,2019-06-09,2019-06-14
2019-0211-COG,Epidemic,Congo,,,,83.9041700601057,2019,,
2019-0212-COG,Epidemic,Congo,,,,83.9041700601057,2019,,
2019-0213-YEM,Flood,Yemen,,,,83.9041700601057,2019,2019-06-11,2019-06-14
2019-0215-HTI,Flood,Haiti,,,,83.9041700601057,2019,2019-06-03,2019-06-06
2019-0216-AFG,Flood,Afghanistan,,,,83.9041700601057,2019,2019-06-11,2019-06-11
2019-0216-TJK,Flood,Tajikistan,,,,83.9041700601057,2019,2019-06-01,2019-06-07
2019-0217-IND,Extreme temperature,India,,,,83.9041700601057,2019,,
2019-0218-IND,Epidemic,India,,,,83.9041700601057,2019,2019-01-01,2019-06-17
2019-0219-MNG,Flood,Mongolia,,,,83.9041700601057,2019,2019-06-15,2019-06-19
2019-0220-MDV,Flood,Maldives,,,,83.9041700601057,2019,2019-05-30,2019-06-08
2019-0221-LKA,Epidemic,Sri Lanka,,,,83.9041700601057,2019,,
2019-0222-ROU,Flood,Romania,,,,83.9041700601057,2019,2019-05-31,2019-06-07
2019-0223-IND,Extreme temperature,India,,,,83.9041700601057,2019,,
2019-0224-LBY,Flood,Libya,,,8462.0,83.9041700601057,2019,2019-05-28,2019-06-05
2019-0225-MEX,Flood,Mexico,,,,83.9041700601057,2019,2019-06-02,2019-06-06
2019-0226-MYS,Flood,Malaysia,,,,83.9041700601057,2019,2019-06-02,2019-06-06
2019-0227-UGA,Mass movement (wet),Uganda,,,,83.9041700601057,2019,2019-06-04,2019-06-08
2019-0228-GHA,Flood,Ghana,,,,83.9041700601057,2019,2019-06-04,2019-06-04
2019-0232-ALB,Earthquake,Albania,,,,83.9041700601057,2019,2019-06-01,2019-06-01
2019-0233-SLV,Earthquake,El Salvador,,,,83.9041700601057,2019,2019-05-30,2019-05-30
2019-0243-ECU,Earthquake,Ecuador,,,,83.9041700601057,2019,2019-05-26,2019-05-26
2019-0243-PER,Earthquake,Peru,,,,83.9041700601057,2019,2019-05-26,2019-05-26
2019-0245-PRY,Flood,Paraguay,,,,83.9041700601057,2019,,
2019-0250-USA,Storm,United States of America,,,,83.9041700601057,2019,2019-05-23,2019-05-31
2019-0252-OMN,Flood,Oman,,,,83.9041700601057,2019,2019-05-18,2019-05-18
2019-0252-SAU,Flood,Saudi Arabia,,,,83.9041700601057,2019,2019-05-22,2019-05-27
2019-0252-YEM,Flood,Yemen,,,,83.9041700601057,2019,2019-05-17,2019-05-27
2019-0254-UGA,Flood,Uganda,,,,83.9041700601057,2019,2019-05-26,2019-05-29
2019-0255-AFG,Flood,Afghanistan,,,,83.9041700601057,2019,2019-05-22,2019-05-27
2019-0259-CHN,Earthquake,China,,,1549387.0,83.9041700601057,2019,2019-06-17,2019-06-17
2019-0264-PHL,Flood,Philippines,,,,83.9041700601057,2019,2019-06-03,2019-06-23
2019-0265-VNM,Flood,Viet Nam,,,,83.9041700601057,2019,2019-05-27,2019-05-30
2019-0271-PNG,Earthquake,Papua New Guinea,,,,83.9041700601057,2019,2019-05-14,2019-05-14
2019-0273-URY,Flood,Uruguay,,,,83.9041700601057,2019,2019-06-11,2019-06-24
2019-0274-TUR,Flood,Türkiye,,,,83.9041700601057,2019,2019-06-18,2019-06-20
2019-0275-SRB,Flood,Serbia,,,,83.9041700601057,2019,2019-06-02,2019-06-07
2019-0280-SDN,Flood,Sudan,,,,83.9041700601057,2019,2019-06-08,2019-06-18
2019-0281-IDN,Flood,Indonesia,,,,83.9041700601057,2019,2019-06-03,2019-06-09
2019-0283-ECU,Mass movement (wet),Ecuador,,,,83.9041700601057,2019,2019-06-22,2019-06-22
2019-0285-SSD,Flood,South Sudan,,,,83.9041700601057,2019,2019-06-05,2019-06-07
2019-0286-GEO,Flood,Georgia,,,,83.9041700601057,2019,2019-05-12,2019-05-12
2019-0287-BIH,Flood,Bosnia and Herzegovina,,,,83.9041700601057,2019,2019-06-01,2019-06-25
2019-0288-IND,Flood,India,,,,83.9041700601057,2019,2019-06-28,2019-07-04
2019-0289-JPN,Flood,Japan,,,,83.9041700601057,2019,2019-06-29,2019-07-04
2019-0291-CHN,Storm,China,,,172816.0,83.9041700601057,2019,2019-07-03,2019-07-03
2019-0294-RUS,Flood,Russian Federation,,,548245.0,83.9041700601057,2019,2019-06-28,2019-07-03
2019-0296-BEL,Extreme temperature,Belgium,,,,83.9041700601057,2019,2019-06-21,2019-07-01
2019-0296-DEU,Extreme temperature,Germany,,,,83.9041700601057,2019,2019-06-24,2019-06-30
2019-0296-ESP,Extreme temperature,Spain,,,,83.9041700601057,2019,2019-06-26,2019-06-30
2019-0296-FRA,Extreme temperature,France,,,,83.9041700601057,2019,2019-06-24,2019-07-07
2019-0296-GBR,Extreme temperature,United Kingdom of Great Britain and Northern Ireland,,,,83.9041700601057,2019,2019-06-26,2019-06-30
2019-0296-ITA,Extreme temperature,Italy,,,,83.9041700601057,2019,2019-06-26,2019-06-30
2019-0297-MEX,Flood,Mexico,,,,83.9041700601057,2019,2019-06-28,2019-06-28
2019-0298-PNG,Volcanic activity,Papua New Guinea,,,,83.9041700601057,2019,2019-06-28,2019-06-28
2019-0299-IRN,Earthquake,Iran (Islamic Republic of),,,,83.9041700601057,2019,2019-07-08,2019-07-08
2019-0301-ESP,Flood,Spain,,,,83.9041700601057,2019,2019-07-08,2019-07-08
2019-0304-BGD,Mass movement (wet),Bangladesh,,,,83.9041700601057,2019,2019-07-02,2019-07-08
2019-0306-USA,Earthquake,United States of America,,59592.0,238367.0,83.9041700601057,2019,2019-07-05,2019-07-05
2019-0307-USA,Flood,United States of America,,,,83.9041700601057,2019,2019-06-06,2019-06-09
2019-0309-BRA,Flood,Brazil,,,,83.9041700601057,2019,2019-06-13,2019-06-13
2019-0311-IND,Storm,India,,,,83.9041700601057,2019,2019-06-01,2019-06-03
2019-0315-GRC,Storm,Greece,,,,83.9041700601057,2019,2019-07-10,2019-07-10
2019-0318-HUN,Storm,Hungary,,,,83.9041700601057,2019,2019-06-27,2019-06-27
2019-0319-ARM,Storm,Armenia,,,,83.9041700601057,2019,2019-06-27,2019-06-27
2019-0321-IND,Storm,India,,,,83.9041700601057,2019,2019-06-06,2019-06-14
2019-0322-JPN,Earthquake,Japan,,,,83.9041700601057,2019,2019-06-18,2019-06-18
2019-0331-IND,Flood,India,,238367.0,11918359.0,83.9041700601057,2019,2019-07-14,2019-09-30
2019-0332-NPL,Flood,Nepal,,,243135.0,83.9041700601057,2019,2019-07-08,2019-07-29
2019-0333-CHN,Flood,China,,,,83.9041700601057,2019,2019-07-15,2019-07-15
2019-0334-IDN,Earthquake,Indonesia,,,,83.9041700601057,2019,2019-07-14,2019-07-14
2019-0335-USA,Storm,United States of America,,357551.0,715102.0,83.9041700601057,2019,2019-07-13,2019-07-15
2019-0337-BGD,Flood,Bangladesh,,,89388.0,83.9041700601057,2019,,2019-07-28
2019-0338-CRI,Epidemic,Costa Rica,,,,83.9041700601057,2019,,2019-08-09
2019-0338-HND,Epidemic,Honduras,,,,83.9041700601057,2019,,2019-08-09
2019-0338-NIC,Epidemic,Nicaragua,,,,83.9041700601057,2019,,2019-08-02
2019-0338-SLV,Epidemic,El Salvador,,,,83.9041700601057,2019,,2019-09-18
2019-0346-PAK,Flood,Pakistan,,,,83.9041700601057,2019,2019-07-16,2019-07-28
2019-0347-MMR,Flood,Myanmar,,,,83.9041700601057,2019,2019-07-14,2019-07-14
2019-0349-PHL,Storm,Philippines,,,449847.0,83.9041700601057,2019,2019-07-18,2019-07-18
2019-0352-ETH,Epidemic,Ethiopia,,,,83.9041700601057,2019,2019-04-25,2019-06-23
2019-0355-PHL,Epidemic,Philippines,,,,83.9041700601057,2019,2019-01-01,2019-06-29
2019-0356-PHL,Earthquake,Philippines,,,,83.9041700601057,2019,2019-07-13,2019-07-13
2019-0357-TUR,Flood,Türkiye,,,,83.9041700601057,2019,2019-07-17,2019-07-18
2019-0358-BOL,Volcanic activity,Bolivia (Plurinational State of),,,,83.9041700601057,2019,2019-07-19,2019-07-23
2019-0358-PER,Volcanic activity,Peru,,,,83.9041700601057,2019,2019-07-19,2019-07-22
2019-0360-GTM,Epidemic,Guatemala,,,,83.9041700601057,2019,2019-06-29,2019-08-08
2019-0362-PHL,Earthquake,Philippines,,,6267.0,83.9041700601057,2019,2019-07-27,2019-07-27
2019-0366-AUT,Extreme temperature,Austria,,,,83.9041700601057,2019,2019-07-24,2019-07-26
2019-0366-BEL,Extreme temperature,Belgium,,,,83.9041700601057,2019,2019-07-19,2019-07-27
2019-0366-DEU,Extreme temperature,Germany,,,,83.9041700601057,2019,2019-07-24,2019-07-25
2019-0366-FRA,Extreme temperature,France,,,,83.9041700601057,2019,2019-07-21,2019-07-27
2019-0366-NLD,Extreme temperature,Netherlands (Kingdom of the),,,,83.9041700601057,2019,2019-07-22,2019-07-27
2019-0367-CHN,Mass movement (wet),China,,,,83.9041700601057,2019,2019-07-23,2019-07-23
2019-0368-BRA,Flood,Brazil,,,,83.9041700601057,2019,2019-07-23,2019-07-24
2019-0369-MMR,Mass movement (wet),Myanmar,,,,83.9041700601057,2019,2019-07-28,2019-07-28
2019-0370-MAR,Mass movement (wet),Morocco,,,,83.9041700601057,2019,2019-07-24,2019-07-24
2019-0372-PAK,Flood,Pakistan,,,,83.9041700601057,2019,2019-07-29,2019-07-31
2019-0375-NOR,Mass movement (wet),Norway,,,,83.9041700601057,2019,2019-07-30,2019-07-30
2019-0377-IDN,Earthquake,Indonesia,,,,83.9041700601057,2019,2019-08-02,2019-08-02
2019-0378-RUS,Wildfire,Russian Federation,,,126335.0,83.9041700601057,2019,,
2019-0380-VNM,Flood,Viet Nam,,,53633.0,83.9041700601057,2019,2019-08-05,2019-08-05
2019-0381-CHN,Flood,China,,,,83.9041700601057,2019,2019-08-04,2019-08-05
2019-0382-SLE,Flood,Sierra Leone,,,,83.9041700601057,2019,2019-08-02,2019-08-03
2019-0383-IND,Flood,India,,,,83.9041700601057,2019,2019-08-12,2019-08-15
2019-0385-MMR,Flood,Myanmar,,,,83.9041700601057,2019,2019-08-08,2019-08-16
2019-0386-PAK,Flood,Pakistan,,,,83.9041700601057,2019,2019-08-09,2019-08-12
2019-0387-CHN,Storm,China,,,11918359.0,83.9041700601057,2019,2019-08-10,2019-08-12
2019-0387-TWN,Storm,Taiwan (Province of China),,,,83.9041700601057,2019,2019-08-10,2019-08-10
2019-0388-FRA,Storm,France,,,,83.9041700601057,2019,2019-08-09,2019-08-09
2019-0388-LUX,Storm,Luxembourg,,133486.0,,83.9041700601057,2019,2019-08-09,2019-08-09
2019-0389-SLE,Flood,Sierra Leone,,,,83.9041700601057,2019,,
2019-0392-SDN,Flood,Sudan,,,,83.9041700601057,2019,,2019-09-06
2019-0393-VNM,Flood,Viet Nam,,,,83.9041700601057,2019,2019-08-08,2019-08-10
2019-0395-GTM,Storm,Guatemala,,,,83.9041700601057,2019,2019-08-17,2019-08-23
2019-0396-POL,Storm,Poland,,,,83.9041700601057,2019,2019-08-22,2019-08-22
2019-0396-SVK,Storm,Slovakia,,,,83.9041700601057,2019,2019-08-22,2019-08-22
2019-0397-NGA,Epidemic,Nigeria,,,,83.9041700601057,2019,,2019-08-21
2019-0400-CHN,Mass movement (wet),China,,,238367.0,83.9041700601057,2019,2019-08-19,2019-08-20
2019-0409-JPN,Flood,Japan,,,119184.0,83.9041700601057,2019,2019-08-27,2019-08-29
2019-0412-BHS,Storm,Bahamas,,,4052242.0,83.9041700601057,2019,2019-09-01,2019-09-04
2019-0412-USA,Storm,United States of America,,,1906937.0,83.9041700601057,2019,2019-08-28,2019-09-06
2019-0413-ESP,Flood,Spain,,780652.0,2979590.0,83.9041700601057,2019,2019-09-11,2019-09-16
2019-0415-NER,Flood,Niger,,,,83.9041700601057,2019,2019-09-01,2019-09-15
2019-0415-NGA,Flood,Nigeria,,,,83.9041700601057,2019,2019-09-21,2019-09-27
2019-0415-TCD,Flood,Chad,,,,83.9041700601057,2019,,
2019-0417-USA,Storm,United States of America,,1430203.0,4171426.0,83.9041700601057,2019,2019-09-17,2019-09-21
2019-0418-MEX,Storm,Mexico,,,,83.9041700601057,2019,2019-09-20,2019-09-20
2019-0419-KHM,Flood,Cambodia,,,,83.9041700601057,2019,2019-09-11,2019-09-20
2019-0419-LAO,Flood,Lao People's Democratic Republic,,,,83.9041700601057,2019,2019-08-29,2019-09-03
2019-0419-THA,Flood,Thailand,,,,83.9041700601057,2019,2019-09-11,2019-09-11
2019-0419-VNM,Flood,Viet Nam,,,15494.0,83.9041700601057,2019,2019-09-11,2019-09-11
2019-0420-MLI,Flood,Mali,,,,83.9041700601057,2019,2019-08-24,2019-09-12
2019-0424-CHN,Storm,China,,,156130.0,83.9041700601057,2019,2019-09-05,2019-09-08
2019-0424-JPN,Storm,Japan,,,11918.0,83.9041700601057,2019,2019-09-05,2019-09-08
2019-0424-KOR,Storm,Republic of Korea,,,,83.9041700601057,2019,2019-09-06,2019-09-07
2019-0424-PRK,Storm,Democratic People's Republic of Korea,,,28604.0,83.9041700601057,2019,2019-09-06,2019-09-07
2019-0426-MAR,Flood,Morocco,,,,83.9041700601057,2019,2019-09-08,2019-09-09
2019-0427-MAR,Flood,Morocco,,,,83.9041700601057,2019,2019-08-28,2019-08-28
2019-0428-BOL,Wildfire,Bolivia (Plurinational State of),,,,83.9041700601057,2019,,
2019-0428-BRA,Wildfire,Brazil,,,,83.9041700601057,2019,,
2019-0428-PER,Wildfire,Peru,,,,83.9041700601057,2019,,
2019-0428-PRY,Wildfire,Paraguay,,,,83.9041700601057,2019,,
2019-0430-UGA,Mass movement (wet),Uganda,,,,83.9041700601057,2019,2019-08-31,2019-09-03
2019-0432-RUS,Flood,Russian Federation,,,21453.0,83.9041700601057,2019,2019-08-28,2019-08-31
2019-0433-MRT,Flood,Mauritania,,,,83.9041700601057,2019,2019-08-26,2019-08-27
2019-0434-PHL,Storm,Philippines,,,,83.9041700601057,2019,2019-08-27,2019-08-28
2019-0435-NGA,Flood,Nigeria,,,,83.9041700601057,2019,2019-08-20,2019-08-25
2019-0443-JPN,Storm,Japan,,,,83.9041700601057,2019,2019-09-24,2019-09-24
2019-0443-KOR,Storm,Republic of Korea,,,,83.9041700601057,2019,2019-09-24,2019-09-24
2019-0444-ALB,Earthquake,Albania,,,53633.0,83.9041700601057,2019,2019-09-21,2019-09-21
2019-0445-HTI,Flood,Haiti,,,,83.9041700601057,2019,2019-09-18,2019-09-21
2019-0450-MEX,Storm,Mexico,,,,83.9041700601057,2019,2019-09-30,2019-09-30
2019-0451-IDN,Earthquake,Indonesia,,,,83.9041700601057,2019,2019-09-26,2019-09-26
2019-0452-LKA,Flood,Sri Lanka,,,,83.9041700601057,2019,2019-09-23,2019-09-27
2019-0453-TCD,Mass movement (wet),Chad,,,,83.9041700601057,2019,2019-09-27,2019-09-27
2019-0454-NGA,Epidemic,Nigeria,,,,83.9041700601057,2019,,2019-09-30
2019-0455-COL,Epidemic,Colombia,,,,83.9041700601057,2019,,2019-08-31
2019-0456-DOM,Epidemic,Dominican Republic,,,,83.9041700601057,2019,2019-09-30,2019-09-30
2019-0460-PAK,Earthquake,Pakistan,,,20261.0,83.9041700601057,2019,2019-09-24,2019-09-24
2019-0461-YEM,Flood,Yemen,,,,83.9041700601057,2019,2019-07-31,2019-08-06
2019-0462-TUR,Flood,Türkiye,,11918.0,,83.9041700601057,2019,2019-08-17,2019-08-17
2019-0463-JPN,Extreme temperature,Japan,,,,83.9041700601057,2019,2019-07-29,2019-08-08
2019-0464-PAK,Flood,Pakistan,,,,83.9041700601057,2019,2019-08-16,2019-08-20
2019-0467-JPN,Extreme temperature,Japan,,,,83.9041700601057,2019,2019-07-22,2019-07-30
2019-0468-RUS,Flood,Russian Federation,,,9535.0,83.9041700601057,2019,2019-07-25,2019-07-31
2019-0469-CHN,Flood,China,,,375428.0,83.9041700601057,2019,2019-07-29,2019-08-01
2019-0470-PAK,Flood,Pakistan,,,,83.9041700601057,2019,2019-07-15,2019-07-15
2019-0471-PAK,Flood,Pakistan,,,,83.9041700601057,2019,2019-09-30,2019-10-03
2019-0472-CHN,Storm,China,,,313453.0,83.9041700601057,2019,2019-10-02,2019-10-02
2019-0472-KOR,Storm,Republic of Korea,,,659085.0,83.9041700601057,2019,2019-10-02,2019-10-02
2019-0475-ECU,Earthquake,Ecuador,,,,83.9041700601057,2019,2019-02-22,2019-02-22
2019-0479-TUR,Earthquake,Türkiye,,,,83.9041700601057,2019,2019-09-26,2019-09-26
2019-0480-IND,Epidemic,India,,,,83.9041700601057,2019,,
2019-0482-VNM,Flood,Viet Nam,,,,83.9041700601057,2019,2019-10-15,2019-10-22
2019-0484-USA,Storm,United States of America,,2383672.0,3098773.0,83.9041700601057,2019,2019-10-20,2019-10-21
2019-0486-SSD,Flood,South Sudan,,,,83.9041700601057,2019,2019-10-01,2019-10-18
2019-0487-RUS,Flood,Russian Federation,,,,83.9041700601057,2019,2019-10-19,2019-10-19
2019-0488-GHA,Flood,Ghana,,,,83.9041700601057,2019,2019-10-06,2019-10-09
2019-0489-PHL,Earthquake,Philippines,,,,83.9041700601057,2019,2019-10-16,2019-10-16
2019-0490-GTM,Storm,Guatemala,,,,83.9041700601057,2019,2019-10-16,2019-10-17
2019-0492-JPN,Storm,Japan,,11918359.0,20261210.0,83.9041700601057,2019,2019-10-12,2019-10-17
2019-0494-ETH,Mass movement (wet),Ethiopia,,,,83.9041700601057,2019,2019-10-15,2019-10-15
2019-0495-IRN,Flood,Iran (Islamic Republic of),,,,83.9041700601057,2019,2019-10-12,2019-10-14
2019-0496-TZA,Flood,United Republic of Tanzania,,,,83.9041700601057,2019,2019-10-02,2019-10-16
2019-0497-ESP,Flood,Spain,,,,83.9041700601057,2019,2019-10-22,2019-10-23
2019-0499-IND,Flood,India,,,,83.9041700601057,2019,2019-10-19,2019-10-23
2019-0499-LKA,Flood,Sri Lanka,,,,83.9041700601057,2019,2019-10-24,2019-10-24
2019-0500-ETH,Flood,Ethiopia,,,,83.9041700601057,2019,2019-10-01,2019-10-13
2019-0500-KEN,Flood,Kenya,,,,83.9041700601057,2019,2019-10-10,2019-12-13
2019-0500-SOM,Flood,Somalia,,,,83.9041700601057,2019,,
2019-0504-NER,Flood,Niger,,,,83.9041700601057,2019,2019-10-24,2019-10-24
2019-0505-FRA,Flood,France,,,,83.9041700601057,2019,2019-10-21,2019-10-24
2019-0513-USA,Wildfire,United States of America,,,387347.0,83.9041700601057,2019,2019-10-10,2019-10-17
2019-0514-CIV,Flood,Côte d’Ivoire,,,,83.9041700601057,2019,2019-10-11,2019-10-13
2019-0515-TZA,Flood,United Republic of Tanzania,,,,83.9041700601057,2019,2019-10-15,2019-10-28
2019-0516-JPN,Flood,Japan,,,,83.9041700601057,2019,2019-10-25,2019-10-26
2019-0517-USA,Wildfire,United States of America,,953469.0,1549387.0,83.9041700601057,2019,2019-10-26,2019-10-31
2019-0518-SAU,Flood,Saudi Arabia,,,,83.9041700601057,2019,2019-10-28,2019-10-28
2019-0519-MEX,Storm,Mexico,,29796.0,456473.0,83.9041700601057,2019,2019-09-05,2019-09-06
2019-0520-CHN,Earthquake,China,,,,83.9041700601057,2019,2019-09-08,2019-09-08
2019-0521-JPN,Storm,Japan,,8342851.0,10845706.0,83.9041700601057,2019,2019-10-08,2019-10-08
2019-0522-PHL,Earthquake,Philippines,,,,83.9041700601057,2019,2019-10-29,2019-10-29
2019-0523-IDN,Flood,Indonesia,,,,83.9041700601057,2019,2019-10-26,2019-10-27
2019-0523-MYS,Flood,Malaysia,,,,83.9041700601057,2019,2019-10-26,2019-10-27
2019-0524-CAF,Flood,Central African Republic,,,,83.9041700601057,2019,,2019-11-13
2019-0525-SDN,Epidemic,Sudan,,,,83.9041700601057,2019,2019-08-29,2019-12-05
2019-0526-SEN,Flood,Senegal,,,,83.9041700601057,2019,2019-09-10,2019-09-20
2019-0527-CMR,Mass movement (wet),Cameroon,,,,83.9041700601057,2019,2019-10-28,2019-10-28
2019-0528-TON,Epidemic,Tonga,,,,83.9041700601057,2019,,2019-10-28
2019-0529-PHL,Earthquake,Philippines,,,,83.9041700601057,2019,2019-10-31,2019-10-31
2019-0531-FJI,Epidemic,Fiji,,,,83.9041700601057,2019,,
2019-0531-TON,Epidemic,Tonga,,,,83.9041700601057,2019,2019-10-22,2019-11-19
2019-0531-WSM,Epidemic,Samoa,,,,83.9041700601057,2019,,
2019-0532-CAN,Storm,Canada,,,327755.0,83.9041700601057,2019,2019-10-31,2019-11-02
2019-0533-ESP,Storm,Spain,,,,83.9041700601057,2019,2019-10-28,2019-11-03
2019-0533-FRA,Storm,France,,,,83.9041700601057,2019,2019-10-28,2019-11-03
2019-0533-ITA,Storm,Italy,,,,83.9041700601057,2019,2019-11-03,2019-11-03
2019-0534-VNM,Storm,Viet Nam,,,,83.9041700601057,2019,2019-11-03,2019-11-03
2019-0540-UGA,Flood,Uganda,,,,83.9041700601057,2019,2019-10-15,2019-11-06
2019-0541-PHL,Storm,Philippines,,,,83.9041700601057,2019,2019-11-17,2019-11-17
2019-0542-BRA,Flood,Brazil,,,,83.9041700601057,2019,2019-11-16,2019-11-17
2019-0543-ITA,Storm,Italy,,,,83.9041700601057,2019,2019-11-12,2019-11-18
2019-0545-AUS,Wildfire,Australia,,,2383672.0,83.9041700601057,2019,2019-09-01,
2019-0548-ZAF,Storm,South Africa,,,,83.9041700601057,2019,2019-11-11,2019-11-12
2019-0549-PHL,Storm,Philippines,,,42906.0,83.9041700601057,2019,2019-11-10,2019-11-10
2019-0549-VNM,Storm,Viet Nam,,,4767.0,83.9041700601057,2019,2019-11-12,2019-11-13
2019-0550-BGD,Storm,Bangladesh,,,6895.0,83.9041700601057,2019,2019-11-09,2019-11-10
2019-0550-IND,Storm,India,,,,83.9041700601057,2019,2019-11-09,2019-11-10
2019-0551-FRA,Earthquake,France,,,,83.9041700601057,2019,2019-11-11,2019-11-11
2019-0553-IRN,Earthquake,Iran (Islamic Republic of),,,107265.0,83.9041700601057,2019,2019-11-08,2019-11-08
2019-0557-KEN,Mass movement (wet),Kenya,,,,83.9041700601057,2019,2019-11-23,2019-11-23
2019-0558-FRA,Storm,France,,,375428.0,83.9041700601057,2019,2019-11-23,2019-11-24
2019-0558-ITA,Storm,Italy,,,,83.9041700601057,2019,2019-11-23,2019-11-24
2019-0561-COD,Flood,Democratic Republic of the Congo,,,,83.9041700601057,2019,2019-11-19,2019-11-26
2019-0561-COG,Flood,Congo,,,,83.9041700601057,2019,2019-11-20,2019-11-25
2019-0562-TZA,Flood,United Republic of Tanzania,,,,83.9041700601057,2019,2019-11-20,2019-11-25
2019-0568-GBR,Flood,United Kingdom of Great Britain and Northern Ireland,,169241.0,,83.9041700601057,2019,2019-11-07,2019-11-08
2019-0572-ALB,Earthquake,Albania,,,834285.0,83.9041700601057,2019,2019-11-26,2019-11-26
2019-0573-PHL,Storm,Philippines,,,130090.0,83.9041700601057,2019,2019-12-02,2019-12-03
2019-0574-IND,Flood,India,,,,83.9041700601057,2019,2019-11-29,2019-12-04
2019-0576-FRA,Flood,France,,,,83.9041700601057,2019,2019-11-30,2019-12-02
2019-0577-LKA,Flood,Sri Lanka,,,,83.9041700601057,2019,2019-11-29,2019-12-10
2019-0578-MYS,Flood,Malaysia,,,,83.9041700601057,2019,2019-11-30,2019-12-06
2019-0579-DJI,Flood,Djibouti,,,,83.9041700601057,2019,2019-11-21,2019-11-28
2019-0580-BRA,Flood,Brazil,,,,83.9041700601057,2019,2019-11-25,2019-11-27
2019-0585-BDI,Mass movement (wet),Burundi,,,,83.9041700601057,2019,2019-12-05,2019-12-05
2019-0593-USA,Storm,United States of America,,,,83.9041700601057,2019,2019-11-27,2019-12-03
2019-0595-COL,Flood,Colombia,,,,83.9041700601057,2019,2019-10-27,2019-11-17
2019-0596-MEX,Flood,Mexico,,,,83.9041700601057,2019,2019-11-27,2019-12-04
2019-0598-NZL,Volcanic activity,New Zealand,,,,83.9041700601057,2019,2019-12-09,2019-12-09
2019-0599-UGA,Flood,Uganda,,,,83.9041700601057,2019,2019-11-29,2019-12-07
2019-0600-SOM,Storm,Somalia,,,,83.9041700601057,2019,2019-12-07,2019-12-10
2019-0601-COM,Storm,Comoros,,,,83.9041700601057,2019,2019-12-05,2019-12-08
2019-0601-MDG,Storm,Madagascar,,,29796.0,83.9041700601057,2019,2019-12-09,2019-12-10
2019-0606-COL,Flood,Colombia,,,,83.9041700601057,2019,2019-12-06,2019-12-11
2019-0607-ZAF,Flood,South Africa,,,,83.9041700601057,2019,2019-12-02,2019-12-11
2019-0608-URY,Flood,Uruguay,,,,83.9041700601057,2019,2019-10-12,2019-10-18
2019-0609-VEN,Flood,Venezuela (Bolivarian Republic of),,,,83.9041700601057,2019,2019-10-05,2019-10-15
2019-0611-CHN,Flood,China,,,107265.0,83.9041700601057,2019,2019-10-15,2019-10-25
2019-0613-AFG,Mass movement (wet),Afghanistan,,,,83.9041700601057,2019,2019-12-11,2019-12-11
2019-0614-COD,Epidemic,Democratic Republic of the Congo,,,,83.9041700601057,2019,,
2019-0615-COD,Epidemic,Democratic Republic of the Congo,,,,83.9041700601057,2019,,
2019-0619-PHL,Earthquake,Philippines,,,,83.9041700601057,2019,2019-12-15,2019-12-15
2019-0620-IDN,Flood,Indonesia,,,,83.9041700601057,2019,2019-12-12,2019-12-17
2019-0621-FRA,Storm,France,,,119184.0,83.9041700601057,2019,2019-12-12,2019-12-17
2019-0623-COD,Mass movement (wet),Democratic Republic of the Congo,,,,83.9041700601057,2019,2019-12-13,2019-12-14
2019-0623-UGA,Mass movement (wet),Uganda,,,,83.9041700601057,2019,2019-12-13,2019-12-14
2019-0624-USA,Storm,United States of America,,208571.0,280081.0,83.9041700601057,2019,2019-12-16,2019-12-18
2019-0625-UGA,Flood,Uganda,,,,83.9041700601057,2019,2019-12-18,2019-12-18
2019-0626-ESP,Storm,Spain,,,,83.9041700601057,2019,2019-12-19,2019-12-22
2019-0626-FRA,Storm,France,,,,83.9041700601057,2019,2019-12-19,2019-12-22
2019-0626-PRT,Storm,Portugal,,,,83.9041700601057,2019,2019-12-19,2019-12-22
2019-0629-LKA,Flood,Sri Lanka,,,,83.9041700601057,2019,2019-12-18,2019-12-23
2019-0630-DJI,Infestation,Djibouti,,,,84.9391981293886,2020,,
2019-0630-ERI,Infestation,Eritrea,,,,84.9391981293886,2020,,
2019-0630-ETH,Infestation,Ethiopia,,,,83.9041700601057,2019,,
2019-0630-KEN,Infestation,Kenya,,,,84.9391981293886,2020,,
2019-0630-SDN,Infestation,Sudan,,,,84.9391981293886,2020,,
2019-0630-SOM,Infestation,Somalia,,,,83.9041700601057,2019,,
2019-0630-TZA,Infestation,United Republic of Tanzania,,,,84.9391981293886,2020,2020-02-03,
2019-0630-UGA,Infestation,Uganda,,,,84.9391981293886,2020,,
2019-0631-MYS,Flood,Malaysia,,,,83.9041700601057,2019,2019-12-18,2019-12-19
2019-0632-IDN,Flood,Indonesia,,,1430203.0,83.9041700601057,2019,2019-12-31,2020-01-03
2019-0633-MOZ,Flood,Mozambique,,,,83.9041700601057,2019,2019-12-27,2020-01-23
2019-0634-PHL,Storm,Philippines,,,18738.0,83.9041700601057,2019,2019-12-24,2019-12-28
2019-0640-CHL,Wildfire,Chile,,,,83.9041700601057,2019,2019-12-24,2019-12-26
2019-0642-FJI,Storm,Fiji,,,,83.9041700601057,2019,2019-12-26,2019-12-26
2019-0643-RWA,Flood,Rwanda,,,,83.9041700601057,2019,,
2019-0644-YEM,Epidemic,Yemen,,,,83.9041700601057,2019,,
2019-0645-BDI,Flood,Burundi,,,,83.9041700601057,2019,2019-12-21,2019-12-28
2019-0646-IDN,Wildfire,Indonesia,,,,83.9041700601057,2019,,
2019-0647-PER,Flood,Peru,,,,83.9041700601057,2019,2019-12-15,2020-01-10
2019-0650-BEL,Extreme temperature,Belgium,,,,83.9041700601057,2019,2019-08-23,2019-08-29
2019-0650-GBR,Extreme temperature,United Kingdom of Great Britain and Northern Ireland,,,,83.9041700601057,2019,2019-07-21,2019-08-28
2019-0653-COL,Flood,Colombia,,,,83.9041700601057,2019,2019-12-26,2019-12-26
2019-0654-RWA,Flood,Rwanda,,,,83.9041700601057,2019,2019-12-25,2019-12-25
2019-0655-BGD,Extreme temperature,Bangladesh,,,,83.9041700601057,2019,,
2019-0656-LKA,Flood,Sri Lanka,,,,83.9041700601057,2019,2019-12-02,2019-12-07
2019-0657-IDN,Flood,Indonesia,,,,83.9041700601057,2019,2019-12-19,2019-12-21
2019-0658-ETH,Epidemic,Ethiopia,,,,83.9041700601057,2019,,2020-01-22
2019-0659-PAK,Epidemic,Pakistan,,,,83.9041700601057,2019,2019-01-01,2020-12-21
2019-0660-CAF,Epidemic,Central African Republic,,,,83.9041700601057,2019,2019-01-01,2020-02-02
2019-0663-BEN,Epidemic,Benin,,,,83.9041700601057,2019,2019-01-06,2020-01-22
2019-0664-COG,Flood,Congo,,,,83.9041700601057,2019,,
2019-0665-GMB,Storm,Gambia,,,,83.9041700601057,2019,2019-06-19,2019-06-19
2019-0666-AGO,Flood,Angola,,,,83.9041700601057,2019,,2020-01-10
2019-0667-SDN,Epidemic,Sudan,,,,83.9041700601057,2019,,
2019-9023-PAK,Drought,Pakistan,,,,83.9041700601057,2019,,
2019-9076-PRK,Drought,Democratic People's Republic of Korea,,,,83.9041700601057,2019,,
2019-9109-SOM,Drought,Somalia,,,,83.9041700601057,2019,,
2019-9137-PHL,Drought,Philippines,,,30511.0,83.9041700601057,2019,,
2019-9145-KEN,Drought,Kenya,,,,83.9041700601057,2019,,
2019-9359-LAO,Drought,Lao People's Democratic Republic,,,,83.9041700601057,2019,,
2019-9359-THA,Drought,Thailand,,,,83.9041700601057,2019,,
2019-9359-VNM,Drought,Viet Nam,,,,83.9041700601057,2019,,
2019-9389-LKA,Drought,Sri Lanka,,,,83.9041700601057,2019,,
2019-9598-ZAF,Drought,South Africa,,,160898.0,83.9041700601057,2019,2019-01-01,2019-12-31
2019-9619-BWA,Drought,Botswana,,,,83.9041700601057,2019,,
2019-9619-LSO,Drought,Lesotho,,,,83.9041700601057,2019,,
2019-9619-SWZ,Drought,Eswatini,,,,83.9041700601057,2019,,
2019-9666-ARG,Drought,Argentina,,,,83.9041700601057,2019,,
2019-9667-ZMB,Drought,Zambia,,,,83.9041700601057,2019,,
2020-0001-ISR,Flood,Israel,,,682841.0,84.9391981293886,2020,2020-01-04,2020-01-09
2020-0005-TUR,Storm,Türkiye,,,,84.9391981293886,2020,2020-01-07,2020-01-09
2020-0007-PRI,Earthquake,Puerto Rico,,470925.0,941850.0,84.9391981293886,2020,2020-01-07,2020-01-07
2020-0008-PHL,Volcanic activity,Philippines,,,77703.0,84.9391981293886,2020,2020-01-12,2020-01-22
2020-0009-AFG,Storm,Afghanistan,,,,84.9391981293886,2020,2020-01-12,2020-01-15
2020-0010-PAK,Storm,Pakistan,,,,84.9391981293886,2020,2020-01-11,2020-01-13
2020-0011-USA,Storm,United States of America,,,1412775.0,84.9391981293886,2020,2020-01-10,2020-01-12
2020-0014-IDN,Flood,Indonesia,,,,84.9391981293886,2020,2020-01-14,2020-01-15
2020-0015-FJI,Storm,Fiji,,,,84.9391981293886,2020,2020-01-17,2020-01-18
2020-0015-TUV,Storm,Tuvalu,,,,84.9391981293886,2020,2020-01-18,2020-01-18
2020-0016-MDG,Flood,Madagascar,,,,84.9391981293886,2020,2020-01-01,2020-01-24
2020-0017-IRN,Flood,Iran (Islamic Republic of),,,951269.0,84.9391981293886,2020,2020-01-09,2020-01-22
2020-0018-IDN,Flood,Indonesia,,,,84.9391981293886,2020,2020-01-19,2020-01-22
2020-0019-AUS,Storm,Australia,,1177313.0,1765969.0,84.9391981293886,2020,2020-01-19,2020-01-21
2020-0020-ESP,Storm,Spain,,98894.0,370854.0,84.9391981293886,2020,2020-01-19,2020-01-21
2020-0020-FRA,Storm,France,,,,84.9391981293886,2020,2020-01-21,2020-01-23
2020-0022-BRA,Flood,Brazil,,,353194.0,84.9391981293886,2020,2020-01-17,2020-01-27
2020-0030-MNG,Storm,Mongolia,,,,84.9391981293886,2020,,
2020-0031-ZMB,Flood,Zambia,,,,84.9391981293886,2020,,
2020-0032-PER,Flood,Peru,,,,84.9391981293886,2020,2020-01-23,2020-01-24
2020-0033-IDN,Flood,Indonesia,,,,84.9391981293886,2020,2020-01-23,2020-01-28
2020-0034-TUR,Earthquake,Türkiye,,,400286.0,84.9391981293886,2020,2020-01-24,2020-01-24
2020-0036-IDN,Flood,Indonesia,,,,84.9391981293886,2020,2020-01-28,2020-01-29
2020-0037-TZA,Flood,United Republic of Tanzania,,,,84.9391981293886,2020,2020-01-27,2020-02-03
2020-0039-NGA,Epidemic,Nigeria,,,,84.9391981293886,2020,2020-01-01,2020-02-17
2020-0041-RWA,Flood,Rwanda,,,,84.9391981293886,2020,2020-02-02,2020-02-04
2020-0043-NZL,Flood,New Zealand,,,34142.0,84.9391981293886,2020,2020-02-01,2020-02-05
2020-0044-TUR,Mass movement (wet),Türkiye,,,,84.9391981293886,2020,2020-02-04,2020-02-05
2020-0045-PSE,Extreme temperature,State of Palestine,,,,84.9391981293886,2020,2020-01-18,2020-02-05
2020-0046-MWI,Flood,Malawi,,,,84.9391981293886,2020,2020-02-04,2020-02-06
2020-0047-PNG,Flood,Papua New Guinea,,,,84.9391981293886,2020,2020-02-05,2020-02-06
2020-0050-ZAF,Flood,South Africa,,,,84.9391981293886,2020,2020-02-07,2020-02-10
2020-0051-BEL,Storm,Belgium,,,,84.9391981293886,2020,2020-02-09,2020-02-09
2020-0051-CZE,Storm,Czechia,,,,84.9391981293886,2020,2020-02-07,2020-02-08
2020-0051-DEU,Storm,Germany,,,,84.9391981293886,2020,2020-02-09,2020-02-09
2020-0051-FRA,Storm,France,,,,84.9391981293886,2020,2020-02-08,2020-02-08
2020-0051-GBR,Storm,United Kingdom of Great Britain and Northern Ireland,,,,84.9391981293886,2020,2020-02-08,2020-02-08
2020-0051-IRL,Storm,Ireland,,,,88.9294934772074,2021,2021-05-22,2021-05-22
2020-0051-ITA,Storm,Italy,,,,84.9391981293886,2020,2020-02-08,2020-02-09
2020-0051-POL,Storm,Poland,,,,84.9391981293886,2020,2020-02-08,2020-02-09
2020-0051-SVN,Storm,Slovenia,,,,84.9391981293886,2020,2020-02-07,2020-02-09
2020-0051-SWE,Storm,Sweden,,,,84.9391981293886,2020,2020-02-07,2020-02-09
2020-0052-IDN,Flood,Indonesia,,,,84.9391981293886,2020,2020-02-11,2020-02-11
2020-0053-AUS,Flood,Australia,,,1412775.0,84.9391981293886,2020,2020-02-04,2020-02-11
2020-0055-BDI,Flood,Burundi,,,,84.9391981293886,2020,2020-01-28,2020-02-13
2020-0056-BRA,Flood,Brazil,,,58866.0,84.9391981293886,2020,2020-02-09,2020-02-11
2020-0057-IND,Storm,India,,,,84.9391981293886,2020,2020-01-11,2020-01-14
2020-0058-BOL,Flood,Bolivia (Plurinational State of),,,,84.9391981293886,2020,2020-02-13,2020-02-13
2020-0059-IDN,Flood,Indonesia,,,11773.0,84.9391981293886,2020,2020-02-13,2020-02-26
2020-0060-ARG,Storm,Argentina,,,,84.9391981293886,2020,2020-01-15,2020-01-16
2020-0062-MOZ,Flood,Mozambique,,,,84.9391981293886,2020,2020-02-11,2020-02-17
2020-0063-AFG,Mass movement (wet),Afghanistan,,,,84.9391981293886,2020,2020-02-13,2020-02-14
2020-0068-IDN,Flood,Indonesia,,,,84.9391981293886,2020,2020-02-26,2020-02-28
2020-0069-GBR,Flood,United Kingdom of Great Britain and Northern Ireland,,,,84.9391981293886,2020,2020-02-28,2020-02-28
2020-0070-PER,Mass movement (wet),Peru,,,,84.9391981293886,2020,2020-02-23,2020-02-23
2020-0071-COL,Flood,Colombia,,,,84.9391981293886,2020,2020-02-26,2020-02-27
2020-0072-ECU,Flood,Ecuador,,,,84.9391981293886,2020,2020-02-22,2020-02-24
2020-0073-IRN,Earthquake,Iran (Islamic Republic of),,,,84.9391981293886,2020,2020-02-23,2020-02-23
2020-0073-TUR,Earthquake,Türkiye,,,,84.9391981293886,2020,2020-02-23,2020-02-23
2020-0075-HND,Flood,Honduras,,,,84.9391981293886,2020,2020-02-28,2020-03-02
2020-0076-IRN,Flood,Iran (Islamic Republic of),,,,84.9391981293886,2020,2020-02-24,2020-03-12
2020-0077-BRA,Flood,Brazil,,,,84.9391981293886,2020,2020-02-29,2020-03-02
2020-0080-PRY,Epidemic,Paraguay,,,,84.9391981293886,2020,2020-02-15,2020-03-03
2020-0082-USA,Storm,United States of America,,,2943282.0,84.9391981293886,2020,2020-03-02,2020-03-05
2020-0083-BRA,Flood,Brazil,,,88298.0,84.9391981293886,2020,2020-03-02,2020-03-03
2020-0085-NAM,Flood,Namibia,,,,84.9391981293886,2020,2020-03-06,2020-03-06
2020-0086-IDN,Flood,Indonesia,,,8477.0,84.9391981293886,2020,2020-03-04,2020-03-06
2020-0088-VNM,Storm,Viet Nam,,,1766.0,84.9391981293886,2020,2020-03-02,2020-03-10
2020-0089-USA,Flood,United States of America,,,206030.0,84.9391981293886,2020,2020-02-10,2020-02-17
2020-0091-BOL,Flood,Bolivia (Plurinational State of),,,11773.0,84.9391981293886,2020,2020-02-08,2020-02-29
2020-0092-ARG,Flood,Argentina,,,11773.0,84.9391981293886,2020,2020-02-11,2020-02-19
2020-0094-PER,Flood,Peru,,,11773.0,84.9391981293886,2020,2020-02-17,2020-02-25
2020-0095-PAK,Flood,Pakistan,,,,84.9391981293886,2020,2020-03-04,2020-03-26
2020-0098-RWA,Flood,Rwanda,,,,84.9391981293886,2020,2020-03-02,2020-03-10
2020-0102-EGY,Flood,Egypt,,,89476.0,84.9391981293886,2020,2020-03-11,2020-03-15
2020-0103-MDG,Storm,Madagascar,,,,84.9391981293886,2020,2020-03-13,2020-03-17
2020-0104-AGO,Flood,Angola,,,,84.9391981293886,2020,2020-03-16,2020-03-17
2020-0106-HRV,Earthquake,Croatia,11125605.0,,8005727.0,84.9391981293886,2020,2020-03-22,2020-03-22
2020-0108-YEM,Flood,Yemen,,,11773.0,84.9391981293886,2020,2020-03-25,2020-03-26
2020-0109-BDI,Storm,Burundi,,,,84.9391981293886,2020,2020-03-16,2020-03-22
2020-0110-ZMB,Flood,Zambia,,,,84.9391981293886,2020,2020-03-20,2020-03-26
2020-0111-PNG,Flood,Papua New Guinea,,,,84.9391981293886,2020,2020-03-21,2020-03-24
2020-0115-IDN,Flood,Indonesia,,,,84.9391981293886,2020,2020-03-20,2020-03-21
2020-0116-IRQ,Flood,Iraq,,,117731.0,84.9391981293886,2020,2020-03-18,2020-03-21
2020-0118-IRN,Flood,Iran (Islamic Republic of),,,1765969.0,84.9391981293886,2020,2020-02-24,2020-04-30
2020-0119-CHN,Wildfire,China,,,,84.9391981293886,2020,2020-03-30,2020-03-31
2020-0121-IDN,Flood,Indonesia,,,,84.9391981293886,2020,2020-03-29,2020-04-01
2020-0122-PER,Flood,Peru,,,,84.9391981293886,2020,2020-03-28,2020-04-02
2020-0123-COD,Flood,Democratic Republic of the Congo,,,,84.9391981293886,2020,2020-03-17,2020-04-01
2020-0124-AFG,Flood,Afghanistan,,,,84.9391981293886,2020,2020-03-28,2020-04-21
2020-0125-COG,Flood,Congo,,,,84.9391981293886,2020,2020-03-30,2020-04-02
2020-0126-IRN,Infestation,Iran (Islamic Republic of),,,,84.9391981293886,2020,,
2020-0128-COD,Flood,Democratic Republic of the Congo,,,,84.9391981293886,2020,2020-03-14,2020-03-18
2020-0130-PAK,Infestation,Pakistan,,,,84.9391981293886,2020,,
2020-0131-TLS,Flood,Timor-Leste,,,23546.0,84.9391981293886,2020,2020-03-13,2020-03-13
2020-0132-FJI,Storm,Fiji,,,15305.0,84.9391981293886,2020,2020-04-08,2020-04-09
2020-0132-SLB,Storm,Solomon Islands,,,,84.9391981293886,2020,2020-04-02,2020-04-03
2020-0132-TON,Storm,Tonga,,,130682.0,84.9391981293886,2020,2020-04-06,2020-04-09
2020-0132-VUT,Storm,Vanuatu,,,,84.9391981293886,2020,2020-04-06,2020-04-06
2020-0133-PAK,Flood,Pakistan,,,,84.9391981293886,2020,2020-03-31,2020-04-06
2020-0134-IDN,Flood,Indonesia,,,,84.9391981293886,2020,2020-04-04,2020-04-05
2020-0138-PNG,Flood,Papua New Guinea,,,,84.9391981293886,2020,2020-04-04,2020-04-07
2020-0142-AFG,Flood,Afghanistan,,,,84.9391981293886,2020,2020-04-13,2020-04-16
2020-0142-IRN,Flood,Iran (Islamic Republic of),,,,84.9391981293886,2020,2020-04-10,2020-04-16
2020-0144-IDN,Flood,Indonesia,,,,84.9391981293886,2020,2020-04-09,2020-04-16
2020-0146-PNG,Mass movement (wet),Papua New Guinea,,,,84.9391981293886,2020,2020-04-10,2020-04-10
2020-0148-USA,Storm,United States of America,,3061013.0,4120595.0,84.9391981293886,2020,2020-04-10,2020-04-14
2020-0150-DJI,Flood,Djibouti,,,,84.9391981293886,2020,2020-04-20,2020-04-26
2020-0151-IDN,Flood,Indonesia,,,,84.9391981293886,2020,2020-04-30,2020-05-05
2020-0152-COD,Flood,Democratic Republic of the Congo,,,,84.9391981293886,2020,2020-05-05,2020-05-05
2020-0153-AFG,Flood,Afghanistan,,,,84.9391981293886,2020,2020-05-02,2020-05-05
2020-0155-GUF,Flood,French Guiana,,,,84.9391981293886,2020,2020-05-05,2020-05-05
2020-0156-RWA,Flood,Rwanda,,,,84.9391981293886,2020,2020-05-01,2020-05-04
2020-0157-KAZ,Flood,Kazakhstan,,,,84.9391981293886,2020,2020-05-01,2020-05-04
2020-0157-UZB,Flood,Uzbekistan,,,,84.9391981293886,2020,2020-05-01,2020-05-11
2020-0158-PRI,Earthquake,Puerto Rico,,,176597.0,84.9391981293886,2020,2020-05-02,2020-05-02
2020-0159-ETH,Flood,Ethiopia,,,,84.9391981293886,2020,2020-04-20,2020-05-08
2020-0159-SOM,Flood,Somalia,,,,84.9391981293886,2020,2020-04-20,2020-04-28
2020-0160-MYS,Flood,Malaysia,,,,84.9391981293886,2020,2020-04-25,2020-04-29
2020-0161-IDN,Flood,Indonesia,,,,84.9391981293886,2020,2020-04-20,2020-04-28
2020-0164-KEN,Flood,Kenya,,,11773.0,84.9391981293886,2020,2020-04-18,2020-06-01
2020-0164-UGA,Flood,Uganda,,,,84.9391981293886,2020,2020-04-17,2020-05-05
2020-0165-VNM,Storm,Viet Nam,,,,84.9391981293886,2020,2020-04-22,2020-04-27
2020-0166-TZA,Flood,United Republic of Tanzania,,,,84.9391981293886,2020,2020-04-22,2020-04-26
2020-0167-USA,Storm,United States of America,,,1648238.0,84.9391981293886,2020,2020-04-21,2020-04-24
2020-0168-YEM,Flood,Yemen,,,11773.0,84.9391981293886,2020,2020-04-15,2020-04-30
2020-0169-BFA,Flood,Burkina Faso,,,,84.9391981293886,2020,2020-04-19,2020-04-26
2020-0171-RWA,Flood,Rwanda,,,,84.9391981293886,2020,2020-04-17,2020-04-25
2020-0172-BDI,Flood,Burundi,,,,84.9391981293886,2020,2020-04-13,2020-04-19
2020-0173-AGO,Flood,Angola,,,,84.9391981293886,2020,2020-04-18,2020-04-24
2020-0175-COD,Flood,Democratic Republic of the Congo,,,,84.9391981293886,2020,2020-04-16,2020-05-18
2020-0182-UGA,Flood,Uganda,,,,84.9391981293886,2020,2020-05-08,2020-05-08
2020-0183-GTM,Flood,Guatemala,,,,84.9391981293886,2020,2020-05-09,2020-05-11
2020-0185-IDN,Flood,Indonesia,,,,84.9391981293886,2020,2020-05-08,2020-05-08
2020-0188-RWA,Flood,Rwanda,,,,84.9391981293886,2020,2020-04-17,2020-05-10
2020-0190-USA,Storm,United States of America,,2590088.0,3414207.0,84.9391981293886,2020,2020-04-06,2020-04-09
2020-0191-CAN,Flood,Canada,,,1530507.0,84.9391981293886,2020,2020-04-26,2020-04-30
2020-0194-TZA,Flood,United Republic of Tanzania,,,,84.9391981293886,2020,2020-03-10,2020-03-17
2020-0198-IND,Flood,India,,,11773.0,84.9391981293886,2020,2020-05-10,2020-05-13
2020-0199-THA,Storm,Thailand,,,11773.0,84.9391981293886,2020,2020-04-29,2020-05-09
2020-0202-FRA,Flood,France,,,,84.9391981293886,2020,2020-05-11,2020-05-11
2020-0203-PHL,Storm,Philippines,,,36614.0,84.9391981293886,2020,2020-05-15,2020-05-17
2020-0206-IND,Flood,India,,,,84.9391981293886,2020,2020-05-24,2020-05-26
2020-0207-CUB,Storm,Cuba,,,,84.9391981293886,2020,2020-05-25,2020-05-26
2020-0211-BGD,Storm,Bangladesh,,,1765969.0,84.9391981293886,2020,2020-05-20,2020-05-20
2020-0211-IND,Storm,India,,,15893722.0,84.9391981293886,2020,2020-05-20,2020-05-20
2020-0211-LKA,Storm,Sri Lanka,,,,84.9391981293886,2020,2020-05-17,2020-05-20
2020-0212-USA,Flood,United States of America,,,2472357.0,84.9391981293886,2020,2020-05-17,2020-05-20
2020-0213-UGA,Flood,Uganda,,,,84.9391981293886,2020,2020-05-21,2020-05-25
2020-0216-YEM,Flood,Yemen,,,,84.9391981293886,2020,2020-06-03,2020-06-04
2020-0217-IND,Storm,India,,,965396.0,84.9391981293886,2020,2020-06-03,2020-06-03
2020-0218-GTM,Storm,Guatemala,,,,84.9391981293886,2020,2020-05-30,2020-05-31
2020-0218-HND,Storm,Honduras,,,,84.9391981293886,2020,2020-05-30,2020-05-31
2020-0218-SLV,Storm,El Salvador,,,259009.0,84.9391981293886,2020,2020-05-31,2020-05-31
2020-0219-MEX,Storm,Mexico,,,,84.9391981293886,2020,2020-06-03,2020-06-03
2020-0219-USA,Storm,United States of America,,,382627.0,84.9391981293886,2020,2020-06-07,2020-06-07
2020-0220-IND,Mass movement (wet),India,,,,84.9391981293886,2020,2020-05-27,2020-06-02
2020-0221-OMN,Flood,Oman,,,,84.9391981293886,2020,2020-05-27,2020-05-31
2020-0222-ETH,Mass movement (wet),Ethiopia,,,,84.9391981293886,2020,2020-05-28,2020-05-28
2020-0224-IDN,Flood,Indonesia,,,,84.9391981293886,2020,2020-06-03,2020-06-05
2020-0225-IDN,Earthquake,Indonesia,,,,84.9391981293886,2020,2020-06-04,2020-06-04
2020-0228-GHA,Flood,Ghana,,,,84.9391981293886,2020,2020-06-08,2020-06-10
2020-0238-USA,Storm,United States of America,,588656.0,2472357.0,84.9391981293886,2020,2020-05-02,2020-05-03
2020-0240-ETH,Mass movement (wet),Ethiopia,,,,84.9391981293886,2020,2020-05-09,2020-05-09
2020-0241-CHN,Storm,China,,,1295044.0,84.9391981293886,2020,2020-05-01,2020-05-31
2020-0244-CHN,Earthquake,China,,,20014.0,84.9391981293886,2020,2020-05-18,2020-05-18
2020-0245-IDN,Flood,Indonesia,,,,84.9391981293886,2020,2020-05-22,2020-06-04
2020-0248-BFA,Flood,Burkina Faso,,,,84.9391981293886,2020,2020-06-05,2020-06-11
2020-0249-IND,Flood,India,,,,84.9391981293886,2020,2020-06-01,2020-06-09
2020-0249-PAK,Flood,Pakistan,,,,84.9391981293886,2020,2020-06-01,2020-06-11
2020-0250-IDN,Flood,Indonesia,,,2472.0,84.9391981293886,2020,2020-06-11,2020-06-15
2020-0251-TUR,Earthquake,Türkiye,,,,84.9391981293886,2020,2020-06-14,2020-06-14
2020-0253-TUR,Flood,Türkiye,,,,84.9391981293886,2020,2020-06-11,2020-06-12
2020-0254-FRA,Flood,France,,,,84.9391981293886,2020,2020-06-10,2020-06-11
2020-0257-NGA,Flood,Nigeria,,,,84.9391981293886,2020,2020-06-14,2020-06-16
2020-0259-CIV,Flood,Côte d’Ivoire,,,,84.9391981293886,2020,2020-06-15,2020-06-17
2020-0260-CHN,Mass movement (wet),China,,,,84.9391981293886,2020,2020-06-17,2020-06-18
2020-0264-GTM,Flood,Guatemala,,,,84.9391981293886,2020,2020-06-17,2020-06-17
2020-0265-IDN,Flood,Indonesia,,,,84.9391981293886,2020,2020-06-18,2020-06-19
2020-0266-CAN,Storm,Canada,,1059581.0,1412775.0,84.9391981293886,2020,2020-06-13,2020-06-14
2020-0269-MMR,Mass movement (wet),Myanmar,,,,84.9391981293886,2020,2020-07-01,2020-07-02
2020-0270-BRA,Storm,Brazil,,,117731.0,84.9391981293886,2020,2020-06-30,2020-07-01
2020-0272-MYS,Flood,Malaysia,,,8006.0,84.9391981293886,2020,2020-06-27,2020-07-01
2020-0273-POL,Flood,Poland,,,,84.9391981293886,2020,2020-06-29,2020-07-05
2020-0276-CHN,Flood,China,,,,84.9391981293886,2020,2020-06-30,2020-07-05
2020-0279-TUR,Earthquake,Türkiye,,,,84.9391981293886,2020,2020-06-25,2020-06-25
2020-0280-URY,Storm,Uruguay,,,,84.9391981293886,2020,2020-06-22,2020-06-26
2020-0281-MEX,Earthquake,Mexico,,,88298.0,84.9391981293886,2020,2020-06-23,2020-06-23
2020-0282-CHN,Flood,China,,,,84.9391981293886,2020,2020-06-22,2020-06-24
2020-0283-UKR,Flood,Ukraine,,,181143.0,84.9391981293886,2020,2020-06-22,2020-06-29
2020-0284-MNG,Flood,Mongolia,,,,84.9391981293886,2020,2020-06-21,2020-06-25
2020-0285-BIH,Flood,Bosnia and Herzegovina,,,,84.9391981293886,2020,2020-06-22,2020-06-23
2020-0285-SRB,Flood,Serbia,,,32965.0,84.9391981293886,2020,2020-06-22,2020-06-23
2020-0286-ROU,Flood,Romania,,,100072.0,84.9391981293886,2020,2020-06-10,2020-06-26
2020-0287-TUR,Flood,Türkiye,,,41206.0,84.9391981293886,2020,2020-06-21,2020-06-23
2020-0289-MYS,Flood,Malaysia,,,,84.9391981293886,2020,2020-06-20,2020-06-25
2020-0296-JPN,Flood,Japan,,1412775.0,6828414.0,84.9391981293886,2020,2020-06-29,2020-07-10
2020-0297-NPL,Flood,Nepal,,,117731.0,84.9391981293886,2020,,
2020-0301-URY,Flood,Uruguay,,,,84.9391981293886,2020,2020-06-22,2020-06-24
2020-0302-TCD,Flood,Chad,,,,84.9391981293886,2020,2020-04-20,2020-04-21
2020-0304-IND,Flood,India,,941850.0,8829846.0,84.9391981293886,2020,,2020-08-16
2020-0305-SDN,Flood,Sudan,,,294328.0,84.9391981293886,2020,,2020-09-09
2020-0306-ARM,Storm,Armenia,,,,84.9391981293886,2020,2020-07-13,2020-07-13
2020-0307-LAO,Storm,Lao People's Democratic Republic,,,,84.9391981293886,2020,2020-08-01,2020-08-03
2020-0307-THA,Storm,Thailand,,,,84.9391981293886,2020,2020-08-01,2020-08-03
2020-0307-VNM,Storm,Viet Nam,,,273.0,84.9391981293886,2020,2020-07-29,2020-07-30
2020-0308-CHN,Storm,China,,,,84.9391981293886,2020,2020-08-05,2020-08-05
2020-0308-KOR,Storm,Republic of Korea,,,,84.9391981293886,2020,2020-08-03,2020-08-04
2020-0308-TWN,Storm,Taiwan (Province of China),,,,84.9391981293886,2020,2020-08-03,2020-08-04
2020-0310-IDN,Flood,Indonesia,,,,84.9391981293886,2020,2020-08-01,2020-08-01
2020-0311-AFG,Flood,Afghanistan,,,,84.9391981293886,2020,2020-07-31,2020-08-01
2020-0312-CUB,Storm,Cuba,,,,84.9391981293886,2020,2020-07-31,2020-08-02
2020-0312-DOM,Storm,Dominican Republic,,,194257.0,84.9391981293886,2020,2020-07-31,2020-08-02
2020-0312-PRI,Storm,Puerto Rico,,,70403.0,84.9391981293886,2020,2020-08-02,2020-08-02
2020-0312-USA,Storm,United States of America,,,5651101.0,84.9391981293886,2020,2020-07-31,2020-08-02
2020-0316-MEX,Storm,Mexico,,,158937.0,84.9391981293886,2020,2020-07-25,2020-07-26
2020-0316-USA,Storm,United States of America,,,1295044.0,84.9391981293886,2020,2020-07-25,2020-07-25
2020-0317-COL,Flood,Colombia,,,11773.0,84.9391981293886,2020,2020-07-01,2020-07-15
2020-0318-UKR,Wildfire,Ukraine,,,190725.0,84.9391981293886,2020,2020-07-06,2020-07-06
2020-0320-SOM,Flood,Somalia,,,,84.9391981293886,2020,2020-06-15,2020-07-20
2020-0321-NGA,Flood,Nigeria,,,,84.9391981293886,2020,2020-06-24,2020-07-31
2020-0322-CHN,Flood,China,,412059.0,20014317.0,84.9391981293886,2020,2020-05-21,2020-07-30
2020-0323-BGD,Flood,Bangladesh,,,588656.0,84.9391981293886,2020,2020-06-15,2020-09-30
2020-0324-MNG,Flood,Mongolia,,,2001.0,84.9391981293886,2020,2020-07-02,2020-07-04
2020-0325-IDN,Flood,Indonesia,,,11773.0,84.9391981293886,2020,2020-07-03,2020-07-31
2020-0327-KOR,Flood,Republic of Korea,,,,84.9391981293886,2020,2020-07-13,2020-07-30
2020-0328-VNM,Flood,Viet Nam,,,25901.0,84.9391981293886,2020,2020-07-18,2020-07-21
2020-0329-MMR,Flood,Myanmar,,,,84.9391981293886,2020,2020-07-19,2020-07-30
2020-0330-PAN,Flood,Panama,,,,84.9391981293886,2020,2020-08-09,2020-08-09
2020-0331-GRC,Flood,Greece,,,35319.0,84.9391981293886,2020,2020-08-08,2020-08-09
2020-0332-IND,Mass movement (wet),India,,,,84.9391981293886,2020,2020-08-07,2020-08-07
2020-0333-KOR,Flood,Republic of Korea,,,494471.0,84.9391981293886,2020,2020-08-01,2020-08-12
2020-0336-NER,Flood,Niger,,,11773.0,84.9391981293886,2020,2020-07-01,2020-09-10
2020-0349-UKR,Wildfire,Ukraine,,,,84.9391981293886,2020,2020-09-30,2020-10-08
2020-0353-MEX,Flood,Mexico,,,,84.9391981293886,2020,2020-08-08,2020-08-10
2020-0355-CHN,Storm,China,,,189547.0,84.9391981293886,2020,2020-08-10,2020-08-11
2020-0357-PAK,Flood,Pakistan,,,1765969.0,84.9391981293886,2020,2020-08-01,
2020-0362-SSD,Flood,South Sudan,,,,84.9391981293886,2020,,
2020-0363-PRK,Flood,Democratic People's Republic of Korea,,,,84.9391981293886,2020,2020-08-04,2020-08-10
2020-0365-ITA,Mass movement (wet),Italy,,,,84.9391981293886,2020,2020-08-12,2020-08-12
2020-0369-SAU,Flood,Saudi Arabia,,,,84.9391981293886,2020,,2020-08-09
2020-0370-PHL,Earthquake,Philippines,,,2943.0,84.9391981293886,2020,2020-08-18,2020-08-18
2020-0372-GEO,Flood,Georgia,,,,84.9391981293886,2020,2020-07-29,2020-08-03
2020-0376-DOM,Storm,Dominican Republic,,,,84.9391981293886,2020,2020-08-26,2020-08-27
2020-0376-HTI,Storm,Haiti,,,,84.9391981293886,2020,2020-08-23,2020-08-23
2020-0376-USA,Storm,United States of America,,11773127.0,15305066.0,84.9391981293886,2020,2020-08-27,2020-08-28
2020-0377-AFG,Flood,Afghanistan,,,,84.9391981293886,2020,2020-08-25,2020-09-04
2020-0382-TCD,Flood,Chad,,,,84.9391981293886,2020,2020-08-01,2020-10-12
2020-0384-THA,Flood,Thailand,,,,84.9391981293886,2020,2020-08-22,2020-08-23
2020-0385-UGA,Flood,Uganda,,,,84.9391981293886,2020,2020-08-19,2020-08-19
2020-0387-NER,Flood,Niger,,,,84.9391981293886,2020,,2020-09-10
2020-0388-UGA,Storm,Uganda,,,,84.9391981293886,2020,2020-08-25,2020-08-31
2020-0397-SEN,Flood,Senegal,,,21192.0,84.9391981293886,2020,2020-09-05,2020-09-06
2020-0399-BFA,Flood,Burkina Faso,,,,84.9391981293886,2020,2020-08-25,2020-09-10
2020-0399-GHA,Flood,Ghana,,,,84.9391981293886,2020,2020-09-05,2020-09-06
2020-0400-JPN,Storm,Japan,,,,84.9391981293886,2020,2020-09-07,2020-09-07
2020-0400-KOR,Storm,Republic of Korea,,941850.0,1412775.0,84.9391981293886,2020,2020-09-06,2020-09-08
2020-0403-JPN,Storm,Japan,,,,84.9391981293886,2020,2020-09-02,2020-09-02
2020-0403-KOR,Storm,Republic of Korea,,,,84.9391981293886,2020,2020-09-03,2020-09-04
2020-0406-ITA,Storm,Italy,,,70639.0,84.9391981293886,2020,2020-08-29,2020-08-30
2020-0411-KHM,Storm,Cambodia,,,117731.0,84.9391981293886,2020,2020-10-01,2020-10-24
2020-0411-LAO,Storm,Lao People's Democratic Republic,,,,84.9391981293886,2020,2020-10-06,2020-10-20
2020-0411-THA,Storm,Thailand,,,,84.9391981293886,2020,2020-10-09,2020-10-31
2020-0411-VNM,Storm,Viet Nam,,,1000716.0,84.9391981293886,2020,2020-10-06,2020-11-03
2020-0412-USA,Storm,United States of America,,,3414207.0,84.9391981293886,2020,2020-10-07,2020-10-11
2020-0414-MYS,Flood,Malaysia,,,,84.9391981293886,2020,2020-10-09,2020-10-09
2020-0416-MEX,Storm,Mexico,,,117731.0,84.9391981293886,2020,2020-10-02,2020-10-06
2020-0418-CHE,Storm,Switzerland,,,,84.9391981293886,2020,2020-10-02,2020-10-03
2020-0418-FRA,Storm,France,,,1138461.0,84.9391981293886,2020,2020-10-02,2020-10-04
2020-0418-ITA,Storm,Italy,,,,84.9391981293886,2020,2020-10-02,2020-10-04
2020-0419-COD,Flood,Democratic Republic of the Congo,,,,84.9391981293886,2020,2020-10-01,2020-10-03
2020-0421-BEN,Flood,Benin,,,,84.9391981293886,2020,2020-10-01,2020-10-02
2020-0425-CHN,Storm,China,,,16482.0,84.9391981293886,2020,2020-10-13,2020-10-14
2020-0425-VNM,Storm,Viet Nam,,,,84.9391981293886,2020,2020-10-13,2020-10-14
2020-0426-TGO,Flood,Togo,,,,84.9391981293886,2020,2020-09-01,2020-10-31
2020-0427-BOL,Wildfire,Bolivia (Plurinational State of),,,,84.9391981293886,2020,,
2020-0428-NZL,Wildfire,New Zealand,,,11773.0,84.9391981293886,2020,2020-10-04,2020-10-05
2020-0429-IDN,Mass movement (wet),Indonesia,,,,84.9391981293886,2020,2020-09-28,2020-09-28
2020-0436-MRT,Flood,Mauritania,,,,84.9391981293886,2020,2020-09-01,2020-09-15
2020-0438-USA,Storm,United States of America,,4120595.0,7417070.0,84.9391981293886,2020,2020-09-11,2020-09-18
2020-0440-TUN,Flood,Tunisia,,,,84.9391981293886,2020,2020-09-05,2020-09-12
2020-0441-USA,Wildfire,United States of America,,8829846.0,12950440.0,84.9391981293886,2020,2020-08-16,2020-10-01
2020-0446-IND,Flood,India,,,4709251.0,84.9391981293886,2020,2020-10-01,2020-10-26
2020-0447-ISR,Wildfire,Israel,,,,84.9391981293886,2020,2020-10-09,2020-10-09
2020-0447-LBN,Wildfire,Lebanon,,,,84.9391981293886,2020,2020-10-08,2020-10-10
2020-0447-SYR,Wildfire,Syrian Arab Republic,,,,84.9391981293886,2020,2020-09-01,2020-10-15
2020-0452-PHL,Storm,Philippines,,,220.0,84.9391981293886,2020,2020-10-13,2020-10-14
2020-0454-SVK,Flood,Slovakia,,,,84.9391981293886,2020,2020-10-13,2020-10-16
2020-0455-NGA,Flood,Nigeria,,,117731.0,84.9391981293886,2020,2020-06-24,2020-10-31
2020-0457-PAK,Mass movement (wet),Pakistan,,,,84.9391981293886,2020,2020-10-18,2020-10-18
2020-0458-TZA,Flood,United Republic of Tanzania,,,,84.9391981293886,2020,2020-10-13,2020-10-15
2020-0459-FRA,Flood,France,,,62398.0,84.9391981293886,2020,2020-09-18,2020-09-19
2020-0461-LKA,Flood,Sri Lanka,,,,84.9391981293886,2020,2020-09-01,2020-09-22
2020-0462-KHM,Storm,Cambodia,,,,84.9391981293886,2020,2020-09-18,2020-09-21
2020-0462-THA,Storm,Thailand,,,,84.9391981293886,2020,2020-09-18,2020-09-21
2020-0462-VNM,Storm,Viet Nam,,,38851.0,84.9391981293886,2020,2020-09-18,2020-09-21
2020-0463-PHL,Storm,Philippines,,,592534.0,84.9391981293886,2020,2020-10-31,2020-11-01
2020-0464-SLV,Mass movement (wet),El Salvador,,,,84.9391981293886,2020,2020-10-29,2020-10-29
2020-0466-GRC,Earthquake,Greece,,,,84.9391981293886,2020,2020-10-30,2020-10-30
2020-0466-TUR,Earthquake,Türkiye,,,529791.0,84.9391981293886,2020,2020-10-30,2020-10-30
2020-0470-PHL,Storm,Philippines,,,102544.0,84.9391981293886,2020,2020-10-28,2020-10-28
2020-0470-VNM,Storm,Viet Nam,,,635749.0,84.9391981293886,2020,2020-10-29,2020-10-29
2020-0474-BLZ,Storm,Belize,,,,84.9391981293886,2020,2020-11-04,2020-11-04
2020-0474-COL,Storm,Colombia,,,29433.0,84.9391981293886,2020,2020-11-02,2020-11-04
2020-0474-CRI,Storm,Costa Rica,,,,84.9391981293886,2020,2020-11-03,2020-11-04
2020-0474-GTM,Storm,Guatemala,,,454443.0,84.9391981293886,2020,2020-11-03,2020-11-04
2020-0474-HND,Storm,Honduras,,,,84.9391981293886,2020,2020-11-03,2020-11-04
2020-0474-MEX,Storm,Mexico,,,,84.9391981293886,2020,2020-11-02,2020-11-04
2020-0474-NIC,Storm,Nicaragua,,,209562.0,84.9391981293886,2020,2020-11-03,2020-11-04
2020-0474-PAN,Storm,Panama,,,12950.0,84.9391981293886,2020,2020-11-03,2020-11-04
2020-0474-SLV,Storm,El Salvador,,,,84.9391981293886,2020,2020-11-02,2020-11-04
2020-0474-USA,Storm,United States of America,,,1765969.0,84.9391981293886,2020,2020-11-08,2020-11-12
2020-0477-COL,Flood,Colombia,,,29433.0,84.9391981293886,2020,2020-10-31,2020-11-02
2020-0478-VCT,Epidemic,Saint Vincent and the Grenadines,,,,84.9391981293886,2020,,
2020-0479-ECU,Volcanic activity,Ecuador,,,,84.9391981293886,2020,2020-09-20,2020-09-20
2020-0480-GIN,Flood,Guinea,,,,84.9391981293886,2020,2020-09-06,2020-09-07
2020-0481-MRT,Flood,Mauritania,,,,84.9391981293886,2020,2020-09-01,2020-09-08
2020-0482-LCA,Epidemic,Saint Lucia,,,,84.9391981293886,2020,2020-08-26,2021-01-07
2020-0483-MEX,Storm,Mexico,,,117731.0,84.9391981293886,2020,2020-10-07,2020-10-11
2020-0483-USA,Storm,United States of America,,,4120595.0,84.9391981293886,2020,2020-10-24,2020-10-30
2020-0484-MOZ,Flood,Mozambique,,,,84.9391981293886,2020,2020-10-01,2020-10-31
2020-0486-IDN,Flood,Indonesia,,,,84.9391981293886,2020,2020-10-21,2020-10-31
2020-0487-SOM,Storm,Somalia,,,,84.9391981293886,2020,2020-11-22,2020-11-23
2020-0488-COL,Mass movement (wet),Colombia,,,,84.9391981293886,2020,2020-11-23,2020-11-23
2020-0489-ZAF,Storm,South Africa,,,,84.9391981293886,2020,2020-11-17,2020-11-21
2020-0495-COL,Storm,Colombia,,,117731.0,84.9391981293886,2020,2020-11-14,2020-11-17
2020-0495-GTM,Storm,Guatemala,,,,84.9391981293886,2020,2020-11-17,2020-11-17
2020-0495-HND,Storm,Honduras,,,,84.9391981293886,2020,2020-11-17,2020-11-18
2020-0495-NIC,Storm,Nicaragua,,,872389.0,84.9391981293886,2020,2020-11-17,2020-11-18
2020-0495-PAN,Storm,Panama,,,,84.9391981293886,2020,2020-11-17,2020-11-18
2020-0495-SLV,Storm,El Salvador,,,,84.9391981293886,2020,2020-11-17,2020-11-18
2020-0496-CHN,Flood,China,,,,84.9391981293886,2020,2020-11-11,2020-11-12
2020-0497-COD,Epidemic,Democratic Republic of the Congo,,,,84.9391981293886,2020,2020-06-01,2020-11-11
2020-0498-VEN,Flood,Venezuela (Bolivarian Republic of),,,35319.0,84.9391981293886,2020,2020-11-08,2020-11-17
2020-0501-PHL,Storm,Philippines,,,495649.0,84.9391981293886,2020,2020-11-11,2020-11-12
2020-0501-VNM,Storm,Viet Nam,,,,84.9391981293886,2020,2020-11-15,2020-11-15
2020-0503-GRC,Flood,Greece,,,,84.9391981293886,2020,2020-11-11,2020-11-12
2020-0506-MEX,Flood,Mexico,,,,84.9391981293886,2020,2020-11-09,2020-11-10
2020-0509-COG,Flood,Congo,,,,84.9391981293886,2020,2020-11-02,2020-11-02
2020-0517-IDN,Volcanic activity,Indonesia,,,,84.9391981293886,2020,2020-11-29,2020-12-31
2020-0518-IDN,Volcanic activity,Indonesia,,,,84.9391981293886,2020,2020-12-01,2020-12-01
2020-0519-IRN,Flood,Iran (Islamic Republic of),,,,84.9391981293886,2020,2020-11-29,2020-12-01
2020-0521-ITA,Flood,Italy,,,70639.0,84.9391981293886,2020,2020-11-27,2020-11-28
2020-0522-UGA,Flood,Uganda,,,,84.9391981293886,2020,2020-11-21,2020-11-24
2020-0524-IND,Storm,India,,,706388.0,84.9391981293886,2020,2020-11-25,2020-11-26
2020-0527-TJK,Flood,Tajikistan,,,,84.9391981293886,2020,2020-05-14,2020-05-16
2020-0528-NGA,Epidemic,Nigeria,,,,84.9391981293886,2020,2020-11-01,2020-12-04
2020-0529-THA,Flood,Thailand,,,58866.0,84.9391981293886,2020,2020-11-25,2020-12-14
2020-0530-BEL,Extreme temperature,Belgium,,,,84.9391981293886,2020,2020-08-05,2020-08-08
2020-0530-FRA,Extreme temperature,France,,,,84.9391981293886,2020,2020-07-30,2020-08-16
2020-0530-GBR,Extreme temperature,United Kingdom of Great Britain and Northern Ireland,,,,84.9391981293886,2020,,
2020-0530-NLD,Extreme temperature,Netherlands (Kingdom of the),,,,84.9391981293886,2020,2020-08-05,2020-08-16
2020-0531-COD,Flood,Democratic Republic of the Congo,,,,84.9391981293886,2020,2020-12-02,2020-12-03
2020-0532-IDN,Flood,Indonesia,,,,84.9391981293886,2020,2020-12-02,2020-12-10
2020-0533-ITA,Flood,Italy,,,,84.9391981293886,2020,2020-12-04,2020-12-08
2020-0535-IRN,Flood,Iran (Islamic Republic of),,,58866.0,84.9391981293886,2020,2020-11-24,2020-12-07
2020-0538-USA,Storm,United States of America,,,412059.0,84.9391981293886,2020,2020-11-10,2020-11-10
2020-0540-ITA,Flood,Italy,,,11773.0,84.9391981293886,2020,2020-11-20,2020-11-22
2020-0542-VNM,Storm,Viet Nam,,,6193.0,84.9391981293886,2020,2020-11-10,2020-11-10
2020-0543-NZL,Flood,New Zealand,,,83589.0,84.9391981293886,2020,2020-11-09,2020-11-10
2020-0544-IDN,Flood,Indonesia,,,,84.9391981293886,2020,2020-12-06,2020-12-08
2020-0548-LKA,Flood,Sri Lanka,,,,84.9391981293886,2020,2020-12-02,2020-12-05
2020-0551-IDN,Flood,Indonesia,,,,84.9391981293886,2020,2020-12-12,2020-12-15
2020-0554-FJI,Storm,Fiji,,,1319.0,84.9391981293886,2020,2020-12-17,2020-12-18
2020-0555-JPN,Storm,Japan,,,235463.0,84.9391981293886,2020,2020-12-16,2020-12-18
2020-0558-PHL,Storm,Philippines,,,2700.0,84.9391981293886,2020,2020-12-18,2020-12-21
2020-0558-VNM,Storm,Viet Nam,,,,84.9391981293886,2020,2020-12-21,2020-12-21
2020-0559-MYS,Flood,Malaysia,,,,84.9391981293886,2020,2020-12-20,2020-12-21
2020-0560-BRA,Flood,Brazil,,,88298.0,84.9391981293886,2020,2020-12-17,2020-12-21
2020-0561-THA,Flood,Thailand,,,,84.9391981293886,2020,2020-12-16,2020-12-21
2020-0564-ETH,Flood,Ethiopia,,,,84.9391981293886,2020,,
2020-0568-PHL,Mass movement (wet),Philippines,,,,84.9391981293886,2020,2020-12-21,2020-12-21
2020-0569-NOR,Mass movement (wet),Norway,,,153051.0,84.9391981293886,2020,2020-12-30,2020-12-30
2020-0571-PNG,Mass movement (wet),Papua New Guinea,,,,84.9391981293886,2020,2020-12-29,2020-12-30
2020-0572-HRV,Earthquake,Croatia,,,7326888.0,84.9391981293886,2020,2020-12-29,2020-12-29
2020-0574-IRN,Mass movement (wet),Iran (Islamic Republic of),,,,84.9391981293886,2020,2020-12-25,2020-12-25
2020-0579-DZA,Earthquake,Algeria,,,,84.9391981293886,2020,2020-08-07,2020-08-07
2020-0580-USA,Storm,United States of America,,5886564.0,8005727.0,84.9391981293886,2020,2020-08-08,2020-08-12
2020-0581-CHN,Flood,China,,353194.0,5651101.0,84.9391981293886,2020,,
2020-0582-USA,Storm,United States of America,,2590088.0,3414207.0,84.9391981293886,2020,2020-03-27,2020-03-28
2020-0583-USA,Storm,United States of America,,,1883700.0,84.9391981293886,2020,2020-05-20,2020-05-23
2020-0584-USA,Storm,United States of America,,,1648238.0,84.9391981293886,2020,2020-05-27,2020-05-27
2020-0592-CMR,Flood,Cameroon,,,,84.9391981293886,2020,2020-09-11,2020-09-12
2020-0595-AUS,Storm,Australia,,,1412775.0,84.9391981293886,2020,2020-10-31,2020-10-31
2020-0596-YEM,Flood,Yemen,,,,84.9391981293886,2020,2020-07-15,
2020-0597-TUR,Flood,Türkiye,,,294328.0,84.9391981293886,2020,2020-08-22,2020-08-23
2020-0602-MNG,Flood,Mongolia,,,,84.9391981293886,2020,2020-07-08,2020-08-15
2020-0604-ZMB,Flood,Zambia,,,,84.9391981293886,2020,2020-12-22,2020-12-26
2020-0606-CPV,Flood,Cabo Verde,,,,84.9391981293886,2020,2020-09-11,2020-09-13
2020-0607-SDN,Epidemic,Sudan,,,,84.9391981293886,2020,,
2020-9206-AGO,Drought,Angola,,,,84.9391981293886,2020,,
2020-9235-BFA,Drought,Burkina Faso,,,,84.9391981293886,2020,,
2020-9396-LSO,Drought,Lesotho,,,,84.9391981293886,2020,,
2020-9424-MDG,Drought,Madagascar,,,,84.9391981293886,2020,,
2020-9538-MRT,Drought,Mauritania,,,,84.9391981293886,2020,,
2020-9569-MLI,Drought,Mali,,,,84.9391981293886,2020,,
2020-9570-NER,Drought,Niger,,,,84.9391981293886,2020,,2020-12-23
2020-9582-BRA,Drought,Brazil,,,3531938.0,84.9391981293886,2020,,
2020-9585-USA,Drought,United States of America,,,5297907.0,84.9391981293886,2020,,
2020-9586-MOZ,Drought,Mozambique,,,,84.9391981293886,2020,,
2020-9609-KEN,Drought,Kenya,,,294328.0,84.9391981293886,2020,,
2020-9609-SOM,Drought,Somalia,,,1116615.0,88.9294934772074,2021,,
2021-0001-BOL,Flood,Bolivia (Plurinational State of),,,,88.9294934772074,2021,2021-01-16,2021-01-20
2021-0001-PRY,Flood,Paraguay,,,,88.9294934772074,2021,2021-01-16,2021-01-20
2021-0002-ARG,Earthquake,Argentina,,,,88.9294934772074,2021,2021-01-18,2021-01-18
2021-0003-IDN,Earthquake,Indonesia,,,66007.0,88.9294934772074,2021,2021-01-15,2021-01-15
2021-0004-IDN,Volcanic activity,Indonesia,,,,88.9294934772074,2021,2021-01-17,2021-01-17
2021-0005-IDN,Flood,Indonesia,,,,88.9294934772074,2021,2021-01-15,2021-01-21
2021-0006-PHL,Flood,Philippines,,,,88.9294934772074,2021,2021-01-10,2021-01-18
2021-0008-MYS,Flood,Malaysia,,,,88.9294934772074,2021,2021-01-12,2021-01-15
2021-0010-TZA,Flood,United Republic of Tanzania,,,,88.9294934772074,2021,2021-01-12,2021-01-15
2021-0011-USA,Storm,United States of America,,,759028.0,88.9294934772074,2021,2021-01-13,2021-01-15
2021-0013-NAM,Flood,Namibia,,,,88.9294934772074,2021,2021-01-01,2021-01-14
2021-0015-MYS,Flood,Malaysia,,,,88.9294934772074,2021,2021-01-11,2021-01-13
2021-0016-ESP,Storm,Spain,,,2136524.0,88.9294934772074,2021,2021-01-08,2021-01-12
2021-0017-TWN,Storm,Taiwan (Province of China),,,,88.9294934772074,2021,2021-01-08,2021-01-12
2021-0018-JPN,Storm,Japan,,,2248973.0,88.9294934772074,2021,2021-01-07,2021-01-12
2021-0020-ALB,Flood,Albania,,,,88.9294934772074,2021,2021-01-10,2021-01-11
2021-0020-BGR,Flood,Bulgaria,,,,88.9294934772074,2021,2021-01-11,2021-01-12
2021-0020-SRB,Flood,Serbia,,,,88.9294934772074,2021,2021-01-11,2021-01-12
2021-0021-THA,Flood,Thailand,,,,88.9294934772074,2021,2021-01-05,2021-01-11
2021-0022-PHL,Flood,Philippines,,,28112.0,88.9294934772074,2021,2021-01-08,2021-01-24
2021-0023-IDN,Flood,Indonesia,,,,88.9294934772074,2021,2021-01-06,2021-01-08
2021-0026-LKA,Flood,Sri Lanka,,,,88.9294934772074,2021,2021-01-01,2021-01-05
2021-0027-BOL,Flood,Bolivia (Plurinational State of),,,,88.9294934772074,2021,2021-01-04,2021-01-04
2021-0028-MYS,Flood,Malaysia,,,,88.9294934772074,2021,2021-01-02,2021-01-08
2021-0035-BOL,Flood,Bolivia (Plurinational State of),,,,88.9294934772074,2021,2021-01-17,2021-01-27
2021-0036-MDG,Storm,Madagascar,,,,88.9294934772074,2021,2021-01-23,2021-01-23
2021-0036-MOZ,Storm,Mozambique,,,,88.9294934772074,2021,2021-01-23,2021-01-23
2021-0036-SWZ,Storm,Eswatini,,,,88.9294934772074,2021,2021-01-23,2021-01-23
2021-0036-ZAF,Storm,South Africa,,,,88.9294934772074,2021,2021-01-24,2021-01-24
2021-0036-ZWE,Storm,Zimbabwe,,,,88.9294934772074,2021,2021-01-23,2021-01-23
2021-0037-USA,Storm,United States of America,,,134938.0,88.9294934772074,2021,2021-01-24,2021-01-27
2021-0039-SYR,Flood,Syrian Arab Republic,,,,88.9294934772074,2021,2021-01-14,2021-01-27
2021-0040-BRA,Flood,Brazil,,,41606.0,88.9294934772074,2021,2021-01-21,2021-01-24
2021-0043-USA,Storm,United States of America,,,1236935.0,88.9294934772074,2021,2021-01-24,2021-01-29
2021-0058-AUS,Wildfire,Australia,,51726.0,134938.0,88.9294934772074,2021,2021-02-01,2021-02-07
2021-0059-USA,Storm,United States of America,,,112449.0,88.9294934772074,2021,2021-01-30,2021-02-02
2021-0062-IDN,Flood,Indonesia,,,,88.9294934772074,2021,2021-02-03,2021-02-05
2021-0063-FRA,Flood,France,,,11245.0,88.9294934772074,2021,2021-02-01,2021-02-10
2021-0067-PRY,Flood,Paraguay,,,,88.9294934772074,2021,2021-01-31,2021-02-02
2021-0069-CHL,Storm,Chile,,,196785.0,88.9294934772074,2021,2021-01-29,2021-02-02
2021-0070-FJI,Storm,Fiji,,,11245.0,88.9294934772074,2021,2021-01-30,2021-01-31
2021-0071-MAR,Flood,Morocco,,,,88.9294934772074,2021,2021-02-01,2021-02-28
2021-0072-IND,Glacial lake outburst flood,India,,,236142.0,88.9294934772074,2021,2021-02-07,2021-02-08
2021-0075-ZAF,Flood,South Africa,,,84336.0,88.9294934772074,2021,2021-02-01,2021-02-15
2021-0077-CHE,Mass movement (wet),Switzerland,,,,88.9294934772074,2021,2021-01-13,2021-01-31
2021-0079-PHL,Storm,Philippines,,,,88.9294934772074,2021,2021-01-01,2021-01-04
2021-0083-MOZ,Flood,Mozambique,,,,88.9294934772074,2021,2021-02-12,2021-02-17
2021-0086-IDN,Mass movement (wet),Indonesia,,,,88.9294934772074,2021,2021-02-14,2021-02-14
2021-0087-BRA,Flood,Brazil,,,40482.0,88.9294934772074,2021,2021-02-10,2021-02-22
2021-0088-IDN,Flood,Indonesia,,,56224.0,88.9294934772074,2021,2021-02-19,2021-02-23
2021-0090-MDG,Flood,Madagascar,,,,88.9294934772074,2021,2021-02-18,2021-02-22
2021-0091-PHL,Storm,Philippines,,,3502.0,88.9294934772074,2021,2021-02-21,2021-02-22
2021-0092-ECU,Flood,Ecuador,,,,88.9294934772074,2021,2021-02-01,2021-03-14
2021-0094-PER,Flood,Peru,,,,88.9294934772074,2021,2021-02-16,2021-02-19
2021-0095-IRN,Earthquake,Iran (Islamic Republic of),,,11245.0,88.9294934772074,2021,2021-02-17,2021-02-17
2021-0096-USA,Storm,United States of America,,16867295.0,33734590.0,88.9294934772074,2021,2021-02-10,2021-02-20
2021-0098-PER,Flood,Peru,,,28112.0,88.9294934772074,2021,2021-02-12,2021-02-20
2021-0101-PER,Flood,Peru,,,,88.9294934772074,2021,2021-02-10,2021-02-11
2021-0103-AUS,Flood,Australia,,,,88.9294934772074,2021,2021-02-23,2021-02-26
2021-0104-IDN,Flood,Indonesia,,,,88.9294934772074,2021,2021-02-23,2021-02-26
2021-0105-JPN,Earthquake,Japan,,2586319.0,8658545.0,88.9294934772074,2021,2021-02-13,2021-02-13
2021-0108-PHL,Flood,Philippines,,,,88.9294934772074,2021,2021-02-11,2021-02-12
2021-0109-BOL,Flood,Bolivia (Plurinational State of),,,,88.9294934772074,2021,2021-02-09,2021-02-10
2021-0117-USA,Flood,United States of America,,,168673.0,88.9294934772074,2021,2021-02-25,2021-03-01
2021-0118-MAR,Flood,Morocco,,,,88.9294934772074,2021,2021-03-01,2021-03-02
2021-0122-MEX,Storm,Mexico,,,112449.0,88.9294934772074,2021,2021-02-12,2021-02-20
2021-0125-AUS,Storm,Australia,,,174295.0,88.9294934772074,2021,2021-02-25,2021-03-04
2021-0125-NCL,Storm,New Caledonia,,,,88.9294934772074,2021,2021-03-05,2021-03-07
2021-0126-ECU,Volcanic activity,Ecuador,,,,88.9294934772074,2021,,2021-03-15
2021-0129-ARG,Wildfire,Argentina,,,,88.9294934772074,2021,2021-03-08,2021-03-12
2021-0132-DZA,Flood,Algeria,,,,88.9294934772074,2021,2021-03-06,2021-03-07
2021-0134-GRC,Earthquake,Greece,,,11245.0,88.9294934772074,2021,2021-03-03,2021-03-03
2021-0140-ARG,Flood,Argentina,,,,88.9294934772074,2021,2021-03-01,2021-03-01
2021-0142-BRA,Flood,Brazil,,,,88.9294934772074,2021,2021-03-02,2021-03-03
2021-0144-AFG,Mass movement (wet),Afghanistan,,,,88.9294934772074,2021,2021-03-04,2021-03-04
2021-0145-PER,Flood,Peru,,,,88.9294934772074,2021,2021-03-03,2021-03-04
2021-0150-USA,Flood,United States of America,,,56224.0,88.9294934772074,2021,2021-03-08,2021-03-10
2021-0158-CHN,Storm,China,,,,88.9294934772074,2021,2021-03-14,2021-03-16
2021-0158-MNG,Storm,Mongolia,,,,88.9294934772074,2021,2021-03-14,2021-03-15
2021-0164-AGO,Flood,Angola,,,,88.9294934772074,2021,2021-03-15,2021-03-16
2021-0165-IDN,Flood,Indonesia,,,,88.9294934772074,2021,2021-03-17,2021-03-18
2021-0166-USA,Storm,United States of America,,,562243.0,88.9294934772074,2021,2021-03-16,2021-03-18
2021-0169-AUS,Flood,Australia,,461039.0,2361421.0,88.9294934772074,2021,2021-03-18,2021-03-19
2021-0170-PER,Flood,Peru,,,,88.9294934772074,2021,2021-03-20,2021-03-31
2021-0171-THA,Storm,Thailand,,,,88.9294934772074,2021,2021-03-22,2021-03-23
2021-0171-VNM,Storm,Viet Nam,,,,88.9294934772074,2021,2021-03-22,2021-03-23
2021-0173-AUS,Storm,Australia,,,595978.0,88.9294934772074,2021,2021-04-11,2021-04-11
2021-0173-IDN,Storm,Indonesia,,337346.0,899589.0,88.9294934772074,2021,2021-04-02,2021-04-06
2021-0173-TLS,Storm,Timor-Leste,,,,88.9294934772074,2021,2021-04-05,2021-04-06
2021-0178-USA,Storm,United States of America,,,1911627.0,88.9294934772074,2021,2021-03-24,2021-03-26
2021-0182-COL,Flood,Colombia,,,,88.9294934772074,2021,2021-04-01,2021-04-05
2021-0184-HTI,Flood,Haiti,,,,88.9294934772074,2021,2021-04-03,2021-04-12
2021-0185-IDN,Flood,Indonesia,,,,88.9294934772074,2021,2021-03-25,2021-03-31
2021-0193-USA,Flood,United States of America,,,1461832.0,88.9294934772074,2021,2021-03-27,2021-03-28
2021-0194-JPN,Earthquake,Japan,,,618467.0,88.9294934772074,2021,2021-03-20,2021-03-20
2021-0195-VCT,Volcanic activity,Saint Vincent and the Grenadines,,,365458.0,88.9294934772074,2021,2021-04-09,2021-04-30
2021-0199-USA,Storm,United States of America,,,1062640.0,88.9294934772074,2021,2021-04-09,2021-04-11
2021-0200-IDN,Earthquake,Indonesia,,,,88.9294934772074,2021,2021-04-11,2021-04-11
2021-0201-CHN,Earthquake,China,,,140561.0,88.9294934772074,2021,2021-03-24,2021-03-24
2021-0202-BRA,Flood,Brazil,,,,88.9294934772074,2021,2021-03-26,2021-03-26
2021-0205-PAK,Flood,Pakistan,,,,88.9294934772074,2021,2021-03-22,2021-03-23
2021-0211-USA,Storm,United States of America,,,241765.0,88.9294934772074,2021,2021-04-13,2021-04-15
2021-0212-PER,Flood,Peru,,,,88.9294934772074,2021,2021-04-01,2021-04-15
2021-0214-COL,Flood,Colombia,,,,88.9294934772074,2021,2021-04-14,2021-04-14
2021-0215-IRN,Earthquake,Iran (Islamic Republic of),,,,88.9294934772074,2021,2021-04-18,2021-04-18
2021-0217-VNM,Flood,Viet Nam,,,,88.9294934772074,2021,2021-04-16,2021-04-19
2021-0219-COL,Flood,Colombia,,,,88.9294934772074,2021,2021-04-11,2021-04-16
2021-0225-BTN,Earthquake,Bhutan,,,,88.9294934772074,2021,2021-04-28,2021-04-28
2021-0225-IND,Earthquake,India,,,,88.9294934772074,2021,2021-04-28,2021-04-28
2021-0226-PHL,Flood,Philippines,,,,88.9294934772074,2021,2021-04-26,2021-04-27
2021-0227-KEN,Flood,Kenya,,,,88.9294934772074,2021,2021-04-07,2021-05-30
2021-0228-BDI,Flood,Burundi,,,,88.9294934772074,2021,2021-04-12,2021-05-20
2021-0229-COL,Flood,Colombia,,,,88.9294934772074,2021,2021-04-27,2021-04-29
2021-0230-GTM,Flood,Guatemala,,,,88.9294934772074,2021,2021-04-18,2021-04-26
2021-0232-BRA,Flood,Brazil,,,44979.0,88.9294934772074,2021,2021-04-19,2021-06-05
2021-0233-BOL,Flood,Bolivia (Plurinational State of),,,,88.9294934772074,2021,2021-04-23,2021-04-26
2021-0234-IND,Glacial lake outburst flood,India,,,,88.9294934772074,2021,2021-04-23,2021-04-23
2021-0235-PER,Flood,Peru,,,,88.9294934772074,2021,2021-04-20,2021-04-21
2021-0236-PHL,Storm,Philippines,,,22490.0,88.9294934772074,2021,2021-04-22,2021-04-22
2021-0236-PLW,Storm,Palau,,,,88.9294934772074,2021,2021-04-13,2021-04-16
2021-0237-KHM,Storm,Cambodia,,,,88.9294934772074,2021,2021-04-16,2021-04-22
2021-0238-AGO,Flood,Angola,,,,88.9294934772074,2021,2021-04-19,2021-04-19
2021-0239-SOM,Flood,Somalia,,,,88.9294934772074,2021,2021-05-01,2021-05-31
2021-0240-UGA,Flood,Uganda,,,,88.9294934772074,2021,2021-05-06,2021-05-10
2021-0248-CHN,Storm,China,,,2811.0,88.9294934772074,2021,2021-04-30,2021-05-01
2021-0250-USA,Storm,United States of America,,,1686729.0,88.9294934772074,2021,2021-04-15,2021-04-16
2021-0251-USA,Storm,United States of America,,,3485908.0,88.9294934772074,2021,2021-04-27,2021-05-02
2021-0252-IND,Storm,India,,,1574281.0,88.9294934772074,2021,2021-05-14,2021-05-19
2021-0252-LKA,Storm,Sri Lanka,,,,88.9294934772074,2021,2021-05-16,2021-05-17
2021-0252-MDV,Storm,Maldives,,,,88.9294934772074,2021,2021-05-16,2021-05-17
2021-0253-LKA,Flood,Sri Lanka,,,,88.9294934772074,2021,2021-05-13,2021-06-01
2021-0255-CHN,Storm,China,,,107951.0,88.9294934772074,2021,2021-05-13,2021-05-15
2021-0259-IRN,Flood,Iran (Islamic Republic of),,,,88.9294934772074,2021,2021-05-01,2021-05-07
2021-0263-AFG,Flood,Afghanistan,,,,88.9294934772074,2021,2021-05-02,2021-05-06
2021-0266-USA,Storm,United States of America,,,1461832.0,88.9294934772074,2021,2021-05-02,2021-05-04
2021-0267-IDN,Mass movement (wet),Indonesia,,,,88.9294934772074,2021,2021-04-29,2021-05-01
2021-0269-VEN,Flood,Venezuela (Bolivarian Republic of),,,,88.9294934772074,2021,2021-04-30,2021-05-04
2021-0270-YEM,Flood,Yemen,,,,88.9294934772074,2021,2021-05-01,2021-05-17
2021-0272-TJK,Flood,Tajikistan,,,10120.0,88.9294934772074,2021,2021-05-07,2021-05-13
2021-0273-USA,Storm,United States of America,,,1461832.0,88.9294934772074,2021,2021-05-14,2021-05-19
2021-0278-SVK,Flood,Slovakia,,,,88.9294934772074,2021,2021-05-16,2021-05-17
2021-0280-ECU,Flood,Ecuador,,,,88.9294934772074,2021,2021-05-15,2021-05-16
2021-0281-KEN,Epidemic,Kenya,,,,88.9294934772074,2021,,
2021-0282-RWA,Flood,Rwanda,,,,88.9294934772074,2021,2021-04-28,2021-05-02
2021-0283-TZA,Storm,United Republic of Tanzania,,,,88.9294934772074,2021,2021-04-24,2021-04-26
2021-0284-COD,Volcanic activity,Democratic Republic of the Congo,,,,88.9294934772074,2021,2021-05-22,2021-05-23
2021-0284-RWA,Volcanic activity,Rwanda,,,,88.9294934772074,2021,2021-05-22,2021-05-23
2021-0286-UGA,Flood,Uganda,,,,88.9294934772074,2021,2021-05-23,2021-05-23
2021-0292-CHN,Storm,China,,,,88.9294934772074,2021,2021-05-22,2021-05-22
2021-0293-CHN,Earthquake,China,,,580235.0,88.9294934772074,2021,2021-05-21,2021-05-21
2021-0295-BGD,Storm,Bangladesh,,,,88.9294934772074,2021,2021-05-25,2021-05-29
2021-0295-IND,Storm,India,,,3373459.0,88.9294934772074,2021,2021-05-25,2021-05-29
2021-0298-NZL,Flood,New Zealand,,,56224.0,88.9294934772074,2021,2021-05-29,2021-06-01
2021-0300-GTM,Flood,Guatemala,,,,88.9294934772074,2021,2021-05-21,2021-07-25
2021-0302-IDN,Flood,Indonesia,,,,88.9294934772074,2021,2021-05-25,2021-05-25
2021-0303-BRA,Flood,Brazil,,,,88.9294934772074,2021,2021-04-20,2021-04-23
2021-0305-USA,Storm,United States of America,,,421682.0,88.9294934772074,2021,2021-06-18,2021-06-21
2021-0308-BTN,Flood,Bhutan,,,,88.9294934772074,2021,2021-06-16,2021-06-17
2021-0308-NPL,Flood,Nepal,,,,88.9294934772074,2021,2021-06-16,2021-06-17
2021-0316-IND,Flood,India,,,112449.0,88.9294934772074,2021,2021-06-01,2021-06-30
2021-0317-NZL,Storm,New Zealand,,,33735.0,88.9294934772074,2021,2021-06-19,2021-06-19
2021-0318-FRA,Flood,France,,,,88.9294934772074,2021,2021-06-21,2021-06-21
2021-0320-UKR,Storm,Ukraine,,,191163.0,88.9294934772074,2021,2021-06-17,2021-06-18
2021-0323-IDN,Earthquake,Indonesia,,,,88.9294934772074,2021,2021-06-16,2021-06-16
2021-0325-MEX,Storm,Mexico,,,56224.0,88.9294934772074,2021,2021-06-18,2021-06-20
2021-0326-GUY,Flood,Guyana,,,,88.9294934772074,2021,2021-05-11,2021-06-15
2021-0327-LAO,Storm,Lao People's Democratic Republic,,,,88.9294934772074,2021,2021-06-13,2021-06-13
2021-0327-VNM,Storm,Viet Nam,,,11245.0,88.9294934772074,2021,2021-06-12,2021-06-13
2021-0328-PAN,Flood,Panama,,,,88.9294934772074,2021,2021-06-12,2021-06-15
2021-0329-CHN,Earthquake,China,,,,88.9294934772074,2021,2021-06-10,2021-06-10
2021-0332-BRA,Flood,Brazil,,,14618.0,88.9294934772074,2021,2021-06-08,2021-06-09
2021-0334-AUS,Flood,Australia,,356462.0,371080.0,88.9294934772074,2021,2021-06-09,2021-06-11
2021-0335-USA,Flood,United States of America,,,1068262.0,88.9294934772074,2021,2021-06-07,2021-06-10
2021-0339-PHL,Storm,Philippines,,,12369.0,88.9294934772074,2021,2021-06-01,2021-06-03
2021-0339-TWN,Storm,Taiwan (Province of China),,,,88.9294934772074,2021,2021-06-04,2021-06-04
2021-0340-COL,Flood,Colombia,,,,88.9294934772074,2021,2021-06-04,2021-06-04
2021-0342-PAK,Storm,Pakistan,,,,88.9294934772074,2021,2021-05-31,2021-06-01
2021-0343-ETH,Flood,Ethiopia,,,,88.9294934772074,2021,2021-05-01,2021-05-31
2021-0348-GHA,Flood,Ghana,,,,88.9294934772074,2021,2021-06-26,2021-06-28
2021-0349-ROU,Flood,Romania,,,,88.9294934772074,2021,2021-06-16,2021-06-28
2021-0351-CZE,Storm,Czechia,,,788265.0,88.9294934772074,2021,2021-06-24,2021-06-25
2021-0355-POL,Storm,Poland,,,,88.9294934772074,2021,2021-06-22,2021-06-22
2021-0356-CAN,Storm,Canada,,,28112.0,88.9294934772074,2021,2021-06-21,2021-06-22
2021-0357-USA,Wildfire,United States of America,,,11245.0,88.9294934772074,2021,2021-06-06,2021-07-04
2021-0359-MEX,Storm,Mexico,,,56224.0,88.9294934772074,2021,2021-06-25,2021-06-30
2021-0362-SDN,Storm,Sudan,,,,88.9294934772074,2021,,
2021-0363-CHE,Storm,Switzerland,,364334.0,,88.9294934772074,2021,2021-06-28,2021-06-29
2021-0363-DEU,Storm,Germany,,,,88.9294934772074,2021,2021-06-28,2021-06-29
2021-0366-IND,Flood,India,,,,88.9294934772074,2021,2021-07-01,2021-07-01
2021-0367-CAN,Wildfire,Canada,,,90984.0,88.9294934772074,2021,2021-06-30,2021-07-02
2021-0369-CAN,Extreme temperature,Canada,,,,88.9294934772074,2021,2021-06-26,
2021-0370-CYP,Wildfire,Cyprus,,,52851.0,88.9294934772074,2021,2021-07-03,2021-07-05
2021-0372-JPN,Mass movement (wet),Japan,,,281122.0,88.9294934772074,2021,2021-07-03,2021-07-05
2021-0373-BRB,Storm,Barbados,,,,88.9294934772074,2021,2021-07-03,2021-07-03
2021-0373-CUB,Storm,Cuba,,,,88.9294934772074,2021,2021-07-02,2021-07-03
2021-0373-DOM,Storm,Dominican Republic,,,,88.9294934772074,2021,2021-07-03,2021-07-03
2021-0373-HTI,Storm,Haiti,,,,88.9294934772074,2021,2021-07-03,2021-07-03
2021-0373-LCA,Storm,Saint Lucia,,,38233.0,88.9294934772074,2021,2021-07-03,2021-07-03
2021-0373-USA,Storm,United States of America,,,1349384.0,88.9294934772074,2021,2021-07-02,2021-07-09
2021-0373-VCT,Storm,Saint Vincent and the Grenadines,,,,88.9294934772074,2021,2021-07-02,2021-07-03
2021-0376-PHL,Volcanic activity,Philippines,,,,88.9294934772074,2021,2021-07-01,2021-07-23
2021-0379-IDN,Flood,Indonesia,,,,88.9294934772074,2021,2021-07-05,2021-07-07
2021-0380-CHN,Flood,China,,,181042.0,88.9294934772074,2021,2021-06-28,2021-07-02
2021-0381-NPL,Flood,Nepal,,,,88.9294934772074,2021,2021-07-01,2021-07-07
2021-0382-TCD,Flood,Chad,,,,88.9294934772074,2021,2021-06-26,2021-08-31
2021-0390-USA,Extreme temperature,United States of America,,,,88.9294934772074,2021,2021-06-26,2021-06-30
2021-0392-CHL,Flood,Chile,,,,88.9294934772074,2021,2021-06-01,2021-06-02
2021-0397-RUS,Flood,Russian Federation,,,,88.9294934772074,2021,2021-07-04,2021-07-07
2021-0398-SUR,Flood,Suriname,,,,88.9294934772074,2021,,
2021-0400-MYS,Flood,Malaysia,,,,88.9294934772074,2021,2021-05-20,2021-06-03
2021-0403-TJK,Earthquake,Tajikistan,,,,88.9294934772074,2021,2021-07-10,2021-07-10
2021-0405-JPN,Flood,Japan,,,,88.9294934772074,2021,2021-07-10,2021-07-12
2021-0410-USA,Wildfire,United States of America,,,365458.0,88.9294934772074,2021,2021-07-06,2021-07-31
2021-0411-AUT,Flood,Austria,,,,88.9294934772074,2021,2021-07-17,2021-07-18
2021-0411-BEL,Flood,Belgium,,,2248973.0,88.9294934772074,2021,2021-07-14,2021-07-15
2021-0411-CHE,Flood,Switzerland,,,,88.9294934772074,2021,2021-07-15,2021-07-16
2021-0411-CZE,Flood,Czechia,,,,88.9294934772074,2021,2021-07-13,2021-07-17
2021-0411-DEU,Flood,Germany,,10907517.0,44979453.0,88.9294934772074,2021,2021-07-12,2021-07-15
2021-0411-FRA,Flood,France,,,,88.9294934772074,2021,2021-07-15,2021-07-16
2021-0411-ITA,Flood,Italy,,,,88.9294934772074,2021,2021-07-13,2021-07-13
2021-0411-LUX,Flood,Luxembourg,,,,88.9294934772074,2021,2021-07-14,2021-07-15
2021-0411-NLD,Flood,Netherlands (Kingdom of the),,,,88.9294934772074,2021,2021-07-15,2021-07-16
2021-0411-POL,Flood,Poland,,,,88.9294934772074,2021,2021-07-12,2021-07-18
2021-0413-KGZ,Mass movement (wet),Kyrgyzstan,,,,88.9294934772074,2021,2021-07-12,2021-07-13
2021-0413-UZB,Mass movement (wet),Uzbekistan,,,,88.9294934772074,2021,2021-07-12,2021-07-13
2021-0416-GMB,Storm,Gambia,,,,88.9294934772074,2021,2021-07-02,2021-07-08
2021-0419-IND,Mass movement (wet),India,,,,88.9294934772074,2021,2021-07-17,2021-07-18
2021-0423-OMN,Storm,Oman,,,89959.0,88.9294934772074,2021,2021-07-15,2021-07-16
2021-0428-CHN,Flood,China,,,18554024.0,88.9294934772074,2021,2021-06-01,2021-08-30
2021-0429-PAK,Storm,Pakistan,,,,88.9294934772074,2021,2021-07-19,2021-07-22
2021-0430-IRN,Storm,Iran (Islamic Republic of),,,,88.9294934772074,2021,2021-07-14,2021-07-21
2021-0432-TJK,Mass movement (wet),Tajikistan,,,,88.9294934772074,2021,2021-07-19,2021-07-20
2021-0433-USA,Wildfire,United States of America,,,3373459.0,88.9294934772074,2021,2021-07-13,2021-08-11
2021-0434-ITA,Wildfire,Italy,,,66345.0,88.9294934772074,2021,2021-07-23,2021-07-25
2021-0435-IND,Flood,India,,,3485908.0,88.9294934772074,2021,2021-06-01,2021-09-30
2021-0436-BEL,Storm,Belgium,,,,88.9294934772074,2021,2021-07-24,2021-07-25
2021-0436-FRA,Storm,France,,,,88.9294934772074,2021,2021-07-23,2021-07-24
2021-0442-USA,Flood,United States of America,,,56224.0,88.9294934772074,2021,2021-07-16,2021-07-21
2021-0445-PAN,Flood,Panama,,,,88.9294934772074,2021,2021-07-22,2021-07-28
2021-0446-CRI,Flood,Costa Rica,,,,88.9294934772074,2021,2021-07-22,2021-07-28
2021-0449-YEM,Flood,Yemen,,,,88.9294934772074,2021,2021-07-16,2021-08-07
2021-0451-MMR,Flood,Myanmar,,,,88.9294934772074,2021,2021-07-21,2021-07-29
2021-0453-AFG,Flood,Afghanistan,,,,88.9294934772074,2021,2021-07-28,2021-07-29
2021-0454-TUR,Wildfire,Türkiye,,,260881.0,88.9294934772074,2021,2021-07-28,2021-08-07
2021-0455-BGD,Flood,Bangladesh,,,,88.9294934772074,2021,2021-07-27,2021-08-03
2021-0456-PAK,Flood,Pakistan,,,,88.9294934772074,2021,2021-07-28,2021-07-29
2021-0458-IND,Flood,India,,,,88.9294934772074,2021,2021-07-28,2021-07-29
2021-0459-GRC,Wildfire,Greece,,,652202.0,88.9294934772074,2021,2021-07-29,2021-08-12
2021-0461-NER,Flood,Niger,,,,88.9294934772074,2021,2021-06-15,2021-08-31
2021-0462-PER,Earthquake,Peru,,,,88.9294934772074,2021,2021-07-30,2021-07-30
2021-0473-SDN,Flood,Sudan,,,,88.9294934772074,2021,2021-07-20,2021-09-24
2021-0474-PRK,Flood,Democratic People's Republic of Korea,,,,88.9294934772074,2021,2021-08-07,2021-08-09
2021-0480-DZA,Wildfire,Algeria,,,,88.9294934772074,2021,2021-08-09,2021-08-16
2021-0481-SSD,Flood,South Sudan,,,,88.9294934772074,2021,,2021-10-07
2021-0483-RUS,Flood,Russian Federation,,,224897.0,88.9294934772074,2021,2021-06-24,2021-08-11
2021-0487-USA,Storm,United States of America,,,1349384.0,88.9294934772074,2021,2021-07-08,2021-07-11
2021-0488-USA,Flood,United States of America,,,337346.0,88.9294934772074,2021,2021-07-22,2021-07-28
2021-0494-TUR,Flood,Türkiye,,,25863.0,88.9294934772074,2021,2021-07-21,2021-07-21
2021-0498-CHN,Storm,China,,,2248973.0,88.9294934772074,2021,2021-07-21,2021-07-28
2021-0499-NZL,Flood,New Zealand,,,157428.0,88.9294934772074,2021,2021-07-15,2021-07-17
2021-0500-IND,Mass movement (wet),India,,,,88.9294934772074,2021,2021-08-11,2021-08-11
2021-0501-TUR,Flood,Türkiye,,,326101.0,88.9294934772074,2021,2021-08-10,2021-08-16
2021-0502-RUS,Wildfire,Russian Federation,,,,88.9294934772074,2021,,2021-08-26
2021-0504-TUN,Wildfire,Tunisia,,,,88.9294934772074,2021,2021-07-24,2021-08-10
2021-0505-BGR,Wildfire,Bulgaria,,,,88.9294934772074,2021,2021-08-02,2021-08-04
2021-0506-MKD,Wildfire,North Macedonia,,,,88.9294934772074,2021,2021-07-30,
2021-0507-CHN,Flood,China,,,,88.9294934772074,2021,2021-08-12,2021-08-13
2021-0508-JPN,Flood,Japan,,,112449.0,88.9294934772074,2021,2021-08-11,2021-08-16
2021-0509-MNG,Flood,Mongolia,,,,88.9294934772074,2021,2021-06-28,2021-07-29
2021-0510-DOM,Storm,Dominican Republic,,,,88.9294934772074,2021,2021-08-12,2021-08-13
2021-0510-HTI,Storm,Haiti,,,,88.9294934772074,2021,2021-08-12,2021-08-13
2021-0511-HTI,Earthquake,Haiti,2224305.0,,1821748.0,88.9294934772074,2021,2021-08-14,2021-08-14
2021-0518-GIN,Epidemic,Guinea,,,,88.9294934772074,2021,2021-08-06,2021-08-17
2021-0521-NGA,Flood,Nigeria,,,,88.9294934772074,2021,2021-07-01,2021-08-31
2021-0524-MYS,Flood,Malaysia,,,,88.9294934772074,2021,2021-08-17,2021-08-19
2021-0526-USA,Wildfire,United States of America,,,1686729.0,88.9294934772074,2021,2021-08-13,2021-08-31
2021-0528-MEX,Storm,Mexico,,,562243.0,88.9294934772074,2021,2021-08-21,2021-08-23
2021-0530-IDN,Flood,Indonesia,,,,88.9294934772074,2021,2021-08-19,2021-08-30
2021-0531-USA,Storm,United States of America,,,618467.0,88.9294934772074,2021,2021-08-20,2021-08-25
2021-0532-USA,Storm,United States of America,,,1461832.0,88.9294934772074,2021,2021-08-17,2021-08-22
2021-0533-USA,Flood,United States of America,,,168673.0,88.9294934772074,2021,2021-08-21,2021-08-22
2021-0536-NGA,Epidemic,Nigeria,,,,88.9294934772074,2021,,2021-12-19
2021-0538-VEN,Flood,Venezuela (Bolivarian Republic of),,,,88.9294934772074,2021,2021-08-23,2021-08-24
2021-0542-RUS,Mass movement (wet),Russian Federation,,,,88.9294934772074,2021,2021-08-22,2021-08-23
2021-0551-CUB,Storm,Cuba,,,112449.0,88.9294934772074,2021,2021-08-28,2021-09-02
2021-0551-USA,Storm,United States of America,,40481508.0,73091612.0,88.9294934772074,2021,2021-08-28,2021-09-02
2021-0552-MEX,Storm,Mexico,,,112449.0,88.9294934772074,2021,2021-08-28,2021-08-30
2021-0556-CAF,Flood,Central African Republic,,,,88.9294934772074,2021,2021-08-07,2021-08-07
2021-0561-ESP,Flood,Spain,,77590.0,118071.0,88.9294934772074,2021,2021-08-29,2021-09-02
2021-0562-USA,Flood,United States of America,,,28112.0,88.9294934772074,2021,2021-07-30,2021-08-02
2021-0565-USA,Storm,United States of America,,,1461832.0,88.9294934772074,2021,2021-08-10,2021-08-13
2021-0566-USA,Flood,United States of America,,,253009.0,88.9294934772074,2021,2021-08-10,2021-08-16
2021-0571-RUS,Flood,Russian Federation,,,,88.9294934772074,2021,2021-08-12,2021-08-14
2021-0572-SWE,Flood,Sweden,,,78714.0,88.9294934772074,2021,2021-08-17,2021-08-18
2021-0578-KOR,Storm,Republic of Korea,,,14618.0,88.9294934772074,2021,2021-08-23,2021-08-24
2021-0583-USA,Storm,United States of America,,,1124486.0,88.9294934772074,2021,2021-09-12,2021-09-17
2021-0584-IDN,Flood,Indonesia,,,,88.9294934772074,2021,2021-09-13,2021-09-14
2021-0585-IND,Flood,India,,,,88.9294934772074,2021,2021-09-13,2021-09-15
2021-0586-FRA,Flood,France,,,,88.9294934772074,2021,2021-09-14,2021-09-14
2021-0587-CHN,Earthquake,China,,,281122.0,88.9294934772074,2021,2021-09-16,2021-09-16
2021-0588-GTM,Flood,Guatemala,,,,88.9294934772074,2021,2021-09-13,2021-09-14
2021-0589-NGA,Flood,Nigeria,,,,88.9294934772074,2021,2021-09-12,2021-09-13
2021-0590-SLV,Flood,El Salvador,,,,88.9294934772074,2021,2021-09-10,2021-09-14
2021-0591-MYS,Flood,Malaysia,,,,88.9294934772074,2021,2021-09-07,2021-09-17
2021-0594-KHM,Flood,Cambodia,,,,88.9294934772074,2021,2021-09-15,2021-09-17
2021-0595-PHL,Storm,Philippines,,,,88.9294934772074,2021,2021-09-06,2021-09-08
2021-0595-VNM,Storm,Viet Nam,,,,88.9294934772074,2021,2021-09-12,2021-09-12
2021-0596-PAK,Flood,Pakistan,,,,88.9294934772074,2021,2021-09-11,2021-09-13
2021-0599-COD,Epidemic,Democratic Republic of the Congo,,,,88.9294934772074,2021,2021-09-07,2021-12-20
2021-0600-MEX,Flood,Mexico,,,56224.0,88.9294934772074,2021,2021-09-02,2021-09-07
2021-0602-MEX,Earthquake,Mexico,,,224897.0,88.9294934772074,2021,2021-09-08,2021-09-08
2021-0605-NPL,Flood,Nepal,,,,88.9294934772074,2021,2021-09-02,2021-09-06
2021-0607-MEX,Flood,Mexico,,,,88.9294934772074,2021,2021-09-03,2021-09-04
2021-0609-THA,Flood,Thailand,,,,88.9294934772074,2021,2021-08-27,2021-08-31
2021-0610-GHA,Flood,Ghana,,,,88.9294934772074,2021,2021-08-26,2021-09-28
2021-0611-NZL,Flood,New Zealand,,,64096.0,88.9294934772074,2021,2021-08-30,2021-09-01
2021-0612-THA,Flood,Thailand,,,664571.0,88.9294934772074,2021,2021-09-19,2021-10-06
2021-0613-SPI,Volcanic activity,Canary Islands,,,1124486.0,88.9294934772074,2021,2021-09-19,2021-12-25
2021-0615-LSO,Storm,Lesotho,,,,88.9294934772074,2021,2021-08-27,2021-08-31
2021-0616-GIN,Flood,Guinea,,,,88.9294934772074,2021,2021-08-30,2021-08-31
2021-0617-NER,Epidemic,Niger,,,,88.9294934772074,2021,2021-08-09,2021-08-24
2021-0625-COL,Flood,Colombia,,,,88.9294934772074,2021,2021-09-22,2021-09-29
2021-0626-USA,Wildfire,United States of America,,,,88.9294934772074,2021,2021-09-22,2021-09-30
2021-0627-GRC,Earthquake,Greece,,,33735.0,88.9294934772074,2021,2021-09-27,2021-09-27
2021-0630-IND,Storm,India,,,,88.9294934772074,2021,2021-09-26,2021-09-29
2021-0632-VNM,Flood,Viet Nam,,,,88.9294934772074,2021,2021-09-23,2021-09-27
2021-0637-UGA,Flood,Uganda,,,,88.9294934772074,2021,2021-09-17,2021-09-22
2021-0638-COL,Flood,Colombia,,,,88.9294934772074,2021,2021-09-15,2021-10-22
2021-0643-HND,Wildfire,Honduras,,,,88.9294934772074,2021,2021-10-02,2021-10-03
2021-0645-IND,Storm,India,,,,88.9294934772074,2021,2021-10-03,2021-10-03
2021-0645-IRN,Storm,Iran (Islamic Republic of),,,,88.9294934772074,2021,2021-10-01,2021-10-03
2021-0645-OMN,Storm,Oman,,,,88.9294934772074,2021,2021-10-03,2021-10-03
2021-0647-MEX,Flood,Mexico,,,11245.0,88.9294934772074,2021,2021-10-01,2021-10-06
2021-0649-SVN,Flood,Slovenia,,,,88.9294934772074,2021,2021-09-29,2021-09-30
2021-0653-IDN,Flood,Indonesia,,,,88.9294934772074,2021,2021-10-05,2021-10-06
2021-0654-PAK,Earthquake,Pakistan,,,,88.9294934772074,2021,2021-10-07,2021-10-07
2021-0655-CHN,Storm,China,,,,88.9294934772074,2021,2021-10-02,2021-10-05
2021-0664-HKG,Storm,"China, Hong Kong Special Administrative Region",,,,88.9294934772074,2021,2021-10-08,2021-10-10
2021-0664-PHL,Storm,Philippines,,,270.0,88.9294934772074,2021,2021-10-04,2021-10-06
2021-0669-CHN,Flood,China,,,2024075.0,88.9294934772074,2021,2021-10-02,2021-10-07
2021-0670-HKG,Storm,"China, Hong Kong Special Administrative Region",,,,88.9294934772074,2021,2021-10-13,2021-10-14
2021-0670-PHL,Storm,Philippines,,,85022.0,88.9294934772074,2021,2021-10-11,2021-10-12
2021-0674-KHM,Flood,Cambodia,,,,88.9294934772074,2021,2021-10-12,2021-10-15
2021-0674-THA,Flood,Thailand,,,,88.9294934772074,2021,2021-10-12,2021-10-15
2021-0675-GEO,Flood,Georgia,,,,88.9294934772074,2021,2021-09-22,2021-09-24
2021-0677-IND,Flood,India,,,,88.9294934772074,2021,2021-10-11,2021-10-20
2021-0681-IND,Flood,India,,,,88.9294934772074,2021,2021-10-18,2021-10-19
2021-0681-NPL,Flood,Nepal,,,,88.9294934772074,2021,2021-10-16,2021-10-22
2021-0682-PHL,Flood,Philippines,,,,88.9294934772074,2021,2021-10-10,2021-10-10
2021-0686-MYS,Flood,Malaysia,,,,88.9294934772074,2021,2021-10-20,2021-10-22
2021-0687-BEL,Storm,Belgium,,,,88.9294934772074,2021,2021-10-21,2021-10-22
2021-0687-CZE,Storm,Czechia,,,,88.9294934772074,2021,2021-10-21,2021-10-22
2021-0687-DEU,Storm,Germany,,,,88.9294934772074,2021,2021-10-21,2021-10-22
2021-0687-FRA,Storm,France,,,,88.9294934772074,2021,2021-10-21,2021-10-22
2021-0687-GBR,Storm,United Kingdom of Great Britain and Northern Ireland,,,,88.9294934772074,2021,2021-10-21,2021-10-21
2021-0687-NLD,Storm,Netherlands (Kingdom of the),,,,88.9294934772074,2021,2021-10-21,2021-10-22
2021-0687-POL,Storm,Poland,,,,88.9294934772074,2021,2021-10-21,2021-10-22
2021-0693-COL,Flood,Colombia,,,,88.9294934772074,2021,2021-10-26,2021-10-29
2021-0695-IDN,Flood,Indonesia,,,,88.9294934772074,2021,2021-10-27,2021-10-28
2021-0696-KHM,Flood,Cambodia,,,,88.9294934772074,2021,2021-10-25,2021-10-27
2021-0698-VNM,Storm,Viet Nam,,,8434.0,88.9294934772074,2021,2021-10-22,2021-10-27
2021-0700-DZA,Flood,Algeria,,,,88.9294934772074,2021,2021-10-23,2021-10-26
2021-0700-TUN,Flood,Tunisia,,,,88.9294934772074,2021,2021-10-23,2021-10-26
2021-0701-BEN,Flood,Benin,,,,88.9294934772074,2021,2021-09-15,2021-10-26
2021-0702-MEX,Storm,Mexico,,,11245.0,88.9294934772074,2021,2021-10-25,2021-10-26
2021-0705-IRQ,Flood,Iraq,,,,88.9294934772074,2021,2021-10-29,2021-10-30
2021-0709-PAK,Epidemic,Pakistan,,,,88.9294934772074,2021,2021-10-08,2021-10-21
2021-0711-COL,Mass movement (wet),Colombia,,,,88.9294934772074,2021,2021-11-02,2021-11-02
2021-0712-PER,Flood,Peru,,,,88.9294934772074,2021,2021-10-31,2021-11-01
2021-0714-LKA,Flood,Sri Lanka,,,,88.9294934772074,2021,2021-10-25,2021-11-04
2021-0719-IDN,Flood,Indonesia,,,,88.9294934772074,2021,2021-11-04,2021-11-04
2021-0720-IDN,Earthquake,Indonesia,,,,88.9294934772074,2021,2021-10-16,2021-10-16
2021-0722-IND,Flood,India,,,,88.9294934772074,2021,2021-11-06,2021-11-08
2021-0722-LKA,Flood,Sri Lanka,,,,88.9294934772074,2021,2021-11-06,2021-11-07
2021-0725-BIH,Flood,Bosnia and Herzegovina,,,,88.9294934772074,2021,2021-11-04,2021-11-05
2021-0732-CHN,Storm,China,,,1051395.0,88.9294934772074,2021,2021-11-05,2021-11-09
2021-0733-USA,Flood,United States of America,,,365458.0,88.9294934772074,2021,2021-10-04,2021-10-07
2021-0737-EGY,Flood,Egypt,,,,88.9294934772074,2021,2021-11-12,2021-11-14
2021-0738-IRN,Earthquake,Iran (Islamic Republic of),,,185540.0,88.9294934772074,2021,2021-11-14,2021-11-14
2021-0741-CAN,Flood,Canada,,,2248973.0,88.9294934772074,2021,2021-11-13,2021-11-16
2021-0741-USA,Flood,United States of America,,,224897.0,88.9294934772074,2021,2021-11-13,2021-11-15
2021-0747-BOL,Flood,Bolivia (Plurinational State of),,,,88.9294934772074,2021,2021-11-11,2021-11-12
2021-0748-IND,Flood,India,,,,88.9294934772074,2021,2021-11-18,2021-11-19
2021-0756-FRA,Flood,France,,,,88.9294934772074,2021,2021-11-27,2021-11-29
2021-0758-ECU,Earthquake,Ecuador,,,,88.9294934772074,2021,2021-11-28,2021-11-28
2021-0758-PER,Earthquake,Peru,,,,88.9294934772074,2021,2021-11-28,2021-11-28
2021-0763-VNM,Flood,Viet Nam,,,,88.9294934772074,2021,2021-11-27,2021-11-30
2021-0766-ESP,Flood,Spain,,,40482.0,88.9294934772074,2021,2021-11-22,2021-12-01
2021-0768-IDN,Flood,Indonesia,,,,88.9294934772074,2021,2021-11-19,2021-11-25
2021-0774-COL,Flood,Colombia,,,,88.9294934772074,2021,2021-11-19,2021-11-20
2021-0776-IDN,Volcanic activity,Indonesia,,,22490.0,88.9294934772074,2021,2021-12-04,2021-12-09
2021-0777-IND,Storm,India,,,,88.9294934772074,2021,2021-12-04,2021-12-06
2021-0778-COL,Flood,Colombia,,,,88.9294934772074,2021,2021-11-30,2021-12-06
2021-0779-THA,Flood,Thailand,,,,88.9294934772074,2021,2021-11-29,2021-12-02
2021-0784-USA,Flood,United States of America,,,84336.0,88.9294934772074,2021,2021-12-03,2021-12-08
2021-0788-IDN,Flood,Indonesia,,,,88.9294934772074,2021,2021-12-05,2021-12-07
2021-0790-BRA,Flood,Brazil,394695.0,,468911.0,88.9294934772074,2021,2021-11-15,2022-01-16
2021-0792-FRA,Flood,France,,,25863.0,88.9294934772074,2021,2021-12-09,2021-12-10
2021-0797-USA,Storm,United States of America,,4497945.0,5847329.0,88.9294934772074,2021,2021-12-10,2021-12-11
2021-0801-IDN,Earthquake,Indonesia,,,,88.9294934772074,2021,2021-12-14,2021-12-14
2021-0807-AUS,Flood,Australia,,,112449.0,88.9294934772074,2021,2021-11-15,2021-12-01
2021-0809-MWI,Storm,Malawi,,,,88.9294934772074,2021,,2021-11-28
2021-0810-COG,Flood,Congo,,,,88.9294934772074,2021,2021-11-29,2021-12-08
2021-0811-ZAF,Storm,South Africa,,,,88.9294934772074,2021,2021-12-12,2021-12-30
2021-0813-PHL,Storm,Philippines,,,1029210.0,88.9294934772074,2021,2021-12-16,2021-12-17
2021-0813-VNM,Storm,Viet Nam,,,10120.0,88.9294934772074,2021,2021-12-19,2021-12-19
2021-0815-USA,Storm,United States of America,,,2136524.0,88.9294934772074,2021,2021-12-15,2021-12-16
2021-0818-IRQ,Flood,Iraq,,,15743.0,88.9294934772074,2021,2021-12-16,2021-12-17
2021-0821-MYS,Flood,Malaysia,,,1641750.0,88.9294934772074,2021,2021-12-17,2022-01-03
2021-0823-IDN,Flood,Indonesia,,,,88.9294934772074,2021,2021-12-18,2021-12-19
2021-0825-FRA,Extreme temperature,France,,,6297123.0,88.9294934772074,2021,2021-04-05,2021-04-08
2021-0829-CHN,Earthquake,China,,,79839.0,88.9294934772074,2021,2021-12-24,2021-12-24
2021-0829-LAO,Earthquake,Lao People's Democratic Republic,,,135.0,88.9294934772074,2021,2021-12-24,2021-12-24
2021-0832-USA,Wildfire,United States of America,,,3710805.0,88.9294934772074,2021,2021-12-30,2022-01-01
2021-0834-BOL,Flood,Bolivia (Plurinational State of),,,,88.9294934772074,2021,2021-12-18,2022-01-05
2021-0835-IDN,Flood,Indonesia,,,,88.9294934772074,2021,2021-12-31,2022-01-04
2021-0845-STP,Flood,Sao Tome and Principe,,,,88.9294934772074,2021,2021-12-27,2021-12-28
2021-0846-PAK,Flood,Pakistan,,,11245.0,88.9294934772074,2021,2021-07-01,2021-09-30
2021-0847-VUT,Volcanic activity,Vanuatu,,,,88.9294934772074,2021,2021-10-21,2021-10-22
2021-0848-SDN,Epidemic,Sudan,,,,88.9294934772074,2021,,
2021-9078-CHN,Drought,China,,,3485908.0,88.9294934772074,2021,2021-01-01,2021-12-31
2021-9116-AFG,Drought,Afghanistan,,,,88.9294934772074,2021,,
2021-9148-ZAF,Drought,South Africa,,,,88.9294934772074,2021,,
2021-9359-MOZ,Drought,Mozambique,,,,88.9294934772074,2021,,
2021-9459-KAZ,Drought,Kazakhstan,,,,88.9294934772074,2021,,
2021-9510-IRN,Drought,Iran (Islamic Republic of),,,,88.9294934772074,2021,,
2021-9546-ETH,Drought,Ethiopia,,,,88.9294934772074,2021,,
2021-9547-TUV,Drought,Tuvalu,,,,88.9294934772074,2021,,
2021-9548-IRQ,Drought,Iraq,,,,88.9294934772074,2021,,
2021-9548-SYR,Drought,Syrian Arab Republic,,,,88.9294934772074,2021,,
2021-9569-BRA,Drought,Brazil,,,3373459.0,88.9294934772074,2021,,
2021-9639-SSD,Drought,South Sudan,,,,88.9294934772074,2021,,
2021-9786-ZWE,Drought,Zimbabwe,,,,88.9294934772074,2021,,
2021-9787-ZMB,Drought,Zambia,,,,88.9294934772074,2021,,
2021-9846-USA,Drought,United States of America,,,10120377.0,88.9294934772074,2021,2021-01-01,2021-12-31
2021-9848-TZA,Drought,United Republic of Tanzania,,,,88.9294934772074,2021,,
2022-0001-CHN,Mass movement (wet),China,,,,96.0463421255491,2022,2022-01-03,2022-01-03
2022-0002-IRN,Flood,Iran (Islamic Republic of),,,,96.0463421255491,2022,2022-01-01,2022-01-04
2022-0004-CHN,Earthquake,China,,,56223.0,96.0463421255491,2022,2022-01-02,2022-01-02
2022-0007-USA,Storm,United States of America,,,546611.0,96.0463421255491,2022,2022-01-02,2022-01-03
2022-0009-ZAF,Flood,South Africa,,,72881.0,96.0463421255491,2022,2022-01-08,2022-01-09
2022-0011-IDN,Flood,Indonesia,,,,96.0463421255491,2022,2022-01-10,2022-01-11
2022-0012-IDN,Earthquake,Indonesia,,,,96.0463421255491,2022,2022-01-10,2022-01-10
2022-0013-FJI,Storm,Fiji,,,26029.0,96.0463421255491,2022,2022-01-08,2022-01-11
2022-0014-PAK,Storm,Pakistan,,,,96.0463421255491,2022,2022-01-07,2022-01-08
2022-0020-BRA,Flood,Brazil,,,93705.0,96.0463421255491,2022,2022-01-01,2022-01-14
2022-0026-PER,Volcanic activity,Peru,,,,96.0463421255491,2022,2022-01-15,2022-01-15
2022-0026-TON,Volcanic activity,Tonga,,,122857.0,96.0463421255491,2022,2022-01-15,2022-01-15
2022-0027-AFG,Earthquake,Afghanistan,,,,96.0463421255491,2022,2022-01-17,2022-01-17
2022-0032-MDG,Flood,Madagascar,,,,96.0463421255491,2022,2022-01-17,2022-01-18
2022-0034-SYR,Storm,Syrian Arab Republic,,,,96.0463421255491,2022,2022-01-18,2022-01-25
2022-0035-ZAF,Flood,South Africa,,,109322.0,96.0463421255491,2022,2022-01-15,2022-01-16
2022-0037-URY,Flood,Uruguay,,,,96.0463421255491,2022,2022-01-17,2022-01-18
2022-0042-IDN,Earthquake,Indonesia,,,23947.0,96.0463421255491,2022,2022-01-14,2022-01-14
2022-0043-ZMB,Flood,Zambia,,,,96.0463421255491,2022,2022-01-11,2022-02-02
2022-0043-ZWE,Flood,Zimbabwe,,,,96.0463421255491,2022,2022-01-13,2022-01-21
2022-0044-IRN,Flood,Iran (Islamic Republic of),,,,96.0463421255491,2022,2022-01-15,2022-01-21
2022-0045-CHN,Earthquake,China,,,563270.0,96.0463421255491,2022,2022-01-08,2022-01-08
2022-0046-AUS,Flood,Australia,,,83293.0,96.0463421255491,2022,2022-01-08,2022-01-13
2022-0052-MDG,Storm,Madagascar,,,,96.0463421255491,2022,2022-01-22,2022-01-25
2022-0052-MOZ,Storm,Mozambique,,,,96.0463421255491,2022,2022-01-24,2022-01-25
2022-0052-MWI,Storm,Malawi,,,,96.0463421255491,2022,2022-01-22,2022-01-25
2022-0052-ZWE,Storm,Zimbabwe,,,,96.0463421255491,2022,2022-01-25,2022-01-25
2022-0053-UGA,Flood,Uganda,,,,96.0463421255491,2022,2022-01-24,2022-01-27
2022-0055-RWA,Flood,Rwanda,,,,96.0463421255491,2022,2022-01-01,2022-01-27
2022-0057-HTI,Earthquake,Haiti,,,,96.0463421255491,2022,2022-01-24,2022-01-24
2022-0058-PER,Flood,Peru,,,,96.0463421255491,2022,2022-01-21,2022-01-23
2022-0060-AFG,Mass movement (wet),Afghanistan,,,,96.0463421255491,2022,2022-02-07,2022-02-07
2022-0061-MDG,Storm,Madagascar,,,,96.0463421255491,2022,2022-02-05,2022-02-07
2022-0061-MUS,Storm,Mauritius,,,,96.0463421255491,2022,2022-02-02,2022-02-02
2022-0061-REU,Storm,Réunion,,,,96.0463421255491,2022,2022-02-05,2022-02-06
2022-0065-BRA,Flood,Brazil,,,74964.0,96.0463421255491,2022,2022-01-01,2022-02-04
2022-0068-ECU,Flood,Ecuador,,,55182.0,96.0463421255491,2022,2022-01-28,2022-02-07
2022-0069-HTI,Flood,Haiti,,,,96.0463421255491,2022,2022-01-30,2022-01-31
2022-0073-COL,Mass movement (wet),Colombia,,,,96.0463421255491,2022,2022-02-01,2022-02-08
2022-0077-ZAF,Flood,South Africa,,,,96.0463421255491,2022,2022-02-04,2022-02-05
2022-0079-PER,Earthquake,Peru,,,,96.0463421255491,2022,2022-02-03,2022-02-03
2022-0080-USA,Storm,United States of America,,,547652.0,96.0463421255491,2022,2022-02-01,2022-02-05
2022-0081-CZE,Storm,Czechia,,,,96.0463421255491,2022,2022-01-28,2022-01-31
2022-0081-DEU,Storm,Germany,,,,96.0463421255491,2022,2022-01-28,2022-01-31
2022-0081-DNK,Storm,Denmark,,,,96.0463421255491,2022,2022-01-28,2022-01-31
2022-0081-GBR,Storm,United Kingdom of Great Britain and Northern Ireland,,,,96.0463421255491,2022,2022-01-28,2022-01-31
2022-0081-NOR,Storm,Norway,,,,96.0463421255491,2022,2022-01-28,2022-01-31
2022-0081-POL,Storm,Poland,,,,96.0463421255491,2022,2022-01-28,2022-01-31
2022-0086-HND,Flood,Honduras,,,,96.0463421255491,2022,2022-02-14,2022-02-15
2022-0087-IDN,Flood,Indonesia,,,12494.0,96.0463421255491,2022,2022-02-10,2022-02-15
2022-0089-BRA,Flood,Brazil,,,28111.0,96.0463421255491,2022,2022-02-13,2022-02-16
2022-0091-DOM,Flood,Dominican Republic,,,,96.0463421255491,2022,2022-02-10,2022-02-11
2022-0091-PRI,Flood,Puerto Rico,,,17700.0,96.0463421255491,2022,2022-02-04,2022-02-06
2022-0092-GTM,Earthquake,Guatemala,,,,96.0463421255491,2022,2022-02-16,2022-02-16
2022-0096-PSE,Extreme temperature,State of Palestine,,,,96.0463421255491,2022,2022-01-26,2022-01-31
2022-0097-CZE,Storm,Czechia,,,,96.0463421255491,2022,2022-02-16,2022-02-17
2022-0097-DEU,Storm,Germany,,,,96.0463421255491,2022,2022-02-16,2022-02-17
2022-0097-GBR,Storm,United Kingdom of Great Britain and Northern Ireland,,,,96.0463421255491,2022,2022-02-16,2022-02-17
2022-0097-POL,Storm,Poland,,,,96.0463421255491,2022,2022-02-16,2022-02-17
2022-0099-MDG,Storm,Madagascar,,,,96.0463421255491,2022,2022-02-15,2022-02-16
2022-0099-MOZ,Storm,Mozambique,,,,96.0463421255491,2022,2022-02-18,2022-02-18
2022-0100-KOR,Wildfire,Republic of Korea,,,,96.0463421255491,2022,2022-02-15,2022-03-07
2022-0101-MDG,Storm,Madagascar,,,16659.0,96.0463421255491,2022,2022-02-23,2022-02-24
2022-0102-BOL,Flood,Bolivia (Plurinational State of),,,,96.0463421255491,2022,2022-02-20,2022-02-22
2022-0103-AUS,Flood,Australia,,4060540.0,6871683.0,96.0463421255491,2022,2022-02-22,2022-03-03
2022-0105-ARG,Wildfire,Argentina,,,801696.0,96.0463421255491,2022,,2022-03-11
2022-0108-ZAF,Flood,South Africa,,,,96.0463421255491,2022,2022-02-21,2022-02-22
2022-0109-COL,Flood,Colombia,,,11453.0,96.0463421255491,2022,2022-02-18,2022-02-22
2022-0112-BEL,Storm,Belgium,,,,96.0463421255491,2022,2022-02-18,2022-02-18
2022-0112-DEU,Storm,Germany,,,1065273.0,96.0463421255491,2022,2022-02-18,2022-02-18
2022-0112-FRA,Storm,France,,,,96.0463421255491,2022,2022-02-18,2022-02-18
2022-0112-GBR,Storm,United Kingdom of Great Britain and Northern Ireland,,,511568.0,96.0463421255491,2022,2022-02-18,2022-02-18
2022-0112-IRL,Storm,Ireland,,,,96.0463421255491,2022,2022-02-18,2022-02-18
2022-0112-NLD,Storm,Netherlands (Kingdom of the),,,591818.0,96.0463421255491,2022,2022-02-18,2022-02-18
2022-0112-POL,Storm,Poland,,,,96.0463421255491,2022,2022-02-18,2022-02-18
2022-0115-IDN,Earthquake,Indonesia,,,40605.0,96.0463421255491,2022,2022-02-25,2022-02-25
2022-0119-MYS,Flood,Malaysia,,,250.0,96.0463421255491,2022,2022-02-25,2022-02-28
2022-0119-THA,Flood,Thailand,,,,96.0463421255491,2022,2022-02-25,2022-02-28
2022-0120-IDN,Flood,Indonesia,,,64552.0,96.0463421255491,2022,2022-02-26,2022-03-05
2022-0121-COL,Mass movement (wet),Colombia,,,,96.0463421255491,2022,2022-03-01,2022-03-15
2022-0126-USA,Storm,United States of America,,,853755.0,96.0463421255491,2022,2022-03-05,2022-03-07
2022-0130-DOM,Flood,Dominican Republic,,,,96.0463421255491,2022,2022-03-05,2022-03-06
2022-0130-HTI,Flood,Haiti,,,,96.0463421255491,2022,2022-03-05,2022-03-06
2022-0131-MYS,Flood,Malaysia,,,,96.0463421255491,2022,2022-03-06,2022-03-07
2022-0132-USA,Wildfire,United States of America,,,,96.0463421255491,2022,2022-03-04,2022-03-09
2022-0133-ECU,Flood,Ecuador,,,,96.0463421255491,2022,2022-03-07,2022-03-08
2022-0136-IDN,Flood,Indonesia,,,,96.0463421255491,2022,2022-03-14,2022-03-17
2022-0137-MDG,Storm,Madagascar,,,,96.0463421255491,2022,2022-03-11,2022-03-12
2022-0137-MOZ,Storm,Mozambique,,,,96.0463421255491,2022,2022-03-11,2022-03-14
2022-0137-MWI,Storm,Malawi,,,,96.0463421255491,2022,2022-03-11,2022-03-14
2022-0144-IDN,Volcanic activity,Indonesia,,,,96.0463421255491,2022,2022-03-06,2022-03-10
2022-0149-BRA,Flood,Brazil,,,,96.0463421255491,2022,2022-03-20,2022-03-22
2022-0153-JPN,Earthquake,Japan,,2915259.0,9162244.0,96.0463421255491,2022,2022-03-16,2022-03-16
2022-0157-USA,Storm,United States of America,,2394677.0,3123492.0,96.0463421255491,2022,2022-03-21,2022-03-23
2022-0163-PER,Mass movement (wet),Peru,,,,96.0463421255491,2022,2022-03-15,2022-03-15
2022-0172-VNM,Flood,Viet Nam,,,,96.0463421255491,2022,2022-03-22,2022-03-23
2022-0175-CAF,Wildfire,Central African Republic,,,,96.0463421255491,2022,2022-02-24,2022-02-25
2022-0176-PHL,Volcanic activity,Philippines,,,,96.0463421255491,2022,2022-03-26,2022-03-31
2022-0177-ECU,Earthquake,Ecuador,,,,96.0463421255491,2022,2022-03-26,2022-03-26
2022-0178-ECU,Flood,Ecuador,,,,96.0463421255491,2022,2022-03-27,2022-03-28
2022-0183-AUS,Flood,Australia,,,,96.0463421255491,2022,2022-03-25,2022-03-31
2022-0184-MWI,Epidemic,Malawi,,,,96.0463421255491,2022,2022-02-17,2022-03-31
2022-0185-USA,Storm,United States of America,,,1353513.0,96.0463421255491,2022,2022-03-29,2022-04-01
2022-0190-BRA,Flood,Brazil,,,141598.0,96.0463421255491,2022,2022-04-01,2022-04-04
2022-0192-COL,Flood,Colombia,,,,96.0463421255491,2022,2022-03-15,2022-04-03
2022-0193-USA,Storm,United States of America,,2602910.0,3331725.0,96.0463421255491,2022,2022-04-04,2022-04-07
2022-0194-TUN,Flood,Tunisia,,,,96.0463421255491,2022,2022-03-19,2022-03-19
2022-0195-PHL,Flood,Philippines,,,,96.0463421255491,2022,2022-04-03,2022-04-07
2022-0199-THA,Flood,Thailand,,,13535.0,96.0463421255491,2022,2022-04-03,2022-04-05
2022-0200-COL,Flood,Colombia,,,,96.0463421255491,2022,2022-04-07,2022-04-08
2022-0201-TLS,Epidemic,Timor-Leste,,,,96.0463421255491,2022,,2022-01-31
2022-0204-PHL,Storm,Philippines,,,43267.0,96.0463421255491,2022,2022-04-10,2022-04-12
2022-0205-ZAF,Flood,South Africa,,1874095.0,3644074.0,96.0463421255491,2022,2022-04-08,2022-04-18
2022-0212-USA,Storm,United States of America,,,2915259.0,96.0463421255491,2022,2022-04-11,2022-04-14
2022-0215-USA,Wildfire,United States of America,,,161380.0,96.0463421255491,2022,2022-04-12,
2022-0219-IND,Storm,India,,,,96.0463421255491,2022,2022-04-01,2022-04-19
2022-0227-USA,Storm,United States of America,,,918307.0,96.0463421255491,2022,2022-04-15,2022-04-18
2022-0229-COL,Flood,Colombia,,,,96.0463421255491,2022,,2022-04-21
2022-0230-UZB,Flood,Uzbekistan,,,,96.0463421255491,2022,2022-04-20,2022-04-20
2022-0231-BIH,Earthquake,Bosnia and Herzegovina,,,27070.0,96.0463421255491,2022,2022-04-23,2022-04-23
2022-0232-COD,Flood,Democratic Republic of the Congo,,,,96.0463421255491,2022,2022-04-23,2022-04-23
2022-0232-RWA,Flood,Rwanda,,,,96.0463421255491,2022,2022-04-23,2022-04-24
2022-0233-COL,Flood,Colombia,,,,96.0463421255491,2022,2022-04-21,2022-04-22
2022-0239-MDG,Storm,Madagascar,,,,96.0463421255491,2022,2022-04-26,2022-04-27
2022-0244-CAN,Storm,Canada,,,,96.0463421255491,2022,2022-04-21,2022-04-24
2022-0244-USA,Storm,United States of America,,,649686.0,96.0463421255491,2022,2022-04-21,2022-04-24
2022-0246-USA,Wildfire,United States of America,,,,96.0463421255491,2022,2022-04-06,2022-06-14
2022-0248-IND,Extreme temperature,India,,,,96.0463421255491,2022,,
2022-0248-PAK,Extreme temperature,Pakistan,,,,96.0463421255491,2022,,
2022-0250-VEN,Flood,Venezuela (Bolivarian Republic of),,,,96.0463421255491,2022,2022-04-25,2022-06-29
2022-0255-COD,Epidemic,Democratic Republic of the Congo,,,,96.0463421255491,2022,2022-04-04,
2022-0257-NGA,Storm,Nigeria,,,,96.0463421255491,2022,2022-04-30,2022-04-30
2022-0258-TZA,Flood,United Republic of Tanzania,,,,96.0463421255491,2022,2022-04-26,2022-05-05
2022-0259-IRQ,Storm,Iraq,,,,96.0463421255491,2022,2022-05-01,2022-05-04
2022-0261-USA,Storm,United States of America,,,606999.0,96.0463421255491,2022,2022-04-26,2022-05-05
2022-0262-ECU,Flood,Ecuador,,,,96.0463421255491,2022,,
2022-0263-COD,Epidemic,Democratic Republic of the Congo,,,,96.0463421255491,2022,2022-04-23,2022-07-04
2022-0264-AFG,Flood,Afghanistan,,,,96.0463421255491,2022,2022-05-02,2022-05-07
2022-0265-BRA,Flood,Brazil,,,96828.0,96.0463421255491,2022,2022-05-03,2022-05-05
2022-0266-CAN,Flood,Canada,,,,96.0463421255491,2022,2022-04-22,2022-04-25
2022-0266-USA,Flood,United States of America,,,,96.0463421255491,2022,,2022-05-05
2022-0271-THA,Storm,Thailand,,,,96.0463421255491,2022,2022-05-05,2022-05-09
2022-0275-RUS,Wildfire,Russian Federation,,,,96.0463421255491,2022,2022-05-06,2022-05-10
2022-0282-LBR,Epidemic,Liberia,,,,96.0463421255491,2022,2022-04-21,2022-07-20
2022-0284-USA,Storm,United States of America,,,1249397.0,96.0463421255491,2022,2022-05-05,2022-05-11
2022-0292-VNM,Storm,Viet Nam,,,,96.0463421255491,2022,2022-05-09,2022-05-13
2022-0293-IND,Flood,India,,,4372889.0,96.0463421255491,2022,2022-05-17,2022-10-31
2022-0304-CAN,Flood,Canada,,,37482.0,96.0463421255491,2022,2022-05-30,2022-05-31
2022-0305-THA,Flood,Thailand,,,,96.0463421255491,2022,2022-05-14,2022-05-18
2022-0313-ZAF,Flood,South Africa,,,,96.0463421255491,2022,2022-05-22,2022-05-22
2022-0315-SUR,Flood,Suriname,,,21864.0,96.0463421255491,2022,,2022-06-24
2022-0316-CHN,Flood,China,,312349.0,5205820.0,96.0463421255491,2022,2022-05-09,2022-05-15
2022-0317-GTM,Flood,Guatemala,,,212397.0,96.0463421255491,2022,2022-05-01,2022-09-11
2022-0318-BRA,Flood,Brazil,,,477894.0,96.0463421255491,2022,2022-05-24,2022-05-30
2022-0319-TZA,Epidemic,United Republic of Tanzania,,,,96.0463421255491,2022,2022-04-23,
2022-0320-VNM,Flood,Viet Nam,,,,96.0463421255491,2022,2022-05-21,2022-05-30
2022-0323-PAK,Wildfire,Pakistan,,,,96.0463421255491,2022,2022-05-15,2022-05-24
2022-0324-IDN,Flood,Indonesia,,,,96.0463421255491,2022,2022-05-21,2022-05-24
2022-0325-CAN,Storm,Canada,,,,96.0463421255491,2022,2022-05-19,2022-05-26
2022-0325-USA,Storm,United States of America,,,2602910.0,96.0463421255491,2022,2022-05-19,2022-05-26
2022-0326-THA,Flood,Thailand,,,,96.0463421255491,2022,2022-05-20,2022-05-24
2022-0328-COL,Flood,Colombia,,,,96.0463421255491,2022,2022-05-25,2022-05-27
2022-0332-SOM,Flood,Somalia,,,,96.0463421255491,2022,2022-05-12,2022-05-30
2022-0333-MEX,Storm,Mexico,,,53099.0,96.0463421255491,2022,2022-05-30,2022-05-31
2022-0334-CHN,Earthquake,China,,,43729.0,96.0463421255491,2022,2022-06-01,2022-06-01
2022-0336-LKA,Storm,Sri Lanka,,,,96.0463421255491,2022,2022-05-29,2022-06-02
2022-0338-CMR,Flood,Cameroon,,,15617.0,96.0463421255491,2022,2022-06-26,2022-10-31
2022-0340-BGD,Flood,Bangladesh,,,481538.0,96.0463421255491,2022,2022-05-17,2022-09-30
2022-0342-AFG,Earthquake,Afghanistan,,,,96.0463421255491,2022,2022-06-21,2022-06-21
2022-0342-PAK,Earthquake,Pakistan,,,,96.0463421255491,2022,2022-06-21,2022-06-21
2022-0343-RUS,Storm,Russian Federation,,,,96.0463421255491,2022,2022-06-24,2022-06-27
2022-0347-CIV,Flood,Côte d’Ivoire,,,,96.0463421255491,2022,2022-06-16,2022-06-21
2022-0353-NPL,Storm,Nepal,,,,96.0463421255491,2022,,2022-06-20
2022-0355-ESP,Wildfire,Spain,,,,96.0463421255491,2022,2022-06-18,2022-07-18
2022-0356-ZAF,Flood,South Africa,,,,96.0463421255491,2022,2022-06-13,2022-06-15
2022-0358-TUR,Flood,Türkiye,,,,96.0463421255491,2022,2022-06-11,2022-06-15
2022-0361-USA,Flood,United States of America,,,,96.0463421255491,2022,2022-06-11,2022-06-14
2022-0366-CUB,Flood,Cuba,,,26029.0,96.0463421255491,2022,2022-06-02,2022-06-06
2022-0367-CUB,Storm,Cuba,,,,96.0463421255491,2022,2022-06-02,2022-06-03
2022-0373-FRA,Storm,France,,,,96.0463421255491,2022,2022-06-04,2022-06-05
2022-0375-GUY,Flood,Guyana,,,,96.0463421255491,2022,2022-05-15,2022-06-02
2022-0395-IND,Mass movement (wet),India,,,,96.0463421255491,2022,2022-06-30,2022-07-06
2022-0396-AUS,Flood,Australia,,,485182.0,96.0463421255491,2022,2022-07-01,2022-07-08
2022-0397-CHN,Storm,China,,,482059.0,96.0463421255491,2022,2022-07-01,2022-07-04
2022-0398-JPN,Storm,Japan,,,,96.0463421255491,2022,2022-07-04,2022-07-05
2022-0400-NIC,Storm,Nicaragua,,,,96.0463421255491,2022,2022-07-02,2022-07-02
2022-0400-SLV,Storm,El Salvador,,,,96.0463421255491,2022,2022-07-02,2022-07-02
2022-0401-ITA,Glacial lake outburst flood,Italy,,,,96.0463421255491,2022,2022-07-03,2022-07-03
2022-0402-IRN,Earthquake,Iran (Islamic Republic of),,,148886.0,96.0463421255491,2022,2022-07-02,2022-07-02
2022-0405-PAK,Flood,Pakistan,10411641.0,7288.0,15617461.0,96.0463421255491,2022,2022-06-14,2022-09-14
2022-0406-ECU,Flood,Ecuador,,,,96.0463421255491,2022,2022-07-03,2022-07-05
2022-0407-GRC,Wildfire,Greece,,,,96.0463421255491,2022,2022-07-03,2022-07-23
2022-0408-MYS,Flood,Malaysia,,,,96.0463421255491,2022,2022-07-04,2022-07-07
2022-0409-BRA,Flood,Brazil,,,274867.0,96.0463421255491,2022,2022-07-05,2022-07-06
2022-0411-CHN,Earthquake,China,,,,96.0463421255491,2022,2022-06-10,2022-06-10
2022-0417-PRT,Wildfire,Portugal,,,,96.0463421255491,2022,2022-07-09,2022-07-12
2022-0418-IDN,Flood,Indonesia,,,,96.0463421255491,2022,2022-07-05,2022-07-12
2022-0423-JPN,Extreme temperature,Japan,,,,96.0463421255491,2022,2022-06-20,2022-07-01
2022-0423-KOR,Extreme temperature,Republic of Korea,,,,96.0463421255491,2022,2022-07-01,2022-07-02
2022-0426-NPL,Epidemic,Nepal,,,,96.0463421255491,2022,2022-06-16,2022-06-30
2022-0427-GEO,Flood,Georgia,,,,96.0463421255491,2022,2022-06-21,2022-06-26
2022-0428-CHN,Flood,China,,,,96.0463421255491,2022,2022-07-25,2022-07-28
2022-0430-PER,Earthquake,Peru,,,,96.0463421255491,2022,2022-07-12,2022-07-12
2022-0442-AFG,Flood,Afghanistan,,,,96.0463421255491,2022,2022-06-30,2022-07-11
2022-0444-YEM,Flood,Yemen,,,,96.0463421255491,2022,,
2022-0445-SDN,Flood,Sudan,,,10412.0,96.0463421255491,2022,2022-05-10,2022-09-30
2022-0446-NER,Flood,Niger,,,,96.0463421255491,2022,2022-06-01,2022-09-30
2022-0448-PHL,Earthquake,Philippines,,,157216.0,96.0463421255491,2022,2022-07-27,2022-07-27
2022-0449-CAF,Flood,Central African Republic,,,,96.0463421255491,2022,2022-07-01,2022-10-31
2022-0453-AFG,Flood,Afghanistan,,,,96.0463421255491,2022,2022-07-24,2022-08-01
2022-0456-YEM,Flood,Yemen,,,,96.0463421255491,2022,2022-07-23,2022-08-05
2022-0465-ALB,Extreme temperature,Albania,,,,96.0463421255491,2022,2022-05-30,2022-09-04
2022-0465-AUT,Extreme temperature,Austria,,,,96.0463421255491,2022,2022-05-30,2022-09-04
2022-0465-BEL,Extreme temperature,Belgium,,,,96.0463421255491,2022,2022-05-30,2022-09-04
2022-0465-BGR,Extreme temperature,Bulgaria,,,,96.0463421255491,2022,2022-05-30,2022-09-04
2022-0465-CHE,Extreme temperature,Switzerland,,,,96.0463421255491,2022,2022-05-30,2022-09-04
2022-0465-CYP,Extreme temperature,Cyprus,,,,96.0463421255491,2022,2022-05-30,2022-09-30
2022-0465-CZE,Extreme temperature,Czechia,,,,96.0463421255491,2022,2022-05-30,2022-09-04
2022-0465-DEU,Extreme temperature,Germany,,,,96.0463421255491,2022,2022-05-30,2022-09-04
2022-0465-DNK,Extreme temperature,Denmark,,,,96.0463421255491,2022,2022-05-30,2022-09-04
2022-0465-ESP,Extreme temperature,Spain,,,,96.0463421255491,2022,2022-05-30,2022-09-04
2022-0465-EST,Extreme temperature,Estonia,,,,96.0463421255491,2022,2022-05-30,2022-09-04
2022-0465-FIN,Extreme temperature,Finland,,,,96.0463421255491,2022,2022-05-30,2022-09-04
2022-0465-FRA,Extreme temperature,France,,,,96.0463421255491,2022,2022-05-30,2022-09-04
2022-0465-GBR,Extreme temperature,United Kingdom of Great Britain and Northern Ireland,,,,96.0463421255491,2022,2022-05-30,2022-09-04
2022-0465-GRC,Extreme temperature,Greece,,,,96.0463421255491,2022,2022-05-30,2022-09-04
2022-0465-HRV,Extreme temperature,Croatia,,,,96.0463421255491,2022,2022-05-30,2022-09-04
2022-0465-HUN,Extreme temperature,Hungary,,,,96.0463421255491,2022,2022-05-30,2022-09-04
2022-0465-IRL,Extreme temperature,Ireland,,,,96.0463421255491,2022,2022-05-30,2022-09-04
2022-0465-ITA,Extreme temperature,Italy,,,,96.0463421255491,2022,2022-05-30,2022-09-04
2022-0465-LTU,Extreme temperature,Lithuania,,,,96.0463421255491,2022,2022-05-30,2022-09-04
2022-0465-LUX,Extreme temperature,Luxembourg,,,,96.0463421255491,2022,2022-05-30,2022-09-04
2022-0465-LVA,Extreme temperature,Latvia,,,,96.0463421255491,2022,2022-05-30,2022-09-04
2022-0465-MLT,Extreme temperature,Malta,,,,96.0463421255491,2022,2022-05-30,2022-09-04
2022-0465-MNE,Extreme temperature,Montenegro,,,,96.0463421255491,2022,2022-05-30,2022-09-04
2022-0465-NLD,Extreme temperature,Netherlands (Kingdom of the),,,,96.0463421255491,2022,2022-05-30,2022-09-04
2022-0465-NOR,Extreme temperature,Norway,,,,96.0463421255491,2022,2022-05-30,2022-09-30
2022-0465-POL,Extreme temperature,Poland,,,,96.0463421255491,2022,2022-05-30,2022-09-04
2022-0465-PRT,Extreme temperature,Portugal,,,,96.0463421255491,2022,2022-05-30,2022-09-04
2022-0465-ROU,Extreme temperature,Romania,,,,96.0463421255491,2022,2022-05-30,2022-09-04
2022-0465-SRB,Extreme temperature,Serbia,,,,96.0463421255491,2022,2022-05-30,2022-09-04
2022-0465-SVK,Extreme temperature,Slovakia,,,,96.0463421255491,2022,2022-05-30,2022-09-04
2022-0465-SVN,Extreme temperature,Slovenia,,,,96.0463421255491,2022,2022-05-30,2022-09-04
2022-0465-SWE,Extreme temperature,Sweden,,,,96.0463421255491,2022,2022-05-30,2022-09-30
2022-0470-KGZ,Extreme temperature,Kyrgyzstan,,,,96.0463421255491,2022,2022-07-18,2022-07-25
2022-0473-RUS,Flood,Russian Federation,,,,96.0463421255491,2022,2022-07-22,2022-07-25
2022-0474-THA,Flood,Thailand,,,,96.0463421255491,2022,2022-07-17,2022-07-26
2022-0476-IRN,Flood,Iran (Islamic Republic of),,,209274.0,96.0463421255491,2022,2022-07-23,2022-07-31
2022-0480-USA,Flood,United States of America,,,1561746.0,96.0463421255491,2022,2022-07-26,2022-07-31
2022-0481-UGA,Flood,Uganda,,,,96.0463421255491,2022,2022-07-30,2022-08-05
2022-0486-USA,Wildfire,United States of America,,,157216.0,96.0463421255491,2022,2022-07-29,2022-08-01
2022-0488-NPL,Mass movement (wet),Nepal,,,,96.0463421255491,2022,2022-07-15,2022-08-18
2022-0490-LKA,Flood,Sri Lanka,,,,96.0463421255491,2022,2022-08-01,2022-08-08
2022-0492-GMB,Flood,Gambia,,,,96.0463421255491,2022,2022-07-30,2022-10-31
2022-0493-NPL,Flood,Nepal,,,,96.0463421255491,2022,2022-08-02,2022-08-31
2022-0496-JPN,Flood,Japan,,,146804.0,96.0463421255491,2022,2022-08-02,2022-08-08
2022-0497-MNG,Flood,Mongolia,,,,96.0463421255491,2022,,2022-07-26
2022-0498-SEN,Flood,Senegal,,,,96.0463421255491,2022,2022-08-05,2022-08-07
2022-0500-KOR,Flood,Republic of Korea,,,440412.0,96.0463421255491,2022,2022-08-07,2022-08-10
2022-0501-YEM,Flood,Yemen,,,,96.0463421255491,2022,2022-08-03,2022-08-08
2022-0509-TCD,Flood,Chad,,,,96.0463421255491,2022,2022-06-06,2022-10-31
2022-0514-AFG,Flood,Afghanistan,,,,96.0463421255491,2022,2022-08-16,2022-08-21
2022-0515-CHN,Flood,China,,,,96.0463421255491,2022,2022-08-10,2022-08-10
2022-0515-LAO,Flood,Lao People's Democratic Republic,,,,96.0463421255491,2022,2022-08-07,2022-08-10
2022-0515-THA,Flood,Thailand,,,,96.0463421255491,2022,2022-08-14,2022-08-16
2022-0515-VNM,Flood,Viet Nam,,,,96.0463421255491,2022,2022-08-14,2022-08-16
2022-0518-VEN,Flood,Venezuela (Bolivarian Republic of),,,,96.0463421255491,2022,2022-08-10,2022-08-11
2022-0520-DZA,Wildfire,Algeria,,,,96.0463421255491,2022,2022-08-14,2022-08-21
2022-0522-NZL,Storm,New Zealand,,,,96.0463421255491,2022,2022-08-15,2022-08-18
2022-0523-AFG,Flood,Afghanistan,,,,96.0463421255491,2022,2022-06-22,2022-06-22
2022-0525-AUT,Storm,Austria,,,,96.0463421255491,2022,2022-08-17,2022-08-18
2022-0525-FRA,Storm,France,,,,96.0463421255491,2022,2022-08-17,2022-08-18
2022-0525-ITA,Storm,Italy,,,,96.0463421255491,2022,2022-08-14,2022-08-18
2022-0530-CHN,Flood,China,,,,96.0463421255491,2022,2022-08-17,2022-08-19
2022-0533-CMR,Mass movement (wet),Cameroon,,,,96.0463421255491,2022,2022-08-11,2022-08-11
2022-0539-IND,Flood,India,,,,96.0463421255491,2022,,2022-08-22
2022-0546-MRT,Flood,Mauritania,,,,96.0463421255491,2022,2022-07-25,2022-08-03
2022-0547-PHL,Storm,Philippines,,,,96.0463421255491,2022,2022-08-22,2022-08-23
2022-0553-MWI,Epidemic,Malawi,,,,96.0463421255491,2022,2022-03-03,2023-03-17
2022-0560-SLE,Flood,Sierra Leone,,,,96.0463421255491,2022,2022-08-28,
2022-0567-CHN,Earthquake,China,,,2394677.0,96.0463421255491,2022,2022-09-05,2022-09-05
2022-0569-ZWE,Epidemic,Zimbabwe,,,,96.0463421255491,2022,,
2022-0572-MEX,Flood,Mexico,,,,96.0463421255491,2022,2022-08-28,2022-09-01
2022-0577-KOR,Storm,Republic of Korea,,,,96.0463421255491,2022,2022-09-04,2022-09-06
2022-0579-MEX,Flood,Mexico,,,,96.0463421255491,2022,2022-09-03,2022-09-05
2022-0582-UGA,Mass movement (wet),Uganda,,,,96.0463421255491,2022,2022-09-06,2022-09-07
2022-0585-BGR,Flood,Bulgaria,,,48935.0,96.0463421255491,2022,2022-09-02,2022-09-02
2022-0590-IND,Flood,India,,,,96.0463421255491,2022,2022-09-18,2022-09-24
2022-0590-NPL,Flood,Nepal,,,,96.0463421255491,2022,2022-09-09,2022-09-17
2022-0592-PNG,Earthquake,Papua New Guinea,,,,96.0463421255491,2022,2022-09-13,2022-09-13
2022-0594-LBN,Epidemic,Lebanon,,,,96.0463421255491,2022,,2022-10-25
2022-0594-SYR,Epidemic,Syrian Arab Republic,,,,96.0463421255491,2022,2022-09-11,2022-09-20
2022-0595-IDN,Earthquake,Indonesia,,,,96.0463421255491,2022,2022-09-11,2022-09-11
2022-0603-CAN,Storm,Canada,,,,96.0463421255491,2022,2022-09-24,2022-09-25
2022-0603-DOM,Storm,Dominican Republic,,,,96.0463421255491,2022,2022-09-19,2022-09-20
2022-0603-GLP,Storm,Guadeloupe,,,,96.0463421255491,2022,2022-09-16,2022-09-17
2022-0603-PRI,Storm,Puerto Rico,,,2602910.0,96.0463421255491,2022,2022-09-17,2022-09-18
2022-0604-JPN,Storm,Japan,,,2082328.0,96.0463421255491,2022,2022-09-18,2022-09-20
2022-0609-ITA,Flood,Italy,,,,96.0463421255491,2022,2022-09-15,2022-09-16
2022-0611-TWN,Earthquake,Taiwan (Province of China),,,52058.0,96.0463421255491,2022,2022-09-18,2022-09-18
2022-0613-KHM,Storm,Cambodia,,,,96.0463421255491,2022,2022-09-28,2022-09-29
2022-0613-PHL,Storm,Philippines,,,59290.0,96.0463421255491,2022,2022-09-25,2022-09-26
2022-0613-THA,Storm,Thailand,,,,96.0463421255491,2022,2022-09-28,2022-09-29
2022-0613-VNM,Storm,Viet Nam,,,,96.0463421255491,2022,2022-09-28,2022-09-29
2022-0614-CUB,Storm,Cuba,,,26029.0,96.0463421255491,2022,2022-09-26,2022-09-28
2022-0614-USA,Storm,United States of America,,62469844.0,104116407.0,96.0463421255491,2022,2022-09-28,2022-10-02
2022-0615-VEN,Flood,Venezuela (Bolivarian Republic of),,,,96.0463421255491,2022,2022-09-22,2022-09-30
2022-0622-MEX,Earthquake,Mexico,,,,96.0463421255491,2022,2022-09-22,2022-09-22
2022-0623-MEX,Earthquake,Mexico,,,26029.0,96.0463421255491,2022,2022-09-19,2022-09-19
2022-0627-JPN,Storm,Japan,,,782955.0,96.0463421255491,2022,2022-09-25,2022-09-25
2022-0634-IRN,Earthquake,Iran (Islamic Republic of),,,,96.0463421255491,2022,2022-10-05,2022-10-05
2022-0635-THA,Flood,Thailand,,,,96.0463421255491,2022,,2022-10-06
2022-0637-GHA,Flood,Ghana,,,,96.0463421255491,2022,2022-10-04,2022-10-06
2022-0641-NGA,Epidemic,Nigeria,,,,96.0463421255491,2022,,2022-10-05
2022-0642-IDN,Flood,Indonesia,,,,96.0463421255491,2022,2022-10-04,2022-10-09
2022-0643-HTI,Epidemic,Haiti,,,,96.0463421255491,2022,2022-10-01,2022-11-30
2022-0647-COL,Storm,Colombia,,,,96.0463421255491,2022,2022-10-09,2022-10-10
2022-0647-CRI,Storm,Costa Rica,,,,96.0463421255491,2022,2022-10-08,2022-10-20
2022-0647-GTM,Storm,Guatemala,,,,96.0463421255491,2022,2022-10-09,2022-10-10
2022-0647-HND,Storm,Honduras,,,,96.0463421255491,2022,2022-10-09,2022-10-09
2022-0647-NIC,Storm,Nicaragua,,,187410.0,96.0463421255491,2022,2022-10-09,2022-10-09
2022-0647-SLV,Storm,El Salvador,,,17700.0,96.0463421255491,2022,2022-10-10,2022-10-11
2022-0648-VEN,Mass movement (wet),Venezuela (Bolivarian Republic of),,,,96.0463421255491,2022,2022-10-09,2022-10-09
2022-0650-SSD,Flood,South Sudan,,,,96.0463421255491,2022,,2022-10-29
2022-0652-UGA,Epidemic,Uganda,,,,96.0463421255491,2022,2022-09-20,2023-01-11
2022-0654-MLI,Flood,Mali,,,,96.0463421255491,2022,2022-07-01,2022-10-31
2022-0655-HND,Flood,Honduras,,,,96.0463421255491,2022,2022-07-02,2022-09-28
2022-0665-PHL,Storm,Philippines,,,18741.0,96.0463421255491,2022,2022-10-13,2022-10-13
2022-0666-KHM,Flood,Cambodia,,,,96.0463421255491,2022,2022-09-01,2022-10-13
2022-0667-VNM,Flood,Viet Nam,,,,96.0463421255491,2022,2022-10-10,2022-10-11
2022-0669-ETH,Epidemic,Ethiopia,,,,96.0463421255491,2022,2022-09-16,2023-08-31
2022-0674-NGA,Flood,Nigeria,,,4372889.0,96.0463421255491,2022,2022-07-01,2022-10-31
2022-0675-MEX,Storm,Mexico,,,,96.0463421255491,2022,2022-10-15,2022-10-16
2022-0676-VNM,Storm,Viet Nam,,,67676.0,96.0463421255491,2022,2022-10-13,2022-10-15
2022-0677-LKA,Flood,Sri Lanka,,,,96.0463421255491,2022,2022-10-14,2022-10-20
2022-0679-AUS,Flood,Australia,,,1353513.0,96.0463421255491,2022,2022-10-12,2022-10-28
2022-0680-PHL,Storm,Philippines,,,,96.0463421255491,2022,2022-10-15,2022-10-16
2022-0680-TWN,Storm,Taiwan (Province of China),,,416.0,96.0463421255491,2022,2022-10-15,2022-10-16
2022-0682-VEN,Mass movement (wet),Venezuela (Bolivarian Republic of),,,,96.0463421255491,2022,2022-10-17,2022-10-17
2022-0684-COL,Flood,Colombia,,,,96.0463421255491,2022,2022-08-27,2022-10-18
2022-0685-PHL,Mass movement (wet),Philippines,,,,96.0463421255491,2022,2022-10-18,2022-10-19
2022-0688-STP,Epidemic,Sao Tome and Principe,,,,96.0463421255491,2022,,
2022-0689-GIN,Flood,Guinea,,,,96.0463421255491,2022,2022-08-25,2022-08-26
2022-0694-IDN,Flood,Indonesia,,,,96.0463421255491,2022,2022-10-03,2022-10-21
2022-0695-BGD,Storm,Bangladesh,,,,96.0463421255491,2022,2022-10-24,2022-10-25
2022-0696-BEN,Flood,Benin,,,,96.0463421255491,2022,2022-09-01,2022-10-31
2022-0697-FRA,Storm,France,,,,96.0463421255491,2022,2022-10-23,2022-10-24
2022-0698-MEX,Storm,Mexico,,,,96.0463421255491,2022,2022-10-23,2022-10-23
2022-0699-COL,Flood,Colombia,,,,96.0463421255491,2022,2022-10-19,2022-10-31
2022-0703-PHL,Earthquake,Philippines,,,1458.0,96.0463421255491,2022,2022-10-25,2022-10-25
2022-0705-VEN,Storm,Venezuela (Bolivarian Republic of),,,,96.0463421255491,2022,2022-10-24,2022-10-27
2022-0707-PHL,Storm,Philippines,,,47445.0,96.0463421255491,2022,2022-10-27,2022-10-28
2022-0712-VEN,Flood,Venezuela (Bolivarian Republic of),,,,96.0463421255491,2022,2022-10-27,2022-11-02
2022-0716-ETH,Flood,Ethiopia,,,,96.0463421255491,2022,,
2022-0719-BLZ,Storm,Belize,,,104116.0,96.0463421255491,2022,2022-11-02,2022-11-03
2022-0721-VEN,Flood,Venezuela (Bolivarian Republic of),,,,96.0463421255491,2022,2022-11-04,2022-11-04
2022-0728-COL,Mass movement (wet),Colombia,,,,96.0463421255491,2022,2022-11-06,2022-11-09
2022-0731-NPL,Earthquake,Nepal,,,,96.0463421255491,2022,2022-11-09,2022-11-09
2022-0732-IDN,Flood,Indonesia,,,,96.0463421255491,2022,2022-11-08,2022-11-10
2022-0732-MYS,Flood,Malaysia,,,,96.0463421255491,2022,2022-11-08,2022-11-15
2022-0732-THA,Flood,Thailand,,,,96.0463421255491,2022,2022-11-08,2022-11-10
2022-0734-USA,Storm,United States of America,,,1041164.0,96.0463421255491,2022,2022-11-10,2022-11-11
2022-0735-USA,Storm,United States of America,,,390437.0,96.0463421255491,2022,2022-11-04,2022-11-05
2022-0736-IDN,Flood,Indonesia,,,,96.0463421255491,2022,2022-11-07,2022-11-14
2022-0742-TGO,Flood,Togo,,,,96.0463421255491,2022,,2022-11-15
2022-0743-COL,Flood,Colombia,,,,96.0463421255491,2022,2022-11-14,2022-11-15
2022-0746-COD,Flood,Democratic Republic of the Congo,,,,96.0463421255491,2022,2022-11-13,2022-11-16
2022-0748-COG,Flood,Congo,,,,96.0463421255491,2022,,
2022-0755-IDN,Earthquake,Indonesia,,,,96.0463421255491,2022,2022-11-21,2022-11-21
2022-0757-PAN,Flood,Panama,,,,96.0463421255491,2022,2022-11-18,2022-11-21
2022-0765-TUR,Earthquake,Türkiye,,,52058.0,96.0463421255491,2022,2022-11-23,2022-11-23
2022-0770-COD,Flood,Democratic Republic of the Congo,,,,96.0463421255491,2022,2022-11-17,2022-11-18
2022-0770-RWA,Flood,Rwanda,,,,96.0463421255491,2022,2022-11-17,2022-11-18
2022-0774-CMR,Mass movement (wet),Cameroon,,,,96.0463421255491,2022,2022-11-27,2022-11-27
2022-0775-ITA,Mass movement (wet),Italy,,,,96.0463421255491,2022,2022-11-26,2022-11-26
2022-0782-IDN,Flood,Indonesia,,,,96.0463421255491,2022,2022-11-25,2022-11-27
2022-0783-BRA,Flood,Brazil,,,,96.0463421255491,2022,2022-11-29,2022-12-04
2022-0784-SWZ,Storm,Eswatini,,,,96.0463421255491,2022,2022-11-05,2022-11-05
2022-0785-LKA,Flood,Sri Lanka,,,,96.0463421255491,2022,2022-09-02,2022-09-06
2022-0787-IDN,Volcanic activity,Indonesia,,,,96.0463421255491,2022,2022-12-04,2022-12-05
2022-0788-ZAF,Flood,South Africa,,,,96.0463421255491,2022,2022-12-10,2022-12-12
2022-0789-COL,Mass movement (wet),Colombia,,,,96.0463421255491,2022,2022-12-04,2022-12-04
2022-0793-BRA,Flood,Brazil,,,,96.0463421255491,2022,2022-11-29,2022-12-04
2022-0795-VNM,Flood,Viet Nam,,,1562.0,96.0463421255491,2022,2022-12-01,2022-12-04
2022-0798-IND,Storm,India,,,,96.0463421255491,2022,2022-12-09,2022-12-09
2022-0798-LKA,Storm,Sri Lanka,,,,96.0463421255491,2022,2022-12-06,2022-12-08
2022-0800-MNG,Extreme temperature,Mongolia,,,,96.0463421255491,2022,2022-11-28,
2022-0801-CMR,Epidemic,Cameroon,,,,96.0463421255491,2022,,
2022-0805-COD,Flood,Democratic Republic of the Congo,,,,96.0463421255491,2022,2022-12-12,2022-12-13
2022-0808-USA,Earthquake,United States of America,,,260291.0,96.0463421255491,2022,2022-12-20,2022-12-20
2022-0809-MYS,Mass movement (wet),Malaysia,,,,96.0463421255491,2022,2022-12-16,2022-12-16
2022-0810-MYS,Flood,Malaysia,,,,96.0463421255491,2022,2022-12-17,2022-12-21
2022-0810-THA,Flood,Thailand,,,,96.0463421255491,2022,2022-12-19,2022-12-21
2022-0811-USA,Storm,United States of America,,,359202.0,96.0463421255491,2022,2022-12-12,2022-12-15
2022-0812-TUR,Flood,Türkiye,,,,96.0463421255491,2022,2022-12-11,2022-12-12
2022-0815-BRA,Flood,Brazil,,,,96.0463421255491,2022,2022-12-20,2022-12-22
2022-0818-CAN,Storm,Canada,,,186368.0,96.0463421255491,2022,2022-12-21,2022-12-26
2022-0818-USA,Storm,United States of America,,,2811143.0,96.0463421255491,2022,2022-12-19,2022-12-29
2022-0819-JPN,Storm,Japan,,,,96.0463421255491,2022,2022-12-17,2022-12-26
2022-0823-CHL,Wildfire,Chile,,,,96.0463421255491,2022,2022-12-12,2022-12-12
2022-0825-BIH,Flood,Bosnia and Herzegovina,,,,96.0463421255491,2022,2022-12-11,2022-12-22
2022-0825-HRV,Flood,Croatia,,,,96.0463421255491,2022,2022-12-11,2022-12-11
2022-0828-CHL,Wildfire,Chile,,,,96.0463421255491,2022,2022-12-22,2022-12-29
2022-0832-PHL,Flood,Philippines,,,11453.0,96.0463421255491,2022,2022-12-25,2022-12-29
2022-0843-MWI,Flood,Malawi,,,,96.0463421255491,2022,,
2022-0845-IDN,Flood,Indonesia,,,,96.0463421255491,2022,2022-12-26,2023-01-01
2022-0846-TTO,Flood,Trinidad and Tobago,,,,96.0463421255491,2022,2022-11-26,2022-12-05
2022-0847-IDN,Flood,Indonesia,,,,96.0463421255491,2022,2022-12-25,2022-12-26
2022-0850-LCA,Flood,Saint Lucia,,,,96.0463421255491,2022,2022-11-06,2022-11-06
2022-0857-UGA,Flood,Uganda,,,,96.0463421255491,2022,2022-12-20,2022-12-26
2022-0858-KEN,Epidemic,Kenya,,,,96.0463421255491,2022,2022-10-19,2023-10-30
2022-0861-MOZ,Flood,Mozambique,,,,96.0463421255491,2022,,
2022-0863-USA,Storm,United States of America,,,1041164.0,96.0463421255491,2022,2022-12-26,2023-03-26
2022-9123-MHL,Drought,Marshall Islands,,,,96.0463421255491,2022,,
2022-9174-ETH,Drought,Ethiopia,,,666345.0,96.0463421255491,2022,,
2022-9209-USA,Drought,United States of America,,,22905609.0,96.0463421255491,2022,,
2022-9211-BRA,Drought,Brazil,,,4164656.0,96.0463421255491,2022,,
2022-9252-CPV,Drought,Cabo Verde,,,,96.0463421255491,2022,,
2022-9254-NER,Drought,Niger,,,,96.0463421255491,2022,,
2022-9335-TCD,Drought,Chad,,,,96.0463421255491,2022,,
2022-9370-DJI,Drought,Djibouti,,,,96.0463421255491,2022,,
2022-9405-FRA,Drought,France,,,,96.0463421255491,2022,,
2022-9405-GBR,Drought,United Kingdom of Great Britain and Northern Ireland,,,,96.0463421255491,2022,,
2022-9405-ITA,Drought,Italy,,,,96.0463421255491,2022,,
2022-9405-PRT,Drought,Portugal,,,,96.0463421255491,2022,,
2022-9436-UGA,Drought,Uganda,,,,96.0463421255491,2022,,
2022-9524-CHN,Drought,China,,,7912847.0,96.0463421255491,2022,,
2022-9781-BFA,Drought,Burkina Faso,,,,96.0463421255491,2022,,
2022-9782-CMR,Drought,Cameroon,,,,96.0463421255491,2022,,
2022-9783-CAF,Drought,Central African Republic,,,,96.0463421255491,2022,,
2022-9784-COD,Drought,Democratic Republic of the Congo,,,,96.0463421255491,2022,,
2022-9785-MWI,Drought,Malawi,,,,96.0463421255491,2022,,
2022-9786-MLI,Drought,Mali,,,,96.0463421255491,2022,,
2022-9787-NGA,Drought,Nigeria,,,,96.0463421255491,2022,,
2022-9788-SDN,Drought,Sudan,,,,96.0463421255491,2022,,
2022-9863-URY,Drought,Uruguay,,,,96.0463421255491,2022,,
2023-0002-PHL,Flood,Philippines,,,30371.0,100.0,2023,2023-01-01,2023-01-29
2023-0006-IDN,Earthquake,Indonesia,,,,100.0,2023,2023-01-10,2023-01-10
2023-0007-COL,Mass movement (wet),Colombia,,,,100.0,2023,2023-01-10,2023-01-10
2023-0012-IRN,Earthquake,Iran (Islamic Republic of),,,50000.0,100.0,2023,2023-01-18,2023-01-18
2023-0019-AFG,Extreme temperature,Afghanistan,,,,100.0,2023,2023-01-09,2023-01-23
2023-0020-MDG,Storm,Madagascar,,,20000.0,100.0,2023,2023-01-19,2023-01-23
2023-0021-CHN,Mass movement (wet),China,,,,100.0,2023,2023-01-17,2023-01-17
2023-0022-SRB,Flood,Serbia,,,,100.0,2023,2023-01-18,2023-01-20
2023-0028-BRA,Flood,Brazil,,,10000.0,100.0,2023,2023-01-17,2023-01-18
2023-0032-USA,Storm,United States of America,,,770000.0,100.0,2023,2023-01-12,2023-01-12
2023-0038-AUS,Flood,Australia,,,,100.0,2023,2023-01-06,2023-01-10
2023-0041-IDN,Flood,Indonesia,,,,100.0,2023,2023-01-20,2023-01-27
2023-0041-MYS,Flood,Malaysia,,,,100.0,2023,2023-01-20,2023-01-27
2023-0044-IDN,Flood,Indonesia,,,,100.0,2023,2023-01-27,2023-01-30
2023-0046-NZL,Flood,New Zealand,,1300000.0,1900000.0,100.0,2023,2023-01-27,2023-02-02
2023-0047-IRN,Earthquake,Iran (Islamic Republic of),,,255000.0,100.0,2023,2023-01-28,2023-01-28
2023-0050-CHL,Wildfire,Chile,,,900000.0,100.0,2023,2023-02-01,2023-03-06
2023-0052-CAN,Extreme temperature,Canada,,,165000.0,100.0,2023,2023-01-30,2023-02-05
2023-0052-USA,Extreme temperature,United States of America,,,385000.0,100.0,2023,2023-01-30,2023-02-01
2023-0054-SYR,Earthquake,Syrian Arab Republic,14800000.0,,8900000.0,100.0,2023,2023-02-06,2023-02-06
2023-0054-TUR,Earthquake,Türkiye,100000000.0,,34000000.0,100.0,2023,2023-02-06,2023-02-06
2023-0055-BOL,Flood,Bolivia (Plurinational State of),,,,100.0,2023,,2023-03-16
2023-0056-ZMB,Flood,Zambia,,,,100.0,2023,2023-01-11,2023-01-30
2023-0066-PER,Mass movement (wet),Peru,,,,100.0,2023,2023-02-05,2023-02-07
2023-0068-ZMB,Epidemic,Zambia,,,,100.0,2023,2023-01-21,2023-01-30
2023-0073-IDN,Earthquake,Indonesia,,,,100.0,2023,2023-02-09,2023-02-09
2023-0075-AUT,Mass movement (wet),Austria,,,,100.0,2023,2023-02-04,2023-02-05
2023-0075-CHE,Mass movement (wet),Switzerland,,,,100.0,2023,2023-02-04,2023-02-05
2023-0075-ITA,Mass movement (wet),Italy,,,,100.0,2023,2023-02-04,2023-02-05
2023-0078-MOZ,Flood,Mozambique,,,,100.0,2023,2023-02-07,2023-02-12
2023-0079-NZL,Storm,New Zealand,,1900000.0,2800000.0,100.0,2023,2023-02-11,2023-02-17
2023-0080-ZAF,Flood,South Africa,,,,100.0,2023,2023-02-08,2023-02-21
2023-0087-GNQ,Epidemic,Equatorial Guinea,,,,100.0,2023,2023-02-13,2023-02-17
2023-0091-SYR,Earthquake,Syrian Arab Republic,,,,100.0,2023,2023-02-20,2023-02-20
2023-0091-TUR,Earthquake,Türkiye,,,,100.0,2023,2023-02-20,2023-02-20
2023-0092-BRA,Flood,Brazil,,,30000.0,100.0,2023,2023-02-19,2023-02-21
2023-0094-PHL,Flood,Philippines,,,5000.0,100.0,2023,2023-02-13,2023-02-20
2023-0095-MDG,Storm,Madagascar,,,,100.0,2023,2023-02-21,2023-03-04
2023-0095-MOZ,Storm,Mozambique,,,,100.0,2023,2023-02-24,2023-03-11
2023-0095-MUS,Storm,Mauritius,,,,100.0,2023,2023-02-21,2023-02-22
2023-0095-MWI,Storm,Malawi,680400.0,,506710.0,100.0,2023,2023-03-11,2023-03-13
2023-0095-REU,Storm,Réunion,,,,100.0,2023,2023-02-21,2023-02-21
2023-0095-ZWE,Storm,Zimbabwe,,,,100.0,2023,2023-02-24,2023-03-08
2023-0098-NAM,Flood,Namibia,,,,100.0,2023,2023-01-13,2023-01-17
2023-0102-PHL,Flood,Philippines,,,5000.0,100.0,2023,2023-02-20,2023-02-24
2023-0107-SYR,Earthquake,Syrian Arab Republic,,,,100.0,2023,2023-02-27,2023-02-27
2023-0107-TUR,Earthquake,Türkiye,,,,100.0,2023,2023-02-27,2023-02-27
2023-0110-ZMB,Flood,Zambia,,,,100.0,2023,2023-02-07,2023-03-09
2023-0111-LBN,Extreme temperature,Lebanon,,,,100.0,2023,,2023-02-28
2023-0116-PRY,Flood,Paraguay,,,,100.0,2023,2023-02-17,2023-03-03
2023-0119-VUT,Storm,Vanuatu,,,,100.0,2023,2023-02-28,2023-03-03
2023-0120-MYS,Flood,Malaysia,,,,100.0,2023,2023-02-28,2023-03-02
2023-0122-USA,Storm,United States of America,,4200000.0,6000000.0,100.0,2023,2023-03-01,2023-03-03
2023-0123-IDN,Mass movement (wet),Indonesia,,,,100.0,2023,2023-03-06,2023-03-06
2023-0125-BRA,Flood,Brazil,,,95000.0,100.0,2023,2023-03-05,2023-03-06
2023-0126-ECU,Flood,Ecuador,,,205000.0,100.0,2023,2023-01-01,2023-04-23
2023-0127-IDN,Storm,Indonesia,,,,100.0,2023,2023-03-05,2023-03-05
2023-0128-VUT,Storm,Vanuatu,,,,100.0,2023,2023-03-02,2023-03-04
2023-0129-AUS,Flood,Australia,,,,100.0,2023,2023-03-01,2023-03-03
2023-0135-USA,Storm,United States of America,,,255000.0,100.0,2023,2023-03-09,2023-03-12
2023-0137-PER,Flood,Peru,,,,100.0,2023,2023-01-01,2023-03-29
2023-0138-AUS,Flood,Australia,,,,100.0,2023,2023-03-10,2023-03-14
2023-0140-SSD,Epidemic,South Sudan,,,,100.0,2023,2023-02-22,2023-03-10
2023-0141-TUR,Flood,Türkiye,,,25000.0,100.0,2023,2023-03-14,2023-03-15
2023-0155-ECU,Earthquake,Ecuador,,,,100.0,2023,2023-03-18,2023-03-18
2023-0155-PER,Earthquake,Peru,,,,100.0,2023,2023-03-18,2023-03-18
2023-0156-AFG,Earthquake,Afghanistan,,,,100.0,2023,2023-03-21,2023-03-21
2023-0156-PAK,Earthquake,Pakistan,,,,100.0,2023,2023-03-21,2023-03-21
2023-0157-BRA,Flood,Brazil,,,50000.0,100.0,2023,2023-03-16,2023-03-23
2023-0159-PAK,Flood,Pakistan,,,,100.0,2023,2023-03-17,2023-03-22
2023-0160-SYR,Flood,Syrian Arab Republic,,,,100.0,2023,2023-03-19,2023-03-22
2023-0161-IND,Storm,India,,,,100.0,2023,2023-03-17,2023-03-21
2023-0166-NGA,Epidemic,Nigeria,,,,100.0,2023,2023-01-20,2023-10-10
2023-0169-IRN,Earthquake,Iran (Islamic Republic of),,,,100.0,2023,2023-03-24,2023-03-24
2023-0172-SOM,Flood,Somalia,,,,100.0,2023,2023-03-12,2023-03-24
2023-0173-PAK,Flood,Pakistan,,,,100.0,2023,2023-03-25,2023-03-25
2023-0175-BOL,Flood,Bolivia (Plurinational State of),,,,100.0,2023,2023-03-21,2023-03-27
2023-0176-USA,Storm,United States of America,,,2900000.0,100.0,2023,2023-03-22,2023-03-27
2023-0177-ECU,Mass movement (wet),Ecuador,,,,100.0,2023,2023-03-26,2023-03-26
2023-0178-BOL,Flood,Bolivia (Plurinational State of),,,,100.0,2023,2023-03-27,2023-03-29
2023-0179-BRA,Flood,Brazil,,,20000.0,100.0,2023,2023-03-24,2023-03-27
2023-0180-ZAF,Flood,South Africa,,,,100.0,2023,2023-03-23,2023-03-27
2023-0187-ETH,Flood,Ethiopia,,,,100.0,2023,2023-03-25,2023-05-12
2023-0187-KEN,Flood,Kenya,,,,100.0,2023,2023-03-25,2023-03-30
2023-0189-PNG,Earthquake,Papua New Guinea,,,,100.0,2023,2023-04-02,2023-04-02
2023-0192-USA,Storm,United States of America,,4300000.0,5500000.0,100.0,2023,2023-03-30,2023-04-03
2023-0193-COD,Mass movement (wet),Democratic Republic of the Congo,,,,100.0,2023,2023-04-02,2023-04-02
2023-0200-COL,Flood,Colombia,,,,100.0,2023,2023-03-28,2023-03-31
2023-0201-SOM,Epidemic,Somalia,,,,100.0,2023,2023-01-01,2023-04-04
2023-0203-BRA,Flood,Brazil,,,,100.0,2023,2023-03-29,2023-03-29
2023-0204-BRA,Flood,Brazil,,,,100.0,2023,2023-03-20,2023-03-21
2023-0206-USA,Storm,United States of America,,,2900000.0,100.0,2023,2023-04-03,2023-04-07
2023-0208-PAK,Flood,Pakistan,,,,100.0,2023,2023-03-24,2023-04-06
2023-0212-BLR,Flood,Belarus,,,,100.0,2023,2023-03-30,2023-04-02
2023-0212-LVA,Flood,Latvia,,,,100.0,2023,2023-03-30,2023-04-02
2023-0214-NZL,Storm,New Zealand,,,,100.0,2023,2023-04-09,2023-04-10
2023-0215-KOR,Wildfire,Republic of Korea,,,,100.0,2023,2023-04-11,2023-04-11
2023-0221-PER,Flood,Peru,,,305000.0,100.0,2023,2023-04-10,2023-04-12
2023-0222-BDI,Flood,Burundi,,,,100.0,2023,2023-03-31,2023-04-12
2023-0225-USA,Flood,United States of America,,,1100000.0,100.0,2023,2023-04-12,2023-04-14
2023-0226-TZA,Flood,United Republic of Tanzania,,,,100.0,2023,2023-04-12,2023-04-17
2023-0227-IDN,Mass movement (wet),Indonesia,,,,100.0,2023,2023-04-15,2023-04-15
2023-0229-IRN,Storm,Iran (Islamic Republic of),,,,100.0,2023,2023-04-10,2023-04-14
2023-0229-IRQ,Storm,Iraq,,,,100.0,2023,2023-04-10,2023-04-14
2023-0233-BRA,Storm,Brazil,,,,100.0,2023,2023-04-16,2023-04-17
2023-0234-IND,Extreme temperature,India,,,,100.0,2023,,
2023-0236-TZA,Flood,United Republic of Tanzania,,,,100.0,2023,2023-04-01,2023-04-02
2023-0237-TJK,Earthquake,Tajikistan,,,,100.0,2023,2023-03-23,2023-03-23
2023-0238-PER,Storm,Peru,,,705000.0,100.0,2023,2023-03-08,2023-03-11
2023-0239-USA,Storm,United States of America,,,2950000.0,100.0,2023,2023-04-15,2023-04-22
2023-0240-KHM,Storm,Cambodia,,,,100.0,2023,2023-04-14,2023-04-16
2023-0242-UKR,Flood,Ukraine,,,,100.0,2023,2023-04-15,2023-04-15
2023-0246-PHL,Storm,Philippines,,,222.0,100.0,2023,2023-04-17,2023-04-21
2023-0247-AGO,Flood,Angola,,,,100.0,2023,,2023-04-30
2023-0248-MMR,Storm,Myanmar,,,,100.0,2023,2023-04-21,2023-04-21
2023-0252-TUR,Storm,Türkiye,,,,100.0,2023,2023-04-20,2023-04-20
2023-0253-USA,Storm,United States of America,,,1300000.0,100.0,2023,2023-04-23,2023-04-27
2023-0254-BGD,Storm,Bangladesh,,,,100.0,2023,2023-04-23,2023-04-23
2023-0255-THA,Storm,Thailand,,,,100.0,2023,2023-04-23,2023-04-24
2023-0256-LKA,Storm,Sri Lanka,,,,100.0,2023,2023-04-24,2023-04-25
2023-0257-BRA,Flood,Brazil,,,,100.0,2023,2023-04-25,2023-04-27
2023-0259-KEN,Flood,Kenya,,,,100.0,2023,2023-04-25,2023-04-27
2023-0262-UGA,Flood,Uganda,,,,100.0,2023,2023-04-24,2023-05-18
2023-0263-VNM,Flood,Viet Nam,,,,100.0,2023,2023-04-28,2023-04-30
2023-0266-PAK,Flood,Pakistan,,,,100.0,2023,2023-04-29,2023-05-03
2023-0267-RWA,Flood,Rwanda,100000.0,,,100.0,2023,2023-05-01,2023-05-03
2023-0268-CHN,Earthquake,China,,,30000.0,100.0,2023,2023-05-02,2023-05-02
2023-0270-ITA,Flood,Italy,,,,100.0,2023,2023-04-30,2023-05-03
2023-0272-CAN,Flood,Canada,,,,100.0,2023,2023-05-01,2023-05-04
2023-0279-JPN,Earthquake,Japan,,,,100.0,2023,2023-05-06,2023-05-06
2023-0280-CAN,Wildfire,Canada,,100000.0,200000.0,100.0,2023,2023-05-06,
2023-0281-COD,Flood,Democratic Republic of the Congo,,,10000.0,100.0,2023,2023-05-02,2023-05-05
2023-0285-CHN,Flood,China,,,95000.0,100.0,2023,2023-05-05,2023-05-08
2023-0287-GTM,Volcanic activity,Guatemala,,,,100.0,2023,2023-05-05,2023-05-05
2023-0288-USA,Storm,United States of America,,,2200000.0,100.0,2023,2023-05-06,2023-05-08
2023-0289-RUS,Wildfire,Russian Federation,,,50000.0,100.0,2023,2023-05-07,2023-05-08
2023-0290-SLE,Storm,Sierra Leone,,,,100.0,2023,2023-05-06,2023-05-10
2023-0291-AFG,Flood,Afghanistan,,,,100.0,2023,2023-05-05,2023-05-05
2023-0293-CZE,Flood,Czechia,,,,100.0,2023,2023-05-13,2023-05-13
2023-0293-ITA,Flood,Italy,,,9750000.0,100.0,2023,2023-05-16,2023-05-20
2023-0294-BGD,Storm,Bangladesh,,,1000.0,100.0,2023,2023-05-13,2023-05-14
2023-0294-IND,Storm,India,,,,100.0,2023,2023-05-14,2023-05-14
2023-0294-MMR,Storm,Myanmar,,,2240000.0,100.0,2023,2023-05-14,2023-05-15
2023-0295-SOM,Flood,Somalia,,,,100.0,2023,,
2023-0297-MNG,Extreme temperature,Mongolia,,,,100.0,2023,2023-05-19,2023-05-22
2023-0300-GUM,Storm,Guam,,,4300000.0,100.0,2023,2023-05-24,2023-05-25
2023-0300-JPN,Storm,Japan,,,,100.0,2023,2023-06-02,2023-06-02
2023-0300-PHL,Storm,Philippines,,,,100.0,2023,2023-05-24,2023-06-03
2023-0300-TWN,Storm,Taiwan (Province of China),,,,100.0,2023,2023-05-29,2023-05-31
2023-0306-PAK,Mass movement (wet),Pakistan,,,,100.0,2023,2023-05-27,2023-05-27
2023-0319-HRV,Flood,Croatia,,,,100.0,2023,2023-05-12,2023-05-17
2023-0321-BIH,Flood,Bosnia and Herzegovina,,,,100.0,2023,2023-05-14,2023-05-19
2023-0323-FRA,Earthquake,France,,,445000.0,100.0,2023,2023-06-16,2023-06-16
2023-0324-USA,Storm,United States of America,,,3800000.0,100.0,2023,2023-06-15,2023-06-22
2023-0325-BRA,Flood,Brazil,,,205000.0,100.0,2023,2023-06-15,2023-06-16
2023-0326-NPL,Flood,Nepal,,,,100.0,2023,2023-06-15,2023-06-19
2023-0328-IND,Extreme temperature,India,,,,100.0,2023,,
2023-0328-PAK,Extreme temperature,Pakistan,,,,100.0,2023,,
2023-0330-IND,Flood,India,,,,100.0,2023,2023-06-14,2023-06-23
2023-0331-IND,Storm,India,,,,100.0,2023,2023-06-19,2023-06-21
2023-0331-PAK,Storm,Pakistan,,,,100.0,2023,2023-06-15,2023-06-15
2023-0332-USA,Storm,United States of America,,,4100000.0,100.0,2023,2023-06-10,2023-06-17
2023-0334-KAZ,Wildfire,Kazakhstan,,,,100.0,2023,2023-06-08,2023-06-15
2023-0337-CUB,Flood,Cuba,,,,100.0,2023,2023-06-08,2023-06-10
2023-0339-HTI,Flood,Haiti,,,420000.0,100.0,2023,2023-06-02,2023-06-06
2023-0341-CHN,Flood,China,,,,100.0,2023,2023-06-01,2023-06-05
2023-0342-ECU,Flood,Ecuador,,,,100.0,2023,2023-06-01,2023-06-08
2023-0352-ZAF,Storm,South Africa,,,,100.0,2023,2023-06-27,2023-06-29
2023-0353-IRN,Storm,Iran (Islamic Republic of),,,,100.0,2023,2023-06-26,2023-06-29
2023-0354-PAK,Flood,Pakistan,,,,100.0,2023,2023-06-10,2023-06-29
2023-0355-PHL,Volcanic activity,Philippines,,,,100.0,2023,2023-06-05,2023-06-29
2023-0357-CHN,Mass movement (wet),China,,,,100.0,2023,2023-06-27,2023-06-28
2023-0359-IND,Flood,India,,,3000.0,100.0,2023,2023-06-26,2023-07-12
2023-0360-BRB,Storm,Barbados,,,,100.0,2023,2023-06-22,2023-06-23
2023-0360-VCT,Storm,Saint Vincent and the Grenadines,,,,100.0,2023,2023-06-22,2023-06-23
2023-0362-CHL,Flood,Chile,,,765000.0,100.0,2023,2023-06-21,2023-06-25
2023-0364-USA,Extreme temperature,United States of America,,,,100.0,2023,,
2023-0365-GTM,Flood,Guatemala,,,,100.0,2023,,2023-10-11
2023-0366-IDN,Storm,Indonesia,,,,100.0,2023,2023-06-24,2023-06-26
2023-0368-GHA,Flood,Ghana,,,,100.0,2023,2023-06-21,2023-06-26
2023-0370-USA,Storm,United States of America,,,5300000.0,100.0,2023,2023-06-23,2023-06-29
2023-0378-IDN,Earthquake,Indonesia,,,,100.0,2023,2023-06-30,2023-06-30
2023-0384-YEM,Flood,Yemen,,,,100.0,2023,,
2023-0385-PER,Epidemic,Peru,,,,100.0,2023,,
2023-0389-DOM,Flood,Dominican Republic,,,,100.0,2023,2023-06-02,2023-06-09
2023-0391-VEN,Flood,Venezuela (Bolivarian Republic of),,,,100.0,2023,2023-06-01,2023-06-05
2023-0408-SRB,Flood,Serbia,,,,100.0,2023,2023-06-04,2023-06-16
2023-0409-ARM,Storm,Armenia,,,,100.0,2023,2023-06-15,2023-06-19
2023-0410-GEO,Flood,Georgia,,,,100.0,2023,2023-06-15,2023-06-16
2023-0411-ARG,Flood,Argentina,,,,100.0,2023,2023-05-29,2023-07-05
2023-0412-GAB,Storm,Gabon,,,,100.0,2023,2023-05-15,2023-05-15
2023-0413-JPN,Flood,Japan,,,,100.0,2023,2023-07-01,2023-07-07
2023-0417-CHN,Flood,China,,,,100.0,2023,2023-07-02,2023-07-05
2023-0418-THA,Flood,Thailand,,,,100.0,2023,2023-07-03,2023-07-05
2023-0421-NPL,Epidemic,Nepal,,,,100.0,2023,,
2023-0426-USA,Flood,United States of America,,,2200000.0,100.0,2023,2023-07-09,2023-07-18
2023-0428-IND,Flood,India,,,,100.0,2023,2023-06-25,2023-09-07
2023-0428-PAK,Flood,Pakistan,,,,100.0,2023,2023-06-25,2023-09-07
2023-0434-BRA,Flood,Brazil,,,,100.0,2023,2023-07-10,2023-07-14
2023-0435-MNG,Flood,Mongolia,,,,100.0,2023,2023-07-03,2023-07-14
2023-0436-LKA,Storm,Sri Lanka,,,,100.0,2023,2023-07-04,2023-07-14
2023-0437-IDN,Flood,Indonesia,,,,100.0,2023,2023-07-07,2023-07-14
2023-0438-ALB,Extreme temperature,Albania,,,,100.0,2023,,
2023-0438-AUT,Extreme temperature,Austria,,,,100.0,2023,,
2023-0438-BEL,Extreme temperature,Belgium,,,,100.0,2023,,
2023-0438-BGR,Extreme temperature,Bulgaria,,,,100.0,2023,,
2023-0438-CHE,Extreme temperature,Switzerland,,,,100.0,2023,,
2023-0438-CYP,Extreme temperature,Cyprus,,,,100.0,2023,,
2023-0438-CZE,Extreme temperature,Czechia,,,,100.0,2023,,
2023-0438-DEU,Extreme temperature,Germany,,,,100.0,2023,,
2023-0438-DNK,Extreme temperature,Denmark,,,,100.0,2023,,
2023-0438-ESP,Extreme temperature,Spain,,,,100.0,2023,,
2023-0438-EST,Extreme temperature,Estonia,,,,100.0,2023,,
2023-0438-FIN,Extreme temperature,Finland,,,,100.0,2023,,
2023-0438-FRA,Extreme temperature,France,,,,100.0,2023,,
2023-0438-GBR,Extreme temperature,United Kingdom of Great Britain and Northern Ireland,,,,100.0,2023,,
2023-0438-GRC,Extreme temperature,Greece,,,,100.0,2023,,
2023-0438-HRV,Extreme temperature,Croatia,,,,100.0,2023,,
2023-0438-HUN,Extreme temperature,Hungary,,,,100.0,2023,,
2023-0438-IRL,Extreme temperature,Ireland,,,,100.0,2023,,
2023-0438-ISL,Extreme temperature,Iceland,,,,100.0,2023,,
2023-0438-ITA,Extreme temperature,Italy,,,,100.0,2023,2023-07-12,
2023-0438-LIE,Extreme temperature,Liechtenstein,,,,100.0,2023,,
2023-0438-LTU,Extreme temperature,Lithuania,,,,100.0,2023,,
2023-0438-LUX,Extreme temperature,Luxembourg,,,,100.0,2023,,
2023-0438-LVA,Extreme temperature,Latvia,,,,100.0,2023,,
2023-0438-MLT,Extreme temperature,Malta,,,,100.0,2023,,
2023-0438-MNE,Extreme temperature,Montenegro,,,,100.0,2023,,
2023-0438-NLD,Extreme temperature,Netherlands (Kingdom of the),,,,100.0,2023,,
2023-0438-NOR,Extreme temperature,Norway,,,,100.0,2023,,
2023-0438-POL,Extreme temperature,Poland,,,,100.0,2023,,
2023-0438-PRT,Extreme temperature,Portugal,,,,100.0,2023,,
2023-0438-ROU,Extreme temperature,Romania,,,,100.0,2023,,
2023-0438-SRB,Extreme temperature,Serbia,,,,100.0,2023,,
2023-0438-SVK,Extreme temperature,Slovakia,,,,100.0,2023,,
2023-0438-SVN,Extreme temperature,Slovenia,,,,100.0,2023,,
2023-0438-SWE,Extreme temperature,Sweden,,,,100.0,2023,,
2023-0440-KOR,Flood,Republic of Korea,,,,100.0,2023,2023-07-09,2023-07-16
2023-0444-GRC,Wildfire,Greece,,,,100.0,2023,2023-07-17,2023-07-26
2023-0450-PHL,Storm,Philippines,,,,100.0,2023,2023-07-12,2023-07-14
2023-0450-VNM,Storm,Viet Nam,,,,100.0,2023,2023-07-14,2023-07-17
2023-0451-COL,Mass movement (wet),Colombia,,,,100.0,2023,2023-07-18,2023-07-18
2023-0457-NER,Flood,Niger,,,,100.0,2023,,
2023-0458-ITA,Storm,Italy,,,,100.0,2023,2023-07-19,2023-07-20
2023-0459-IND,Mass movement (wet),India,,,,100.0,2023,2023-07-19,2023-07-19
2023-0460-BIH,Storm,Bosnia and Herzegovina,,,,100.0,2023,2023-07-18,2023-07-19
2023-0460-HRV,Storm,Croatia,,,,100.0,2023,2023-07-18,2023-07-20
2023-0460-SRB,Storm,Serbia,,,,100.0,2023,2023-07-18,2023-07-19
2023-0460-SVK,Storm,Slovakia,,,,100.0,2023,2023-07-18,2023-07-19
2023-0460-SVN,Storm,Slovenia,,,,100.0,2023,2023-07-18,2023-07-19
2023-0462-AFG,Flood,Afghanistan,,,,100.0,2023,2023-07-22,2023-07-24
2023-0462-PAK,Flood,Pakistan,,,,100.0,2023,2023-07-22,2023-07-24
2023-0464-CHN,Storm,China,,,25000000.0,100.0,2023,2023-07-27,2023-08-02
2023-0464-PHL,Storm,Philippines,,,284256.0,100.0,2023,2023-07-21,2023-07-27
2023-0464-TWN,Storm,Taiwan (Province of China),,,10000.0,100.0,2023,2023-07-28,2023-07-28
2023-0465-CAN,Flood,Canada,,,,100.0,2023,2023-07-21,2023-07-22
2023-0466-CHE,Storm,Switzerland,,,,100.0,2023,2023-07-24,2023-07-25
2023-0466-DEU,Storm,Germany,,,,100.0,2023,2023-07-21,2023-07-25
2023-0466-ITA,Storm,Italy,,,100000.0,100.0,2023,2023-07-21,2023-07-25
2023-0466-ROU,Storm,Romania,,,,100.0,2023,2023-07-25,2023-07-25
2023-0466-SRB,Storm,Serbia,,,,100.0,2023,2023-07-21,2023-07-25
2023-0468-DZA,Wildfire,Algeria,,,,100.0,2023,2023-07-23,2023-07-24
2023-0473-BGD,Epidemic,Bangladesh,,,,100.0,2023,,2023-07-18
2023-0477-CMR,Flood,Cameroon,,,,100.0,2023,2023-07-18,2023-07-19
2023-0486-IND,Flood,India,,,,100.0,2023,2023-07-27,2023-07-31
2023-0487-RUS,Storm,Russian Federation,,,,100.0,2023,2023-07-30,2023-07-30
2023-0488-VNM,Flood,Viet Nam,,,,100.0,2023,2023-07-30,2023-07-31
2023-0490-JPN,Storm,Japan,,,,100.0,2023,2023-08-02,2023-08-02
2023-0490-KOR,Storm,Republic of Korea,,,,100.0,2023,2023-08-10,2023-08-10
2023-0490-RUS,Storm,Russian Federation,,,,100.0,2023,2023-08-11,2023-08-16
2023-0495-LAO,Flood,Lao People's Democratic Republic,,,7719.0,100.0,2023,2023-07-04,2023-08-21
2023-0497-SVN,Flood,Slovenia,,,500000.0,100.0,2023,2023-08-03,2023-08-04
2023-0503-CHN,Flood,China,,,,100.0,2023,,2023-08-09
2023-0507-PRT,Wildfire,Portugal,,,,100.0,2023,2023-08-05,2023-08-09
2023-0510-MNG,Flood,Mongolia,,,,100.0,2023,2023-08-05,2023-08-05
2023-0512-BGD,Flood,Bangladesh,,,,100.0,2023,2023-08-07,2023-08-13
2023-0516-CHN,Flood,China,,,,100.0,2023,2023-08-01,2023-08-07
2023-0517-MMR,Flood,Myanmar,,,,100.0,2023,2023-08-03,2023-08-07
2023-0518-VNM,Flood,Viet Nam,,,,100.0,2023,2023-08-04,2023-08-07
2023-0521-GEO,Mass movement (wet),Georgia,,,,100.0,2023,2023-08-03,2023-08-03
2023-0522-CHN,Earthquake,China,,,35000.0,100.0,2023,2023-08-05,2023-08-05
2023-0524-USA,Wildfire,United States of America,,3500000.0,5500000.0,100.0,2023,2023-08-09,2023-08-10
2023-0526-JPN,Storm,Japan,,,,100.0,2023,2023-08-15,2023-08-17
2023-0528-CHN,Storm,China,,,,100.0,2023,2023-08-13,2023-08-17
2023-0529-FRA,Wildfire,France,,,,100.0,2023,2023-08-14,2023-08-17
2023-0530-MMR,Mass movement (wet),Myanmar,,,,100.0,2023,2023-08-13,2023-08-13
2023-0534-USA,Wildfire,United States of America,,,,100.0,2023,,2023-08-22
2023-0535-GRC,Wildfire,Greece,,,200000.0,100.0,2023,2023-08-19,2023-08-27
2023-0539-CHL,Flood,Chile,,,1100000.0,100.0,2023,2023-08-17,2023-08-21
2023-0542-PAK,Flood,Pakistan,,,,100.0,2023,2023-08-20,2023-08-27
2023-0547-IND,Mass movement (wet),India,,,,100.0,2023,2023-08-23,2023-08-24
2023-0548-IND,Mass movement (wet),India,,,,100.0,2023,2023-08-23,2023-08-23
2023-0551-CHN,Flood,China,,,,100.0,2023,2023-08-11,2023-08-16
2023-0559-DOM,Storm,Dominican Republic,,,,100.0,2023,2023-08-20,2023-08-23
2023-0564-COG,Epidemic,Congo,,,,100.0,2023,2023-07-17,2023-08-30
2023-0565-CUB,Storm,Cuba,,,,100.0,2023,2023-08-28,2023-08-29
2023-0565-USA,Storm,United States of America,,,3500000.0,100.0,2023,2023-08-28,2023-08-29
2023-0568-CHN,Storm,China,,,690000.0,100.0,2023,2023-09-03,2023-09-04
2023-0568-HKG,Storm,"China, Hong Kong Special Administrative Region",,,,100.0,2023,2023-09-01,2023-09-02
2023-0568-PHL,Storm,Philippines,,,33000.0,100.0,2023,2023-08-22,2023-08-25
2023-0570-TJK,Flood,Tajikistan,,,,100.0,2023,2023-08-27,2023-08-30
2023-0571-PAK,Flood,Pakistan,,,,100.0,2023,2023-09-01,2023-09-04
2023-0577-KGZ,Epidemic,Kyrgyzstan,,,,100.0,2023,,2023-11-13
2023-0578-GIN,Flood,Guinea,,,,100.0,2023,2023-08-06,2023-08-11
2023-0579-MRT,Flood,Mauritania,,,,100.0,2023,2023-07-30,2023-07-31
2023-0580-DZA,Flood,Algeria,,,,100.0,2023,2023-09-02,2023-09-03
2023-0581-ESP,Flood,Spain,,,370000.0,100.0,2023,2023-09-02,2023-09-04
2023-0582-BGR,Flood,Bulgaria,,,,100.0,2023,2023-09-07,2023-09-08
2023-0582-GRC,Flood,Greece,,,,100.0,2023,2023-09-04,2023-09-07
2023-0582-TUR,Flood,Türkiye,,,,100.0,2023,2023-09-06,2023-09-08
2023-0600-MAR,Earthquake,Morocco,,300000.0,7000000.0,100.0,2023,2023-09-08,2023-09-08
2023-0601-IDN,Flood,Indonesia,,,,100.0,2023,2023-09-01,2023-09-08
2023-0603-ARG,Storm,Argentina,,,,100.0,2023,2023-09-01,2023-09-14
2023-0603-BRA,Storm,Brazil,,,705000.0,100.0,2023,2023-09-01,2023-09-04
2023-0606-IND,Storm,India,,,,100.0,2023,2023-09-02,2023-09-06
2023-0609-JPN,Storm,Japan,,,,100.0,2023,2023-09-08,2023-09-09
2023-0610-LBY,Storm,Libya,,500000.0,6200000.0,100.0,2023,2023-09-10,2023-09-11
2023-0615-CHN,Flood,China,,,,100.0,2023,2023-09-07,2023-09-08
2023-0615-HKG,Flood,"China, Hong Kong Special Administrative Region",,,,100.0,2023,2023-09-08,2023-09-08
2023-0619-ZAF,Flood,South Africa,,,,100.0,2023,2023-09-23,2023-09-24
2023-0621-GRC,Storm,Greece,,,,100.0,2023,2023-09-27,2023-09-28
2023-0622-IND,Glacial lake outburst flood,India,,,,100.0,2023,2023-10-05,2023-10-05
2023-0623-CHN,Storm,China,,,,100.0,2023,2023-10-06,2023-10-09
2023-0623-HKG,Storm,"China, Hong Kong Special Administrative Region",,,,100.0,2023,2023-10-06,2023-10-09
2023-0623-PHL,Storm,Philippines,,,,100.0,2023,2023-10-04,2023-10-05
2023-0623-TWN,Storm,Taiwan (Province of China),,,,100.0,2023,2023-10-05,2023-10-05
2023-0633-MMR,Flood,Myanmar,,,,100.0,2023,2023-10-05,2023-10-09
2023-0634-CMR,Mass movement (wet),Cameroon,,,,100.0,2023,2023-10-08,2023-10-09
2023-0635-VNM,Flood,Viet Nam,,,,100.0,2023,2023-10-06,2023-10-07
2023-0636-AFG,Earthquake,Afghanistan,,,,100.0,2023,2023-10-07,2023-10-07
2023-0647-MEX,Flood,Mexico,,,,100.0,2023,2023-09-25,2023-09-25
2023-0651-USA,Flood,United States of America,,,,100.0,2023,2023-09-29,2023-10-04
2023-0653-NPL,Earthquake,Nepal,,,,100.0,2023,2023-10-03,2023-10-03
2023-0654-LKA,Flood,Sri Lanka,,,,100.0,2023,2023-09-28,2023-10-07
2023-0656-USA,Storm,United States of America,,,1600000.0,100.0,2023,2023-09-21,2023-09-27
2023-0659-IRN,Storm,Iran (Islamic Republic of),,,,100.0,2023,2023-09-20,2023-09-22
2023-0660-AFG,Earthquake,Afghanistan,,,,100.0,2023,2023-10-11,2023-10-11
2023-0662-ARG,Wildfire,Argentina,,,,100.0,2023,2023-10-10,2023-10-13
2023-0663-BRA,Flood,Brazil,,,1200.0,100.0,2023,2023-10-10,2023-10-10
2023-0671-COD,Mass movement (wet),Democratic Republic of the Congo,,,,100.0,2023,2023-09-17,2023-09-19
2023-0672-NGA,Flood,Nigeria,,,,100.0,2023,2023-09-17,2023-09-19
2023-0675-MEX,Storm,Mexico,,4000000.0,12000000.0,100.0,2023,2023-10-22,2023-10-25
2023-0680-SLB,Storm,Solomon Islands,,,,100.0,2023,2023-10-24,2023-10-25
2023-0680-VUT,Storm,Vanuatu,,,,100.0,2023,2023-10-24,2023-10-25
2023-0683-SOM,Flood,Somalia,,,,100.0,2023,,
2023-0685-YEM,Storm,Yemen,,,,100.0,2023,2023-10-23,2023-10-24
2023-0686-BGD,Storm,Bangladesh,,,250000.0,100.0,2023,2023-10-24,2023-10-25
2023-0690-GHA,Flood,Ghana,,,,100.0,2023,2023-10-13,2023-10-19
2023-0691-NGA,Flood,Nigeria,,,,100.0,2023,2023-10-05,2023-10-19
2023-0703-HND,Storm,Honduras,,,,100.0,2023,2023-10-29,2023-11-01
2023-0703-SLV,Storm,El Salvador,,,,100.0,2023,2023-10-30,2023-11-02
2023-0719-ZWE,Epidemic,Zimbabwe,,,,100.0,2023,2023-02-12,2024-06-30
2023-0720-CRI,Epidemic,Costa Rica,,,,100.0,2023,,
2023-0721-KEN,Flood,Kenya,,,,100.0,2023,2023-10-15,
2023-0722-NPL,Earthquake,Nepal,,,100000.0,100.0,2023,2023-11-03,2023-11-03
2023-0724-BEL,Storm,Belgium,,,,100.0,2023,2023-11-02,2023-11-03
2023-0724-DEU,Storm,Germany,,,,100.0,2023,2023-11-01,2023-11-02
2023-0724-ESP,Storm,Spain,,,,100.0,2023,2023-11-02,2023-11-03
2023-0724-FRA,Storm,France,,,,100.0,2023,2023-11-02,2023-11-03
2023-0724-GBR,Storm,United Kingdom of Great Britain and Northern Ireland,,,,100.0,2023,2023-11-02,2023-11-03
2023-0724-ITA,Storm,Italy,,,,100.0,2023,2023-11-02,2023-11-03
2023-0724-NLD,Storm,Netherlands (Kingdom of the),,,,100.0,2023,2023-11-06,2023-11-06
2023-0725-ESP,Storm,Spain,,,,100.0,2023,2023-11-04,2023-11-07
2023-0725-FRA,Storm,France,,,,100.0,2023,2023-11-04,2023-11-07
2023-0727-ESP,Wildfire,Spain,,,,100.0,2023,2023-11-02,2023-11-03
2023-0728-ETH,Flood,Ethiopia,,,,100.0,2023,,2023-11-30
2023-0729-MYS,Flood,Malaysia,,,,100.0,2023,2023-11-05,2023-11-08
2023-0732-HND,Storm,Honduras,,,,100.0,2023,2023-11-03,2023-11-10
2023-0733-LKA,Storm,Sri Lanka,,,,100.0,2023,2023-11-01,2023-11-13
2023-0734-BEL,Flood,Belgium,,,,100.0,2023,2023-11-06,2023-11-10
2023-0734-FRA,Flood,France,,,1650000.0,100.0,2023,2023-11-06,2023-11-07
2023-0739-PHL,Earthquake,Philippines,,,,100.0,2023,2023-09-12,2023-09-12
2023-0741-SOM,Flood,Somalia,,,,100.0,2023,,2023-11-20
2023-0746-MNG,Storm,Mongolia,,,,100.0,2023,2023-11-04,
2023-0747-BRA,Storm,Brazil,,,235000.0,100.0,2023,2023-11-11,2023-11-14
2023-0749-ISL,Earthquake,Iceland,,,75000.0,100.0,2023,2023-10-25,2023-12-18
2023-0753-PRY,Flood,Paraguay,,,,100.0,2023,2023-10-30,2023-11-04
2023-0754-VNM,Storm,Viet Nam,,,,100.0,2023,2023-11-13,2023-11-14
2023-0760-BOL,Wildfire,Bolivia (Plurinational State of),,,,100.0,2023,2023-11-17,2023-11-22
2023-0761-BGR,Storm,Bulgaria,,,,100.0,2023,2023-11-18,2023-11-19
2023-0761-FRA,Storm,France,,,40000.0,100.0,2023,2023-11-15,2023-11-16
2023-0761-TUR,Storm,Türkiye,,,,100.0,2023,2023-11-18,2023-11-21
2023-0762-PHL,Earthquake,Philippines,,,25393.0,100.0,2023,2023-11-17,2023-11-17
2023-0763-DOM,Flood,Dominican Republic,,,17500.0,100.0,2023,2023-11-17,2023-11-18
2023-0763-HTI,Flood,Haiti,,,,100.0,2023,2023-11-17,2023-11-18
2023-0764-GTM,Mass movement (wet),Guatemala,,,,100.0,2023,2023-11-22,2023-11-27
2023-0769-COD,Flood,Democratic Republic of the Congo,,,,100.0,2023,2023-11-13,2023-11-23
2023-0770-URY,Flood,Uruguay,,,,100.0,2023,2023-10-30,2023-11-18
2023-0777-BRA,Flood,Brazil,,,,100.0,2023,2023-11-13,2023-11-19
2023-0783-BOL,Flood,Bolivia (Plurinational State of),,,,100.0,2023,2023-12-10,2023-12-13
2023-0784-LKA,Storm,Sri Lanka,,,,100.0,2023,2023-12-01,2023-12-13
2023-0785-USA,Flood,United States of America,,,,100.0,2023,2023-12-04,2023-12-06
2023-0791-PHL,Earthquake,Philippines,,,22712.0,100.0,2023,2023-12-02,2023-12-02
2023-0792-IND,Storm,India,,,125000.0,100.0,2023,2023-12-05,2023-12-06
2023-0797-TZA,Mass movement (wet),United Republic of Tanzania,,,,100.0,2023,2023-12-02,2023-12-06
2023-0802-PHL,Flood,Philippines,,,2160.0,100.0,2023,2023-11-14,2023-11-27
2023-0803-IDN,Flood,Indonesia,,,,100.0,2023,2023-11-24,2023-11-27
2023-0804-BGR,Storm,Bulgaria,,,,100.0,2023,2023-11-25,2023-11-27
2023-0804-DEU,Storm,Germany,,,,100.0,2023,2023-11-27,2023-11-28
2023-0804-MDA,Storm,Republic of Moldova,,,,100.0,2023,2023-11-26,2023-11-28
2023-0804-ROU,Storm,Romania,,,,100.0,2023,2023-11-25,2023-11-27
2023-0804-RUS,Storm,Russian Federation,,,,100.0,2023,2023-11-26,2023-11-27
2023-0804-TUR,Storm,Türkiye,,,,100.0,2023,2023-11-26,2023-11-27
2023-0804-UKR,Storm,Ukraine,,,,100.0,2023,2023-11-26,2023-11-27
2023-0807-TZA,Flood,United Republic of Tanzania,,,,100.0,2023,2023-10-15,2023-11-23
2023-0809-BDI,Flood,Burundi,,,,100.0,2023,2023-10-26,2023-10-27
2023-0810-COL,Flood,Colombia,,,,100.0,2023,2023-10-30,2023-11-28
2023-0811-FJI,Storm,Fiji,,,,100.0,2023,2023-11-14,2023-11-15
2023-0812-IND,Storm,India,,,,100.0,2023,2023-11-26,2023-11-27
2023-0814-PER,Flood,Peru,,,,100.0,2023,2023-11-27,2023-11-29
2023-0815-AUS,Flood,Australia,,,,100.0,2023,2023-11-27,2023-11-30
2023-0820-IDN,Volcanic activity,Indonesia,,,,100.0,2023,2023-12-03,2023-12-03
2023-0824-JOR,Extreme temperature,Jordan,,,,100.0,2023,2023-11-19,2023-12-08
2023-0825-CAF,Storm,Central African Republic,,,,100.0,2023,2023-10-31,2023-11-01
2023-0826-USA,Storm,United States of America,,,100000.0,100.0,2023,2023-12-09,2023-12-11
2023-0827-COD,Mass movement (wet),Democratic Republic of the Congo,,,,100.0,2023,2023-12-10,2023-12-11
2023-0828-AUS,Storm,Australia,,,,100.0,2023,2023-12-13,2023-12-15
2023-0829-CHL,Wildfire,Chile,,,,100.0,2023,2023-12-06,2023-12-11
2023-0831-ARG,Storm,Argentina,,,125000.0,100.0,2023,2023-12-13,2023-12-18
2023-0831-URY,Storm,Uruguay,,,,100.0,2023,2023-12-13,2023-12-18
2023-0838-CHN,Earthquake,China,,2800.0,1000000.0,100.0,2023,2023-12-19,2023-12-19
2023-0842-PHL,Storm,Philippines,,,42.0,100.0,2023,2023-12-18,2023-12-19
2023-0843-USA,Storm,United States of America,,,1300000.0,100.0,2023,2023-12-16,2023-12-19
2023-0844-AGO,Flood,Angola,,,,100.0,2023,2023-11-30,2023-12-05
2023-0846-IND,Flood,India,,,,100.0,2023,2023-12-18,2023-12-20
2023-0847-ZAF,Storm,South Africa,,,,100.0,2023,2023-12-19,2023-12-21
2023-0851-IDN,Volcanic activity,Indonesia,,,,100.0,2023,,2024-01-02
2023-0854-MYS,Flood,Malaysia,,,,100.0,2023,2023-12-22,2023-12-25
2023-0854-THA,Flood,Thailand,,,,100.0,2023,2023-12-22,2023-12-25
2023-0855-ZAF,Flood,South Africa,,,,100.0,2023,2023-12-24,2023-12-26
2023-0856-AUS,Storm,Australia,,,,100.0,2023,2023-12-23,2023-12-27
2023-0857-COD,Flood,Democratic Republic of the Congo,,,,100.0,2023,2023-12-26,2023-12-27
2023-0858-COD,Mass movement (wet),Democratic Republic of the Congo,,,,100.0,2023,2023-12-25,2023-12-25
2023-0866-FRA,Flood,France,,,,100.0,2023,2023-12-30,2024-01-03
2023-0867-ZMB,Epidemic,Zambia,,,,100.0,2023,,
2023-0868-COG,Flood,Congo,,,,100.0,2023,2023-12-07,2024-01-15
2023-0875-LSO,Storm,Lesotho,,,,100.0,2023,2023-12-22,2023-12-28
2023-0876-SOM,Epidemic,Somalia,,,,100.0,2023,2023-12-06,2024-02-05
2023-0877-MDV,Epidemic,Maldives,,,,100.0,2023,,
2023-0878-CPV,Epidemic,Cabo Verde,,,,100.0,2023,2023-11-06,2024-09-18
2023-0879-MYS,Epidemic,Malaysia,,,,100.0,2023,,
2023-9167-HND,Drought,Honduras,,,,100.0,2023,,
2023-9234-ESP,Drought,Spain,,300000.0,2400000.0,100.0,2023,,
2023-9234-ITA,Drought,Italy,,,,100.0,2023,,
2023-9390-LSO,Drought,Lesotho,,,,100.0,2023,,
2023-9494-IDN,Drought,Indonesia,,,,100.0,2023,,
2023-9589-URY,Drought,Uruguay,,,,100.0,2023,,
2023-9651-BRA,Drought,Brazil,,,2500000.0,100.0,2023,2023-03-01,2023-12-31
2023-9706-BOL,Drought,Bolivia (Plurinational State of),,,,100.0,2023,,
2023-9868-USA,Drought,United States of America,,,14500000.0,100.0,2023,2023-04-01,2023-09-30
2023-9872-CHN,Drought,China,,,2700000.0,100.0,2023,2023-01-01,2023-12-31
2023-9873-FSM,Drought,Micronesia (Federated States of),,,,100.0,2023,,
2023-9878-MOZ,Drought,Mozambique,,,,100.0,2023,,
2023-9879-BWA,Drought,Botswana,,,,100.0,2023,,
2024-0001-JPN,Earthquake,Japan,,,,,2024,2024-01-01,2024-01-01
2024-0002-MDG,Storm,Madagascar,,,,,2024,2024-01-01,2024-01-02
2024-0004-USA,Storm,United States of America,,,,,2024,2024-01-08,2024-01-10
2024-0005-USA,Storm,United States of America,,,,,2024,2024-01-09,2024-01-22
2024-0008-LKA,Flood,Sri Lanka,,,,,2024,2024-01-01,2024-01-16
2024-0009-MUS,Storm,Mauritius,,,,,2024,2024-01-15,2024-01-16
2024-0009-REU,Storm,Réunion,,,,,2024,2024-01-15,2024-01-15
2024-0011-COL,Mass movement (wet),Colombia,,,,,2024,2024-01-12,2024-01-12
2024-0012-BRA,Flood,Brazil,,,,,2024,2024-01-08,2024-01-16
2024-0015-ZAF,Flood,South Africa,,,,,2024,2024-01-12,2024-01-19
2024-0016-BOL,Flood,Bolivia (Plurinational State of),,,,,2024,2024-01-19,2024-01-19
2024-0017-TZA,Mass movement (wet),United Republic of Tanzania,,,,,2024,2024-01-13,2024-01-13
2024-0018-SYR,Flood,Syrian Arab Republic,,,,,2024,2024-01-17,2024-01-25
2024-0020-PHL,Flood,Philippines,,,,,2024,2024-01-14,2024-02-02
2024-0032-CHN,Mass movement (wet),China,,,,,2024,2024-01-22,2024-01-22
2024-0035-CHN,Earthquake,China,,,,,2024,2024-01-23,2024-01-23
2024-0035-KAZ,Earthquake,Kazakhstan,,,,,2024,2024-01-23,2024-01-23
2024-0036-BRA,Storm,Brazil,,,,,2024,2024-01-19,2024-01-22
2024-0043-PHL,Mass movement (wet),Philippines,,,,,2024,2024-01-28,2024-02-01
2024-0044-ZAF,Wildfire,South Africa,,,,,2024,,2024-01-31
2024-0047-BRA,Flood,Brazil,,,,,2024,2024-01-26,2024-01-30
2024-0052-PER,Storm,Peru,,,,,2024,2024-01-25,2024-01-28
2024-0056-CHL,Wildfire,Chile,,,,,2024,2024-02-01,2024-02-07
2024-0057-PHL,Mass movement (wet),Philippines,,,,,2024,2024-02-06,2024-02-06
2024-0060-JPN,Storm,Japan,,,,,2024,2024-02-05,2024-02-07
2024-0062-USA,Storm,United States of America,,,,,2024,2024-02-04,2024-02-08
2024-0064-ECU,Flood,Ecuador,,,,,2024,2024-01-29,2024-02-27
2024-0072-LBN,Extreme temperature,Lebanon,,,,,2024,2024-01-24,2024-01-29
2024-0073-MHL,Storm,Marshall Islands,,,,,2024,2024-01-22,2024-01-22
2024-0074-ZAF,Storm,South Africa,,,,,2024,2024-01-07,
2024-0076-ARE,Flood,United Arab Emirates,,,,,2024,2024-02-12,2024-02-13
2024-0076-OMN,Flood,Oman,,,,,2024,2024-02-11,2024-02-13
2024-0077-CYP,Flood,Cyprus,,,,,2024,2024-02-12,2024-02-13
2024-0077-GRC,Flood,Greece,,,,,2024,2024-02-13,2024-02-13
2024-0077-TUR,Flood,Türkiye,,,,,2024,2024-02-12,2024-02-14
2024-0079-USA,Storm,United States of America,,,,,2024,2024-02-08,2024-02-13
2024-0092-AFG,Mass movement (wet),Afghanistan,,,,,2024,2024-02-18,2024-02-18
2024-0098-BRA,Flood,Brazil,,,,,2024,2024-02-21,2024-02-23
2024-0101-IDN,Flood,Indonesia,,,,,2024,2024-02-15,2024-02-21
2024-0103-PER,Flood,Peru,,,,,2024,2024-02-19,2024-02-21
2024-0104-BRA,Storm,Brazil,,,,,2024,2024-02-25,2024-03-05
2024-0105-BOL,Flood,Bolivia (Plurinational State of),,,,,2024,2024-02-25,2024-02-27
2024-0106-THA,Storm,Thailand,,,,,2024,2024-02-17,2024-02-20
2024-0108-BRA,Flood,Brazil,,,,,2024,2024-02-13,2024-02-16
2024-0120-AFG,Flood,Afghanistan,,,,,2024,2024-02-27,2024-03-04
2024-0120-IRN,Flood,Iran (Islamic Republic of),,,,,2024,2024-02-27,2024-03-08
2024-0120-PAK,Flood,Pakistan,,,,,2024,2024-02-27,2024-03-04
2024-0121-ARG,Flood,Argentina,,,,,2024,2024-03-03,2024-03-03
2024-0122-MWI,Flood,Malawi,,,,,2024,2024-02-27,2024-03-07
2024-0123-BDI,Storm,Burundi,,,,,2024,2024-03-02,2024-03-07
2024-0126-USA,Wildfire,United States of America,,,,,2024,2024-02-26,2024-03-07
2024-0129-CHE,Storm,Switzerland,,,,,2024,2024-03-09,2024-03-10
2024-0129-ESP,Storm,Spain,,,,,2024,2024-03-09,2024-03-10
2024-0129-FRA,Storm,France,,,,,2024,2024-03-09,2024-03-10
2024-0129-ITA,Storm,Italy,,,,,2024,2024-03-09,2024-03-10
2024-0129-SPI,Storm,Canary Islands,,,,,2024,2024-03-08,2024-03-09
2024-0130-IDN,Mass movement (wet),Indonesia,,,,,2024,2024-03-01,2024-03-22
2024-0137-URY,Flood,Uruguay,,,,,2024,2024-03-16,2024-03-28
2024-0138-IRQ,Flood,Iraq,,,,,2024,2024-03-18,2024-03-21
2024-0140-PNG,Mass movement (wet),Papua New Guinea,,,,,2024,2024-03-18,2024-03-21
2024-0141-COD,Storm,Democratic Republic of the Congo,,,,,2024,2024-03-16,2024-03-21
2024-0142-ARG,Storm,Argentina,,,,,2024,2024-03-18,2024-03-19
2024-0145-AFG,Extreme temperature,Afghanistan,,,,,2024,,
2024-0146-DZA,Flood,Algeria,,,,,2024,2024-02-29,2024-02-29
2024-0147-BOL,Flood,Bolivia (Plurinational State of),,,,,2024,2024-02-27,2024-03-28
2024-0149-IND,Storm,India,,,,,2024,2024-03-27,2024-03-27
2024-0150-KEN,Flood,Kenya,,,,,2024,2024-03-24,2024-05-03
2024-0152-BRA,Flood,Brazil,,,,,2024,2024-03-22,2024-03-26
2024-0153-PNG,Earthquake,Papua New Guinea,,,,,2024,2024-03-20,2024-03-20
2024-0154-IDN,Earthquake,Indonesia,,,,,2024,2024-03-22,2024-03-22
2024-0156-CUB,Storm,Cuba,,,,,2024,2024-03-22,2024-03-25
2024-0158-CHN,Wildfire,China,,,,,2024,2024-03-15,2024-03-21
2024-0161-CHL,Wildfire,Chile,,,,,2024,2024-03-13,2024-03-15
2024-0162-PER,Flood,Peru,,,,,2024,2024-03-10,2024-03-12
2024-0164-MOZ,Storm,Mozambique,,,,,2024,2024-03-12,2024-03-12
2024-0172-MDG,Storm,Madagascar,,,,,2024,2024-03-26,2024-03-29
2024-0173-USA,Storm,United States of America,,,,,2024,2024-03-12,2024-03-16
2024-0181-AFG,Flood,Afghanistan,,,,,2024,2024-03-21,2024-03-30
2024-0183-FRA,Flood,France,,,,,2024,2024-03-30,2024-04-04
2024-0189-TWN,Earthquake,Taiwan (Province of China),,,,,2024,2024-04-03,2024-04-03
2024-0190-PAK,Storm,Pakistan,,,,,2024,2024-03-31,2024-04-23
2024-0192-BRA,Flood,Brazil,,,,,2024,2024-04-01,2024-04-04
2024-0193-USA,Storm,United States of America,,,,,2024,2024-03-29,2024-04-05
2024-0195-NGA,Storm,Nigeria,,,,,2024,2024-04-03,2024-04-03
2024-0198-KAZ,Flood,Kazakhstan,,,,,2024,2024-04-03,2024-04-12
2024-0198-RUS,Flood,Russian Federation,,,,,2024,2024-04-03,2024-04-12
2024-0199-AUS,Flood,Australia,,,,,2024,2024-04-05,2024-04-09
2024-0203-TZA,Flood,United Republic of Tanzania,,,,,2024,2024-04-02,2024-05-02
2024-0204-IDN,Flood,Indonesia,,,,,2024,2024-04-07,2024-04-09
2024-0205-USA,Flood,United States of America,,,,,2024,2024-04-06,2024-04-11
2024-0209-ZAF,Storm,South Africa,,,,,2024,2024-04-08,2024-04-08
2024-0210-KEN,Flood,Kenya,,,,,2024,2024-04-11,2024-04-12
2024-0216-IDN,Mass movement (wet),Indonesia,,,,,2024,2024-04-13,2024-04-13
2024-0219-ARE,Flood,United Arab Emirates,,,,,2024,2024-04-15,2024-04-16
2024-0219-OMN,Flood,Oman,,,,,2024,2024-04-14,2024-04-16
2024-0221-COD,Mass movement (wet),Democratic Republic of the Congo,,,,,2024,2024-04-13,2024-04-13
2024-0223-IDN,Volcanic activity,Indonesia,,,,,2024,2024-04-16,2024-04-29
2024-0226-GTM,Wildfire,Guatemala,,,,,2024,2024-01-01,2024-04-11
2024-0231-UGA,Flood,Uganda,,,,,2024,,
2024-0232-BDI,Flood,Burundi,,,,,2024,,2024-05-02
2024-0233-IRN,Flood,Iran (Islamic Republic of),,,,,2024,2024-04-16,2024-04-23
2024-0234-CHN,Flood,China,,,,,2024,2024-04-19,2024-04-23
2024-0241-SOM,Flood,Somalia,,,,,2024,2024-04-19,2024-05-02
2024-0242-THA,Storm,Thailand,,,,,2024,2024-04-18,2024-04-23
2024-0243-BIH,Epidemic,Bosnia and Herzegovina,,,,,2024,,
2024-0246-BGD,Extreme temperature,Bangladesh,,,,,2024,2024-04-21,2024-05-07
2024-0246-IND,Extreme temperature,India,,,,,2024,,
2024-0246-PAK,Extreme temperature,Pakistan,,,,,2024,,
2024-0247-KEN,Flood,Kenya,,,,,2024,2024-04-23,2024-04-24
2024-0249-IDN,Flood,Indonesia,,,,,2024,2024-04-16,2024-04-25
2024-0250-KGZ,Flood,Kyrgyzstan,,,,,2024,2024-04-21,2024-04-22
2024-0260-TCD,Flood,Chad,,,,,2024,,2024-04-29
2024-0262-IDN,Earthquake,Indonesia,,,,,2024,2024-04-27,2024-04-27
2024-0263-PAK,Storm,Pakistan,,,,,2024,2024-04-28,2024-04-29
2024-0264-IDN,Mass movement (wet),Indonesia,,,,,2024,2024-04-25,2024-04-26
2024-0265-CHN,Storm,China,,,,,2024,2024-04-27,2024-04-27
2024-0266-USA,Storm,United States of America,,,,,2024,2024-04-25,2024-05-08
2024-0268-COD,Flood,Democratic Republic of the Congo,,,,,2024,2024-01-11,2024-01-20
2024-0269-ARG,Flood,Argentina,,,,,2024,,2024-05-13
2024-0269-BRA,Flood,Brazil,,,,,2024,2024-05-02,2024-06-05
2024-0270-CHN,Mass movement (wet),China,,,,,2024,2024-05-01,2024-05-01
2024-0271-RWA,Flood,Rwanda,,,,,2024,2024-04-20,2024-05-02
2024-0272-VNM,Storm,Viet Nam,,,,,2024,2024-04-30,2024-05-02
2024-0275-KHM,Extreme temperature,Cambodia,,,,,2024,,
2024-0275-LAO,Extreme temperature,Lao People's Democratic Republic,,,,,2024,,
2024-0275-MMR,Extreme temperature,Myanmar,,,,,2024,2024-04-01,2024-05-03
2024-0275-PHL,Extreme temperature,Philippines,,,,,2024,,
2024-0275-THA,Extreme temperature,Thailand,,,,,2024,,
2024-0275-VNM,Extreme temperature,Viet Nam,,,,,2024,,
2024-0277-IDN,Mass movement (wet),Indonesia,,,,,2024,2024-05-03,2024-05-05
2024-0278-HTI,Mass movement (wet),Haiti,,,,,2024,2024-05-03,2024-05-05
2024-0280-IND,Storm,India,,,,,2024,2024-05-05,2024-05-05
2024-0282-YEM,Flood,Yemen,,,,,2024,2024-04-16,2024-05-07
2024-0284-KGZ,Flood,Kyrgyzstan,,,,,2024,2024-05-05,2024-05-07
2024-0284-TJK,Flood,Tajikistan,,,,,2024,2024-05-05,2024-05-09
2024-0285-AFG,Flood,Afghanistan,,,,,2024,2024-05-10,2024-05-17
2024-0288-CAN,Wildfire,Canada,,,,,2024,2024-05-12,2024-05-13
2024-0289-IDN,Flood,Indonesia,,,,,2024,2024-05-11,2024-05-12
2024-0290-IND,Storm,India,,,,,2024,2024-05-13,2024-05-13
2024-0291-THA,Storm,Thailand,,,,,2024,2024-05-12,2024-05-13
2024-0291-VNM,Storm,Viet Nam,,,,,2024,2024-05-12,2024-05-13
2024-0292-URY,Flood,Uruguay,,,,,2024,2024-05-12,2024-05-14
2024-0296-USA,Storm,United States of America,,,,,2024,2024-05-06,2024-05-08
2024-0298-LKA,Flood,Sri Lanka,,,,,2024,2024-05-15,2024-06-05
2024-0299-DEU,Flood,Germany,,,,,2024,2024-05-31,2024-06-04
2024-0302-ZAF,Flood,South Africa,,,,,2024,2024-06-01,2024-06-03
2024-0303-PNG,Mass movement (wet),Papua New Guinea,,,,,2024,2024-05-23,2024-05-24
2024-0307-USA,Storm,United States of America,,,,,2024,2024-05-16,2024-05-22
2024-0310-AFG,Flood,Afghanistan,,,,,2024,2024-05-18,2024-05-19
2024-0314-USA,Storm,United States of America,,,,,2024,2024-05-22,2024-05-22
2024-0318-ARM,Flood,Armenia,,,,,2024,2024-05-26,2024-05-26
2024-0320-BGD,Storm,Bangladesh,,,,,2024,2024-05-26,2024-05-30
2024-0320-IND,Storm,India,,,,,2024,2024-05-26,2024-05-30
2024-0323-PHL,Volcanic activity,Philippines,,,,,2024,2024-06-05,2024-06-07
2024-0327-IDN,Flood,Indonesia,,,,,2024,2024-06-04,2024-06-07
2024-0334-IDN,Volcanic activity,Indonesia,,,,,2024,2024-05-16,2024-06-06
2024-0337-PHL,Storm,Philippines,,,,,2024,2024-05-24,2024-05-27
2024-0339-IDN,Mass movement (wet),Indonesia,,,,,2024,2024-05-26,2024-05-28
2024-0340-USA,Storm,United States of America,,,,,2024,2024-05-23,2024-05-30
2024-0341-ETH,Flood,Ethiopia,,,,,2024,,2024-05-24
2024-0350-COL,Storm,Colombia,,,,,2024,2024-05-16,2024-05-18
2024-0351-USA,Storm,United States of America,,,,,2024,2024-05-30,2024-06-05
2024-0352-MEX,Extreme temperature,Mexico,,,,,2024,2024-03-01,2024-05-31
2024-0353-BLZ,Wildfire,Belize,,,,,2024,,
2024-0353-GTM,Wildfire,Guatemala,,,,,2024,,
2024-0357-IRN,Flood,Iran (Islamic Republic of),,,,,2024,2024-05-15,2024-05-15
2024-0358-VNM,Flood,Viet Nam,,,,,2024,2024-06-09,2024-06-10
2024-0362-CHL,Flood,Chile,,,,,2024,2024-06-04,2024-06-14
2024-0363-GTM,Flood,Guatemala,,,,,2024,2024-06-07,
2024-0385-CIV,Flood,Côte d’Ivoire,,,,,2024,2024-06-13,2024-06-25
2024-0386-ECU,Mass movement (wet),Ecuador,,,,,2024,2024-06-14,2024-07-01
2024-0390-NER,Flood,Niger,,,,,2024,2024-06-11,
2024-0392-IRN,Earthquake,Iran (Islamic Republic of),,,,,2024,2024-06-18,2024-06-18
2024-0393-VNM,Storm,Viet Nam,,,,,2024,2024-06-17,2024-06-18
2024-0395-NIC,Storm,Nicaragua,,,,,2024,2024-06-19,2024-06-21
2024-0395-SLV,Storm,El Salvador,,,,,2024,2024-06-15,2024-06-24
2024-0398-CHL,Storm,Chile,,,,,2024,2024-06-10,2024-06-16
2024-0399-BGD,Flood,Bangladesh,,,,,2024,2024-05-29,2024-07-08
2024-0399-IND,Flood,India,,,,,2024,,2024-07-08
2024-0402-GTM,Storm,Guatemala,,,,,2024,2024-06-21,2024-06-22
2024-0402-HND,Storm,Honduras,,,,,2024,2024-06-17,2024-06-22
2024-0402-MEX,Storm,Mexico,,,,,2024,2024-06-20,2024-06-22
2024-0403-USA,Wildfire,United States of America,,,,,2024,2024-06-17,2024-07-15
2024-0415-SAU,Extreme temperature,Saudi Arabia,,,,,2024,2024-06-01,2024-06-20
2024-0422-BRB,Storm,Barbados,,,,,2024,2024-07-01,2024-07-02
2024-0422-CAN,Storm,Canada,,,,,2024,2024-07-12,2024-07-12
2024-0422-GRD,Storm,Grenada,,,,,2024,2024-07-01,2024-07-04
2024-0422-JAM,Storm,Jamaica,,,,,2024,2024-07-03,2024-07-04
2024-0422-USA,Storm,United States of America,,,,,2024,2024-07-08,2024-07-09
2024-0422-VCT,Storm,Saint Vincent and the Grenadines,,,,,2024,2024-07-01,2024-07-04
2024-0422-VEN,Storm,Venezuela (Bolivarian Republic of),,,,,2024,2024-07-01,2024-07-04
2024-0423-CHN,Storm,China,,,,,2024,2024-07-05,2024-07-05
2024-0428-NPL,Flood,Nepal,,,,,2024,,
2024-0434-MMR,Flood,Myanmar,,,,,2024,2024-06-30,2024-08-02
2024-0452-PAK,Extreme temperature,Pakistan,,,,,2024,2024-06-20,2024-06-25
2024-0459-NZL,Storm,New Zealand,,,,,2024,2024-06-25,2024-06-27
2024-0460-AFG,Mass movement (wet),Afghanistan,,,,,2024,2024-06-23,2024-06-23
2024-0463-CAN,Wildfire,Canada,,,,,2024,2024-06-21,2024-06-25
2024-0465-KOR,Flood,Republic of Korea,,,,,2024,2024-07-10,2024-07-11
2024-0471-MEX,Storm,Mexico,,,,,2024,2024-06-30,2024-06-30
2024-0473-PER,Earthquake,Peru,,,,,2024,2024-06-28,2024-06-28
2024-0474-USA,Flood,United States of America,,,,,2024,2024-06-16,2024-06-23
2024-0477-NPL,Mass movement (wet),Nepal,,,,,2024,2024-07-13,2024-07-15
2024-0478-NPL,Mass movement (wet),Nepal,,,,,2024,2024-07-10,2024-07-15
2024-0479-VNM,Mass movement (wet),Viet Nam,,,,,2024,2024-07-12,2024-07-13
2024-0481-IND,Flood,India,,,,,2024,2024-07-09,2024-07-15
2024-0481-PAK,Flood,Pakistan,,,,,2024,2024-07-01,2024-08-29
2024-0482-CHN,Flood,China,,,,,2024,2024-07-11,2024-07-15
2024-0486-AFG,Flood,Afghanistan,,,,,2024,2024-07-15,2024-07-15
2024-0487-KGZ,Flood,Kyrgyzstan,,,,,2024,2024-07-14,2024-07-16
2024-0499-LBR,Flood,Liberia,,,,,2024,2024-06-28,2024-07-09
2024-0509-ETH,Mass movement (wet),Ethiopia,,,,,2024,2024-07-21,2024-07-22
2024-0512-BFA,Flood,Burkina Faso,,,,,2024,2024-05-29,2024-06-07
2024-0514-CHN,Flood,China,,,,,2024,2024-07-19,2024-07-19
2024-0518-CAN,Storm,Canada,,,,,2024,2024-07-13,2024-07-17
2024-0518-USA,Storm,United States of America,,,,,2024,2024-07-13,2024-07-17
2024-0522-CHN,Storm,China,,,,,2024,2024-07-24,2024-07-25
2024-0522-PHL,Storm,Philippines,,,,,2024,2024-07-22,2024-07-23
2024-0522-TWN,Storm,Taiwan (Province of China),,,,,2024,2024-07-24,2024-07-25
2024-0524-CAN,Wildfire,Canada,,,,,2024,2024-07-22,2024-08-07
2024-0531-MAR,Extreme temperature,Morocco,,,,,2024,2024-07-22,2024-07-24
2024-0537-JPN,Flood,Japan,,,,,2024,2024-07-25,2024-07-25
2024-0542-CHN,Mass movement (wet),China,,,,,2024,2024-07-28,2024-07-28
2024-0544-SDN,Flood,Sudan,,,,,2024,2024-06-01,2024-08-27
2024-0547-IND,Mass movement (wet),India,,,,,2024,2024-07-30,2024-07-30
2024-0548-PRK,Flood,Democratic People's Republic of Korea,,,,,2024,2024-07-27,2024-07-28
2024-0552-CHN,Flood,China,,,,,2024,2024-07-27,2024-07-30
2024-0559-BOL,Wildfire,Bolivia (Plurinational State of),,,,,2024,,
2024-0561-IND,Flood,India,,,,,2024,2024-07-31,2024-08-23
2024-0568-CHN,Flood,China,,,,,2024,2024-08-03,2024-08-04
2024-0569-TCD,Flood,Chad,,,,,2024,2024-08-01,2024-09-30
2024-0573-CAN,Storm,Canada,,,,,2024,2024-08-08,2024-08-10
2024-0573-USA,Storm,United States of America,,,,,2024,2024-08-05,2024-08-06
2024-0574-ETH,Mass movement (wet),Ethiopia,,,,,2024,2024-08-05,2024-08-05
2024-0580-YEM,Flood,Yemen,,,,,2024,2024-07-28,2024-08-08
2024-0582-CAN,Storm,Canada,,,,,2024,2024-08-05,2024-08-06
2024-0585-PHL,Earthquake,Philippines,,,,,2024,2024-08-02,2024-08-02
2024-0588-UGA,Mass movement (wet),Uganda,,,,,2024,2024-08-09,2024-08-10
2024-0589-GRC,Wildfire,Greece,,,,,2024,2024-08-10,2024-08-14
2024-0594-AFG,Epidemic,Afghanistan,,,,,2024,2024-01-01,2024-07-27
2024-0596-NPL,Glacial lake outburst flood,Nepal,,,,,2024,2024-08-16,2024-08-16
2024-0616-PAN,Epidemic,Panama,,,,,2024,,
2024-0617-GIN,Flood,Guinea,,,,,2024,2024-08-21,2024-08-21
2024-0621-SDN,Epidemic,Sudan,,,,,2024,2024-08-01,2025-03-10
2024-0623-TUR,Wildfire,Türkiye,,,,,2024,2024-08-13,2024-08-18
2024-0624-BGD,Flood,Bangladesh,,,,,2024,2024-08-19,2024-09-03
2024-0624-IND,Flood,India,,,,,2024,2024-08-19,2024-08-23
2024-0627-IND,Mass movement (wet),India,,,,,2024,2024-08-22,2024-08-22
2024-0628-THA,Flood,Thailand,,,,,2024,2024-08-16,2024-08-26
2024-0635-NGA,Flood,Nigeria,,,,,2024,2024-08-20,
2024-0643-LAO,Flood,Lao People's Democratic Republic,,,,,2024,2024-07-22,2024-08-08
2024-0644-IDN,Flood,Indonesia,,,,,2024,2024-08-25,2024-08-26
2024-0647-IND,Flood,India,,,,,2024,2024-08-26,2024-08-27
2024-0648-CMR,Flood,Cameroon,,,,,2024,2024-08-01,2024-09-30
2024-0649-YEM,Flood,Yemen,,,,,2024,2024-08-27,2024-08-29
2024-0650-JPN,Storm,Japan,,,,,2024,2024-08-30,2024-09-01
2024-0653-AUT,Storm,Austria,,,,,2024,2024-09-15,2024-09-18
2024-0653-CZE,Storm,Czechia,,,,,2024,2024-09-13,2024-09-14
2024-0653-ITA,Storm,Italy,,,,,2024,2024-09-15,2024-09-19
2024-0653-POL,Storm,Poland,,,,,2024,2024-09-13,2024-09-18
2024-0653-ROU,Storm,Romania,,,,,2024,2024-09-14,2024-09-15
2024-0653-SVK,Storm,Slovakia,,,,,2024,2024-09-15,2024-09-16
2024-0654-CHN,Storm,China,,,,,2024,2024-09-06,2024-09-07
2024-0654-LAO,Storm,Lao People's Democratic Republic,,,,,2024,2024-09-01,2024-09-08
2024-0654-MMR,Storm,Myanmar,,,,,2024,2024-09-08,2024-09-13
2024-0654-PHL,Storm,Philippines,,,,,2024,2024-09-01,2024-09-04
2024-0654-THA,Storm,Thailand,,,,,2024,,
2024-0654-VNM,Storm,Viet Nam,,,,,2024,2024-09-06,2024-09-07
2024-0656-MAR,Flood,Morocco,,,,,2024,2024-09-06,2024-09-09
2024-0657-NGA,Flood,Nigeria,,,,,2024,2024-09-07,2024-09-09
2024-0661-PRT,Wildfire,Portugal,,,,,2024,2024-09-15,2024-09-20
2024-0665-MEX,Mass movement (wet),Mexico,,,,,2024,2024-09-14,2024-09-16
2024-0666-CHN,Storm,China,,,,,2024,2024-09-16,2024-09-16
2024-0666-PHL,Storm,Philippines,,,,,2024,2024-09-16,2024-09-16
2024-0669-USA,Wildfire,United States of America,,,,,2024,2024-09-04,2024-09-19
2024-0671-USA,Storm,United States of America,,,,,2024,2024-09-11,2024-09-12
2024-0672-DZA,Flood,Algeria,,,,,2024,2024-09-06,2024-09-09
2024-0673-SSD,Flood,South Sudan,,,,,2024,,
2024-0681-CHN,Storm,China,,,,,2024,2024-09-20,2024-09-20
2024-0681-JPN,Storm,Japan,,,,,2024,2024-09-21,2024-09-22
2024-0681-KOR,Storm,Republic of Korea,,,,,2024,2024-09-20,2024-09-21
2024-0685-MEX,Storm,Mexico,,,,,2024,2024-09-24,2024-09-27
2024-0688-IDN,Earthquake,Indonesia,,,,,2024,2024-09-18,2024-09-18
2024-0692-NPL,Flood,Nepal,,,,,2024,2024-09-26,2024-10-08
2024-0693-CUB,Storm,Cuba,,,,,2024,2024-09-27,2024-09-28
2024-0693-MEX,Storm,Mexico,,,,,2024,2024-09-27,2024-09-28
2024-0693-USA,Storm,United States of America,,,,,2024,2024-09-25,2024-09-28
2024-0695-PHL,Storm,Philippines,,,,,2024,2024-09-15,2024-09-19
2024-0695-VNM,Storm,Viet Nam,,,,,2024,2024-09-15,2024-09-19
2024-0697-RWA,Epidemic,Rwanda,,,,,2024,2024-09-27,2024-10-10
2024-0698-IDN,Mass movement (wet),Indonesia,,,,,2024,2024-09-26,2024-09-26
2024-0700-PER,Wildfire,Peru,,,,,2024,2024-07-01,2024-09-30
2024-0703-MLI,Flood,Mali,,,,,2024,,
2024-0707-IRN,Flood,Iran (Islamic Republic of),,,,,2024,2024-09-30,2024-10-02
2024-0711-PHL,Storm,Philippines,,,,,2024,2024-09-29,2024-09-30
2024-0711-TWN,Storm,Taiwan (Province of China),,,,,2024,2024-10-02,2024-10-03
2024-0718-BIH,Flood,Bosnia and Herzegovina,,,,,2024,2024-10-03,2024-10-04
2024-0719-BGD,Flood,Bangladesh,,,,,2024,2024-10-05,2024-10-10
2024-0719-IND,Flood,India,,,,,2024,2024-10-04,2024-10-07
2024-0722-MEX,Storm,Mexico,,,,,2024,2024-10-09,2024-10-10
2024-0722-USA,Storm,United States of America,,,,,2024,2024-10-09,2024-10-10
2024-0733-LKA,Storm,Sri Lanka,,,,,2024,2024-10-11,2024-10-14
2024-0746-AUS,Storm,Australia,,,,,2024,2024-08-28,2024-09-02
2024-0751-TUR,Earthquake,Türkiye,,,,,2024,2024-10-16,2024-10-16
2024-0753-FRA,Flood,France,,,,,2024,2024-10-17,2024-10-18
2024-0754-USA,Extreme temperature,United States of America,,,,,2024,2024-04-18,2024-10-31
2024-0763-SLE,Flood,Sierra Leone,,,,,2024,2024-09-23,2024-10-08
2024-0777-CHN,Storm,China,,,,,2024,2024-10-27,2024-10-30
2024-0777-PHL,Storm,Philippines,,,,,2024,2024-10-22,2024-10-24
2024-0777-VNM,Storm,Viet Nam,,,,,2024,2024-10-25,2024-10-30
2024-0778-BGD,Storm,Bangladesh,,,,,2024,2024-10-24,2024-10-25
2024-0778-IND,Storm,India,,,,,2024,2024-10-24,2024-10-25
2024-0782-CUB,Storm,Cuba,,,,,2024,2024-10-20,2024-10-21
2024-0783-ZAF,Flood,South Africa,,,,,2024,2024-10-22,2024-10-25
2024-0787-SEN,Flood,Senegal,,,,,2024,,2024-10-22
2024-0788-USA,Flood,United States of America,,,,,2024,2024-10-18,2024-10-20
2024-0795-MEX,Storm,Mexico,,,,,2024,2024-10-15,2024-10-19
2024-0796-ESP,Flood,Spain,,,,,2024,2024-10-27,2024-11-04
2024-0801-PHL,Storm,Philippines,,,,,2024,2024-10-26,2024-11-01
2024-0801-TWN,Storm,Taiwan (Province of China),,,,,2024,2024-10-31,2024-10-31
2024-0808-SSD,Epidemic,South Sudan,,,,,2024,2024-09-28,
2024-0812-UGA,Storm,Uganda,,,,,2024,2024-11-03,2024-11-03
2024-0813-IDN,Volcanic activity,Indonesia,,,,,2024,2024-11-03,2024-11-16
2024-0814-USA,Storm,United States of America,,,,,2024,2024-11-02,2024-11-05
2024-0815-DZA,Epidemic,Algeria,,,,,2024,,2024-11-03
2024-0816-PAN,Storm,Panama,,,,,2024,2024-11-01,2024-11-03
2024-0819-TGO,Flood,Togo,,,,,2024,,
2024-0820-CMR,Mass movement (wet),Cameroon,,,,,2024,2024-11-05,2024-11-05
2024-0822-COL,Storm,Colombia,,,,,2024,2024-11-06,2024-11-10
2024-0822-CRI,Storm,Costa Rica,,,,,2024,2024-11-06,2024-11-10
2024-0822-CUB,Storm,Cuba,,,,,2024,2024-11-06,2024-11-07
2024-0822-JAM,Storm,Jamaica,,,,,2024,2024-11-06,2024-11-10
2024-0825-PHL,Storm,Philippines,,,,,2024,2024-11-07,2024-11-08
2024-0827-USA,Wildfire,United States of America,,,,,2024,2024-11-06,2024-11-08
2024-0829-PHL,Storm,Philippines,,,,,2024,2024-11-11,2024-11-12
2024-0832-COL,Volcanic activity,Colombia,,,,,2024,2024-11-11,2024-11-12
2024-0835-COL,Storm,Colombia,,,,,2024,2024-10-15,2024-11-11
2024-0838-CAF,Flood,Central African Republic,,,,,2024,2024-08-18,
2024-0839-ESP,Flood,Spain,,,,,2024,2024-11-13,2024-11-14
2024-0845-YEM,Flood,Yemen,,,,,2024,,
2024-0846-YEM,Epidemic,Yemen,,,,,2024,2024-03-15,2024-09-07
2024-0848-CUB,Earthquake,Cuba,,,,,2024,2024-11-10,2024-11-10
2024-0852-MDG,Mass movement (dry),Madagascar,,,,,2024,2024-11-12,2024-11-12
2024-0855-PHL,Storm,Philippines,,,,,2024,2024-11-16,2024-11-17
2024-0856-DOM,Flood,Dominican Republic,,,,,2024,2024-11-10,2024-11-12
2024-0856-HTI,Flood,Haiti,,,,,2024,2024-11-10,2024-11-12
2024-0857-BLZ,Storm,Belize,,,,,2024,2024-11-15,2024-11-18
2024-0857-CRI,Storm,Costa Rica,,,,,2024,2024-11-15,2024-11-16
2024-0857-DOM,Storm,Dominican Republic,,,,,2024,2024-11-17,2024-11-18
2024-0857-GTM,Storm,Guatemala,,,,,2024,2024-11-15,2024-11-17
2024-0857-HND,Storm,Honduras,,,,,2024,2024-11-15,2024-11-17
2024-0857-HTI,Storm,Haiti,,,,,2024,2024-11-17,2024-11-18
2024-0857-NIC,Storm,Nicaragua,,,,,2024,2024-11-17,2024-11-18
2024-0857-SLV,Storm,El Salvador,,,,,2024,2024-11-15,2024-11-16
2024-0865-IDN,Flood,Indonesia,,,,,2024,2024-11-23,2024-11-26
2024-0866-COD,Mass movement (wet),Democratic Republic of the Congo,,,,,2024,2024-11-22,2024-11-23
2024-0867-FRA,Storm,France,,,,,2024,2024-11-25,2024-11-26
2024-0867-GBR,Storm,United Kingdom of Great Britain and Northern Ireland,,,,,2024,2024-11-23,2024-11-27
2024-0867-IRL,Storm,Ireland,,,,,2024,2024-11-23,2024-11-27
2024-0867-NLD,Storm,Netherlands (Kingdom of the),,,,,2024,2024-11-26,2024-11-27
2024-0874-BOL,Flood,Bolivia (Plurinational State of),,,,,2024,2024-11-23,2024-11-24
2024-0876-SYR,Wildfire,Syrian Arab Republic,,,,,2024,2024-11-23,2024-11-23
2024-0877-CRI,Flood,Costa Rica,,,,,2024,2024-11-26,2024-11-26
2024-0879-TZA,Flood,United Republic of Tanzania,,,,,2024,2024-11-25,2024-11-27
2024-0881-IND,Storm,India,,,,,2024,2024-12-01,2024-12-01
2024-0881-LKA,Storm,Sri Lanka,,,,,2024,2024-11-25,2024-11-28
2024-0882-THA,Flood,Thailand,,,,,2024,2024-11-25,2024-12-15
2024-0883-UGA,Mass movement (wet),Uganda,,,,,2024,2024-11-27,2024-11-28
2024-0892-KEN,Flood,Kenya,,,,,2024,2024-12-01,2024-12-05
2024-0894-BRA,Storm,Brazil,,,,,2024,2024-12-01,2024-12-02
2024-0895-PHL,Volcanic activity,Philippines,,,,,2024,2024-12-09,2024-12-11
2024-0897-USA,Wildfire,United States of America,,,,,2024,2024-12-09,2024-12-11
2024-0898-IDN,Flood,Indonesia,,,,,2024,2024-12-03,2024-12-10
2024-0901-HTI,Flood,Haiti,,,,,2024,2024-11-30,2024-12-04
2024-0902-MWI,Flood,Malawi,,,,,2024,2024-11-27,2024-12-06
2024-0903-LBY,Flood,Libya,,,,,2024,2024-12-05,2024-12-09
2024-0910-COM,Storm,Comoros,,,,,2024,2024-12-13,2024-12-17
2024-0910-MDG,Storm,Madagascar,,,,,2024,2024-12-13,2024-12-17
2024-0910-MOZ,Storm,Mozambique,,,,,2024,2024-12-13,2024-12-16
2024-0910-MWI,Storm,Malawi,,,,,2024,2024-12-13,2024-12-17
2024-0910-MYT,Storm,Mayotte,,,,,2024,2024-12-13,2024-12-16
2024-0911-VUT,Earthquake,Vanuatu,,,,,2024,2024-12-17,2024-12-17
2024-0953-HTI,Flood,Haiti,,,,,2024,2024-12-20,2024-12-28
2024-0955-BWA,Storm,Botswana,,,,,2024,2024-11-25,2024-11-25
2024-0961-GAB,Flood,Gabon,,,,,2024,2024-11-25,2024-11-27
2024-0962-AGO,Epidemic,Angola,,,,,2024,2024-12-31,2025-03-23
2024-0962-MOZ,Epidemic,Mozambique,,,,,2024,,
2024-0962-ZMB,Epidemic,Zambia,,,,,2025,,2025-02-03
2024-0962-ZWE,Epidemic,Zimbabwe,,,,,2024,2024-11-26,2025-03-12
2024-0963-JPN,Extreme temperature,Japan,,,,,2024,2024-04-01,2024-09-30
2024-0964-KOR,Extreme temperature,Republic of Korea,,,,,2024,2024-05-20,2024-09-30
2024-0969-TZA,Storm,United Republic of Tanzania,,,,,2024,2024-05-03,2024-05-05
2024-0970-BEN,Flood,Benin,,,,,2024,2024-06-26,2024-06-26
2024-9075-COL,Drought,Colombia,,,,,2024,,
2024-9131-ZMB,Drought,Zambia,,,,,2024,,
2024-9135-MHL,Drought,Marshall Islands,,,,,2024,,
2024-9197-MWI,Drought,Malawi,,,,,2024,,
2024-9197-ZWE,Drought,Zimbabwe,,,,,2024,,
2024-9268-BRA,Drought,Brazil,,,,,2024,2024-01-01,2024-12-31
2024-9270-CHN,Drought,China,,,,,2024,2024-01-01,2024-09-30
2024-9277-VNM,Drought,Viet Nam,,,,,2024,,
2024-9338-NAM,Drought,Namibia,,,,,2024,,
2024-9381-GRD,Drought,Grenada,,,,,2024,,
2024-9592-AGO,Drought,Angola,,,,,2024,,
2024-9796-USA,Drought,United States of America,,,,,2024,,
2025-0002-USA,Storm,United States of America,,,,,2025,2025-01-05,2025-01-23
2025-0004-CHN,Earthquake,China,,,,,2025,2025-01-07,2025-01-07
2025-0004-NPL,Earthquake,Nepal,,,,,2025,2025-01-07,2025-01-07
2025-0008-USA,Wildfire,United States of America,,,,,2025,2025-01-06,2025-01-23
2025-0012-MDG,Storm,Madagascar,,,,,2025,2025-01-11,2025-01-12
2025-0012-MOZ,Storm,Mozambique,,,,,2025,2025-01-13,2025-01-14
2025-0014-BRA,Mass movement (wet),Brazil,,,,,2025,2025-01-11,2025-01-12
2025-0018-ETH,Earthquake,Ethiopia,,,,,2025,2025-01-04,2025-01-11
2025-0022-ARG,Wildfire,Argentina,,,,,2025,2025-01-15,
2025-0037-IDN,Mass movement (wet),Indonesia,,,,,2025,2025-01-20,2025-01-20
2025-0047-AUS,Wildfire,Australia,,,,,2025,2025-01-27,2025-01-29
2025-0048-ESP,Storm,Spain,,,,,2025,2025-01-27,2025-01-28
2025-0048-FRA,Storm,France,,,,,2025,2025-01-28,2025-01-30
2025-0048-ITA,Storm,Italy,,,,,2025,2025-01-27,2025-01-28
2025-0052-CHL,Wildfire,Chile,,,,,2025,2025-01-27,2025-01-27
2025-0053-BRA,Flood,Brazil,,,,,2025,2025-01-24,2025-01-25
2025-0062-MYS,Flood,Malaysia,,,,,2025,2025-01-28,2025-01-30
2025-0072-BRA,Storm,Brazil,,,,,2025,2025-02-05,2025-02-07
2025-0075-AUS,Flood,Australia,,,,,2025,2025-02-01,2025-02-06
2025-0084-BOL,Flood,Bolivia (Plurinational State of),,,,,2025,2025-02-05,2025-02-13
2025-0087-CHN,Mass movement (wet),China,,,,,2025,2025-02-08,2025-02-08
2025-0088-PHL,Flood,Philippines,,,,,2025,2025-02-07,2025-02-19
2025-0106-USA,Storm,United States of America,,,,,2025,2025-02-13,2025-02-21
2025-0109-MDG,Flood,Madagascar,,,,,2025,2025-02-15,2025-02-16
2025-0113-BWA,Flood,Botswana,,,,,2025,2025-02-19,2025-02-21
2025-0115-PER,Flood,Peru,,,,,2025,2025-02-17,2025-02-21
2025-0116-MYS,Flood,Malaysia,,,,,2025,2025-02-19,2025-02-20
2025-0127-AFG,Flood,Afghanistan,,,,,2025,2025-02-24,2025-02-26
2025-0128-MDG,Flood,Madagascar,,,,,2025,2025-02-16,2025-02-26
2025-0132-ECU,Storm,Ecuador,,,,,2025,,
2025-0133-COL,Storm,Colombia,,,,,2025,2025-02-11,2025-02-24
2025-0135-JPN,Wildfire,Japan,,,,,2025,2025-02-27,2025-03-09
2025-0138-PER,Flood,Peru,,,,,2025,,2025-02-26
2025-0142-GEO,Storm,Georgia,,,,,2025,2025-02-20,2025-02-25
2025-0143-IND,Mass movement (wet),India,,,,,2025,2025-02-28,2025-02-28
2025-0144-REU,Storm,Réunion,,,,,2025,2025-02-28,2025-02-28
2025-0150-IDN,Flood,Indonesia,,,,,2025,2025-03-02,2025-03-09
2025-0152-MDG,Storm,Madagascar,,,,,2025,2025-02-27,2025-03-02
2025-0157-ECU,Storm,Ecuador,,,,,2025,,2025-03-12
2025-0158-MDG,Storm,Madagascar,,,,,2025,2025-03-07,2025-03-15
2025-0158-MOZ,Storm,Mozambique,,,,,2025,2025-03-10,2025-03-12
2025-0158-MWI,Storm,Malawi,,,,,2025,2025-03-11,2025-03-11
2025-0161-ARG,Flood,Argentina,,,,,2025,2025-03-06,2025-03-10
2025-0162-COL,Mass movement (wet),Colombia,,,,,2025,2025-03-08,2025-03-08
2025-0172-MYS,Flood,Malaysia,,,,,2025,2025-03-08,2025-03-12
2025-0173-THA,Storm,Thailand,,,,,2025,2025-03-11,2025-03-13
2025-0182-USA,Storm,United States of America,,,,,2025,2025-03-14,2025-03-16
2025-0183-ITA,Flood,Italy,,,,,2025,2025-03-14,2025-03-16
2025-0188-IDN,Flood,Indonesia,,,,,2025,2025-03-15,2025-03-17
2025-0199-PER,Flood,Peru,,,,,2025,2025-03-01,2025-03-06
2025-0205-KOR,Wildfire,Republic of Korea,,,,,2025,2025-03-21,2025-03-25
2025-0211-JPN,Wildfire,Japan,,,,,2025,2025-03-23,2025-03-24
2025-0217-IND,Storm,India,,,,,2025,2025-03-22,2025-03-26
2025-0223-CHN,Earthquake,China,,,,,2025,2025-03-28,2025-03-28
2025-0223-MMR,Earthquake,Myanmar,,,,,2025,2025-03-28,2025-03-28
2025-0223-THA,Earthquake,Thailand,,,,,2025,2025-03-28,2025-03-28
2025-0226-MWI,Flood,Malawi,,,,,2025,,
2025-0227-IRQ,Flood,Iraq,,,,,2025,2025-03-07,2025-03-10
2025-0230-BIH,Flood,Bosnia and Herzegovina,,,,,2025,2025-03-26,2025-03-31
2025-0230-HRV,Flood,Croatia,,,,,2025,2025-03-26,2025-03-31
2025-0244-SLE,Wildfire,Sierra Leone,,,,,2025,,
2025-9122-SOM,Drought,Somalia,,,,,2025,,
