DisNo.,Disaster Type,Country,Total Deaths,No. Injured,No. Affected,No. Homeless,Total Affected,Start Year,Start_Date,End_Date
1999-9388-DJI,Drought,Djibouti,,,100000,,100000,2001,,
1999-9388-SDN,Drought,Sudan,,,2000000,,2000000,2000,,
1999-9388-SOM,Drought,Somalia,21,,1200000,,1200000,2000,,
2000-0002-AGO,Flood,Angola,31,,70000,,70000,2000,2000-01-08,2000-01-15
2000-0003-BGD,Extreme temperature,Bangladesh,49,,,,,2000,,
2000-0008-GTM,Volcanic activity,Guatemala,,,800,,800,2000,2000-01-16,2000-01-16
2000-0009-IRN,Storm,Iran (Islamic Republic of),3,,,5500,5500,2000,2000-01-18,2000-01-18
2000-0012-MOZ,Flood,Mozambique,800,,4500000,,4500000,2000,2000-01-26,2000-03-27
2000-0017-ZAF,Wildfire,South Africa,,,1000,250,1250,2000,2000-01-15,2000-01-19
2000-0019-BRA,Flood,Brazil,26,,,70000,70000,2000,2000-01-01,2000-01-06
2000-0020-IND,Extreme temperature,India,275,,,,,2000,,
2000-0021-USA,Storm,United States of America,1,12,,150,162,2000,2000-01-02,2000-01-04
2000-0023-BGD,Earthquake,Bangladesh,,,1000,,1000,2000,2000-01-02,2000-01-02
2000-0028-ROU,Storm,Romania,14,,,300,300,2000,,
2000-0029-BGR,Extreme temperature,Bulgaria,,,,,,2000,,
2000-0033-CHN,Earthquake,China,7,2528,1760000,92479,1855007,2000,2000-01-14,2000-01-14
2000-0036-CHN,Earthquake,China,1,2,10300,,10302,2000,2000-01-26,2000-01-26
2000-0037-REU,Storm,Réunion,2,,,600,600,2000,2000-01-30,2000-01-30
2000-0038-PHL,Flood,Philippines,50,,153885,,153885,2000,2000-01-28,2000-02-01
2000-0041-CHN,Earthquake,China,,30,44000,18000,62030,2000,2000-01-11,2000-01-11
2000-0043-ZAF,Flood,South Africa,83,,,200,200,2000,2000-01-26,2000-03-27
2000-0048-BWA,Flood,Botswana,3,,106776,32000,138776,2000,,
2000-0050-MNG,Storm,Mongolia,4,,500000,,500000,2000,,
2000-0051-IRN,Earthquake,Iran (Islamic Republic of),1,15,1500,500,2015,2000,2000-02-02,2000-02-02
2000-0052-RUS,Epidemic,Russian Federation,,,564,,564,2000,,
2000-0053-COG,Epidemic,Congo,24,,,,,2000,,
2000-0054-AFG,Epidemic,Afghanistan,507,,,,,2000,,
2000-0055-ETH,Epidemic,Ethiopia,27,,100,,100,2000,,
2000-0056-TZA,Epidemic,United Republic of Tanzania,16,,254,,254,2000,2000-01-08,2000-01-08
2000-0058-SOM,Epidemic,Somalia,230,,2232,,2232,2000,2000-01-01,2000-04-21
2000-0060-LSO,Epidemic,Lesotho,28,,1834,,1834,2000,2000-01-07,2000-01-07
2000-0061-KEN,Epidemic,Kenya,10,,40,,40,2000,,
2000-0062-KEN,Epidemic,Kenya,3,,189,,189,2000,2000-01-06,2000-01-06
2000-0065-IRN,Earthquake,Iran (Islamic Republic of),,,1000,,1000,2000,2000-02-14,2000-02-14
2000-0066-PHL,Flood,Philippines,,,,5250,5250,2000,2000-01-22,2000-01-22
2000-0067-USA,Storm,United States of America,22,100,900,,1000,2000,2000-02-13,2000-02-14
2000-0072-BIH,Mass movement (wet),Bosnia and Herzegovina,6,3,400,,403,2000,2000-02-10,2000-02-10
2000-0073-TZA,Epidemic,United Republic of Tanzania,4,,114,,114,2000,2000-01-01,2000-01-01
2000-0075-TZA,Epidemic,United Republic of Tanzania,8,,200,,200,2000,2000-02-11,2000-02-11
2000-0076-ISL,Earthquake,Iceland,,,72,36,108,2000,2000-06-21,2000-06-21
2000-0079-NAM,Flood,Namibia,,,5000,,5000,2000,,
2000-0080-USA,Flood,United States of America,3,,231,,231,2000,2000-02-18,2000-02-22
2000-0081-COL,Earthquake,Colombia,2,,430,,430,2000,2000-11-08,2000-11-08
2000-0082-IDN,Mass movement (wet),Indonesia,34,,,,,2000,2000-02-22,2000-02-24
2000-0083-ZWE,Flood,Zimbabwe,70,,200000,66000,266000,2000,2000-01-26,2000-03-27
2000-0087-SOM,Epidemic,Somalia,54,,,,,2000,,
2000-0089-PHL,Volcanic activity,Philippines,,,68426,,68426,2000,2000-02-24,2000-03-09
2000-0092-EGY,Extreme temperature,Egypt,3,105,,,105,2000,,
2000-0094-ISR,Storm,Israel,3,,410,,410,2000,2000-01-19,2000-01-19
2000-0095-JOR,Storm,Jordan,9,200,,,200,2000,2000-01-24,2000-01-24
2000-0096-SWZ,Flood,Eswatini,,,272000,,272000,2000,,
2000-0097-AUS,Storm,Australia,1,,200,,200,2000,2000-02-27,2000-03-13
2000-0098-COL,Flood,Colombia,8,,,39000,39000,2000,,
2000-0100-SDN,Epidemic,Sudan,186,,2363,,2363,2000,2000-01-01,2000-03-31
2000-0103-ZMB,Flood,Zambia,,,12000,,12000,2000,2000-03-03,2000-03-04
2000-0104-ETH,Wildfire,Ethiopia,,5,,,5,2000,,
2000-0107-MDG,Storm,Madagascar,130,,736937,,736937,2000,2000-02-17,2000-03-11
2000-0107-MOZ,Storm,Mozambique,17,,,,,2000,2000-02-18,2000-02-23
2000-0108-IDN,Epidemic,Indonesia,10,,1516,,1516,2000,,
2000-0109-NGA,Epidemic,Nigeria,12,,,,,2000,,
2000-0110-MOZ,Epidemic,Mozambique,11,,1810,,1810,2000,,
2000-0116-ARG,Flood,Argentina,7,,,6000,6000,2000,2000-03-09,2000-03-17
2000-0117-IDN,Wildfire,Indonesia,,,,,,2000,,
2000-0118-MWI,Flood,Malawi,,,20000,,20000,2000,,
2000-0119-PAK,Epidemic,Pakistan,95,,,,,2000,,
2000-0120-COD,Epidemic,Democratic Republic of the Congo,16,,62,,62,2000,2000-01-15,2000-01-15
2000-0128-USA,Wildfire,United States of America,,,600,,600,2000,2000-02-26,2000-02-26
2000-0129-PER,Flood,Peru,22,,,50,50,2000,2000-03-16,2000-03-16
2000-0130-BOL,Flood,Bolivia (Plurinational State of),,,7000,,7000,2000,2000-03-13,2000-03-15
2000-0131-TCD,Epidemic,Chad,602,,4500,,4500,2000,,
2000-0133-COD,Epidemic,Democratic Republic of the Congo,10,,1,,1,2000,,
2000-0134-ETH,Epidemic,Ethiopia,14,,149,,149,2000,2000-01-01,2000-03-31
2000-0135-TZA,Epidemic,United Republic of Tanzania,9,,330,,330,2000,2000-01-01,2000-01-01
2000-0146-BGD,Storm,Bangladesh,,50,,3000,3050,2000,2000-03-05,2000-03-05
2000-0152-AGO,Flood,Angola,3,,,6000,6000,2000,2000-03-27,2000-03-27
2000-0155-AUT,Mass movement (wet),Austria,13,,,,,2000,2000-03-28,2000-03-28
2000-0156-CHN,Storm,China,16,53,,,53,2000,2000-03-28,2000-03-28
2000-0158-NER,Epidemic,Niger,128,,1067,,1067,2000,2000-03-06,2000-03-06
2000-0159-MYS,Epidemic,Malaysia,2,,480,,480,2000,,
2000-0160-CMR,Epidemic,Cameroon,22,,65,,65,2000,,
2000-0163-CHN,Storm,China,9,4,18000,,18004,2000,2000-01-10,2000-01-10
2000-0164-RUS,Mass movement (wet),Russian Federation,20,,,,,2000,2000-01-19,2000-01-19
2000-0165-RUS,Extreme temperature,Russian Federation,13,252,,,252,2000,,
2000-0167-CZE,Flood,Czechia,,,,,,2000,2000-03-08,2000-03-13
2000-0167-ROU,Flood,Romania,,,3000,,3000,2000,,
2000-0175-USA,Storm,United States of America,5,,3000,300,3300,2000,2000-03-28,2000-03-28
2000-0176-JPN,Volcanic activity,Japan,,,12400,,12400,2000,2000-03-31,2000-04-13
2000-0178-MDG,Storm,Madagascar,23,1,369271,,369272,2000,2000-04-02,2000-04-02
2000-0178-MOZ,Storm,Mozambique,1,4,,300,304,2000,2000-04-02,2000-04-02
2000-0179-RUS,Flood,Russian Federation,,,19800,,19800,2000,,
2000-0182-CAF,Epidemic,Central African Republic,108,,712,,712,2000,,
2000-0183-BEN,Epidemic,Benin,15,,95,,95,2000,,
2000-0184-BGD,Epidemic,Bangladesh,,,3352,,3352,2000,,
2000-0185-ZMB,Epidemic,Zambia,,,123,,123,2000,,
2000-0187-ROU,Flood,Romania,9,,60000,431,60431,2000,2000-04-05,2000-04-25
2000-0188-TUR,Wildfire,Türkiye,,,,350,350,2000,2000-04-05,2000-04-05
2000-0191-HUN,Flood,Hungary,1,,2000,,2000,2000,2000-04-06,2000-05-01
2000-0193-AGO,Flood,Angola,1,,,3000,3000,2000,2000-04-10,2000-04-10
2000-0194-KOR,Wildfire,Republic of Korea,2,15,,1518,1533,2000,2000-04-06,2000-04-06
2000-0196-SCG,Flood,Serbia Montenegro,,,4000,,4000,2000,2000-04-05,2000-04-25
2000-0197-KEN,Epidemic,Kenya,16,,229,,229,2000,2000-02-20,2000-02-20
2000-0198-BEN,Epidemic,Benin,36,,435,,435,2000,,
2000-0200-CHN,Flood,China,15,,40000,,40000,2000,2000-04-13,2000-04-17
2000-0202-RUS,Flood,Russian Federation,1,,23000,,23000,2000,2000-04-14,2000-04-14
2000-0204-ECU,Epidemic,Ecuador,,,100000,,100000,2000,,
2000-0205-ECU,Epidemic,Ecuador,8,,220,,220,2000,,
2000-0206-ECU,Mass movement (wet),Ecuador,14,25,,180,205,2000,2000-04-12,2000-04-12
2000-0211-BGD,Storm,Bangladesh,20,300,,62500,62800,2000,2000-04-21,2000-04-21
2000-0213-SAU,Epidemic,Saudi Arabia,57,,168,,168,2000,,2000-04-27
2000-0214-AUS,Storm,Australia,,,400,,400,2000,2000-04-03,2000-04-03
2000-0215-HND,Wildfire,Honduras,,,,,,2000,,
2000-0216-GUF,Mass movement (wet),French Guiana,10,5,,,5,2000,2000-04-19,2000-04-19
2000-0218-RUS,Wildfire,Russian Federation,,,,,,2000,,
2000-0221-SOM,Epidemic,Somalia,390,,,,,2000,,
2000-0229-BGD,Storm,Bangladesh,,12,,7000,7012,2000,2000-04-11,2000-04-11
2000-0230-IDN,Earthquake,Indonesia,45,270,,52500,52770,2000,2000-05-04,2000-05-04
2000-0231-RUS,Wildfire,Russian Federation,,,,,,2000,,
2000-0232-USA,Flood,United States of America,2,,,2000,2000,2000,2000-05-06,2000-05-09
2000-0235-KAZ,Flood,Kazakhstan,,,2500,,2500,2000,,
2000-0239-BDI,Epidemic,Burundi,,,8000,,8000,2000,,
2000-0240-USA,Wildfire,United States of America,,,25000,400,25400,2000,,
2000-0241-FSM,Epidemic,Micronesia (Federated States of),19,,3431,,3431,2000,2000-04-17,2000-08-21
2000-0242-MOZ,Epidemic,Mozambique,,,16773,,16773,2000,,
2000-0248-GBR,Flood,United Kingdom of Great Britain and Northern Ireland,,,200,,200,2000,2000-04-27,2000-04-27
2000-0249-AUS,Infestation,Australia,,,,,,2000,,
2000-0253-ETH,Epidemic,Ethiopia,51,,,,,2000,,
2000-0255-ARG,Flood,Argentina,4,40,30000,,30040,2000,2000-05-15,2000-05-15
2000-0257-PHL,Storm,Philippines,12,4,235885,,235889,2000,2000-05-18,2000-05-18
2000-0258-IDN,Flood,Indonesia,126,,50000,,50000,2000,2000-05-16,2000-05-24
2000-0259-SOM,Flood,Somalia,,,3500,,3500,2000,2000-05-01,2000-05-01
2000-0260-AGO,Flood,Angola,11,11,,,11,2000,2000-05-03,2000-05-03
2000-0265-COL,Flood,Colombia,96,,12000,,12000,2000,2000-05-18,2000-05-24
2000-0266-ECU,Flood,Ecuador,34,32,,,32,2000,2000-05-22,2000-05-22
2000-0269-BLR,Extreme temperature,Belarus,,,,,,2000,,
2000-0270-CHN,Storm,China,26,,,,,2000,2000-05-01,2000-05-05
2000-0271-USA,Flood,United States of America,1,,300,,300,2000,2000-05-06,2000-05-09
2000-0272-TUR,Earthquake,Türkiye,1,,1000,,1000,2000,2000-05-07,2000-05-07
2000-0273-NGA,Epidemic,Nigeria,60,,40,,40,2000,,
2000-0274-JPN,Storm,Japan,,100,12000,,12100,2000,2000-05-24,2000-05-24
2000-0275-URY,Flood,Uruguay,,,5000,,5000,2000,2000-05-16,2000-05-16
2000-0276-MEX,Flood,Mexico,14,,,,,2000,2000-05-13,2000-05-13
2000-0278-RUS,Flood,Russian Federation,,,1200,,1200,2000,2000-05-13,2000-05-13
2000-0279-USA,Wildfire,United States of America,,,,,,2000,2000-05-14,2000-05-14
2000-0281-TUR,Flood,Türkiye,2,,1000,,1000,2000,2000-05-27,2000-05-27
2000-0283-BGD,Storm,Bangladesh,36,,70000,1000,71000,2000,2000-05-27,2000-06-19
2000-0284-RUS,Epidemic,Russian Federation,,,124,,124,2000,,
2000-0285-IRN,Epidemic,Iran (Islamic Republic of),76,,,,,2000,2000-05-02,2000-05-02
2000-0291-TUR,Earthquake,Türkiye,2,80,23000,,23080,2000,2000-06-06,2000-06-06
2000-0293-IDN,Earthquake,Indonesia,103,2714,200000,2000,204714,2000,2000-06-04,2000-06-04
2000-0294-BGD,Storm,Bangladesh,28,,,,,2000,2000-05-23,2000-05-23
2000-0295-RUS,Wildfire,Russian Federation,,,,,,2000,,
2000-0296-USA,Flood,United States of America,,,240,,240,2000,2000-05-19,2000-05-19
2000-0297-USA,Flood,United States of America,2,,300,,300,2000,2000-05-23,2000-05-23
2000-0298-CHN,Earthquake,China,,20,,80,100,2000,2000-06-06,2000-06-06
2000-0299-GTM,Flood,Guatemala,16,24,2500,,2524,2000,2000-06-06,2000-06-21
2000-0300-ZWE,Epidemic,Zimbabwe,93,,1675,,1675,2000,,
2000-0301-MWI,Epidemic,Malawi,83,,3323,,3323,2000,,
2000-0302-CHN,Flood,China,34,183,154000,,154183,2000,2000-05-31,2000-06-19
2000-0303-GRC,Earthquake,Greece,,,600,,600,2000,2000-05-26,2000-05-26
2000-0305-AFG,Epidemic,Afghanistan,16,,11,,11,2000,,2000-07-11
2000-0306-IND,Epidemic,India,84,,1055,,1055,2000,,
2000-0307-PAK,Epidemic,Pakistan,4,,246,,246,2000,,
2000-0308-IND,Epidemic,India,,,192,,192,2000,,
2000-0310-CHL,Flood,Chile,1,,42000,,42000,2000,2000-06-05,2000-06-16
2000-0311-AUT,Storm,Austria,,,,,,2000,2000-05-27,2000-05-27
2000-0317-MEX,Flood,Mexico,5,,2000,,2000,2000,2000-05-30,2000-05-30
2000-0320-IDN,Epidemic,Indonesia,15,,203,,203,2000,,
2000-0321-NER,Epidemic,Niger,15,,63,,63,2000,,
2000-0322-LBR,Epidemic,Liberia,3,,112,,112,2000,,
2000-0324-HRV,Extreme temperature,Croatia,40,200,,,200,2000,,
2000-0326-CHN,Mass movement (wet),China,71,,,2000,2000,2000,2000-06-05,2000-06-05
2000-0329-CYP,Wildfire,Cyprus,,,,,,2000,2000-06-13,2000-06-13
2000-0330-CHN,Flood,China,4,,15000,,15000,2000,2000-06-01,2000-06-01
2000-0331-GBR,Flood,United Kingdom of Great Britain and Northern Ireland,,,240,,240,2000,,
2000-0332-IND,Flood,India,20,,3000000,,3000000,2000,2000-06-10,2000-06-10
2000-0333-MEX,Flood,Mexico,120,,,,,2000,2000-06-10,2000-06-14
2000-0335-ISL,Earthquake,Iceland,,1,57,33,91,2000,2000-06-17,2000-06-17
2000-0337-UKR,Extreme temperature,Ukraine,,,,,,2000,2000-05-01,2000-05-11
2000-0338-USA,Storm,United States of America,,,,,,2000,2000-05-26,2000-05-26
2000-0341-CAF,Epidemic,Central African Republic,300,,1700,,1700,2000,,
2000-0342-RUS,Epidemic,Russian Federation,,,100,,100,2000,,
2000-0345-NIC,Flood,Nicaragua,,,5500,,5500,2000,,
2000-0350-CHN,Storm,China,33,10,,,10,2000,2000-06-17,2000-06-17
2000-0351-PAK,Extreme temperature,Pakistan,24,,,,,2000,,
2000-0354-RUS,Flood,Russian Federation,,,6000,,6000,2000,,
2000-0356-FRA,Flood,France,1,,200,,200,2000,2000-06-10,2000-06-10
2000-0357-FRA,Flood,France,2,10,,,10,2000,,
2000-0358-IND,Mass movement (wet),India,43,,,,,2000,,
2000-0359-ESP,Flood,Spain,16,,500,,500,2000,2000-06-10,2000-06-10
2000-0360-USA,Storm,United States of America,,,,,,2000,2000-05-23,2000-05-23
2000-0361-VNM,Storm,Viet Nam,3,29,,100,129,2000,2000-06-12,2000-06-12
2000-0363-USA,Wildfire,United States of America,,,800,210,1010,2000,2000-06-12,2000-06-12
2000-0364-NGA,Flood,Nigeria,,,,250,250,2000,,
2000-0365-LBR,Epidemic,Liberia,10,,,,,2000,,
2000-0366-UGA,Epidemic,Uganda,22,,281,,281,2000,2000-02-27,2000-02-27
2000-0369-SLE,Epidemic,Sierra Leone,38,,,,,2000,,
2000-0370-KAZ,Epidemic,Kazakhstan,,,114,,114,2000,,
2000-0372-CHN,Flood,China,43,10,,31000,31010,2000,2000-06-17,2000-06-30
2000-0373-BGD,Flood,Bangladesh,11,50,200000,,200050,2000,2000-06-24,2000-06-24
2000-0374-CRI,Mass movement (wet),Costa Rica,7,,200,,200,2000,2000-06-27,2000-06-27
2000-0375-CHL,Flood,Chile,15,,129266,10401,139667,2000,2000-06-12,2000-06-26
2000-0376-CHN,Flood,China,33,,300000,,300000,2000,2000-06-08,2000-06-08
2000-0379-GRC,Extreme temperature,Greece,27,176,,,176,2000,,
2000-0380-ROU,Extreme temperature,Romania,6,100,,,100,2000,,
2000-0381-TUR,Extreme temperature,Türkiye,11,300,,,300,2000,,
2000-0382-BGR,Extreme temperature,Bulgaria,7,,,,,2000,,
2000-0383-SCG,Extreme temperature,Serbia Montenegro,3,70,,,70,2000,,
2000-0387-NIC,Earthquake,Nicaragua,7,42,1785,5650,7477,2000,2000-07-06,2000-07-06
2000-0392-LAO,Epidemic,Lao People's Democratic Republic,44,,,,,2000,,
2000-0393-BDI,Epidemic,Burundi,,100,,,100,2000,,
2000-0394-RUS,Flood,Russian Federation,,,,,,2000,,
2000-0396-PHL,Storm,Philippines,11,,,120000,120000,2000,2000-07-05,2000-07-05
2000-0397-PHL,Storm,Philippines,75,11,1483310,,1483321,2000,2000-07-07,2000-07-07
2000-0398-CYP,Extreme temperature,Cyprus,5,400,,,400,2000,,
2000-0399-ETH,Flood,Ethiopia,60,,,,,2000,2000-06-29,2000-06-29
2000-0401-THA,Flood,Thailand,,,2500,,2500,2000,2000-06-21,2000-06-21
2000-0403-PER,Infestation,Peru,,,,,,2000,,
2000-0406-USA,Wildfire,United States of America,,2,8000,75,8077,2000,2000-06-27,2000-06-27
2000-0407-BGR,Wildfire,Bulgaria,7,17,,150,167,2000,2000-07-01,2000-07-01
2000-0408-VNM,Flood,Viet Nam,460,4,5000000,,5000004,2000,,
2000-0414-PHL,Mass movement (wet),Philippines,287,38,2800,,2838,2000,2000-07-10,2000-07-10
2000-0415-IND,Mass movement (wet),India,58,38,7000,,7038,2000,2000-07-12,2000-07-12
2000-0416-BOL,Extreme temperature,Bolivia (Plurinational State of),6,,25277,,25277,2000,,
2000-0420-CAN,Storm,Canada,11,140,,700,840,2000,2000-07-14,2000-07-14
2000-0421-ARG,Extreme temperature,Argentina,15,,300,,300,2000,2000-06-17,2000-06-17
2000-0422-URY,Extreme temperature,Uruguay,7,,400,,400,2000,,
2000-0423-CHL,Extreme temperature,Chile,,,,,,2000,2000-07-03,2000-07-03
2000-0424-ZMB,Epidemic,Zambia,163,,1101,,1101,2000,,
2000-0425-CHN,Storm,China,11,500,,20000,20500,2000,2000-07-13,2000-07-13
2000-0426-CHN,Flood,China,54,,,,,2000,2000-07-18,2000-07-18
2000-0427-UKR,Storm,Ukraine,2,10,39000,,39010,2000,2000-07-05,2000-07-05
2000-0428-JPN,Earthquake,Japan,1,,100,,100,2000,2000-07-01,2000-07-01
2000-0431-NGA,Epidemic,Nigeria,27,,1215,,1215,2000,,
2000-0432-DJI,Epidemic,Djibouti,4,,419,,419,2000,,
2000-0433-USA,Extreme temperature,United States of America,35,,,,,2000,,
2000-0438-KHM,Flood,Cambodia,347,53,3448000,,3448053,2000,2000-07-11,2000-08-10
2000-0439-VNM,Mass movement (wet),Viet Nam,33,22,,,22,2000,2000-07-22,2000-07-22
2000-0441-KOR,Flood,Republic of Korea,13,3,,2586,2589,2000,2000-07-22,2000-07-22
2000-0444-IND,Flood,India,130,,,,,2000,,
2000-0445-IND,Flood,India,867,,22000000,,22000000,2000,2000-08-02,2000-08-30
2000-0446-THA,Flood,Thailand,47,,2500000,,2500000,2000,,
2000-0447-JPN,Storm,Japan,4,,900,,900,2000,2000-07-08,2000-07-09
2000-0448-VNM,Storm,Viet Nam,,,2005,,2005,2000,2000-07-10,2000-07-10
2000-0449-IDN,Earthquake,Indonesia,,124,,4000,4124,2000,2000-07-12,2000-07-12
2000-0450-USA,Wildfire,United States of America,,,,,,2000,,
2000-0455-GRC,Wildfire,Greece,2,12,,90,102,2000,,
2000-0457-RUS,Mass movement (wet),Russian Federation,7,8,500,,508,2000,2000-07-19,2000-07-19
2000-0459-IND,Epidemic,India,27,,79,,79,2000,,
2000-0460-THA,Epidemic,Thailand,89,,1946,,1946,2000,,
2000-0461-CAF,Epidemic,Central African Republic,40,,160,,160,2000,,
2000-0463-USA,Storm,United States of America,1,15,900,120,1035,2000,2000-07-25,2000-07-25
2000-0464-NGA,Storm,Nigeria,,,,1000,1000,2000,2000-10-09,2000-10-09
2000-0465-USA,Wildfire,United States of America,14,,1000,,1000,2000,,
2000-0466-BRA,Mass movement (wet),Brazil,60,,,143000,143000,2000,2000-07-30,2000-08-17
2000-0467-BGD,Epidemic,Bangladesh,21,,522,,522,2000,,
2000-0469-IDN,Mass movement (wet),Indonesia,,,,520,520,2000,2000-06-24,2000-06-24
2000-0471-JOR,Extreme temperature,Jordan,,12,,,12,2000,,
2000-0472-CHN,Flood,China,203,214,,18000,18214,2000,2000-07-11,2000-07-14
2000-0473-ISR,Extreme temperature,Israel,,,,,,2000,,
2000-0475-CMR,Flood,Cameroon,3,,500,,500,2000,2000-08-03,2000-08-05
2000-0476-NPL,Flood,Nepal,144,70,50000,,50070,2000,,
2000-0478-RUS,Flood,Russian Federation,2,,24000,,24000,2000,2000-07-30,2000-08-06
2000-0480-RUS,Earthquake,Russian Federation,,8,,19100,19108,2000,2000-08-04,2000-08-04
2000-0484-BTN,Flood,Bhutan,200,,,1000,1000,2000,2000-08-02,2000-08-30
2000-0486-PRY,Extreme temperature,Paraguay,8,,,,,2000,,
2000-0487-MAR,Extreme temperature,Morocco,,,,,,2000,,
2000-0488-IRL,Epidemic,Ireland,2,,1374,,1374,2000,2000-01-01,2000-07-29
2000-0489-ETH,Epidemic,Ethiopia,19,,855,,855,2000,,2000-08-17
2000-0490-SOM,Flood,Somalia,,,,220000,220000,2000,2000-07-10,2000-07-10
2000-0497-ETH,Flood,Ethiopia,9,,30000,,30000,2000,2000-08-10,2000-08-21
2000-0498-IND,Mass movement (wet),India,86,,,,,2000,2000-08-11,2000-08-11
2000-0499-IRN,Flood,Iran (Islamic Republic of),8,,400,,400,2000,2000-08-08,2000-08-09
2000-0500-USA,Flood,United States of America,,,175,,175,2000,2000-08-12,2000-08-14
2000-0501-NER,Flood,Niger,2,3,4156,,4159,2000,,
2000-0502-USA,Flood,United States of America,,,300,,300,2000,2000-07-30,2000-07-30
2000-0506-KEN,Epidemic,Kenya,7,,221,,221,2000,,
2000-0511-NGA,Flood,Nigeria,4,,,1000,1000,2000,2000-08-14,2000-08-14
2000-0514-RUS,Wildfire,Russian Federation,,,,,,2000,,
2000-0515-JPN,Volcanic activity,Japan,,,4000,,4000,2000,2000-08-10,2000-08-10
2000-0517-TWN,Storm,Taiwan (Province of China),14,100,,2000,2100,2000,2000-08-22,2000-08-23
2000-0518-VNM,Storm,Viet Nam,15,4,,,4,2000,2000-08-20,2000-08-20
2000-0520-RWA,Epidemic,Rwanda,10,,164,,164,2000,,2000-08-22
2000-0523-SVK,Wildfire,Slovakia,6,,,,,2000,,
2000-0524-ETH,Mass movement (wet),Ethiopia,4,,,165,165,2000,2000-07-04,2000-07-04
2000-0527-CHN,Earthquake,China,1,211,,177400,177611,2000,2000-08-21,2000-08-21
2000-0528-HRV,Wildfire,Croatia,1,,,,,2000,,
2000-0529-GRC,Wildfire,Greece,7,7,,,7,2000,2000-08-24,2000-08-24
2000-0530-MLI,Flood,Mali,15,,,,,2000,2000-08-25,2000-08-25
2000-0532-CHN,Storm,China,10,30,,,30,2000,,
2000-0533-CHN,Storm,China,11,47,,4475,4522,2000,2000-08-23,2000-08-23
2000-0534-IND,Flood,India,179,16,,252000,252016,2000,2000-08-23,2000-08-31
2000-0535-KOR,Flood,Republic of Korea,7,,500,,500,2000,2000-08-26,2000-08-29
2000-0539-THA,Storm,Thailand,2,,41219,,41219,2000,2000-08-21,2000-08-21
2000-0540-VNM,Storm,Viet Nam,,100,,5630,5730,2000,2000-08-24,2000-08-24
2000-0541-VNM,Storm,Viet Nam,,3,500,,503,2000,2000-08-24,2000-08-24
2000-0542-VNM,Storm,Viet Nam,,4,,130,134,2000,2000-08-24,2000-08-24
2000-0547-NGA,Flood,Nigeria,,,,750,750,2000,2000-08-15,2000-08-15
2000-0549-RUS,Flood,Russian Federation,,,1181,,1181,2000,2000-08-28,2000-08-28
2000-0550-KOR,Storm,Republic of Korea,25,,,300,300,2000,2000-08-31,2000-08-31
2000-0555-BGD,Flood,Bangladesh,1,10,,12000,12010,2000,2000-08-30,2000-08-30
2000-0556-CHN,Storm,China,4,80,,37690,37770,2000,,
2000-0557-CHN,Storm,China,47,,46000,,46000,2000,2000-09-01,2000-09-06
2000-0558-NZL,Flood,New Zealand,,,,,,2000,2000-08-20,2000-08-20
2000-0559-CHN,Mass movement (wet),China,14,27,,,27,2000,2000-08-13,2000-08-13
2000-0563-NER,Epidemic,Niger,47,,21,,21,2000,2000-08-26,2000-08-26
2000-0564-AFG,Epidemic,Afghanistan,19,,1604,,1604,2000,,2000-09-13
2000-0565-KEN,Epidemic,Kenya,14,,42,,42,2000,,
2000-0566-LVA,Epidemic,Latvia,,,102,,102,2000,2000-08-21,2000-08-21
2000-0567-NPL,Epidemic,Nepal,69,,592,,592,2000,,
2000-0568-IND,Epidemic,India,34,,116,,116,2000,,
2000-0571-AGO,Epidemic,Angola,18,,117,,117,2000,,
2000-0572-PRK,Storm,Democratic People's Republic of Korea,46,180,480000,147000,627180,2000,2000-08-31,2000-09-04
2000-0576-JPN,Storm,Japan,9,41,180000,,180041,2000,2000-09-11,2000-09-14
2000-0576-RUS,Storm,Russian Federation,9,,,,,2000,2000-09-13,2000-09-19
2000-0577-ITA,Flood,Italy,16,22,,,22,2000,2000-09-10,2000-09-10
2000-0580-ESP,Wildfire,Spain,,,,,,2000,,
2000-0582-VNM,Storm,Viet Nam,5,29,,6000,6029,2000,2000-09-10,2000-09-10
2000-0583-LAO,Flood,Lao People's Democratic Republic,15,,450000,,450000,2000,,
2000-0586-PER,Mass movement (wet),Peru,11,,,,,2000,2000-09-16,2000-09-16
2000-0590-BRA,Flood,Brazil,3,,10000,,10000,2000,2000-09-16,2000-09-18
2000-0592-SAU,Epidemic,Saudi Arabia,76,,329,,329,2000,2000-09-11,2000-10-17
2000-0593-ISR,Epidemic,Israel,12,,139,,139,2000,,2000-09-19
2000-0595-SLV,Flood,El Salvador,2,,400,,400,2000,2000-09-05,2000-09-09
2000-0596-NGA,Flood,Nigeria,,,,2000,2000,2000,,
2000-0597-PHL,Flood,Philippines,5,,6508,,6508,2000,2000-09-04,2000-09-05
2000-0598-USA,Earthquake,United States of America,,70,25000,104,25174,2000,2000-09-03,2000-09-03
2000-0601-KOR,Storm,Republic of Korea,8,,,411,411,2000,2000-09-16,2000-09-16
2000-0603-UKR,Storm,Ukraine,4,,3000,,3000,2000,2000-07-25,2000-07-25
2000-0605-CHN,Storm,China,6,,2400000,,2400000,2000,2000-09-09,2000-09-09
2000-0606-JPN,Flood,Japan,18,110,360000,,360110,2000,2000-09-10,2000-09-17
2000-0607-ARG,Storm,Argentina,,,,,,2000,,
2000-0609-GTM,Flood,Guatemala,20,12,200,250,462,2000,2000-09-15,2000-09-17
2000-0610-IND,Flood,India,884,,24600000,,24600000,2000,2000-09-18,2000-10-21
2000-0611-MEX,Storm,Mexico,8,,300,,300,2000,2000-09-21,2000-09-21
2000-0612-RUS,Flood,Russian Federation,,,1320,,1320,2000,2000-09-18,2000-09-18
2000-0613-LKA,Flood,Sri Lanka,2,,100000,,100000,2000,2000-09-18,2000-09-22
2000-0614-USA,Storm,United States of America,1,115,,,115,2000,2000-09-20,2000-09-20
2000-0617-BGD,Flood,Bangladesh,31,,2467138,,2467138,2000,,
2000-0620-NGA,Flood,Nigeria,,,500,,500,2000,2000-09-20,2000-09-21
2000-0621-UGA,Storm,Uganda,,,,10000,10000,2000,2000-09-21,2000-09-21
2000-0622-YEM,Epidemic,Yemen,32,,289,,289,2000,2000-09-10,2000-10-09
2000-0623-AFG,Epidemic,Afghanistan,15,,613,,613,2000,,
2000-0624-UGA,Epidemic,Uganda,13,,19,,19,2000,,
2000-0627-PAN,Flood,Panama,1,,,1000,1000,2000,,
2000-0628-NGA,Flood,Nigeria,,,,1000,1000,2000,2000-09-23,2000-09-23
2000-0631-BGD,Storm,Bangladesh,,37,2500,,2537,2000,2000-06-25,2000-06-25
2000-0632-ITA,Flood,Italy,,,1000,,1000,2000,2000-09-20,2000-09-20
2000-0634-NGA,Mass movement (wet),Nigeria,17,,,300,300,2000,2000-09-23,2000-09-23
2000-0636-FRA,Storm,France,6,7,,200,207,2000,2000-09-19,2000-09-19
2000-0639-MKD,Wildfire,North Macedonia,,,,,,2000,,
2000-0642-BLZ,Storm,Belize,14,570,62000,,62570,2000,2000-09-30,2000-10-03
2000-0643-MEX,Storm,Mexico,23,,30000,,30000,2000,2000-09-29,2000-10-03
2000-0644-NIC,Storm,Nicaragua,1,,2300,,2300,2000,2000-09-29,2000-10-03
2000-0645-SLV,Storm,El Salvador,1,,100,,100,2000,2000-10-01,2000-10-01
2000-0648-COL,Flood,Colombia,9,,28000,,28000,2000,2000-09-20,2000-09-20
2000-0649-ZAF,Epidemic,South Africa,181,,86107,,86107,2000,2000-08-19,2001-04-16
2000-0650-VEN,Flood,Venezuela (Bolivarian Republic of),13,4,20000,,20004,2000,,
2000-0652-USA,Storm,United States of America,2,,14418,3015,17433,2000,2000-10-04,2000-10-04
2000-0653-TZA,Earthquake,United Republic of Tanzania,1,6,750,35,791,2000,2000-10-02,2000-10-02
2000-0656-JPN,Earthquake,Japan,,130,6690,312,7132,2000,2000-10-06,2000-10-06
2000-0657-AGO,Mass movement (wet),Angola,13,,,,,2000,2000-10-09,2000-10-09
2000-0659-AUS,Wildfire,Australia,,,200,,200,2000,,
2000-0660-UGA,Epidemic,Uganda,224,,423,,423,2000,2000-08-08,2001-02-28
2000-0662-GBR,Flood,United Kingdom of Great Britain and Northern Ireland,,,1000,,1000,2000,2000-10-11,2000-10-14
2000-0665-BGD,Epidemic,Bangladesh,10,,22340,,22340,2000,,
2000-0666-BRA,Flood,Brazil,6,,5000,,5000,2000,2000-10-12,2000-10-15
2000-0671-ITA,Flood,Italy,25,,43000,,43000,2000,2000-10-14,2000-10-22
2000-0672-CHE,Mass movement (wet),Switzerland,16,,1500,,1500,2000,2000-10-13,2000-10-13
2000-0673-BIH,Epidemic,Bosnia and Herzegovina,,,400,,400,2000,2000-08-29,2000-08-29
2000-0674-SGP,Epidemic,Singapore,2,,2022,,2022,2000,,
2000-0675-PAK,Epidemic,Pakistan,10,,12,,12,2000,,
2000-0676-KGZ,Extreme temperature,Kyrgyzstan,11,,,,,2000,2000-10-16,2000-10-16
2000-0677-CHN,Flood,China,10,,200000,,200000,2000,2000-10-12,2000-10-18
2000-0679-IRL,Storm,Ireland,1,,,,,2000,,
2000-0680-VNM,Mass movement (wet),Viet Nam,40,17,,,17,2000,2000-10-03,2000-10-03
2000-0683-MYS,Storm,Malaysia,,,500,,500,2000,2000-09-27,2000-09-27
2000-0687-NZL,Storm,New Zealand,,,,,,2000,2000-10-11,2000-10-11
2000-0688-NOR,Flood,Norway,,,600,,600,2000,2000-10-11,2000-10-11
2000-0691-MAR,Flood,Morocco,,,300,,300,2000,2000-10-22,2000-10-25
2000-0692-DZA,Flood,Algeria,28,,100,,100,2000,2000-10-22,2000-10-25
2000-0693-GIN,Epidemic,Guinea,190,,322,,322,2000,2000-10-12,2000-12-27
2000-0694-MYS,Epidemic,Malaysia,2,,508,,508,2000,,
2000-0698-IND,Epidemic,India,51,,,,,2000,,
2000-0699-ESP,Flood,Spain,8,,500,,500,2000,2000-10-20,2000-10-26
2000-0701-IDN,Mass movement (wet),Indonesia,40,,54085,2125,56210,2000,2000-10-29,2000-11-01
2000-0705-RUS,Extreme temperature,Russian Federation,232,94,,,94,2000,2000-10-10,2000-10-10
2000-0706-PHL,Storm,Philippines,154,314,2435942,,2436256,2000,2000-10-28,2000-10-31
2000-0706-TWN,Storm,Taiwan (Province of China),89,2,,,2,2000,2000-11-01,2000-11-04
2000-0708-GRC,Flood,Greece,,,600,,600,2000,2000-10-31,2000-10-31
2000-0709-IND,Epidemic,India,14,,64,,64,2000,2000-10-12,2000-10-12
2000-0710-RUS,Epidemic,Russian Federation,,,2000,,2000,2000,,
2000-0713-BGD,Storm,Bangladesh,15,200,,,200,2000,2000-10-28,2000-10-28
2000-0714-GBR,Storm,United Kingdom of Great Britain and Northern Ireland,12,4,19500,,19504,2000,2000-10-28,2000-10-29
2000-0715-PHL,Storm,Philippines,94,,1747872,,1747872,2000,2000-11-03,2000-11-05
2000-0721-IDN,Mass movement (wet),Indonesia,52,19,,,19,2000,2000-11-05,2000-11-07
2000-0724-ECU,Mass movement (wet),Ecuador,30,30,150,,180,2000,2000-10-14,2000-10-14
2000-0728-LKA,Epidemic,Sri Lanka,2,,113,,113,2000,2000-09-25,2000-09-25
2000-0733-ARG,Flood,Argentina,,,,,,2000,2000-11-09,2000-11-16
2000-0735-VEN,Flood,Venezuela (Bolivarian Republic of),2,,7000,,7000,2000,2000-11-12,2000-11-17
2000-0738-IND,Flood,India,6,,534035,,534035,2000,2000-10-19,2000-10-19
2000-0741-LKA,Flood,Sri Lanka,3,,300000,,300000,2000,2000-11-18,2000-11-22
2000-0742-GRC,Flood,Greece,1,,6000,,6000,2000,2000-11-19,2000-11-19
2000-0743-TJK,Earthquake,Tajikistan,,,6000,,6000,2000,2000-10-30,2000-10-30
2000-0748-VNM,Flood,Viet Nam,36,3,25000,,25003,2000,2000-11-18,2000-11-26
2000-0749-PNG,Earthquake,Papua New Guinea,2,,,5000,5000,2000,2000-11-16,2000-11-16
2000-0750-AUS,Flood,Australia,,,600,,600,2000,2000-11-17,2000-12-02
2000-0752-ITA,Flood,Italy,5,,2000,,2000,2000,2000-11-20,2000-11-20
2000-0753-MOZ,Storm,Mozambique,9,,,750,750,2000,2000-11-18,2000-11-18
2000-0754-ZAF,Flood,South Africa,3,,3000,,3000,2000,2000-11-19,2000-11-23
2000-0755-THA,Flood,Thailand,51,570,808231,,808801,2000,2000-11-21,2000-11-21
2000-0756-USA,Storm,United States of America,,,,,,2000,2000-11-20,2000-11-20
2000-0757-SOM,Epidemic,Somalia,14,,258,,258,2000,2000-10-14,2000-11-15
2000-0758-NAM,Epidemic,Namibia,14,,58,,58,2000,,
2000-0761-IDN,Earthquake,Indonesia,,,5500,,5500,2000,2000-10-25,2000-10-25
2000-0762-IDN,Earthquake,Indonesia,1,,3000,,3000,2000,2000-06-07,2000-06-07
2000-0763-PHL,Mass movement (dry),Philippines,11,,,,,2000,2000-11-08,2000-11-08
2000-0769-AZE,Earthquake,Azerbaijan,31,600,2694,,3294,2000,2000-11-25,2000-11-25
2000-0770-IDN,Flood,Indonesia,100,21,386000,,386021,2000,2000-11-28,2000-12-04
2000-0774-MYS,Flood,Malaysia,12,,8000,,8000,2000,2000-11-21,2000-12-01
2000-0775-FRA,Flood,France,1,,600,,600,2000,2000-07-10,2000-07-10
2000-0776-ARG,Flood,Argentina,2,,,1800,1800,2000,2000-11-22,2000-11-22
2000-0777-THA,Flood,Thailand,9,,12500,,12500,2000,,
2000-0778-SOM,Flood,Somalia,,,150000,,150000,2000,2000-11-20,2000-11-20
2000-0783-PHL,Epidemic,Philippines,1,,664,,664,2000,2000-11-18,2000-11-18
2000-0784-UKR,Storm,Ukraine,4,700,5400,,6100,2000,2000-11-27,2000-11-27
2000-0785-IND,Storm,India,,,30000,,30000,2000,2000-11-29,2000-11-29
2000-0786-MOZ,Storm,Mozambique,5,,350,,350,2000,2000-11-26,2000-11-26
2000-0788-PHL,Storm,Philippines,48,26,164067,,164093,2000,2000-11-30,2000-12-03
2000-0790-TZA,Flood,United Republic of Tanzania,36,17,,1800,1817,2000,2000-12-01,2000-12-31
2000-0791-IDN,Flood,Indonesia,38,,39852,,39852,2000,2000-12-03,2000-12-06
2000-0792-FRA,Flood,France,,,600,,600,2000,2000-12-02,2000-12-02
2000-0795-IND,Epidemic,India,13,,287,,287,2000,2000-10-26,2000-10-26
2000-0797-HTI,Flood,Haiti,12,,,1200,1200,2000,,
2000-0804-MEX,Volcanic activity,Mexico,,,41000,,41000,2000,2000-12-18,2000-12-19
2000-0807-MDA,Storm,Republic of Moldova,,,2600000,,2600000,2000,2000-11-26,2000-11-27
2000-0809-BRA,Flood,Brazil,13,,2000,,2000,2000,2000-12-17,2000-12-26
2000-0810-TKM,Earthquake,Turkmenistan,11,,,,,2000,2000-12-06,2000-12-06
2000-0812-FRA,Flood,France,,,600,,600,2000,2000-12-13,2000-12-13
2000-0815-MNG,Storm,Mongolia,19,,571000,,571000,2000,,
2000-0819-NGA,Mass movement (wet),Nigeria,15,,,,,2000,2000-12-20,2000-12-20
2000-0822-ZWE,Epidemic,Zimbabwe,11,,769,,769,2000,,
2000-0823-BDI,Epidemic,Burundi,308,,722591,,722591,2000,,
2000-0827-MEX,Extreme temperature,Mexico,66,,,,,2000,,
2000-0830-POL,Extreme temperature,Poland,84,,,,,2000,,
2000-0831-LKA,Storm,Sri Lanka,5,,375000,,375000,2000,2000-12-24,2000-12-28
2000-0832-MHL,Epidemic,Marshall Islands,6,,218,,218,2000,2000-12-01,2000-12-01
2000-0834-AZE,Mass movement (wet),Azerbaijan,11,,,,,2000,,
2000-0835-BDI,Flood,Burundi,,,,500,500,2000,2000-12-27,2000-12-27
2000-0838-USA,Storm,United States of America,57,34,,,34,2000,2000-12-24,2000-12-24
2000-0839-ARG,Storm,Argentina,1,,,430,430,2000,2000-12-27,2000-12-27
2000-0840-URY,Storm,Uruguay,,,,100,100,2000,2000-12-27,2000-12-27
2000-0841-MAR,Flood,Morocco,6,,650,,650,2000,2000-12-22,2000-12-22
2000-0842-GBR,Storm,United Kingdom of Great Britain and Northern Ireland,4,,600,,600,2000,,
2000-0843-AUS,Storm,Australia,,,750,,750,2000,2000-12-07,2000-12-07
2000-0852-SWZ,Epidemic,Eswatini,32,,1449,,1449,2000,2000-12-12,2000-12-12
2000-0853-ARG,Wildfire,Argentina,8,,,,,2000,,
2000-0856-GBR,Storm,United Kingdom of Great Britain and Northern Ireland,,,,,,2000,2000-12-27,2000-12-27
2000-0857-LAO,Epidemic,Lao People's Democratic Republic,,,9685,,9685,2000,,
2000-0858-NPL,Epidemic,Nepal,250,,,,,2000,,
2000-0863-ZWE,Epidemic,Zimbabwe,8,,368,,368,2000,2000-12-30,2000-12-30
2000-0864-RUS,Epidemic,Russian Federation,,,154,,154,2000,,
2000-0865-USA,Flood,United States of America,,,100,,100,2000,2000-11-02,2000-11-02
2000-0868-HRV,Flood,Croatia,,,600,,600,2000,2000-12-28,2000-12-30
2000-0868-SCG,Flood,Serbia Montenegro,,,2000,,2000,2000,2000-12-28,2000-12-30
2000-0869-CUB,Flood,Cuba,2,,675,,675,2000,2000-12-25,2000-12-25
2000-0870-FRA,Flood,France,1,2,300,,302,2000,,
2000-0874-IND,Epidemic,India,19,,58,,58,2000,2000-08-31,2000-08-31
2000-0875-NIC,Storm,Nicaragua,1,,210,,210,2000,2000-10-09,2000-10-09
2000-0876-TCD,Epidemic,Chad,607,,5173,,5173,2000,2000-12-25,2001-03-25
2000-0877-KOR,Epidemic,Republic of Korea,6,,39531,,39531,2000,,
2000-0878-BEN,Epidemic,Benin,300,,7232,,7232,2000,2000-10-16,2000-10-16
2000-0879-ETH,Epidemic,Ethiopia,311,,5929,,5929,2000,,
2000-0880-GMB,Epidemic,Gambia,21,,116,,116,2000,,2001-03-26
2000-0882-SLV,Epidemic,El Salvador,24,,211,,211,2000,2000-09-14,2000-09-14
2000-0905-BOL,Flood,Bolivia (Plurinational State of),30,10,,,10,2000,2000-02-03,2000-02-03
2000-0917-ZAF,Storm,South Africa,1,100,,200,300,2000,2000-02-02,2000-02-02
2000-0919-USA,Storm,United States of America,4,,,,,2000,2000-01-22,2000-01-25
2000-0937-USA,Storm,United States of America,12,75,,,75,2000,2000-12-16,2000-12-17
2000-9138-JAM,Drought,Jamaica,,,,,,2000,,
2000-9173-CYP,Drought,Cyprus,,,,,,2000,,
2000-9186-AFG,Drought,Afghanistan,37,,2580000,,2580000,2000,,
2000-9186-TJK,Drought,Tajikistan,,,3000000,,3000000,2000,,
2000-9222-IND,Drought,India,20,,50000000,,50000000,2000,,
2000-9267-CHN,Drought,China,,,15000000,,15000000,2000,,
2000-9309-MDG,Drought,Madagascar,,,231290,,231290,2000,,
2000-9318-MDA,Drought,Republic of Moldova,2,,,,,2000,,
2000-9327-JOR,Drought,Jordan,,,150000,,150000,2000,,
2000-9328-ROU,Drought,Romania,,,,,,2000,,
2000-9339-USA,Drought,United States of America,,,,,,2000,,
2000-9494-UZB,Drought,Uzbekistan,,,600000,,600000,2000,,
2000-9495-ARM,Drought,Armenia,,,297000,,297000,2000,,
2000-9495-AZE,Drought,Azerbaijan,,,,,,2000,,
2000-9495-GEO,Drought,Georgia,,,696000,,696000,2000,,
2000-9496-CUB,Drought,Cuba,,,,,,2000,,
2000-9531-CHN,Drought,China,,,5000000,,5000000,2000,,
2000-9537-BIH,Drought,Bosnia and Herzegovina,,,,,,2000,,
2000-9604-MNG,Drought,Mongolia,,,450000,,450000,2000,,
2000-9626-CHN,Drought,China,,,,,,2000,,
2000-9712-USA,Drought,United States of America,,,,,,2000,,
2000-9788-BGR,Drought,Bulgaria,,,,,,2000,,
2000-9860-HND,Drought,Honduras,,,1125,,1125,2000,,
2000-9860-NIC,Drought,Nicaragua,,,,,,2000,,
2000-9881-BOL,Drought,Bolivia (Plurinational State of),,,20000,,20000,2000,,
2001-0005-TZA,Earthquake,United Republic of Tanzania,,,,700,700,2001,2001-01-05,2001-01-05
2001-0008-CHN,Storm,China,49,78098,2496773,,2574871,2001,2001-01-01,2001-02-17
2001-0010-KOR,Storm,Republic of Korea,11,300,,,300,2001,2001-01-08,2001-01-08
2001-0011-IND,Extreme temperature,India,125,,,,,2001,,
2001-0012-ARG,Storm,Argentina,4,150,500,,650,2001,2001-01-10,2001-01-10
2001-0013-SLV,Earthquake,El Salvador,844,4723,1329806,,1334529,2001,2001-01-13,2001-01-13
2001-0017-KAZ,Extreme temperature,Kazakhstan,3,12,,,12,2001,,
2001-0018-RUS,Extreme temperature,Russian Federation,145,120,6000,,6120,2001,,
2001-0019-MOZ,Flood,Mozambique,79,,549326,,549326,2001,2001-01-01,2001-04-27
2001-0023-GTM,Earthquake,Guatemala,6,2,150,,152,2001,2001-01-13,2001-01-13
2001-0024-NPL,Epidemic,Nepal,13,,,,,2001,,
2001-0025-MWI,Flood,Malawi,59,,500000,,500000,2001,,
2001-0027-AFG,Extreme temperature,Afghanistan,150,,100000,,100000,2001,2001-01-31,2001-02-20
2001-0028-AUS,Flood,Australia,1,30,300,,330,2001,,
2001-0029-BOL,Flood,Bolivia (Plurinational State of),41,,357250,,357250,2001,2001-01-01,2001-03-22
2001-0030-AUS,Storm,Australia,1,,,,,2001,2001-01-16,2001-01-16
2001-0031-GRC,Flood,Greece,11,,450,,450,2001,,
2001-0033-IND,Earthquake,India,20005,166812,4365000,1790000,6321812,2001,2001-01-26,2001-01-26
2001-0033-PAK,Earthquake,Pakistan,12,100,914192,,914292,2001,2001-01-26,2001-01-26
2001-0037-ZAF,Storm,South Africa,14,10,,,10,2001,2001-01-30,2001-01-30
2001-0040-PRT,Flood,Portugal,6,,,200,200,2001,2001-01-26,2001-01-29
2001-0041-IDN,Mass movement (wet),Indonesia,122,,,23000,23000,2001,2001-02-08,2001-02-12
2001-0042-SLV,Earthquake,El Salvador,315,3399,252622,,256021,2001,2001-02-13,2001-02-13
2001-0045-AUS,Storm,Australia,1,27,,,27,2001,2001-01-18,2001-01-18
2001-0046-IDN,Mass movement (wet),Indonesia,63,,,,,2001,2001-01-22,2001-01-22
2001-0047-TZA,Mass movement (wet),United Republic of Tanzania,13,,,150,150,2001,2001-01-22,2001-01-22
2001-0049-LKA,Flood,Sri Lanka,,,,160,160,2001,,
2001-0050-CMR,Epidemic,Cameroon,28,,387,,387,2001,2001-01-01,2001-02-25
2001-0051-IDN,Flood,Indonesia,130,,80000,,80000,2001,2001-02-04,2001-02-18
2001-0052-CAN,Storm,Canada,11,,,30,30,2001,2001-02-10,2001-02-10
2001-0053-CHL,Flood,Chile,,,2245,314,2559,2001,2001-02-16,2001-02-16
2001-0054-PHL,Storm,Philippines,55,84,,100000,100084,2001,2001-02-17,2001-02-17
2001-0059-PHL,Flood,Philippines,2,,12000,,12000,2001,2001-01-15,2001-01-15
2001-0061-IND,Epidemic,India,28,,42,,42,2001,2001-02-01,2001-02-01
2001-0062-KEN,Epidemic,Kenya,9,,102,,102,2001,,
2001-0063-BFA,Epidemic,Burkina Faso,1525,,9372,,9372,2001,2001-01-01,2001-04-15
2001-0064-CHN,Earthquake,China,3,109,,300000,300109,2001,2001-02-23,2001-02-23
2001-0066-FRA,Flood,France,,,390,,390,2001,2001-01-05,2001-01-07
2001-0079-ROU,Flood,Romania,,,4000,,4000,2001,2001-03-04,2001-03-17
2001-0082-ZWE,Flood,Zimbabwe,13,,30000,,30000,2001,,
2001-0085-JPN,Storm,Japan,5,300,,,300,2001,2001-01-20,2001-01-20
2001-0087-AUS,Flood,Australia,,,,,,2001,2001-02-01,2001-02-01
2001-0091-ZMB,Flood,Zambia,5,,617900,,617900,2001,,
2001-0092-NGA,Epidemic,Nigeria,16,,1,,1,2001,,
2001-0093-VUT,Storm,Vanuatu,1,,,,,2001,2001-02-28,2001-02-28
2001-0095-HUN,Flood,Hungary,,,10000,,10000,2001,2001-03-04,2001-03-17
2001-0096-UKR,Flood,Ukraine,9,,300000,,300000,2001,2001-03-04,2001-03-17
2001-0097-CAF,Storm,Central African Republic,3,,,3000,3000,2001,,
2001-0099-USA,Earthquake,United States of America,1,400,,,400,2001,2001-02-28,2001-02-28
2001-0102-USA,Storm,United States of America,7,30,900,,930,2001,2001-02-24,2001-02-24
2001-0103-AUS,Flood,Australia,,,670,,670,2001,2001-02-18,2001-02-23
2001-0104-SYR,Storm,Syrian Arab Republic,27,172,,,172,2001,2001-02-21,2001-02-21
2001-0106-USA,Storm,United States of America,11,100,,,100,2001,2001-02-22,2001-02-22
2001-0107-GEO,Storm,Georgia,,,900,,900,2001,,
2001-0108-MWI,Epidemic,Malawi,20,,1500,,1500,2001,,
2001-0109-TZA,Flood,United Republic of Tanzania,5,,,200,200,2001,2001-02-27,2001-02-27
2001-0117-PER,Flood,Peru,,,46000,,46000,2001,2001-03-01,2001-03-21
2001-0120-CAF,Epidemic,Central African Republic,343,,1473,,1473,2001,2001-02-18,2001-03-30
2001-0121-ARG,Flood,Argentina,,,600,,600,2001,2001-03-21,2001-03-21
2001-0123-JPN,Earthquake,Japan,2,161,11100,,11261,2001,2001-03-24,2001-03-24
2001-0125-SAU,Epidemic,Saudi Arabia,35,,74,,74,2001,2001-02-09,2001-03-22
2001-0126-NER,Epidemic,Niger,321,,3693,,3693,2001,2001-01-02,2001-04-08
2001-0127-COD,Epidemic,Democratic Republic of the Congo,8,,677,,677,2001,,
2001-0130-AUS,Flood,Australia,3,1,3000,,3001,2001,2001-03-08,2001-03-15
2001-0131-GBR,Flood,United Kingdom of Great Britain and Northern Ireland,,,150,,150,2001,2001-02-09,2001-02-09
2001-0141-NGA,Epidemic,Nigeria,340,,,,,2001,,
2001-0143-VUT,Storm,Vanuatu,1,,505,295,800,2001,2001-04-07,2001-04-07
2001-0145-USA,Storm,United States of America,4,18,765,30,813,2001,2001-04-10,2001-04-11
2001-0146-AGO,Flood,Angola,48,,39928,,39928,2001,2001-04-02,2001-04-09
2001-0147-ARG,Storm,Argentina,16,,,2000,2000,2001,2001-04-05,2001-04-05
2001-0151-CHN,Earthquake,China,2,190,150000,,150190,2001,2001-04-12,2001-04-12
2001-0155-MNG,Storm,Mongolia,16,,175000,,175000,2001,2001-04-07,2001-04-07
2001-0156-COL,Flood,Colombia,,,1500,,1500,2001,2001-04-09,2001-04-09
2001-0163-TGO,Epidemic,Togo,187,,976,,976,2001,2001-01-01,2001-01-01
2001-0176-THA,Flood,Thailand,83,30,,4100,4130,2001,2001-05-04,2001-05-05
2001-0180-IRN,Flood,Iran (Islamic Republic of),32,50,1250,,1300,2001,2001-05-06,2001-05-06
2001-0183-NAM,Epidemic,Namibia,134,,12098,,12098,2001,,
2001-0186-ECU,Flood,Ecuador,11,,1200,,1200,2001,2001-03-08,2001-03-10
2001-0187-THA,Flood,Thailand,2,,6000,,6000,2001,2001-03-11,2001-03-11
2001-0188-TUR,Flood,Türkiye,4,,450,,450,2001,2001-03-08,2001-03-08
2001-0193-FRA,Flood,France,3,,8100,,8100,2001,2001-03-21,2001-03-28
2001-0194-USA,Storm,United States of America,,,492,,492,2001,2001-03-29,2001-03-29
2001-0198-BGD,Storm,Bangladesh,12,200,,,200,2001,2001-05-11,2001-05-11
2001-0201-NGA,Epidemic,Nigeria,84,,340,,340,2001,,
2001-0202-BGD,Storm,Bangladesh,193,2000,500,,2500,2001,2001-04-01,2001-04-01
2001-0203-CAN,Epidemic,Canada,1,,399,,399,2001,,
2001-0207-HTI,Flood,Haiti,26,11,5070,,5081,2001,2001-05-16,2001-05-18
2001-0209-COD,Flood,Democratic Republic of the Congo,50,26,,,26,2001,2001-05-18,2001-05-18
2001-0213-BRA,Flood,Brazil,23,,,4000,4000,2001,2001-04-25,2001-04-26
2001-0214-CHN,Earthquake,China,2,605,,10000,10605,2001,2001-05-23,2001-05-23
2001-0217-CHN,Mass movement (wet),China,74,,,,,2001,2001-05-01,2001-05-01
2001-0227-RUS,Flood,Russian Federation,10,,50305,,50305,2001,2001-05-12,2001-05-27
2001-0229-FRA,Flood,France,,,7371,,7371,2001,2001-04-07,2001-05-02
2001-0231-COD,Epidemic,Democratic Republic of the Congo,66,,1488,,1488,2001,,
2001-0233-AFG,Earthquake,Afghanistan,4,20,,250,270,2001,2001-06-01,2001-06-01
2001-0236-URY,Flood,Uruguay,,,5000,,5000,2001,,
2001-0241-CHN,Flood,China,29,,1760000,,1760000,2001,2001-06-02,2001-06-02
2001-0242-USA,Storm,United States of America,41,,102000,70000,172000,2001,2001-06-05,2001-06-17
2001-0243-IND,Flood,India,5,,700000,,700000,2001,2001-06-05,2001-06-22
2001-0246-YEM,Storm,Yemen,13,,,,,2001,2001-06-09,2001-06-09
2001-0252-ECU,Flood,Ecuador,47,30,8300,,8330,2001,2001-06-11,2001-06-20
2001-0254-VUT,Volcanic activity,Vanuatu,,,4500,,4500,2001,2001-06-08,2001-06-08
2001-0257-RUS,Storm,Russian Federation,,28,12000,400,12428,2001,2001-05-15,2001-05-15
2001-0262-USA,Flood,United States of America,,,200,,200,2001,2001-02-27,2001-03-01
2001-0264-RUS,Storm,Russian Federation,8,,,,,2001,2001-03-03,2001-03-03
2001-0266-USA,Storm,United States of America,2,,100,,100,2001,2001-03-20,2001-03-20
2001-0267-PAK,Storm,Pakistan,4,,,500,500,2001,2001-03-28,2001-03-28
2001-0268-USA,Flood,United States of America,1,,4400,,4400,2001,2001-04-15,2001-05-15
2001-0270-USA,Storm,United States of America,1,32,1707,,1739,2001,2001-04-21,2001-04-21
2001-0271-PER,Flood,Peru,9,10,300,,310,2001,2001-04-25,2001-04-26
2001-0272-GHA,Epidemic,Ghana,,,733,,733,2001,,
2001-0273-BGD,Storm,Bangladesh,21,100,500,,600,2001,2001-04-28,2001-04-28
2001-0274-WSM,Flood,Samoa,,,,,,2001,2001-04-15,2001-04-15
2001-0276-NGA,Flood,Nigeria,,,,2000,2000,2001,,
2001-0277-UGA,Flood,Uganda,1,,,300,300,2001,,
2001-0281-PAN,Flood,Panama,,,,775,775,2001,2001-05-02,2001-05-02
2001-0283-NPL,Epidemic,Nepal,13,,242,,242,2001,,
2001-0285-CHL,Storm,Chile,2,,2000,400,2400,2001,2001-05-29,2001-05-29
2001-0288-ROU,Flood,Romania,7,3,10800,,10803,2001,2001-06-19,2001-06-22
2001-0292-CHN,Storm,China,125,,2895000,213000,3108000,2001,2001-06-23,2001-06-25
2001-0293-TWN,Storm,Taiwan (Province of China),9,116,,,116,2001,2001-06-24,2001-06-25
2001-0294-PER,Earthquake,Peru,145,2713,222400,124865,349978,2001,2001-06-23,2001-06-23
2001-0297-PHL,Volcanic activity,Philippines,,,25576,,25576,2001,2001-05-24,2001-05-24
2001-0298-NPL,Mass movement (wet),Nepal,144,,21019,,21019,2001,,
2001-0299-CMR,Flood,Cameroon,30,,,1500,1500,2001,2001-06-28,2001-06-29
2001-0301-AUS,Storm,Australia,,,180,,180,2001,2001-04-26,2001-04-26
2001-0303-USA,Wildfire,United States of America,1,10,129,,139,2001,,
2001-0305-CHN,Flood,China,11,3,30000,,30003,2001,2001-04-20,2001-04-20
2001-0307-PRI,Flood,Puerto Rico,2,,9300,180,9480,2001,2001-05-06,2001-05-07
2001-0309-TUR,Flood,Türkiye,3,,1500,,1500,2001,2001-05-07,2001-05-08
2001-0314-GHA,Flood,Ghana,12,25,139000,5000,144025,2001,2001-06-27,2001-06-30
2001-0318-VNM,Storm,Viet Nam,30,3,117450,,117453,2001,2001-07-04,2001-07-04
2001-0319-PHL,Storm,Philippines,232,241,1902413,,1902654,2001,,
2001-0320-TLS,Flood,Timor-Leste,1,,2508,,2508,2001,2001-06-20,2001-06-23
2001-0322-CHN,Storm,China,33,8298,14990000,,14998298,2001,2001-07-01,2001-07-01
2001-0323-FRA,Flood,France,,1,720,,721,2001,2001-07-04,2001-07-04
2001-0324-FRA,Storm,France,12,85,,,85,2001,2001-07-06,2001-07-06
2001-0328-PAK,Mass movement (wet),Pakistan,15,,,,,2001,2001-07-10,2001-07-10
2001-0329-ESP,Epidemic,Spain,2,,751,,751,2001,2001-07-01,2001-07-18
2001-0330-IND,Epidemic,India,16,,83,,83,2001,2001-06-18,2001-06-18
2001-0331-AFG,Epidemic,Afghanistan,114,,4385,,4385,2001,2001-06-01,2001-07-25
2001-0332-IND,Flood,India,100,,9670000,,9670000,2001,2001-07-08,2001-07-10
2001-0335-KOR,Flood,Republic of Korea,62,,295000,,295000,2001,2001-07-14,2001-07-15
2001-0337-IND,Storm,India,21,,,,,2001,2001-05-24,2001-05-24
2001-0340-CAN,Wildfire,Canada,,,1200,,1200,2001,2001-05-28,2001-05-28
2001-0343-COL,Storm,Colombia,5,200,,7500,7700,2001,2001-06-01,2001-06-01
2001-0344-SHN,Storm,Saint Helena,,,300,,300,2001,2001-05-23,2001-05-23
2001-0345-PNG,Earthquake,Papua New Guinea,,1,,200,201,2001,2001-06-05,2001-06-05
2001-0349-IND,Flood,India,28,4,,,4,2001,,
2001-0350-JPN,Flood,Japan,1,,138,,138,2001,,
2001-0351-USA,Storm,United States of America,,,75,18,93,2001,2001-06-14,2001-06-14
2001-0352-RUS,Infestation,Russian Federation,,,,,,2001,,
2001-0353-CHN,Infestation,China,,,,,,2001,,
2001-0356-CHN,Flood,China,22,7,,,7,2001,2001-06-27,2001-06-27
2001-0357-THA,Storm,Thailand,,,150,,150,2001,2001-06-27,2001-06-27
2001-0358-TUR,Earthquake,Türkiye,,130,350,,480,2001,2001-06-25,2001-06-25
2001-0360-CHN,Flood,China,35,72,,2630,2702,2001,2001-08-25,2001-08-25
2001-0361-VNM,Flood,Viet Nam,9,,175,,175,2001,2001-06-30,2001-06-30
2001-0364-NER,Epidemic,Niger,237,,44276,,44276,2001,,
2001-0365-CHL,Flood,Chile,,,10000,,10000,2001,2001-05-26,2001-05-26
2001-0370-TCD,Epidemic,Chad,113,,3444,,3444,2001,2001-06-26,2001-09-04
2001-0371-KEN,Epidemic,Kenya,14,,222,,222,2001,2001-06-01,2001-06-01
2001-0372-GHA,Epidemic,Ghana,12,,408,,408,2001,2001-04-01,2001-04-01
2001-0373-TGO,Epidemic,Togo,48,,591,,591,2001,2001-04-01,2001-04-01
2001-0375-IRN,Flood,Iran (Islamic Republic of),32,34,1000,,1034,2001,2001-07-20,2001-07-21
2001-0376-PAK,Flood,Pakistan,210,179,400000,,400179,2001,2001-07-22,2001-07-25
2001-0377-ARG,Extreme temperature,Argentina,14,,3000,,3000,2001,,
2001-0378-ITA,Volcanic activity,Italy,,,,,,2001,2001-07-18,2001-07-18
2001-0385-CHN,Mass movement (wet),China,19,22,,10285,10307,2001,2001-07-02,2001-07-02
2001-0386-DEU,Storm,Germany,6,,,,,2001,2001-07-06,2001-07-07
2001-0386-ITA,Storm,Italy,,,,,,2001,2001-07-06,2001-07-08
2001-0387-IND,Flood,India,86,,40000,,40000,2001,2001-07-04,2001-07-16
2001-0388-RUS,Flood,Russian Federation,11,,300000,,300000,2001,2001-07-07,2001-07-13
2001-0389-CHN,Earthquake,China,,,25000,,25000,2001,2001-07-14,2001-07-14
2001-0390-POL,Flood,Poland,27,,15000,,15000,2001,2001-07-20,2001-08-03
2001-0390-SVK,Flood,Slovakia,1,,,,,2001,2001-07-24,2001-07-31
2001-0391-TZA,Epidemic,United Republic of Tanzania,3,,103,,103,2001,2001-05-18,2001-07-20
2001-0392-CHN,Flood,China,46,17,,,17,2001,2001-07-25,2001-07-26
2001-0393-BGD,Flood,Bangladesh,9,,500000,,500000,2001,2001-06-05,2001-06-05
2001-0395-COL,Mass movement (wet),Colombia,14,,,,,2001,2001-06-05,2001-06-05
2001-0401-ARG,Flood,Argentina,,,700,,700,2001,,
2001-0402-YEM,Flood,Yemen,33,,,,,2001,2001-07-26,2001-07-29
2001-0403-KOR,Flood,Republic of Korea,8,,15000,,15000,2001,2001-07-29,2001-07-30
2001-0404-RUS,Extreme temperature,Russian Federation,276,,,,,2001,,
2001-0405-CHN,Storm,China,100,,,,,2001,2001-07-25,2001-08-01
2001-0405-TWN,Storm,Taiwan (Province of China),100,,,,,2001,2001-07-30,2001-07-30
2001-0407-IDN,Flood,Indonesia,257,4,,3690,3694,2001,2001-07-31,2001-08-01
2001-0408-NGA,Flood,Nigeria,,50,,3802,3852,2001,2001-07-22,2001-07-22
2001-0409-IND,Epidemic,India,33,,34078,,34078,2001,2001-07-07,
2001-0410-PRK,Flood,Democratic People's Republic of Korea,10,,,10000,10000,2001,2001-08-01,2001-08-04
2001-0414-IND,Mass movement (wet),India,27,,,,,2001,2001-07-16,2001-07-16
2001-0415-TWN,Storm,Taiwan (Province of China),5,17,,2000,2017,2001,2001-07-11,2001-07-11
2001-0417-SDN,Flood,Sudan,3,,97000,,97000,2001,2001-08-06,2001-09-13
2001-0419-CHN,Storm,China,,,23250,,23250,2001,2001-07-24,2001-07-24
2001-0420-RUS,Flood,Russian Federation,16,,25000,,25000,2001,2001-08-06,2001-08-12
2001-0421-CHN,Mass movement (wet),China,34,8,,300,308,2001,2001-08-01,2001-08-01
2001-0426-CIV,Epidemic,Côte d’Ivoire,21,,203,,203,2001,2001-03-23,2001-10-08
2001-0427-AGO,Epidemic,Angola,30,,332,,332,2001,,2001-10-02
2001-0428-CMR,Epidemic,Cameroon,3,,155,,155,2001,2001-06-25,2001-06-25
2001-0429-CIV,Epidemic,Côte d’Ivoire,175,,2977,,2977,2001,,2001-09-21
2001-0434-YEM,Storm,Yemen,17,,,,,2001,2001-08-12,2001-08-12
2001-0436-VNM,Storm,Viet Nam,3,3,,10000,10003,2001,2001-08-11,2001-08-11
2001-0438-IND,Epidemic,India,12,,24686,,24686,2001,,
2001-0442-ARG,Wildfire,Argentina,,,,,,2001,,
2001-0445-PHL,Flood,Philippines,37,,79000,,79000,2001,2001-08-12,2001-08-14
2001-0448-ETH,Flood,Ethiopia,5,,31000,,31000,2001,2001-08-10,2001-08-10
2001-0450-THA,Flood,Thailand,104,109,450000,,450109,2001,2001-08-08,2001-09-06
2001-0451-USA,Wildfire,United States of America,,,,,,2001,,
2001-0453-IRN,Flood,Iran (Islamic Republic of),412,200,1200000,,1200200,2001,2001-08-10,2001-08-12
2001-0454-JPN,Storm,Japan,9,40,7000,,7040,2001,2001-08-21,2001-08-23
2001-0456-ECU,Volcanic activity,Ecuador,,,22770,,22770,2001,2001-08-14,2001-08-14
2001-0459-BGD,Flood,Bangladesh,,,200000,,200000,2001,2001-08-31,2001-08-31
2001-0460-USA,Flood,United States of America,2,,10500,4500,15000,2001,2001-07-08,2001-07-09
2001-0461-PHL,Volcanic activity,Philippines,,,57645,,57645,2001,2001-07-25,2001-07-25
2001-0464-ETH,Flood,Ethiopia,,,6000,,6000,2001,,
2001-0465-IND,Flood,India,,,400000,,400000,2001,,
2001-0473-USA,Storm,United States of America,3,8,360,,368,2001,2001-06-18,2001-06-18
2001-0474-USA,Storm,United States of America,,,225,,225,2001,2001-06-13,2001-06-13
2001-0475-CHN,Storm,China,,1,11125,,11126,2001,2001-06-19,2001-06-19
2001-0476-JPN,Storm,Japan,1,13,1308,12,1333,2001,2001-06-20,2001-06-20
2001-0477-USA,Storm,United States of America,,2,120,,122,2001,2001-06-21,2001-06-21
2001-0479-THA,Flood,Thailand,,,1000,,1000,2001,2001-06-27,2001-06-27
2001-0481-ZAF,Flood,South Africa,,,42356,,42356,2001,2001-07-03,2001-07-03
2001-0483-MRT,Flood,Mauritania,,,,3000,3000,2001,2001-08-24,2001-08-24
2001-0485-KHM,Flood,Cambodia,56,,1669182,,1669182,2001,2001-08-15,2001-11-19
2001-0486-CHN,Storm,China,15,39,400000,,400039,2001,2001-07-07,2001-07-07
2001-0488-MEX,Storm,Mexico,,,100,,100,2001,2001-07-25,2001-07-25
2001-0489-GMB,Flood,Gambia,1,,250,,250,2001,2001-07-05,2001-07-05
2001-0492-VNM,Flood,Viet Nam,310,,1570270,,1570270,2001,2001-08-15,2001-11-19
2001-0494-NGA,Flood,Nigeria,200,,84065,,84065,2001,2001-08-27,2001-09-04
2001-0499-COL,Wildfire,Colombia,,,,,,2001,,
2001-0500-ZAF,Wildfire,South Africa,20,,,,,2001,2001-09-04,2001-09-04
2001-0501-IND,Mass movement (wet),India,16,,,,,2001,2001-08-14,2001-08-14
2001-0502-IND,Flood,India,10,36,,,36,2001,,
2001-0504-BGR,Wildfire,Bulgaria,,,,,,2001,,
2001-0505-MYS,Flood,Malaysia,,,10000,,10000,2001,2001-08-19,2001-08-19
2001-0508-ZAF,Wildfire,South Africa,11,,,,,2001,2001-09-06,2001-09-06
2001-0509-BEN,Epidemic,Benin,57,,2119,,2119,2001,,
2001-0511-JPN,Storm,Japan,7,15,1200,,1215,2001,2001-09-10,2001-09-13
2001-0515-IND,Flood,India,158,,7000000,,7000000,2001,2001-08-20,2001-08-20
2001-0518-GIN,Epidemic,Guinea,12,,143,,143,2001,2001-08-06,2001-09-23
2001-0521-TCD,Flood,Chad,100,,175763,,175763,2001,2001-08-19,2001-10-11
2001-0522-TWN,Storm,Taiwan (Province of China),80,200,650000,,650200,2001,2001-09-16,2001-09-20
2001-0524-MLI,Flood,Mali,2,,3500,,3500,2001,2001-08-18,2001-10-09
2001-0526-CHN,Storm,China,12,9,,,9,2001,2001-09-01,2001-09-01
2001-0527-IND,Flood,India,48,,2800000,,2800000,2001,,
2001-0528-THA,Flood,Thailand,,,4000,,4000,2001,2001-08-31,2001-08-31
2001-0530-TJK,Flood,Tajikistan,,,2190,,2190,2001,2001-08-28,2001-08-28
2001-0531-PNG,Epidemic,Papua New Guinea,,,1395,,1395,2001,2001-11-01,2001-11-01
2001-0533-BFA,Epidemic,Burkina Faso,6,,308,,308,2001,2001-07-14,2001-09-16
2001-0534-CHN,Flood,China,27,,,250000,250000,2001,2001-09-19,2001-09-22
2001-0536-ITA,Flood,Italy,2,,,,,2001,2001-09-14,2001-09-15
2001-0540-CHN,Mass movement (wet),China,11,,,1000,1000,2001,2001-09-25,2001-09-25
2001-0541-RWA,Flood,Rwanda,10,,,,,2001,2001-09-22,2001-09-22
2001-0544-BRA,Storm,Brazil,13,,,3400,3400,2001,2001-09-29,2001-10-04
2001-0545-IRN,Flood,Iran (Islamic Republic of),,,3000,,3000,2001,2001-10-01,2001-10-02
2001-0546-IDN,Earthquake,Indonesia,,12,12500,,12512,2001,2001-06-28,2001-06-28
2001-0549-GIN,Flood,Guinea,9,,220000,,220000,2001,2001-08-18,2001-10-09
2001-0550-NER,Epidemic,Niger,15,,98,,98,2001,2001-08-27,2001-08-27
2001-0551-MOZ,Epidemic,Mozambique,7,,611,,611,2001,,
2001-0553-BLZ,Storm,Belize,30,,20000,,20000,2001,2001-10-08,2001-10-11
2001-0554-KEN,Epidemic,Kenya,12,,24,,24,2001,,
2001-0555-COD,Epidemic,Democratic Republic of the Congo,104,,893,,893,2001,2001-08-02,2002-01-02
2001-0556-COD,Epidemic,Democratic Republic of the Congo,41,,384,,384,2001,,
2001-0558-PRT,Wildfire,Portugal,,,,,,2001,,
2001-0559-MEX,Flood,Mexico,21,,,,,2001,2001-09-18,2001-09-21
2001-0560-ZAF,Storm,South Africa,,30,,600,630,2001,2001-09-14,2001-09-14
2001-0561-SLV,Flood,El Salvador,,,1000,,1000,2001,2001-09-18,2001-09-21
2001-0562-MEX,Storm,Mexico,3,,3000,800,3800,2001,2001-09-24,2001-10-02
2001-0563-BGD,Storm,Bangladesh,12,450,25000,,25450,2001,2001-10-05,2001-10-05
2001-0564-USA,Storm,United States of America,,7,300,,307,2001,2001-10-10,2001-10-10
2001-0566-USA,Storm,United States of America,2,50,,1000,1050,2001,2001-09-24,2001-09-24
2001-0570-DOM,Storm,Dominican Republic,3,,175,,175,2001,2001-10-04,2001-10-09
2001-0570-GTM,Storm,Guatemala,8,11,6435,,6446,2001,2001-10-08,2001-10-11
2001-0570-MEX,Storm,Mexico,2,,,,,2001,2001-10-04,2001-10-09
2001-0571-PRK,Flood,Democratic People's Republic of Korea,114,84,157500,20000,177584,2001,2001-10-09,2001-10-11
2001-0573-CHN,Mass movement (wet),China,14,18,10000,,10018,2001,2001-09-28,2001-09-28
2001-0575-RUS,Wildfire,Russian Federation,,,,,,2001,2001-10-01,2001-10-01
2001-0579-RUS,Extreme temperature,Russian Federation,332,174,,,174,2001,,
2001-0581-UGA,Epidemic,Uganda,14,,9,,9,2001,,
2001-0582-ARG,Flood,Argentina,1,,250000,,250000,2001,2001-10-01,2001-12-01
2001-0583-FRA,Storm,France,2,35,300,,335,2001,2001-10-20,2001-10-21
2001-0584-IND,Storm,India,78,,25000,2000,27000,2001,,
2001-0587-VNM,Flood,Viet Nam,20,6,35000,,35006,2001,2001-10-20,2001-10-24
2001-0596-PHL,Flood,Philippines,4,,300,,300,2001,2001-10-10,2001-10-10
2001-0598-CHN,Earthquake,China,1,220,,17000,17220,2001,2001-10-27,2001-10-27
2001-0600-MYS,Flood,Malaysia,,,5000,,5000,2001,,
2001-0601-USA,Storm,United States of America,,,360,,360,2001,2001-10-11,2001-10-11
2001-0602-USA,Storm,United States of America,,2,1800,150,1952,2001,2001-10-12,2001-10-12
2001-0603-HND,Storm,Honduras,21,,61051,25270,86321,2001,2001-10-30,2001-11-04
2001-0604-PER,Mass movement (wet),Peru,20,,,150,150,2001,2001-10-28,2001-10-28
2001-0609-NGA,Epidemic,Nigeria,24,,125,,125,2001,2001-10-10,2001-10-10
2001-0610-COD,Epidemic,Democratic Republic of the Congo,72,,851,,851,2001,2001-10-01,2001-10-01
2001-0611-CYM,Storm,Cayman Islands,,,,,,2001,2001-10-30,2001-11-05
2001-0611-HTI,Storm,Haiti,,,,,,2001,2001-10-30,2001-11-05
2001-0611-NIC,Storm,Nicaragua,16,,24866,,24866,2001,2001-11-01,2001-11-04
2001-0612-CUB,Storm,Cuba,5,12,5900000,,5900012,2001,2001-11-04,2001-11-04
2001-0614-PHL,Storm,Philippines,290,147,1060000,,1060147,2001,2001-11-08,2001-11-08
2001-0615-JAM,Storm,Jamaica,1,,,200,200,2001,2001-11-06,2001-11-06
2001-0616-TUR,Mass movement (wet),Türkiye,9,,600,,600,2001,2001-11-10,2001-11-10
2001-0618-IND,Mass movement (wet),India,55,,,,,2001,2001-11-09,2001-11-09
2001-0620-DZA,Flood,Algeria,921,423,45000,,45423,2001,2001-11-10,2001-11-14
2001-0621-ESP,Storm,Spain,10,,,,,2001,2001-11-10,2001-11-10
2001-0624-VNM,Storm,Viet Nam,20,83,60000,13100,73183,2001,2001-11-12,2001-11-12
2001-0626-NGA,Epidemic,Nigeria,80,,2170,,2170,2001,2001-11-14,2001-11-26
2001-0632-SPI,Flood,Canary Islands,7,,300,,300,2001,2001-11-20,2001-11-20
2001-0635-BEN,Epidemic,Benin,21,,109,,109,2001,2001-08-27,2001-08-27
2001-0637-COL,Mass movement (wet),Colombia,80,32,,,32,2001,2001-11-22,2001-11-22
2001-0642-GRC,Flood,Greece,,,600,,600,2001,2001-11-29,2001-11-29
2001-0643-ETH,Epidemic,Ethiopia,311,,5955,,5955,2001,,2001-05-31
2001-0644-NER,Flood,Niger,4,,20000,,20000,2001,2001-11-30,2001-11-30
2001-0645-GBR,Flood,United Kingdom of Great Britain and Northern Ireland,,,90,,90,2001,2001-10-21,2001-10-23
2001-0649-MYS,Flood,Malaysia,,,200,,200,2001,2001-10-30,2001-10-30
2001-0650-UGA,Mass movement (wet),Uganda,11,10,3356,,3366,2001,2001-11-03,2001-11-03
2001-0651-IDN,Mass movement (wet),Indonesia,,,,310,310,2001,2001-10-30,2001-10-30
2001-0652-IDN,Mass movement (wet),Indonesia,,,,600,600,2001,2001-10-23,2001-10-23
2001-0653-SOM,Flood,Somalia,,,6500,,6500,2001,2001-11-01,2001-11-14
2001-0654-VNM,Flood,Viet Nam,,,3000,,3000,2001,2001-11-04,2001-11-04
2001-0655-AUS,Wildfire,Australia,,,,,,2001,,
2001-0658-COD,Epidemic,Democratic Republic of the Congo,20,,243,,243,2001,2001-11-17,2001-11-17
2001-0659-COK,Storm,Cook Islands,,,744,,744,2001,2001-12-02,2001-12-02
2001-0661-POL,Extreme temperature,Poland,270,,,,,2001,2001-10-10,2002-01-20
2001-0662-GAB,Epidemic,Gabon,50,,10,,10,2001,,2002-05-06
2001-0663-ROU,Extreme temperature,Romania,10,,,,,2001,2001-12-01,2001-12-01
2001-0664-ZAF,Flood,South Africa,5,12,300,,312,2001,2001-12-19,2001-12-22
2001-0665-TUR,Flood,Türkiye,5,,570,,570,2001,2001-12-02,2001-12-09
2001-0667-BEN,Epidemic,Benin,300,,7532,,7532,2001,2001-01-01,2001-03-25
2001-0668-AFG,Extreme temperature,Afghanistan,177,,100000,,100000,2001,,
2001-0669-IDN,Earthquake,Indonesia,,,,,,2001,2001-02-13,2001-02-13
2001-0671-BHS,Storm,Bahamas,,,,,,2001,2001-11-09,2001-11-09
2001-0672-RWA,Flood,Rwanda,2,,3000,,3000,2001,2001-10-30,2001-11-02
2001-0681-IND,Extreme temperature,India,48,,,,,2001,,
2001-0682-UGA,Flood,Uganda,,,500,,500,2001,,
2001-0683-COD,Flood,Democratic Republic of the Congo,,,13000,,13000,2001,2001-12-14,2001-12-14
2001-0686-HUN,Extreme temperature,Hungary,81,,,,,2001,,
2001-0689-TUR,Extreme temperature,Türkiye,29,,,,,2001,2001-12-17,2001-12-17
2001-0690-LSO,Storm,Lesotho,,,,1000,1000,2001,2001-12-19,2001-12-19
2001-0691-LSO,Storm,Lesotho,1,1,1000,,1001,2001,,
2001-0692-MKD,Extreme temperature,North Macedonia,15,,,,,2001,,
2001-0693-MYS,Flood,Malaysia,11,,18000,,18000,2001,2001-12-22,2002-01-03
2001-0694-MAR,Flood,Morocco,15,,300,,300,2001,2001-12-23,2001-12-26
2001-0696-BRA,Flood,Brazil,50,196,1750,,1946,2001,2001-12-24,2001-12-25
2001-0699-AUS,Wildfire,Australia,,,4400,,4400,2001,2001-12-25,2002-01-16
2001-0701-BGR,Storm,Bulgaria,2,,,,,2001,2001-12-24,2001-12-24
2001-0703-PER,Flood,Peru,6,,20000,,20000,2001,2001-12-26,2001-12-29
2001-0709-COD,Mass movement (wet),Democratic Republic of the Congo,12,,,,,2001,2001-12-25,2001-12-25
2001-0710-MWI,Flood,Malawi,,,8750,,8750,2001,2001-12-30,2001-12-30
2001-0711-TON,Storm,Tonga,,,16500,,16500,2001,2001-12-31,2001-12-31
2001-0712-COL,Flood,Colombia,,,4500,,4500,2001,,
2001-0713-LVA,Extreme temperature,Latvia,21,,,,,2001,,
2001-0714-LTU,Extreme temperature,Lithuania,20,,,,,2001,,
2001-0716-CHN,Flood,China,,,4000,,4000,2001,2001-12-17,2001-12-18
2001-0717-TJK,Mass movement (wet),Tajikistan,1,15,,150,165,2001,2001-05-20,2001-05-20
2001-0719-IDN,Flood,Indonesia,15,,,2000,2000,2001,2001-12-28,2002-01-01
2001-0720-SLE,Epidemic,Sierra Leone,12,,3,,3,2001,2001-12-13,2001-12-13
2001-0721-KEN,Epidemic,Kenya,5,,395,,395,2001,,
2001-0722-USA,Wildfire,United States of America,1,,,,,2001,2001-10-30,2001-10-30
2001-0723-BRA,Flood,Brazil,12,,,5100,5100,2001,2001-11-19,2001-11-23
2001-0724-USA,Flood,United States of America,9,,600,,600,2001,2001-11-15,2001-11-19
2001-0727-PAK,Epidemic,Pakistan,,,5000,,5000,2001,2001-11-01,2002-02-12
2001-0728-SOM,Epidemic,Somalia,33,,111,,111,2001,2001-10-13,2002-01-28
2001-0730-SCG,Epidemic,Serbia Montenegro,,,170,,170,2001,2001-11-01,2002-02-06
2001-0731-COG,Epidemic,Congo,19,,13,,13,2001,,2002-03-21
2001-0733-TZA,Epidemic,United Republic of Tanzania,22,,412,,412,2001,2001-12-22,2001-12-22
2001-0734-BGD,Extreme temperature,Bangladesh,6,2000,,,2000,2001,,
2001-0735-MEX,Storm,Mexico,,,2500,,2500,2001,2001-08-21,2001-08-21
2001-0738-CRI,Flood,Costa Rica,,,1437,,1437,2001,2001-10-19,2001-10-19
2001-0739-HRV,Flood,Croatia,,,1200,,1200,2001,2001-09-06,2001-09-06
2001-0740-CHN,Flood,China,66,3110,,,3110,2001,2001-06-15,2001-06-15
2001-0741-CHN,Flood,China,166,,300000,,300000,2001,2001-06-19,2001-06-23
2001-0743-FRA,Flood,France,,,300,,300,2001,2001-07-08,2001-07-08
2001-0746-MMR,Flood,Myanmar,51,,,3750,3750,2001,2001-06-02,2001-06-02
2001-0747-RUS,Wildfire,Russian Federation,,,,,,2001,,
2001-0748-TUR,Earthquake,Türkiye,,46,85,,131,2001,2001-07-10,2001-07-10
2001-0749-GRC,Earthquake,Greece,,,300,,300,2001,2001-07-26,2001-07-26
2001-0750-IRN,Earthquake,Iran (Islamic Republic of),,,1000,,1000,2001,2001-10-08,2001-10-08
2001-0751-PER,Earthquake,Peru,2,5,150,,155,2001,2001-12-04,2001-12-04
2001-0753-GTM,Extreme temperature,Guatemala,,,1850,,1850,2001,,
2001-0754-PER,Earthquake,Peru,4,15,3950,,3965,2001,2001-08-09,2001-08-09
2001-0756-TJK,Storm,Tajikistan,,,830,,830,2001,2001-06-16,2001-06-16
2001-0758-PHL,Storm,Philippines,6,8,54832,,54840,2001,2001-12-05,2001-12-07
2001-0759-NOR,Flood,Norway,,,1500,,1500,2001,2001-12-01,2001-12-01
2001-0766-PAK,Mass movement (wet),Pakistan,16,12,,,12,2001,,
2001-0767-MOZ,Flood,Mozambique,,,200000,,200000,2001,,
2001-0768-CHN,Mass movement (wet),China,16,,,,,2001,2001-07-28,2001-07-28
2001-0769-ETH,Flood,Ethiopia,,,2500,,2500,2001,,
2001-0770-USA,Extreme temperature,United States of America,56,,,,,2001,,
2001-0771-USA,Storm,United States of America,11,,,200,200,2001,,
2001-0772-USA,Flood,United States of America,,,3600,,3600,2001,,
2001-0773-USA,Storm,United States of America,,2,200,,202,2001,2001-08-17,2001-08-17
2001-0774-KAZ,Flood,Kazakhstan,,,3668,,3668,2001,2001-05-13,2001-05-13
2001-0775-COD,Epidemic,Democratic Republic of the Congo,502,,6099,,6099,2001,2001-11-01,2002-03-14
2001-0776-COD,Epidemic,Democratic Republic of the Congo,25,,459,,459,2001,2001-10-01,2001-10-01
2001-0777-AFG,Epidemic,Afghanistan,40,,40,,40,2001,2001-12-01,2001-12-01
2001-0778-MWI,Epidemic,Malawi,502,,17352,,17352,2001,2001-10-28,2001-10-28
2001-0779-NZL,Extreme temperature,New Zealand,,,,,,2001,,
2001-0782-LAO,Flood,Lao People's Democratic Republic,,,453000,,453000,2001,,
2001-0783-BIH,Flood,Bosnia and Herzegovina,,,9000,,9000,2001,,
2001-0787-MWI,Epidemic,Malawi,609,,21414,,21414,2001,2001-10-28,2002-03-09
2001-0788-GBR,Epidemic,United Kingdom of Great Britain and Northern Ireland,11,,30,,30,2001,,
2001-0789-ZMB,Epidemic,Zambia,11,,425,,425,2001,,2001-03-15
2001-0790-ETH,Epidemic,Ethiopia,118,,2211,,2211,2001,2001-09-10,2002-02-03
2001-0791-BFA,Epidemic,Burkina Faso,1447,,11140,,11140,2001,,2002-05-15
2001-0792-PHL,Storm,Philippines,,,295355,,295355,2001,2001-08-17,2001-08-19
2001-0793-PHL,Storm,Philippines,4,,37357,,37357,2001,2001-09-22,2001-09-27
2001-0794-IND,Flood,India,146,,,,,2001,2001-09-07,2001-09-24
2001-0795-CHN,Storm,China,6,245,,50000,50245,2001,2001-03-25,2001-03-26
2001-0796-CHN,Storm,China,4,,,,,2001,2001-08-28,2001-09-09
2001-9044-BFA,Drought,Burkina Faso,,,,,,2001,,
2001-9044-MLI,Drought,Mali,,,,,,2001,,
2001-9044-NER,Drought,Niger,,,3584558,,3584558,2001,,
2001-9044-TCD,Drought,Chad,,,800000,,800000,2001,,
2001-9048-MOZ,Drought,Mozambique,,,100000,,100000,2001,,
2001-9067-CMR,Drought,Cameroon,,,,,,2001,,
2001-9122-MOZ,Drought,Mozambique,9,,600000,,600000,2002,,
2001-9122-SWZ,Drought,Eswatini,,,970000,,970000,2001,,
2001-9122-ZWE,Drought,Zimbabwe,,,6000000,,6000000,2001,,
2001-9149-CHN,Drought,China,,,530000,,530000,2001,,
2001-9152-AGO,Drought,Angola,58,,,,,2001,,
2001-9218-CHN,Drought,China,,,15800000,,15800000,2001,,
2001-9383-GTM,Drought,Guatemala,41,,113596,,113596,2001,,
2001-9383-HND,Drought,Honduras,,,195000,,195000,2001,,
2001-9383-NIC,Drought,Nicaragua,,,188000,,188000,2001,,
2001-9383-SLV,Drought,El Salvador,,,400000,,400000,2001,,
2001-9394-BRA,Drought,Brazil,,,1000000,,1000000,2001,,
2001-9398-KOR,Drought,Republic of Korea,,,,,,2001,,
2001-9409-MRT,Drought,Mauritania,,,1000000,,1000000,2001,,
2001-9498-LKA,Drought,Sri Lanka,,,1000000,,1000000,2001,,
2001-9525-KHM,Drought,Cambodia,,,300000,,300000,2001,,
2001-9854-NAM,Drought,Namibia,,,,,,2001,,
2002-0002-VUT,Earthquake,Vanuatu,,,500,,500,2002,2002-01-03,2002-01-03
2002-0003-GRC,Storm,Greece,2,12,,,12,2002,2002-01-04,2002-01-04
2002-0004-MDG,Storm,Madagascar,2,,1900,,1900,2002,2002-01-02,2002-01-02
2002-0005-PHL,Flood,Philippines,11,8,95000,,95008,2002,2002-01-04,2002-01-07
2002-0010-ALB,Storm,Albania,6,,125000,,125000,2002,2002-01-08,2002-01-08
2002-0011-CZE,Storm,Czechia,,,,,,2002,,
2002-0012-FRA,Flood,France,,,180,,180,2002,,
2002-0015-TJK,Earthquake,Tajikistan,3,50,1000,,1050,2002,2002-01-09,2002-01-09
2002-0016-UGA,Storm,Uganda,,,,100,100,2002,2002-01-05,2002-01-05
2002-0017-USA,Storm,United States of America,24,,,,,2002,,
2002-0018-IDN,Flood,Indonesia,21,,40,,40,2002,2002-01-08,2002-01-12
2002-0020-IRN,Flood,Iran (Islamic Republic of),11,,,4500,4500,2002,2002-01-11,2002-01-13
2002-0024-RUS,Flood,Russian Federation,1,,3000,,3000,2002,2002-01-06,2002-01-23
2002-0025-ZAF,Storm,South Africa,,,150,,150,2002,2002-01-08,2002-01-08
2002-0026-SEN,Flood,Senegal,28,,179000,,179000,2002,2002-01-09,2002-01-12
2002-0030-ETH,Epidemic,Ethiopia,12,,,,,2002,2002-01-15,2002-01-15
2002-0031-IDN,Epidemic,Indonesia,17,,757,,757,2002,2002-01-10,2002-01-10
2002-0033-COD,Volcanic activity,Democratic Republic of the Congo,200,400,,110000,110400,2002,2002-01-17,2002-01-21
2002-0035-IDN,Flood,Indonesia,13,,2000,,2000,2002,2002-01-13,2002-01-18
2002-0036-NZL,Flood,New Zealand,,,300,,300,2002,2002-01-12,2002-01-15
2002-0039-MUS,Storm,Mauritius,3,50,,1000,1050,2002,2002-01-22,2002-01-22
2002-0042-RWA,Earthquake,Rwanda,45,108,1535,,1643,2002,2002-01-17,2002-01-17
2002-0043-REU,Storm,Réunion,,300,,2800,3100,2002,,
2002-0048-RUS,Storm,Russian Federation,2,,,,,2002,2002-01-29,2002-01-29
2002-0050-BEL,Flood,Belgium,,,600,,600,2002,2002-01-27,2002-01-27
2002-0052-CAF,Wildfire,Central African Republic,1,,,750,750,2002,2002-01-30,2002-01-30
2002-0054-IDN,Flood,Indonesia,150,750,500000,,500750,2002,2002-01-27,2002-02-12
2002-0055-DEU,Storm,Germany,4,6,,,6,2002,2002-01-28,2002-01-29
2002-0056-MRT,Flood,Mauritania,25,,27500,,27500,2002,2002-01-09,2002-01-09
2002-0059-POL,Storm,Poland,6,,,,,2002,2002-01-28,2002-01-28
2002-0064-MYS,Mass movement (wet),Malaysia,10,,,,,2002,2002-01-31,2002-01-31
2002-0065-TUR,Earthquake,Türkiye,42,327,222000,30000,252327,2002,2002-02-03,2002-02-03
2002-0069-THA,Storm,Thailand,1,100,25000,2604,27704,2002,2002-01-12,2002-01-12
2002-0070-PNG,Earthquake,Papua New Guinea,1,,,1000,1000,2002,2002-01-10,2002-01-10
2002-0072-MEX,Volcanic activity,Mexico,,,300,,300,2002,2002-02-06,2002-02-06
2002-0077-PER,Flood,Peru,6,,8349,,8349,2002,2002-02-04,2002-02-15
2002-0080-COD,Flood,Democratic Republic of the Congo,40,40,2500,,2540,2002,2002-02-06,2002-02-08
2002-0082-BRA,Flood,Brazil,17,,,1500,1500,2002,2002-02-03,2002-02-05
2002-0083-MWI,Flood,Malawi,1,,150000,,150000,2002,2002-01-01,2002-03-05
2002-0088-AFG,Mass movement (wet),Afghanistan,5,,400,,400,2002,2002-02-06,2002-02-06
2002-0089-CHL,Wildfire,Chile,,,,,,2002,,
2002-0092-USA,Wildfire,United States of America,,11,,123,134,2002,2002-02-10,2002-02-10
2002-0101-BEL,Flood,Belgium,,,1200,,1200,2002,2002-02-11,2002-02-11
2002-0103-GTM,Flood,Guatemala,,,98740,,98740,2002,2002-02-04,2002-02-04
2002-0107-IRN,Earthquake,Iran (Islamic Republic of),1,30,750,,780,2002,2002-02-17,2002-02-17
2002-0110-BOL,Flood,Bolivia (Plurinational State of),76,146,5000,,5146,2002,2002-02-19,2002-02-21
2002-0112-ZAF,Epidemic,South Africa,11,,256,,256,2002,2002-02-14,2002-02-14
2002-0119-USA,Storm,United States of America,28,,,,,2002,2002-01-30,2002-02-08
2002-0122-AFG,Earthquake,Afghanistan,150,13,3500,,3513,2002,2002-03-03,2002-03-03
2002-0122-PAK,Earthquake,Pakistan,3,,,,,2002,2002-03-03,2002-03-03
2002-0122-TJK,Earthquake,Tajikistan,,,,500,500,2002,2002-03-03,2002-03-03
2002-0125-ECU,Flood,Ecuador,31,6,51080,3027,54113,2002,2002-03-06,2002-04-29
2002-0126-FSM,Storm,Micronesia (Federated States of),,,,175,175,2002,2002-03-03,2002-03-03
2002-0128-USA,Storm,United States of America,20,,,,,2002,,
2002-0129-PHL,Earthquake,Philippines,15,100,73351,,73451,2002,2002-03-05,2002-03-05
2002-0135-ZWE,Epidemic,Zimbabwe,4,,102,,102,2002,2002-03-06,2002-03-06
2002-0136-NGA,Epidemic,Nigeria,120,,2880,,2880,2002,2002-03-06,2002-03-06
2002-0137-MWI,Epidemic,Malawi,175,,,,,2002,,
2002-0138-NGA,Epidemic,Nigeria,14,,100,,100,2002,2002-02-15,2002-02-15
2002-0139-AFG,Epidemic,Afghanistan,60,,,,,2002,,
2002-0144-EGY,Flood,Egypt,4,,800,,800,2002,2002-03-03,2002-03-11
2002-0154-BRA,Epidemic,Brazil,57,,317730,,317730,2002,2002-01-01,2002-04-25
2002-0155-ZAF,Epidemic,South Africa,1,,169,,169,2002,2002-03-07,2002-03-07
2002-0156-IND,Epidemic,India,,,200,,200,2002,2002-03-12,2002-03-12
2002-0157-AUS,Storm,Australia,,,,,,2002,2002-02-16,2002-02-16
2002-0160-URY,Storm,Uruguay,2,,1300,200,1500,2002,2002-03-15,2002-03-15
2002-0162-ECU,Flood,Ecuador,,,520,,520,2002,2002-03-19,2002-03-19
2002-0163-MOZ,Flood,Mozambique,,,,500,500,2002,2002-03-18,2002-03-22
2002-0165-USA,Storm,United States of America,6,4,750,,754,2002,2002-03-19,2002-03-19
2002-0168-DEU,Epidemic,Germany,,,600,,600,2002,2002-02-01,2002-02-01
2002-0169-SOM,Epidemic,Somalia,30,,,,,2002,2002-02-20,2002-02-20
2002-0170-SDN,Epidemic,Sudan,49,,281,,281,2002,2002-02-05,2002-02-05
2002-0171-SPI,Flood,Canary Islands,16,30,400,,430,2002,2002-03-31,2002-04-02
2002-0172-TWN,Earthquake,Taiwan (Province of China),4,200,300,,500,2002,2002-03-31,2002-03-31
2002-0175-AFG,Earthquake,Afghanistan,1000,1228,80000,10000,91228,2002,2002-03-25,2002-03-25
2002-0176-PHL,Flood,Philippines,35,,50000,,50000,2002,2002-03-21,2002-03-26
2002-0180-CHN,Storm,China,,,100000000,,100000000,2002,2002-03-14,2002-03-21
2002-0181-JPN,Wildfire,Japan,,,222,,222,2002,2002-03-22,2002-03-22
2002-0183-USA,Flood,United States of America,7,,2000,,2000,2002,2002-03-17,2002-03-24
2002-0184-USA,Wildfire,United States of America,,,,1300,1300,2002,,
2002-0185-AFG,Flood,Afghanistan,,,120,,120,2002,2002-03-22,2002-03-22
2002-0186-IDN,Flood,Indonesia,14,,780,,780,2002,2002-03-27,2002-03-30
2002-0187-PER,Flood,Peru,13,14,2155,,2169,2002,2002-03-17,2002-03-31
2002-0188-AFG,Epidemic,Afghanistan,82,,31,,31,2002,2002-03-28,2002-03-28
2002-0189-ZAF,Epidemic,South Africa,72,,12927,,12927,2002,2002-01-01,2002-01-01
2002-0190-PNG,Mass movement (wet),Papua New Guinea,36,11,163,,174,2002,2002-04-02,2002-04-02
2002-0193-TJK,Flood,Tajikistan,,,390,240,630,2002,2002-03-23,2002-03-23
2002-0194-UGA,Flood,Uganda,,,,100,100,2002,2002-03-30,2002-03-30
2002-0196-AFG,Flood,Afghanistan,39,,4225,,4225,2002,2002-04-04,2002-07-04
2002-0197-VNM,Wildfire,Viet Nam,,,,,,2002,2002-03-24,2002-04-12
2002-0204-IND,Storm,India,9,50,,5000,5050,2002,2002-04-03,2002-04-03
2002-0205-NER,Epidemic,Niger,308,,3210,,3210,2002,2002-01-01,2002-04-21
2002-0206-AFG,Epidemic,Afghanistan,2500,,,,,2002,2002-04-10,2002-04-10
2002-0208-AFG,Earthquake,Afghanistan,50,150,6000,,6150,2002,2002-04-12,2002-04-12
2002-0210-SAU,Flood,Saudi Arabia,19,,,,,2002,2002-04-08,2002-04-13
2002-0211-BGD,Storm,Bangladesh,32,,,1000,1000,2002,2002-03-25,2002-03-25
2002-0213-YEM,Flood,Yemen,2,,260,440,700,2002,2002-04-11,2002-04-11
2002-0215-GHA,Flood,Ghana,,,200,,200,2002,2002-04-08,2002-04-08
2002-0216-IND,Storm,India,,200,10000,,10200,2002,2002-04-11,2002-04-11
2002-0217-ZAF,Storm,South Africa,,,1000,,1000,2002,2002-04-11,2002-04-11
2002-0218-IRN,Flood,Iran (Islamic Republic of),11,,,,,2002,2002-04-14,2002-04-16
2002-0221-SOM,Epidemic,Somalia,63,,1191,,1191,2002,2002-04-12,2002-04-12
2002-0225-ETH,Flood,Ethiopia,22,,4000,,4000,2002,2002-04-16,2002-04-21
2002-0231-MYS,Storm,Malaysia,2,,155,,155,2002,2002-03-30,2002-03-30
2002-0233-BGD,Storm,Bangladesh,31,400,100000,,100400,2002,2002-04-22,2002-04-22
2002-0234-SCG,Earthquake,Serbia Montenegro,1,100,,,100,2002,2002-04-24,2002-04-24
2002-0235-SWE,Epidemic,Sweden,,,350,,350,2002,2002-04-22,2002-04-22
2002-0236-IDN,Flood,Indonesia,19,,,,,2002,2002-04-17,2002-04-20
2002-0237-NIC,Wildfire,Nicaragua,,,16000,,16000,2002,2002-04-18,2002-04-18
2002-0238-NGA,Flood,Nigeria,,,,200,200,2002,,
2002-0240-URY,Flood,Uruguay,,,,2500,2500,2002,2002-04-01,2002-04-01
2002-0242-AFG,Flood,Afghanistan,7,,1200,,1200,2002,2002-04-23,2002-04-26
2002-0246-IRN,Earthquake,Iran (Islamic Republic of),2,56,20000,,20056,2002,2002-04-24,2002-04-24
2002-0247-GEO,Earthquake,Georgia,6,70,18000,1086,19156,2002,2002-04-25,2002-04-25
2002-0248-KEN,Mass movement (wet),Kenya,16,,,,,2002,2002-04-30,2002-04-30
2002-0256-CIV,Epidemic,Côte d’Ivoire,43,,244,,244,2002,,
2002-0257-GIN,Epidemic,Guinea,23,,123,,123,2002,,
2002-0258-MLI,Epidemic,Mali,33,,282,,282,2002,,
2002-0259-SEN,Epidemic,Senegal,7,,121,,121,2002,,
2002-0260-TGO,Epidemic,Togo,95,,494,,494,2002,,
2002-0261-BEN,Epidemic,Benin,50,,452,,452,2002,,
2002-0263-CRI,Flood,Costa Rica,,,20000,,20000,2002,2002-05-06,2002-05-11
2002-0264-PAN,Flood,Panama,4,,10000,1500,11500,2002,2002-05-06,2002-05-11
2002-0265-KEN,Flood,Kenya,53,8,150000,,150008,2002,2002-04-26,2002-05-28
2002-0266-USA,Flood,United States of America,9,,1000,,1000,2002,2002-05-02,2002-05-08
2002-0272-UGA,Flood,Uganda,17,,760,,760,2002,2002-04-26,2002-05-28
2002-0273-RWA,Flood,Rwanda,69,,20000,,20000,2002,2002-04-26,2002-05-28
2002-0274-TZA,Flood,United Republic of Tanzania,9,,1200,,1200,2002,2002-04-26,2002-05-28
2002-0275-BDI,Flood,Burundi,,,6000,,6000,2002,2002-05-06,2002-05-06
2002-0278-CHN,Flood,China,,,561800,,561800,2002,,
2002-0279-RUS,Wildfire,Russian Federation,,,,120,120,2002,2002-05-11,2002-05-11
2002-0281-MDG,Storm,Madagascar,20,1200,520000,5000,526200,2002,2002-05-09,2002-05-09
2002-0283-USA,Storm,United States of America,2,3,150,30,183,2002,2002-05-05,2002-05-05
2002-0284-PAK,Extreme temperature,Pakistan,113,24,,,24,2002,,
2002-0286-THA,Storm,Thailand,,,2000,500,2500,2002,2002-04-23,2002-04-23
2002-0287-USA,Storm,United States of America,1,12,,,12,2002,2002-04-21,2002-04-21
2002-0290-IND,Extreme temperature,India,1030,,,,,2002,2002-05-10,2002-05-22
2002-0291-IDN,Flood,Indonesia,,,1000,,1000,2002,,
2002-0295-AFG,Epidemic,Afghanistan,,,200000,,200000,2002,,2002-05-28
2002-0296-PRY,Flood,Paraguay,,,2765,,2765,2002,2002-05-06,2002-05-28
2002-0301-IND,Epidemic,India,50,,4950,,4950,2002,2002-05-01,2002-05-01
2002-0302-PAK,Epidemic,Pakistan,10,,25,,25,2002,,
2002-0303-PNG,Epidemic,Papua New Guinea,122,,2215,,2215,2002,2002-01-01,2002-01-01
2002-0305-CHN,Flood,China,,,20000000,,20000000,2002,2002-05-22,2002-05-29
2002-0307-COL,Flood,Colombia,37,,38000,,38000,2002,2002-04-24,2002-04-29
2002-0308-IND,Storm,India,11,,,,,2002,2002-04-27,2002-04-27
2002-0309-KGZ,Mass movement (wet),Kyrgyzstan,,,480,522,1002,2002,2002-05-02,2002-05-02
2002-0310-USA,Storm,United States of America,10,100,,,100,2002,2002-04-27,2002-05-03
2002-0312-USA,Wildfire,United States of America,,,,,,2002,,
2002-0315-TJK,Flood,Tajikistan,,,408,,408,2002,2002-05-14,2002-05-14
2002-0321-HTI,Flood,Haiti,31,4,38335,,38339,2002,2002-05-23,2002-06-05
2002-0322-CHL,Flood,Chile,14,,221842,,221842,2002,2002-05-24,2002-06-05
2002-0325-JAM,Flood,Jamaica,9,,25000,,25000,2002,2002-05-23,2002-06-05
2002-0328-NIC,Flood,Nicaragua,,,10542,3004,13546,2002,2002-05-23,2002-06-05
2002-0329-HND,Flood,Honduras,10,,825,144,969,2002,2002-05-23,2002-06-05
2002-0330-PAK,Storm,Pakistan,14,12,,,12,2002,2002-05-27,2002-05-27
2002-0331-USA,Wildfire,United States of America,,,,,,2002,,
2002-0337-SLV,Flood,El Salvador,1,,100,,100,2002,2002-05-23,2002-06-05
2002-0339-COL,Flood,Colombia,28,13,73000,,73013,2002,2002-06-04,2002-06-13
2002-0343-ITA,Flood,Italy,,,,,,2002,2002-06-06,2002-06-09
2002-0344-CHN,Flood,China,22,1,7000,,7001,2002,2002-05-23,2002-06-22
2002-0350-CHN,Flood,China,793,35257,80000000,,80035257,2002,2002-06-08,2002-06-18
2002-0351-USA,Wildfire,United States of America,,,1500,72,1572,2002,2002-06-08,2002-06-08
2002-0354-NGA,Extreme temperature,Nigeria,60,,,,,2002,,
2002-0355-USA,Extreme temperature,United States of America,14,,,,,2002,,
2002-0357-ITA,Epidemic,Italy,3,,9997,,9997,2002,,
2002-0359-CUB,Flood,Cuba,,,35000,,35000,2002,2002-06-12,2002-06-22
2002-0361-CHN,Mass movement (wet),China,10,,,,,2002,2002-06-14,2002-06-14
2002-0363-IRN,Wildfire,Iran (Islamic Republic of),,,,,,2002,,
2002-0367-SCG,Flood,Serbia Montenegro,,,2400,,2400,2002,2002-06-11,2002-06-11
2002-0368-ARG,Earthquake,Argentina,,27,500,200,727,2002,2002-05-28,2002-05-28
2002-0371-SLV,Epidemic,El Salvador,6,,2399,,2399,2002,2002-01-01,2002-07-06
2002-0373-GHA,Flood,Ghana,4,,2000,,2000,2002,2002-06-10,2002-06-12
2002-0374-IND,Flood,India,549,,42000000,,42000000,2002,2002-06-21,2002-08-28
2002-0375-TJK,Flood,Tajikistan,8,,,1500,1500,2002,2002-06-16,2002-06-18
2002-0376-RUS,Flood,Russian Federation,117,1200,329413,,330613,2002,2002-06-19,2002-07-01
2002-0378-IRN,Earthquake,Iran (Islamic Republic of),227,1300,110000,,111300,2002,2002-06-22,2002-06-22
2002-0379-USA,Wildfire,United States of America,,,,1269,1269,2002,2002-06-20,2002-06-20
2002-0381-MDA,Flood,Republic of Moldova,1,,500,,500,2002,,
2002-0383-BGD,Epidemic,Bangladesh,96,,49904,,49904,2002,,
2002-0384-COD,Epidemic,Democratic Republic of the Congo,39,,66,,66,2002,,
2002-0385-MOZ,Epidemic,Mozambique,17,,2028,,2028,2002,2002-01-01,2002-06-17
2002-0397-FSM,Storm,Micronesia (Federated States of),47,148,1300,,1448,2002,2002-07-01,2002-07-01
2002-0399-PAN,Epidemic,Panama,,,173,,173,2002,2002-06-01,2002-06-01
2002-0402-BGD,Flood,Bangladesh,10,,1500000,,1500000,2002,,
2002-0403-BRA,Flood,Brazil,,,2000,,2000,2002,2002-06-12,2002-06-19
2002-0404-CAN,Flood,Canada,,,,,,2002,2002-06-09,2002-06-12
2002-0406-CHN,Storm,China,5,44,2700,,2744,2002,2002-07-05,2002-07-07
2002-0406-JPN,Storm,Japan,1,,,,,2002,2002-07-05,2002-07-07
2002-0406-KOR,Storm,Republic of Korea,4,,,,,2002,2002-07-05,2002-07-07
2002-0408-PHL,Storm,Philippines,33,41,700000,,700041,2002,2002-07-07,2002-07-09
2002-0409-CAN,Wildfire,Canada,,,600,,600,2002,,
2002-0410-YEM,Flood,Yemen,10,,,,,2002,2002-07-06,2002-07-08
2002-0411-USA,Flood,United States of America,10,,144000,,144000,2002,2002-06-30,2002-07-23
2002-0416-ZAF,Wildfire,South Africa,3,500,,1000,1500,2002,,
2002-0417-ALB,Epidemic,Albania,,,226,,226,2002,,
2002-0418-HND,Epidemic,Honduras,8,,4530,,4530,2002,2002-01-01,2002-06-29
2002-0419-AFG,Epidemic,Afghanistan,35,,,,,2002,,
2002-0420-DEU,Storm,Germany,7,13,,,13,2002,2002-07-10,2002-07-10
2002-0422-BOL,Storm,Bolivia (Plurinational State of),20,,12085,,12085,2002,,
2002-0423-PHL,Storm,Philippines,62,,11000,,11000,2002,2002-07-13,2002-07-13
2002-0424-KOR,Storm,Republic of Korea,16,,,,,2002,2002-07-13,2002-07-14
2002-0425-BGD,Storm,Bangladesh,10,,,,,2002,2002-07-14,2002-07-14
2002-0428-NPL,Mass movement (wet),Nepal,472,105,265760,,265865,2002,2002-07-15,2002-08-15
2002-0429-PER,Storm,Peru,59,,86682,,86682,2002,,
2002-0430-JPN,Storm,Japan,,9,570,,579,2002,2002-07-15,2002-07-15
2002-0431-JPN,Storm,Japan,5,18,100000,,100018,2002,2002-07-05,2002-07-05
2002-0432-GUM,Storm,Guam,,,4044,,4044,2002,2002-07-05,2002-07-05
2002-0435-CHN,Epidemic,China,,,1000,,1000,2002,2002-07-17,2002-07-17
2002-0436-AFG,Epidemic,Afghanistan,3,,6688,,6688,2002,2002-07-01,2002-07-17
2002-0437-ECU,Mass movement (dry),Ecuador,60,,,,,2002,2002-07-16,2002-07-16
2002-0442-ZAF,Storm,South Africa,22,,100000,,100000,2002,2002-07-15,2002-07-21
2002-0445-VEN,Flood,Venezuela (Bolivarian Republic of),4,,55376,,55376,2002,2002-07-20,2002-07-31
2002-0447-ROU,Flood,Romania,4,,4500,,4500,2002,2002-07-19,2002-07-23
2002-0448-CHN,Storm,China,25,200,,,200,2002,2002-07-19,2002-07-19
2002-0450-TUR,Flood,Türkiye,34,,3000,,3000,2002,2002-07-23,2002-07-27
2002-0451-CIV,Epidemic,Côte d’Ivoire,19,,562,,562,2002,,2002-07-14
2002-0452-BDI,Epidemic,Burundi,13,,781,,781,2002,2002-06-17,2002-08-22
2002-0454-YEM,Flood,Yemen,13,,,,,2002,2002-07-24,2002-07-26
2002-0458-BDI,Epidemic,Burundi,6,,448,,448,2002,,
2002-0461-CHN,Flood,China,11,12,10000,2300,12312,2002,2002-07-21,2002-07-29
2002-0463-GBR,Flood,United Kingdom of Great Britain and Northern Ireland,1,,200,,200,2002,2002-07-20,2002-07-20
2002-0466-ROU,Flood,Romania,4,,,3900,3900,2002,,
2002-0467-DEU,Flood,Germany,27,108,330000,,330108,2002,2002-08-11,2002-08-20
2002-0468-MLI,Flood,Mali,2,,22519,,22519,2002,2002-07-26,2002-07-27
2002-0469-RUS,Wildfire,Russian Federation,,,,,,2002,,
2002-0470-VNM,Flood,Viet Nam,10,,2000,,2000,2002,2002-07-31,2002-08-06
2002-0471-ROU,Flood,Romania,1,1,300,,301,2002,2002-08-06,2002-08-07
2002-0472-ITA,Flood,Italy,,20,,,20,2002,2002-08-04,2002-08-14
2002-0474-KOR,Flood,Republic of Korea,21,7,4000,,4007,2002,2002-08-05,2002-08-11
2002-0475-TJK,Flood,Tajikistan,24,13,450,1250,1713,2002,2002-08-07,2002-08-08
2002-0476-NGA,Epidemic,Nigeria,72,,750,,750,2002,2002-08-01,2002-08-01
2002-0477-MDG,Epidemic,Madagascar,671,,21975,,21975,2002,2002-07-04,2002-08-29
2002-0478-PRK,Flood,Democratic People's Republic of Korea,,436,38370,19637,58443,2002,2002-08-05,2002-08-11
2002-0479-CZE,Flood,Czechia,18,,200000,,200000,2002,2002-08-07,2002-08-28
2002-0481-CHN,Flood,China,61,15,,,15,2002,,
2002-0482-RUS,Flood,Russian Federation,82,,48000,1500,49500,2002,2002-08-08,2002-08-18
2002-0483-CHN,Flood,China,165,,6340000,,6340000,2002,2002-08-05,2002-08-05
2002-0488-GBR,Flood,United Kingdom of Great Britain and Northern Ireland,,,250,,250,2002,2002-08-10,2002-08-12
2002-0489-AUT,Flood,Austria,9,,60000,,60000,2002,2002-08-12,2002-08-20
2002-0490-IND,Flood,India,33,50,,,50,2002,2002-08-11,2002-08-13
2002-0492-PNG,Volcanic activity,Papua New Guinea,,,13000,,13000,2002,2002-07-02,2002-07-02
2002-0493-PRY,Storm,Paraguay,,,,12500,12500,2002,2002-07-31,2002-07-31
2002-0494-ARG,Extreme temperature,Argentina,,,200,,200,2002,,
2002-0495-CHL,Extreme temperature,Chile,,,25000,,25000,2002,,
2002-0497-NER,Storm,Niger,4,3,1250,,1253,2002,2002-08-12,2002-08-12
2002-0498-CHN,Flood,China,178,311,999000,,999311,2002,2002-08-14,2002-08-20
2002-0499-PHL,Flood,Philippines,26,59,3500,,3559,2002,2002-08-13,2002-08-17
2002-0500-IRN,Flood,Iran (Islamic Republic of),39,,200000,,200000,2002,2002-08-10,2002-08-14
2002-0502-USA,Epidemic,United States of America,214,,3523,,3523,2002,2002-07-09,2002-11-26
2002-0503-ECU,Epidemic,Ecuador,,,100,,100,2002,,2002-08-02
2002-0504-BDI,Epidemic,Burundi,68,,934,,934,2002,2002-07-06,2002-09-22
2002-0505-RWA,Epidemic,Rwanda,83,,636,,636,2002,2002-06-24,2002-09-18
2002-0506-HUN,Flood,Hungary,,,1430,,1430,2002,2002-08-07,2002-08-28
2002-0508-CHN,Mass movement (wet),China,16,,,,,2002,,
2002-0509-PAK,Flood,Pakistan,14,,,,,2002,2002-08-15,2002-08-15
2002-0510-MEX,Flood,Mexico,27,,7000,,7000,2002,2002-08-15,2002-08-17
2002-0512-IDN,Earthquake,Indonesia,,48,2500,,2548,2002,2002-08-15,2002-08-15
2002-0513-SVK,Flood,Slovakia,,,,,,2002,2002-08-16,2002-08-18
2002-0514-ZAF,Flood,South Africa,16,,2500,,2500,2002,2002-08-16,2002-08-18
2002-0515-SDN,Flood,Sudan,,,100000,,100000,2002,2002-08-03,2002-08-03
2002-0516-GTM,Epidemic,Guatemala,1,,2042,,2042,2002,,
2002-0522-KHM,Flood,Cambodia,29,,1470000,,1470000,2002,2002-08-18,2002-11-26
2002-0523-COD,Epidemic,Democratic Republic of the Congo,24,,4000,,4000,2002,,
2002-0528-PHL,Storm,Philippines,7,,,3000,3000,2002,2002-06-28,2002-07-03
2002-0531-CHN,Extreme temperature,China,7,3500,,,3500,2002,,
2002-0532-PHL,Flood,Philippines,18,,7000,,7000,2002,2002-07-20,2002-07-28
2002-0533-RUS,Flood,Russian Federation,,,1500,,1500,2002,2002-07-20,2002-07-26
2002-0534-IND,Epidemic,India,86,,,,,2002,2002-08-13,2002-08-13
2002-0536-MMR,Flood,Myanmar,21,,50000,,50000,2002,,
2002-0539-IND,Flood,India,100,,3000,,3000,2002,2002-08-20,2002-08-20
2002-0540-DZA,Flood,Algeria,29,16,2285,,2301,2002,2002-08-17,2002-08-28
2002-0543-PAK,Flood,Pakistan,22,10,3000,,3010,2002,2002-08-22,2002-08-28
2002-0545-EGY,Earthquake,Egypt,,,250,,250,2002,2002-08-24,2002-08-24
2002-0546-CHL,Flood,Chile,2,,8000,,8000,2002,2002-08-24,2002-08-29
2002-0550-BEL,Flood,Belgium,,,600,,600,2002,2002-08-26,2002-08-26
2002-0552-BGR,Flood,Bulgaria,1,,,,,2002,2002-08-10,2002-08-11
2002-0553-FRA,Flood,France,,,800,,800,2002,2002-08-25,2002-08-25
2002-0557-KOR,Storm,Republic of Korea,184,,88625,,88625,2002,2002-08-31,2002-09-06
2002-0561-PRK,Storm,Democratic People's Republic of Korea,3,,7401,,7401,2002,2002-08-31,2002-09-06
2002-0562-THA,Mass movement (wet),Thailand,35,,,33000,33000,2002,2002-09-03,2002-09-03
2002-0565-RUS,Wildfire,Russian Federation,,,,,,2002,,
2002-0566-MWI,Epidemic,Malawi,41,,773,,773,2002,2002-05-01,2002-08-26
2002-0567-TZA,Epidemic,United Republic of Tanzania,9,,149,,149,2002,2002-07-01,2002-10-02
2002-0568-IND,Flood,India,22,,5000,,5000,2002,2002-09-03,2002-09-06
2002-0569-USA,Storm,United States of America,,36,450,51,537,2002,2002-09-05,2002-09-05
2002-0570-CHN,Storm,China,26,40,7000000,,7000040,2002,2002-09-07,2002-09-08
2002-0570-JPN,Storm,Japan,1,,,,,2002,2002-09-04,2002-09-08
2002-0570-TWN,Storm,Taiwan (Province of China),1,,,,,2002,2002-09-04,2002-09-08
2002-0574-FRA,Flood,France,23,,2500,,2500,2002,2002-09-08,2002-09-12
2002-0576-YEM,Flood,Yemen,28,,,,,2002,2002-08-22,2002-09-06
2002-0577-PNG,Earthquake,Papua New Guinea,4,70,4400,,4470,2002,2002-09-08,2002-09-08
2002-0580-VNM,Flood,Viet Nam,82,,1138200,,1138200,2002,,
2002-0581-LBR,Epidemic,Liberia,,,661,,661,2002,2002-07-01,2002-09-01
2002-0583-GTM,Mass movement (wet),Guatemala,68,14,,460,474,2002,2002-09-13,2002-09-13
2002-0584-IND,Earthquake,India,2,,,200,200,2002,2002-09-13,2002-09-13
2002-0589-ZWE,Epidemic,Zimbabwe,,,350,,350,2002,,
2002-0590-SYC,Storm,Seychelles,,,6800,,6800,2002,2002-09-05,2002-09-05
2002-0597-COD,Epidemic,Democratic Republic of the Congo,67,,2636,,2636,2002,,
2002-0598-HND,Flood,Honduras,,,1720,,1720,2002,2002-09-09,2002-09-09
2002-0599-CHN,Storm,China,25,,180000,,180000,2002,2002-09-13,2002-09-13
2002-0600-USA,Flood,United States of America,,,750,,750,2002,2002-09-21,2002-09-24
2002-0602-RUS,Mass movement (wet),Russian Federation,122,,,,,2002,2002-09-20,2002-09-20
2002-0604-CUB,Storm,Cuba,,,42500,,42500,2002,2002-09-18,2002-09-18
2002-0607-ALB,Flood,Albania,1,,66884,,66884,2002,2002-09-21,2002-10-10
2002-0609-MEX,Storm,Mexico,13,30,500000,,500030,2002,2002-09-20,2002-09-20
2002-0610-VNM,Flood,Viet Nam,55,116,291500,,291616,2002,2002-09-20,2002-09-30
2002-0613-AFG,Flood,Afghanistan,35,,,,,2002,2002-08-28,2002-08-28
2002-0614-LAO,Flood,Lao People's Democratic Republic,2,,150000,,150000,2002,,
2002-0615-IDN,Wildfire,Indonesia,,200,,,200,2002,,
2002-0617-BRB,Storm,Barbados,,,,2000,2000,2002,2002-09-24,2002-09-24
2002-0618-USA,Wildfire,United States of America,,,2000,213,2213,2002,2002-09-22,2002-09-22
2002-0623-SDN,Storm,Sudan,33,,,,,2002,2002-09-27,2002-09-27
2002-0625-USA,Wildfire,United States of America,,,,,,2002,,
2002-0626-CYM,Storm,Cayman Islands,,,300,,300,2002,2002-09-30,2002-10-01
2002-0627-JAM,Storm,Jamaica,4,,1500,,1500,2002,2002-09-30,2002-09-30
2002-0628-PAK,Flood,Pakistan,1,,,1000,1000,2002,2002-09-30,2002-09-30
2002-0629-THA,Flood,Thailand,,,1500,,1500,2002,2002-09-29,2002-09-29
2002-0632-SYR,Mass movement (wet),Syrian Arab Republic,80,23,,,23,2002,2002-10-02,2002-10-02
2002-0634-NPL,Epidemic,Nepal,32,,,,,2002,2002-09-27,2002-09-27
2002-0635-RUS,Storm,Russian Federation,6,,,,,2002,2002-10-02,2002-10-03
2002-0636-CUB,Storm,Cuba,3,,281470,,281470,2002,2002-10-01,2002-10-01
2002-0636-GRD,Storm,Grenada,,,70,5,75,2002,2002-09-24,2002-09-24
2002-0637-AUS,Storm,Australia,,,,,,2002,2002-09-19,2002-09-19
2002-0638-MEX,Flood,Mexico,10,,,,,2002,2002-09-17,2002-09-21
2002-0639-RUS,Extreme temperature,Russian Federation,242,62,25000,,25062,2002,,
2002-0640-CHN,Mass movement (wet),China,15,11,,,11,2002,2002-10-04,2002-10-04
2002-0641-THA,Flood,Thailand,154,62,3289358,,3289420,2002,,
2002-0643-IDN,Earthquake,Indonesia,8,632,8450,,9082,2002,2002-10-10,2002-10-10
2002-0645-CHN,Mass movement (wet),China,22,,,,,2002,2002-09-15,2002-09-15
2002-0647-MEX,Storm,Mexico,,,500,,500,2002,2002-09-25,2002-09-25
2002-0648-DZA,Flood,Algeria,13,4,,,4,2002,2002-10-09,2002-10-12
2002-0650-IND,Flood,India,11,,,,,2002,2002-10-10,2002-10-16
2002-0652-USA,Storm,United States of America,1,,13200,,13200,2002,2002-09-26,2002-09-27
2002-0653-VCT,Storm,Saint Vincent and the Grenadines,4,,,,,2002,2002-09-24,2002-09-24
2002-0654-TZA,Earthquake,United Republic of Tanzania,2,,,2000,2000,2002,2002-05-18,2002-05-18
2002-0655-CHN,Earthquake,China,,,330,48,378,2002,2002-08-08,2002-08-08
2002-0656-CYM,Storm,Cayman Islands,,,,,,2002,2002-09-14,2002-09-26
2002-0656-JAM,Storm,Jamaica,,,,,,2002,2002-09-18,2002-09-19
2002-0657-HTI,Storm,Haiti,4,,250,,250,2002,2002-09-30,2002-09-30
2002-0658-CAF,Epidemic,Central African Republic,6,,727,,727,2002,2002-07-22,2002-07-22
2002-0659-CHN,Flood,China,16,,5250000,,5250000,2002,2002-08-11,2002-08-11
2002-0666-AFG,Epidemic,Afghanistan,100,,,,,2002,2002-10-24,2002-10-24
2002-0667-USA,Epidemic,United States of America,,,101,,101,2002,2002-10-16,2002-10-16
2002-0669-MEX,Storm,Mexico,3,200,8800,,9000,2002,2002-10-25,2002-10-26
2002-0670-MOZ,Storm,Mozambique,3,17,,4000,4017,2002,2002-10-25,2002-10-25
2002-0671-GBR,Storm,United Kingdom of Great Britain and Northern Ireland,7,,,,,2002,2002-10-26,2002-10-28
2002-0672-BEL,Storm,Belgium,5,,,,,2002,2002-10-26,2002-10-28
2002-0673-FRA,Storm,France,4,3,,,3,2002,2002-10-27,2002-10-27
2002-0674-DEU,Storm,Germany,11,,,,,2002,2002-10-26,2002-10-26
2002-0675-AUT,Storm,Austria,2,,,,,2002,2002-10-27,2002-10-28
2002-0676-CHE,Storm,Switzerland,1,2,,,2,2002,2002-10-27,2002-10-27
2002-0677-NLD,Storm,Netherlands (Kingdom of the),4,,,,,2002,2002-10-26,2002-10-28
2002-0678-CZE,Storm,Czechia,2,,,,,2002,2002-10-26,2002-10-28
2002-0678-POL,Storm,Poland,3,,,,,2002,2002-10-27,2002-10-27
2002-0680-ITA,Earthquake,Italy,,9,,1000,1009,2002,2002-10-29,2002-10-29
2002-0681-DNK,Storm,Denmark,1,,,,,2002,2002-10-27,2002-10-27
2002-0682-SWE,Storm,Sweden,1,,,,,2002,2002-10-27,2002-10-27
2002-0685-COD,Epidemic,Democratic Republic of the Congo,41,,353,,353,2002,2002-10-16,2002-10-20
2002-0687-CAN,Epidemic,Canada,2,,139,,139,2002,,2002-10-12
2002-0689-KEN,Flood,Kenya,14,,20000,,20000,2002,2002-10-29,2002-11-04
2002-0690-ITA,Earthquake,Italy,30,33,,8500,8533,2002,2002-10-31,2002-10-31
2002-0691-CHN,Flood,China,,,50000,,50000,2002,2002-10-28,2002-11-02
2002-0692-PAK,Earthquake,Pakistan,17,65,11000,4000,15065,2002,2002-11-02,2002-11-02
2002-0693-ECU,Volcanic activity,Ecuador,,,128150,,128150,2002,2002-11-03,2002-11-04
2002-0694-GRC,Flood,Greece,,,210,,210,2002,2002-11-07,2002-11-07
2002-0700-USA,Storm,United States of America,36,115,3600,351,4066,2002,2002-11-05,2002-11-10
2002-0701-IDN,Volcanic activity,Indonesia,,,5000,,5000,2002,2002-11-11,2002-11-11
2002-0702-IND,Storm,India,124,,,,,2002,2002-11-13,2002-11-13
2002-0703-AFG,Epidemic,Afghanistan,17,,115,,115,2002,2002-09-01,2003-01-22
2002-0705-BGD,Storm,Bangladesh,49,,,,,2002,2002-11-14,2002-11-14
2002-0706-AUT,Storm,Austria,1,,300,,300,2002,2002-11-14,2002-11-14
2002-0708-PER,Flood,Peru,4,,350,,350,2002,2002-11-10,2002-11-10
2002-0711-KEN,Flood,Kenya,12,,2000,,2000,2002,2002-11-17,2002-11-20
2002-0712-FRA,Storm,France,1,,250,,250,2002,2002-11-18,2002-11-18
2002-0717-SDN,Epidemic,Sudan,,,1000,,1000,2002,2002-10-01,2002-10-01
2002-0718-SEN,Epidemic,Senegal,11,,60,,60,2002,2002-08-27,2002-11-28
2002-0721-PAK,Earthquake,Pakistan,19,40,140742,,140782,2002,2002-11-20,2002-11-20
2002-0723-ARG,Storm,Argentina,3,,5000,,5000,2002,2002-10-22,2002-10-22
2002-0724-USA,Storm,United States of America,,,,,,2002,2002-10-03,2002-10-03
2002-0725-VNM,Storm,Viet Nam,,,1800,,1800,2002,,
2002-0728-COL,Mass movement (wet),Colombia,70,,,2000,2000,2002,2002-10-27,2002-10-29
2002-0729-IND,Flood,India,20,,200,,200,2002,2002-10-01,2002-10-01
2002-0732-IDN,Flood,Indonesia,13,,87000,,87000,2002,2002-11-19,2002-12-03
2002-0734-MAR,Flood,Morocco,80,17,15000,,15017,2002,2002-11-24,2002-11-29
2002-0739-COG,Flood,Congo,,,5000,48000,53000,2002,2002-11-10,2003-01-05
2002-0740-ITA,Flood,Italy,2,,10000,,10000,2002,2002-11-22,2002-12-03
2002-0742-COD,Epidemic,Democratic Republic of the Congo,18,,1245,,1245,2002,,2002-11-22
2002-0743-CHE,Mass movement (wet),Switzerland,1,,231,,231,2002,2002-11-14,2002-11-14
2002-0751-USA,Storm,United States of America,30,,,,,2002,2002-12-04,2002-12-05
2002-0753-GUM,Storm,Guam,1,,6000,5100,11100,2002,2002-12-08,2002-12-08
2002-0754-POL,Extreme temperature,Poland,183,,,,,2002,,
2002-0755-CRI,Flood,Costa Rica,10,40,75000,,75040,2002,2002-11-23,2002-12-13
2002-0755-PAN,Flood,Panama,1,,15000,,15000,2002,2002-11-23,2002-12-13
2002-0757-GRC,Earthquake,Greece,,17,150,,167,2002,2002-12-02,2002-12-02
2002-0759-IND,Epidemic,India,44,,,,,2002,2002-09-01,2002-09-01
2002-0760-NGA,Epidemic,Nigeria,14,,,,,2002,2002-12-02,2002-12-02
2002-0761-NGA,Epidemic,Nigeria,11,,9,,9,2002,2002-12-02,2002-12-02
2002-0762-NGA,Epidemic,Nigeria,12,,164,,164,2002,2002-11-21,2002-11-21
2002-0763-COD,Epidemic,Democratic Republic of the Congo,17,,57,,57,2002,2002-10-01,2002-10-01
2002-0764-GRC,Flood,Greece,,,,,,2002,2002-12-06,2002-12-10
2002-0765-AUS,Wildfire,Australia,2,4,,240,244,2002,2002-10-08,2002-12-06
2002-0766-MNG,Storm,Mongolia,3,,665000,,665000,2002,,
2002-0767-ROU,Extreme temperature,Romania,10,,,,,2002,2002-12-07,2002-12-07
2002-0769-IDN,Mass movement (wet),Indonesia,32,5,,,5,2002,2002-12-11,2002-12-11
2002-0770-VUT,Earthquake,Vanuatu,,3,500,,503,2002,2002-11-27,2002-11-27
2002-0771-MKD,Epidemic,North Macedonia,,,200,,200,2002,2002-11-30,2002-11-30
2002-0773-IRL,Flood,Ireland,,,300,,300,2002,2002-11-14,2002-11-25
2002-0774-GBR,Flood,United Kingdom of Great Britain and Northern Ireland,,,300,,300,2002,2002-11-14,2002-11-25
2002-0777-GRC,Flood,Greece,,,180,,180,2002,2002-12-13,2002-12-13
2002-0782-MKD,Flood,North Macedonia,,,1500,150,1650,2002,2002-12-06,2002-12-10
2002-0788-LKA,Flood,Sri Lanka,2,,500000,,500000,2002,2002-12-16,2002-12-20
2002-0789-EGY,Flood,Egypt,14,70,,,70,2002,2002-12-20,2002-12-20
2002-0790-LBN,Storm,Lebanon,,,500,,500,2002,2002-12-20,2002-12-20
2002-0791-TUR,Storm,Türkiye,10,,,,,2002,2002-12-20,2002-12-20
2002-0792-NGA,Epidemic,Nigeria,12,,,,,2002,2002-10-31,2002-10-31
2002-0793-USA,Storm,United States of America,13,,,,,2002,2002-12-19,2002-12-19
2002-0798-AUS,Storm,Australia,,,120,9,129,2002,2002-12-05,2002-12-05
2002-0800-KEN,Flood,Kenya,6,,3000,,3000,2002,2002-12-21,2002-12-23
2002-0802-USA,Storm,United States of America,18,,,,,2002,2002-12-23,2002-12-23
2002-0803-CHN,Storm,China,27,110,220000,,220110,2002,2002-12-25,2002-12-25
2002-0804-IRN,Earthquake,Iran (Islamic Republic of),,15,15000,,15015,2002,2002-12-24,2002-12-24
2002-0805-MEX,Extreme temperature,Mexico,50,,,,,2002,2002-12-24,2002-12-24
2002-0806-GRC,Flood,Greece,,,,,,2002,2002-12-27,2002-12-27
2002-0808-MWI,Flood,Malawi,8,,246340,,246340,2002,2002-12-28,2002-12-28
2002-0811-SLB,Storm,Solomon Islands,,10,,1100,1110,2002,2002-12-28,2002-12-29
2002-0815-PNG,Epidemic,Papua New Guinea,20,,,,,2002,2002-12-24,2002-12-24
2002-0818-IND,Extreme temperature,India,900,,,,,2002,,
2002-0819-BGD,Extreme temperature,Bangladesh,700,,50000,,50000,2002,2002-12-15,
2002-0820-IDN,Earthquake,Indonesia,,,155,,155,2002,2002-09-20,2002-09-20
2002-0821-IRN,Earthquake,Iran (Islamic Republic of),,5,,,5,2002,2002-09-25,2002-09-25
2002-0822-IDN,Earthquake,Indonesia,3,60,,,60,2002,2002-11-02,2002-11-02
2002-0824-BRA,Mass movement (wet),Brazil,74,,,1500,1500,2002,2002-12-09,2002-12-12
2002-0825-JPN,Storm,Japan,,228,,,228,2002,2002-12-09,2002-12-09
2002-0826-MNP,Storm,Northern Mariana Islands,,,,300,300,2002,2002-12-08,2002-12-08
2002-0829-VUT,Flood,Vanuatu,,1,3000,,3001,2002,2002-12-21,2002-12-25
2002-0830-BRA,Mass movement (wet),Brazil,13,,,,,2002,2002-12-21,2002-12-21
2002-0831-NPL,Extreme temperature,Nepal,60,200,,,200,2002,,
2002-0832-CIV,Epidemic,Côte d’Ivoire,15,,55,,55,2002,2002-12-22,2003-01-05
2002-0833-COD,Epidemic,Democratic Republic of the Congo,,,140,,140,2002,2002-12-20,2002-12-20
2002-0834-PAK,Extreme temperature,Pakistan,,,,,,2002,,
2002-0835-CHN,Earthquake,China,2,,65500,,65500,2002,2002-12-14,2002-12-14
2002-0837-COD,Epidemic,Democratic Republic of the Congo,2000,,500000,,500000,2002,,
2002-0839-COL,Flood,Colombia,,,12500,,12500,2002,2002-07-05,2002-08-08
2002-0840-DOM,Flood,Dominican Republic,3,,1750,,1750,2002,2002-05-24,2002-06-07
2002-0842-BDI,Flood,Burundi,,,2000,,2000,2002,,
2002-0845-COL,Flood,Colombia,,,1025,,1025,2002,,
2002-0846-ECU,Volcanic activity,Ecuador,,,21500,,21500,2002,2002-10-02,2002-10-02
2002-0847-CHL,Flood,Chile,3,,800,,800,2002,2002-10-12,2002-11-02
2002-0848-ARG,Flood,Argentina,4,,6000,,6000,2002,2002-10-12,2002-11-02
2002-0849-GTM,Storm,Guatemala,2,,1500,,1500,2002,2002-09-20,2002-09-24
2002-0850-NIC,Storm,Nicaragua,2,,300,,300,2002,2002-09-22,2002-09-22
2002-0851-SLV,Storm,El Salvador,,,500,,500,2002,2002-09-21,2002-09-21
2002-0854-COG,Epidemic,Congo,128,,15,,15,2002,2002-12-31,2003-05-06
2002-0871-CHN,Epidemic,China,20,,674,,674,2002,,
2002-0872-COD,Epidemic,Democratic Republic of the Congo,296,,30878,,30878,2002,,2003-01-15
2002-0874-NER,Epidemic,Niger,8,,96,,96,2002,2002-06-09,2002-07-22
2002-0875-PHL,Storm,Philippines,42,2,54629,,54631,2002,2002-03-20,2002-03-20
2002-0877-PHL,Storm,Philippines,14,2,19048,,19050,2002,2002-07-15,2002-07-23
2002-0878-PHL,Storm,Philippines,57,21,194451,,194472,2002,2002-08-11,2002-08-14
2002-0879-ESP,Flood,Spain,6,50,,,50,2002,2002-03-31,2002-04-01
2002-0880-USA,Storm,United States of America,1,47,,,47,2002,2002-05-30,2002-06-01
2002-0881-ZAF,Storm,South Africa,1,66,,,66,2002,2002-09-09,2002-09-10
2002-0882-ITA,Earthquake,Italy,2,,,,,2002,2002-09-06,2002-09-06
2002-9022-NAM,Drought,Namibia,,,345000,,345000,2002,,
2002-9124-MWI,Drought,Malawi,500,,2829435,,2829435,2002,,
2002-9132-VNM,Drought,Viet Nam,,,1300000,,1300000,2002,,
2002-9158-THA,Drought,Thailand,,,5000000,,5000000,2002,,
2002-9164-PHL,Drought,Philippines,,,,,,2002,,
2002-9203-CHN,Drought,China,,,60000000,,60000000,2002,,
2002-9292-MEX,Drought,Mexico,,,,,,2002,,
2002-9298-ITA,Drought,Italy,,,,,,2002,,
2002-9332-GNB,Drought,Guinea-Bissau,,,100000,,100000,2002,,
2002-9333-LSO,Drought,Lesotho,,,500000,,500000,2002,,
2002-9349-IND,Drought,India,,,300000000,,300000000,2002,,
2002-9398-CPV,Drought,Cabo Verde,,,30000,,30000,2002,,
2002-9485-KHM,Drought,Cambodia,,,650000,,650000,2002,,
2002-9487-SEN,Drought,Senegal,,,284000,,284000,2002,,
2002-9535-GMB,Drought,Gambia,,,,,,2002,,
2002-9564-CHN,Drought,China,,,900000,,900000,2002,,
2002-9605-BRA,Drought,Brazil,,,,,,2002,,
2002-9611-AUS,Drought,Australia,,,,,,2002,,
2002-9707-MDG,Drought,Madagascar,,,600000,,600000,2002,,
2002-9838-HND,Drought,Honduras,,,220000,,220000,2002,,
2002-9843-PER,Drought,Peru,,,21500,,21500,2002,,
2002-9852-UGA,Drought,Uganda,79,,655000,,655000,2002,,
2002-9853-USA,Drought,United States of America,,,,,,2002,,
2002-9854-CHN,Drought,China,,,3660000,,3660000,2002,2002-06-01,2002-10-30
2003-0001-BEL,Flood,Belgium,,,,,,2003,2003-01-01,2003-01-08
2003-0001-FRA,Flood,France,1,,,,,2003,2003-01-01,2003-01-08
2003-0001-PRT,Flood,Portugal,,,36,,36,2003,2003-01-01,2003-01-08
2003-0001-ROU,Flood,Romania,,,,,,2003,2003-01-01,2003-01-08
2003-0003-CHE,Storm,Switzerland,,7,,,7,2003,2003-01-02,2003-01-03
2003-0003-DEU,Storm,Germany,5,,,,,2003,2003-01-02,2003-01-02
2003-0003-FRA,Storm,France,1,,,,,2003,2003-01-02,2003-01-03
2003-0012-BOL,Flood,Bolivia (Plurinational State of),1,,6500,,6500,2003,2003-01-03,2003-01-08
2003-0016-IDN,Flood,Indonesia,3,,10000,,10000,2003,,
2003-0020-MOZ,Flood,Mozambique,4,3,100000,,100003,2003,2003-01-01,2003-02-17
2003-0020-MWI,Flood,Malawi,8,,18500,,18500,2003,2003-01-01,2003-02-17
2003-0021-IDN,Flood,Indonesia,,,230,,230,2003,2003-01-08,2003-01-08
2003-0022-LVA,Extreme temperature,Latvia,15,,,,,2003,,
2003-0024-FJI,Storm,Fiji,17,,30000,,30000,2003,2003-01-14,2003-01-14
2003-0027-TUN,Flood,Tunisia,8,,27000,,27000,2003,2003-01-14,2003-01-16
2003-0028-BRA,Flood,Brazil,54,101,,10410,10511,2003,2003-01-14,2003-01-24
2003-0030-AUS,Wildfire,Australia,4,150,2500,,2650,2003,2003-01-08,2003-02-18
2003-0033-MKD,Flood,North Macedonia,2,,4000,,4000,2003,2003-01-08,2003-01-10
2003-0037-MDG,Flood,Madagascar,16,,19788,3582,23370,2003,2003-01-18,2003-01-31
2003-0039-MEX,Earthquake,Mexico,29,1073,177530,,178603,2003,2003-01-22,2003-01-22
2003-0040-BFA,Epidemic,Burkina Faso,1058,,7146,,7146,2003,2003-01-01,2003-04-20
2003-0042-CHL,Wildfire,Chile,,,,285,285,2003,2003-01-23,2003-01-23
2003-0043-ITA,Flood,Italy,1,,1000,,1000,2003,2003-01-25,2003-01-27
2003-0044-GRC,Flood,Greece,,,450,,450,2003,2003-01-25,2003-01-25
2003-0047-BOL,Flood,Bolivia (Plurinational State of),4,25,6000,,6025,2003,2003-01-21,2003-01-22
2003-0048-ROU,Flood,Romania,3,,,600,600,2003,2003-01-02,2003-01-02
2003-0049-CYP,Storm,Cyprus,,30,,,30,2003,2003-01-27,2003-01-27
2003-0051-PER,Flood,Peru,18,12,60000,,60012,2003,2003-01-23,2003-02-10
2003-0053-IDN,Mass movement (wet),Indonesia,21,74,1686,,1760,2003,2003-01-29,2003-01-29
2003-0054-MOZ,Epidemic,Mozambique,14,,2798,,2798,2003,2003-01-01,2003-06-15
2003-0055-GIN,Epidemic,Guinea,24,,43,,43,2003,2003-01-01,2003-01-23
2003-0057-SLB,Storm,Solomon Islands,,,275,,275,2003,2003-01-26,2003-01-28
2003-0059-DZA,Storm,Algeria,13,,,,,2003,2003-01-31,2003-01-31
2003-0060-IDN,Mass movement (wet),Indonesia,10,,20,,20,2003,2003-01-31,2003-01-31
2003-0065-MDG,Storm,Madagascar,,,,500,500,2003,2003-01-29,2003-01-29
2003-0066-AUS,Storm,Australia,1,,,,,2003,2003-01-09,2003-01-09
2003-0067-IDN,Flood,Indonesia,10,,3700,,3700,2003,2003-01-10,2003-01-10
2003-0068-IRN,Earthquake,Iran (Islamic Republic of),,80,6750,3250,10080,2003,2003-01-11,2003-01-11
2003-0069-IDN,Earthquake,Indonesia,,2,2500,,2502,2003,2003-01-23,2003-01-23
2003-0072-AGO,Flood,Angola,9,,,600,600,2003,2003-02-06,2003-02-20
2003-0073-COD,Storm,Democratic Republic of the Congo,17,2500,,20000,22500,2003,2003-02-02,2003-02-02
2003-0074-IDN,Flood,Indonesia,1,,15000,,15000,2003,2003-01-28,2003-01-28
2003-0079-AUS,Flood,Australia,1,,20,,20,2003,2003-02-05,2003-02-12
2003-0080-ARG,Flood,Argentina,4,,3000,,3000,2003,2003-02-10,2003-02-10
2003-0085-USA,Storm,United States of America,44,,120,,120,2003,2003-02-14,2003-02-18
2003-0086-PAK,Storm,Pakistan,51,57,,2500,2557,2003,2003-02-16,2003-02-22
2003-0087-CAN,Flood,Canada,,,1100,,1100,2003,2003-02-15,2003-02-21
2003-0089-IND,Storm,India,20,,,200,200,2003,2003-02-17,2003-02-17
2003-0096-LBN,Flood,Lebanon,,,17000,,17000,2003,,
2003-0097-GRC,Flood,Greece,,,,,,2003,2003-02-02,2003-02-02
2003-0098-MOZ,Flood,Mozambique,32,,400000,,400000,2003,2003-02-04,2003-02-17
2003-0099-IND,Storm,India,14,4,,,4,2003,2003-02-19,2003-02-19
2003-0100-IND,Storm,India,5,,140,,140,2003,2003-02-18,2003-02-18
2003-0104-AFG,Flood,Afghanistan,10,,,,,2003,,
2003-0105-CHN,Earthquake,China,268,4000,510000,3000,517000,2003,2003-02-24,2003-02-24
2003-0109-AUS,Flood,Australia,,,100,,100,2003,2003-02-21,2003-02-24
2003-0114-MOZ,Storm,Mozambique,11,10,23000,,23010,2003,2003-03-03,2003-03-03
2003-0114-ZWE,Storm,Zimbabwe,8,,,,,2003,2003-03-07,2003-03-07
2003-0115-TJK,Mass movement (wet),Tajikistan,,,181,,181,2003,2003-02-26,2003-02-26
2003-0117-GRC,Flood,Greece,,,,,,2003,2003-02-19,2003-02-19
2003-0118-IDN,Flood,Indonesia,3,,33000,,33000,2003,2003-02-13,2003-02-14
2003-0129-UKR,Flood,Ukraine,,,600,,600,2003,2003-03-12,2003-03-12
2003-0130-NER,Epidemic,Niger,195,,1861,,1861,2003,,2003-03-09
2003-0134-IND,Storm,India,30,500,294765,190645,485910,2003,2003-03-12,2003-03-12
2003-0135-NCL,Storm,New Caledonia,2,100,,1000,1100,2003,2003-03-13,2003-03-13
2003-0138-COL,Mass movement (wet),Colombia,35,19,700,60,779,2003,2003-03-19,2003-03-19
2003-0139-USA,Storm,United States of America,6,200,,186,386,2003,2003-03-18,2003-03-20
2003-0143-AFG,Flood,Afghanistan,11,,,2000,2000,2003,2003-03-17,2003-03-28
2003-0144-IDN,Mass movement (wet),Indonesia,12,,,,,2003,2003-03-18,2003-03-18
2003-0145-NCL,Epidemic,New Caledonia,,,437,,437,2003,,
2003-0146-ZAF,Flood,South Africa,1,,500,,500,2003,2003-03-23,2003-03-26
2003-0147-USA,Storm,United States of America,3,,,,,2003,2003-03-20,2003-03-20
2003-0148-ZMB,Flood,Zambia,,,,10000,10000,2003,2003-03-11,2003-03-15
2003-0151-IND,Mass movement (wet),India,25,,,,,2003,2003-03-03,2003-03-03
2003-0153-BOL,Mass movement (wet),Bolivia (Plurinational State of),69,11,690,300,1001,2003,2003-03-31,2003-03-31
2003-0155-IDN,Mass movement (wet),Indonesia,76,248,229300,,229548,2003,2003-03-31,2003-04-02
2003-0160-DZA,Flood,Algeria,15,50,,,50,2003,2003-04-02,2003-04-05
2003-0176-OMN,Storm,Oman,30,,,,,2003,2003-04-14,2003-04-19
2003-0177-KGZ,Mass movement (wet),Kyrgyzstan,38,2,156,53,211,2003,2003-04-20,2003-04-20
2003-0179-AFG,Flood,Afghanistan,30,,,1000,1000,2003,2003-04-18,2003-04-21
2003-0182-IND,Storm,India,45,4000,,600,4600,2003,2003-04-22,2003-04-22
2003-0183-CHN,Earthquake,China,,,3300,,3300,2003,2003-04-17,2003-04-17
2003-0184-ITA,Earthquake,Italy,,2,230,,232,2003,2003-04-11,2003-04-11
2003-0185-CHN,Storm,China,1,100,90000,,90100,2003,2003-04-14,2003-04-14
2003-0189-TJK,Mass movement (wet),Tajikistan,1,,6000,,6000,2003,2003-04-13,2003-04-25
2003-0191-GTM,Mass movement (wet),Guatemala,22,,220,,220,2003,2003-04-23,2003-04-23
2003-0196-ARG,Flood,Argentina,23,,140000,20000,160000,2003,2003-04-28,2003-05-10
2003-0197-TUR,Earthquake,Türkiye,177,520,245000,45000,290520,2003,2003-05-01,2003-05-01
2003-0198-RUS,Wildfire,Russian Federation,,,,,,2003,,
2003-0202-CHN,Wildfire,China,,,,300,300,2003,,
2003-0204-ETH,Flood,Ethiopia,119,,110000,,110000,2003,2003-04-28,2003-05-20
2003-0204-KEN,Flood,Kenya,40,,60000,,60000,2003,,
2003-0204-SOM,Flood,Somalia,,,,,,2003,2003-05-04,2003-05-20
2003-0204-UGA,Flood,Uganda,5,,,1500,1500,2003,2003-04-21,2003-06-04
2003-0208-PNG,Mass movement (wet),Papua New Guinea,13,21,,,21,2003,2003-05-03,2003-05-03
2003-0209-CHN,Earthquake,China,1,3,,8000,8003,2003,2003-05-04,2003-05-04
2003-0210-USA,Storm,United States of America,45,145,,15000,15145,2003,2003-05-04,2003-05-10
2003-0211-BGD,Storm,Bangladesh,23,400,,,400,2003,2003-05-04,2003-05-04
2003-0212-AZE,Flood,Azerbaijan,,,30000,1500,31500,2003,2003-04-16,2003-06-04
2003-0218-MDG,Storm,Madagascar,89,86,114500,47500,162086,2003,2003-05-08,2003-05-08
2003-0219-CHN,Mass movement (wet),China,35,,,,,2003,2003-05-11,2003-05-11
2003-0220-NAM,Flood,Namibia,2,,12000,,12000,2003,2003-05-12,2003-05-12
2003-0224-MNP,Volcanic activity,Northern Mariana Islands,,,,,,2003,2003-05-10,2003-05-10
2003-0227-CHN,Flood,China,38,5260,4360000,5726,4370986,2003,2003-05-15,2003-05-21
2003-0229-LKA,Flood,Sri Lanka,235,,695000,,695000,2003,2003-05-17,2003-05-26
2003-0231-CAN,Flood,Canada,2,,170,,170,2003,2003-03-31,2003-04-03
2003-0232-IRN,Flood,Iran (Islamic Republic of),,,,1370,1370,2003,2003-03-26,2003-03-27
2003-0233-MOZ,Flood,Mozambique,2,,15000,,15000,2003,2003-03-26,2003-03-28
2003-0234-IND,Storm,India,,60,,400,460,2003,2003-04-12,2003-04-12
2003-0235-THA,Storm,Thailand,,,5000,,5000,2003,2003-04-11,2003-04-11
2003-0236-AFG,Earthquake,Afghanistan,1,1,,1000,1001,2003,2003-04-10,2003-04-10
2003-0238-DOM,Flood,Dominican Republic,1,,460,,460,2003,2003-04-16,2003-04-22
2003-0238-PRI,Flood,Puerto Rico,2,,2405,,2405,2003,2003-04-16,2003-04-22
2003-0240-PAK,Mass movement (wet),Pakistan,12,,,,,2003,2003-05-02,2003-05-02
2003-0245-DZA,Earthquake,Algeria,2266,10261,,200000,210261,2003,2003-05-21,2003-05-21
2003-0249-JPN,Earthquake,Japan,,143,2160,,2303,2003,2003-05-26,2003-05-26
2003-0250-BGD,Extreme temperature,Bangladesh,62,,,,,2003,2003-05-10,2003-06-12
2003-0250-IND,Extreme temperature,India,1210,,,,,2003,2003-05-14,2003-06-06
2003-0250-PAK,Extreme temperature,Pakistan,200,,,,,2003,2003-05-01,2003-06-06
2003-0254-IDN,Earthquake,Indonesia,1,7,100,140,247,2003,2003-05-27,2003-05-27
2003-0255-DZA,Earthquake,Algeria,9,200,,,200,2003,2003-05-27,2003-05-27
2003-0256-AFG,Flood,Afghanistan,,,400,,400,2003,2003-05-26,2003-06-06
2003-0258-PHL,Storm,Philippines,51,16,11345,2548,13909,2003,2003-05-26,2003-05-30
2003-0259-KAZ,Earthquake,Kazakhstan,3,626,36000,,36626,2003,2003-05-23,2003-05-23
2003-0264-COD,Epidemic,Democratic Republic of the Congo,380,,13072,,13072,2003,,2003-06-08
2003-0268-HTI,Epidemic,Haiti,40,,200,,200,2003,,
2003-0269-IRQ,Epidemic,Iraq,,,17227,,17227,2003,2003-04-28,2003-06-29
2003-0270-UGA,Epidemic,Uganda,35,,242,,242,2003,,
2003-0272-SDN,Epidemic,Sudan,27,,178,,178,2003,2003-05-11,2003-05-15
2003-0273-TJK,Flood,Tajikistan,6,,975,780,1755,2003,2003-06-06,2003-06-10
2003-0274-CHN,Flood,China,28,,,,,2003,2003-06-05,2003-06-07
2003-0283-BGD,Flood,Bangladesh,187,,50000,,50000,2003,2003-06-11,2003-10-10
2003-0283-IND,Flood,India,142,,4550000,,4550000,2003,2003-06-11,2003-10-10
2003-0284-COL,Flood,Colombia,3,,4000,,4000,2003,2003-06-14,2003-06-16
2003-0287-ASM,Flood,American Samoa,6,3,,,3,2003,2003-05-18,2003-05-19
2003-0288-AUS,Storm,Australia,,,240,30,270,2003,2003-05-18,2003-05-18
2003-0289-PHL,Flood,Philippines,,,3500,,3500,2003,2003-05-16,2003-05-16
2003-0290-PHL,Storm,Philippines,13,3,46472,80655,127130,2003,2003-06-15,2003-06-18
2003-0292-AUS,Flood,Australia,,,300,,300,2003,2003-05-13,2003-05-18
2003-0293-TLS,Flood,Timor-Leste,3,,600,,600,2003,2003-06-16,2003-06-20
2003-0299-USA,Wildfire,United States of America,,,,750,750,2003,2003-06-17,2003-06-20
2003-0301-YEM,Flood,Yemen,15,,,,,2003,2003-06-19,2003-06-21
2003-0302-AFG,Flood,Afghanistan,13,,100,,100,2003,2003-06-16,2003-06-21
2003-0303-BGD,Flood,Bangladesh,65,,500000,,500000,2003,2003-06-19,2003-07-03
2003-0309-LBR,Epidemic,Liberia,,,17561,,17561,2003,2003-06-25,2003-09-28
2003-0314-SLB,Storm,Solomon Islands,,,,150,150,2003,2003-06-05,2003-06-05
2003-0315-CHN,Flood,China,430,146000,150000000,,150146000,2003,2003-06-23,2003-07-28
2003-0322-IRN,Earthquake,Iran (Islamic Republic of),,1,1090,,1091,2003,2003-07-03,2003-07-03
2003-0326-ECU,Volcanic activity,Ecuador,,,25000,,25000,2003,2003-06-05,2003-07-05
2003-0331-CHN,Flood,China,30,,,1200000,1200000,2003,2003-07-01,2003-08-07
2003-0334-USA,Flood,United States of America,3,,1200,,1200,2003,2003-07-05,2003-07-21
2003-0337-AFG,Flood,Afghanistan,33,,,250,250,2003,2003-07-12,2003-07-15
2003-0339-PER,Extreme temperature,Peru,339,,1839888,,1839888,2003,2003-07-07,2003-08-15
2003-0341-NPL,Flood,Nepal,239,284,43395,15575,59254,2003,2003-07-03,2003-08-20
2003-0343-JPN,Flood,Japan,23,14,800,,814,2003,2003-07-19,2003-07-21
2003-0346-CHN,Storm,China,20,20,7400000,,7400020,2003,2003-07-24,2003-07-24
2003-0346-HKG,Storm,"China, Hong Kong Special Administrative Region",,11,3500,,3511,2003,2003-07-26,2003-07-26
2003-0346-PHL,Storm,Philippines,21,,14280,,14280,2003,2003-07-19,2003-07-23
2003-0347-HRV,Wildfire,Croatia,,,,,,2003,2003-07-18,2003-07-23
2003-0348-CHN,Earthquake,China,16,584,1250000,45000,1295584,2003,2003-07-21,2003-07-21
2003-0351-MNG,Flood,Mongolia,15,,1500,150,1650,2003,2003-07-21,2003-08-10
2003-0354-JPN,Earthquake,Japan,,569,17403,219,18191,2003,2003-07-25,2003-07-25
2003-0358-CMR,Mass movement (wet),Cameroon,20,,,100,100,2003,2003-07-20,2003-07-20
2003-0359-PAK,Flood,Pakistan,230,456,1265767,,1266223,2003,2003-07-22,2003-08-05
2003-0365-FRA,Wildfire,France,5,4,3000,,3004,2003,2003-07-28,2003-07-30
2003-0368-ERI,Flood,Eritrea,,,,,,2003,2003-07-28,2003-08-21
2003-0368-SDN,Flood,Sudan,20,56,325000,,325056,2003,2003-07-28,2003-08-21
2003-0369-CAN,Wildfire,Canada,1,,,,,2003,2003-08-01,2003-09-14
2003-0372-ESP,Wildfire,Spain,5,,200,,200,2003,,
2003-0376-PRT,Wildfire,Portugal,14,,150000,,150000,2003,,
2003-0379-SLV,Epidemic,El Salvador,304,,50000,,50000,2003,2003-06-21,2003-07-19
2003-0386-PNG,Mass movement (wet),Papua New Guinea,,,600,,600,2003,2003-08-01,2003-08-01
2003-0387-IND,Flood,India,13,,10000,4500,14500,2003,2003-07-15,2003-09-01
2003-0387-PAK,Flood,Pakistan,,,,,,2003,2003-07-15,2003-09-01
2003-0388-JPN,Storm,Japan,20,80,2100,,2180,2003,2003-08-08,2003-08-11
2003-0388-RUS,Storm,Russian Federation,,,,,,2003,2003-08-08,2003-08-11
2003-0389-BFA,Flood,Burkina Faso,,,,12120,12120,2003,2003-08-10,2003-10-19
2003-0389-MLI,Flood,Mali,,,,10000,10000,2003,2003-08-10,2003-10-19
2003-0389-MRT,Flood,Mauritania,9,,,21000,21000,2003,2003-08-07,2003-08-20
2003-0389-NER,Flood,Niger,7,,30000,,30000,2003,,
2003-0389-SEN,Flood,Senegal,8,,1277,6492,7769,2003,2003-08-08,2003-08-10
2003-0391-AUT,Extreme temperature,Austria,345,,,,,2003,,
2003-0391-BEL,Extreme temperature,Belgium,1175,,,,,2003,2003-08-01,2003-08-15
2003-0391-CHE,Extreme temperature,Switzerland,1039,,,,,2003,,
2003-0391-CZE,Extreme temperature,Czechia,418,,,,,2003,2003-07-19,2003-07-22
2003-0391-DEU,Extreme temperature,Germany,9355,,,,,2003,,
2003-0391-ESP,Extreme temperature,Spain,15090,,,,,2003,2003-08-01,2003-08-11
2003-0391-FRA,Extreme temperature,France,19490,,,,,2003,2003-08-01,2003-08-20
2003-0391-GBR,Extreme temperature,United Kingdom of Great Britain and Northern Ireland,301,,,,,2003,,
2003-0391-HRV,Extreme temperature,Croatia,788,,,,,2003,,
2003-0391-ITA,Extreme temperature,Italy,20089,,,,,2003,2003-07-16,2003-08-15
2003-0391-LUX,Extreme temperature,Luxembourg,170,,,,,2003,,
2003-0391-NLD,Extreme temperature,Netherlands (Kingdom of the),965,,,,,2003,2003-07-31,2003-08-13
2003-0391-PRT,Extreme temperature,Portugal,2696,,,,,2003,2003-07-30,2003-08-15
2003-0391-SVK,Extreme temperature,Slovakia,,,,,,2003,,
2003-0391-SVN,Extreme temperature,Slovenia,289,,,,,2003,,
2003-0392-AFG,Flood,Afghanistan,24,3,,,3,2003,2003-07-29,2003-07-30
2003-0393-RUS,Flood,Russian Federation,,,600,,600,2003,2003-07-29,2003-07-31
2003-0394-CHN,Storm,China,2,162,200000,,200162,2003,2003-07-19,2003-07-20
2003-0395-FRA,Storm,France,5,70,,,70,2003,2003-07-15,2003-07-15
2003-0396-DZA,Flood,Algeria,13,,,,,2003,2003-08-09,2003-08-11
2003-0402-CHN,Earthquake,China,4,1000,415000,39500,455500,2003,2003-08-16,2003-08-16
2003-0408-ZAF,Storm,South Africa,,,,600,600,2003,2003-08-18,2003-08-21
2003-0411-PAN,Earthquake,Panama,,,,340,340,2003,2003-08-13,2003-08-13
2003-0413-USA,Storm,United States of America,,,1500,,1500,2003,2003-08-08,2003-08-08
2003-0414-IDN,Earthquake,Indonesia,,,500,,500,2003,2003-08-11,2003-08-11
2003-0417-CAN,Flood,Canada,,,400,,400,2003,2003-08-04,2003-08-05
2003-0422-GMB,Storm,Gambia,3,19,8000,,8019,2003,2003-08-24,2003-08-24
2003-0423-SAU,Flood,Saudi Arabia,,,13000,,13000,2003,2003-08-08,2003-08-12
2003-0433-ITA,Flood,Italy,2,,350,,350,2003,2003-08-29,2003-08-31
2003-0436-MEX,Mass movement (wet),Mexico,10,,200,,200,2003,2003-07-17,2003-07-18
2003-0437-VNM,Storm,Viet Nam,,18,,5000,5018,2003,2003-07-23,2003-07-23
2003-0438-IRN,Earthquake,Iran (Islamic Republic of),1,25,,17500,17525,2003,2003-07-10,2003-07-10
2003-0439-HTI,Flood,Haiti,24,70,,12000,12070,2003,2003-08-29,2003-08-30
2003-0440-CHN,Flood,China,123,,,200000,200000,2003,2003-08-24,2003-11-12
2003-0441-CHN,Mass movement (wet),China,17,,,,,2003,2003-08-26,2003-08-30
2003-0443-CHN,Storm,China,38,1000,,68925,69925,2003,2003-09-01,2003-09-03
2003-0443-HKG,Storm,"China, Hong Kong Special Administrative Region",4,22,,,22,2003,2003-09-02,2003-09-02
2003-0443-TWN,Storm,Taiwan (Province of China),3,,,,,2003,2003-09-02,2003-09-02
2003-0447-SOM,Flood,Somalia,1,,300,,300,2003,2003-08-18,2003-08-20
2003-0448-BMU,Storm,Bermuda,4,,,,,2003,2003-09-05,2003-09-06
2003-0452-BGD,Earthquake,Bangladesh,2,25,2500,,2525,2003,2003-07-26,2003-07-26
2003-0455-NGA,Flood,Nigeria,16,,210000,,210000,2003,2003-09-05,2003-10-28
2003-0459-JPN,Storm,Japan,1,93,130,,223,2003,2003-09-12,2003-09-13
2003-0459-KOR,Storm,Republic of Korea,130,,65000,15000,80000,2003,2003-09-12,2003-09-12
2003-0468-CAN,Storm,Canada,,,,,,2003,2003-09-18,2003-09-18
2003-0468-USA,Storm,United States of America,16,,225000,,225000,2003,2003-09-18,2003-09-22
2003-0474-MEX,Storm,Mexico,2,,6000,,6000,2003,2003-09-22,2003-09-22
2003-0476-JPN,Earthquake,Japan,2,773,,,773,2003,2003-09-25,2003-09-25
2003-0477-DOM,Earthquake,Dominican Republic,3,15,2000,,2015,2003,2003-09-22,2003-09-22
2003-0481-HND,Flood,Honduras,3,5,100,,105,2003,2003-09-14,2003-09-15
2003-0482-MEX,Flood,Mexico,2,,50000,,50000,2003,2003-09-06,2003-09-10
2003-0487-CAN,Storm,Canada,2,,200,,200,2003,2003-09-28,2003-09-29
2003-0490-NZL,Storm,New Zealand,2,,,,,2003,2003-10-03,2003-10-03
2003-0491-CAF,Epidemic,Central African Republic,23,,379,,379,2003,2003-06-16,2003-10-29
2003-0495-HTI,Storm,Haiti,26,5,,150,155,2003,2003-10-06,2003-10-06
2003-0497-RUS,Earthquake,Russian Federation,3,5,,1800,1805,2003,2003-09-27,2003-09-27
2003-0503-DZA,Flood,Algeria,13,,,,,2003,2003-10-15,2003-10-18
2003-0505-VNM,Flood,Viet Nam,52,29,216745,5000,221774,2003,2003-10-15,2003-10-22
2003-0509-CHN,Earthquake,China,3,56,60000,,60056,2003,2003-10-16,2003-10-16
2003-0511-CAN,Flood,Canada,2,,800,,800,2003,2003-10-17,2003-10-26
2003-0511-USA,Flood,United States of America,,,,,,2003,2003-10-17,2003-10-26
2003-0518-MEX,Wildfire,Mexico,,,,,,2003,2003-10-25,2003-11-04
2003-0518-USA,Wildfire,United States of America,14,104,27000,,27104,2003,2003-10-25,2003-11-04
2003-0519-CHN,Earthquake,China,9,43,50000,225000,275043,2003,2003-10-25,2003-10-25
2003-0520-COD,Storm,Democratic Republic of the Congo,11,73,,,73,2003,2003-10-09,2003-10-09
2003-0521-BRA,Flood,Brazil,4,,,2000,2000,2003,2003-10-27,2003-10-31
2003-0523-GNB,Flood,Guinea-Bissau,,,,,,2003,,
2003-0531-IDN,Flood,Indonesia,241,30,1468,,1498,2003,2003-11-02,2003-11-03
2003-0538-SAU,Flood,Saudi Arabia,12,50,,,50,2003,2003-11-11,2003-11-11
2003-0539-ARG,Storm,Argentina,12,,900,,900,2003,2003-11-11,2003-11-13
2003-0540-IND,Epidemic,India,,,2185,,2185,2003,2003-06-01,2003-11-09
2003-0543-LBR,Epidemic,Liberia,,,1857,,1857,2003,,
2003-0546-CHN,Earthquake,China,1,126,18243,5000,23369,2003,2003-11-13,2003-11-13
2003-0547-CHN,Earthquake,China,4,65,490000,3000,493065,2003,2003-11-14,2003-11-14
2003-0553-COG,Epidemic,Congo,29,,2,,2,2003,2003-10-12,2003-12-24
2003-0554-BEN,Epidemic,Benin,3,,265,,265,2003,2003-01-01,2003-11-15
2003-0556-MAR,Flood,Morocco,35,,10000,,10000,2003,2003-11-17,2003-11-18
2003-0557-VNM,Flood,Viet Nam,61,34,185135,8880,194049,2003,2003-11-11,2003-11-14
2003-0558-ZWE,Epidemic,Zimbabwe,40,,750,,750,2003,2003-10-09,2003-12-14
2003-0560-AUS,Storm,Australia,,,1500,,1500,2003,2003-10-24,2003-10-24
2003-0561-THA,Flood,Thailand,3,,3000,,3000,2003,2003-10-15,2003-10-15
2003-0562-MLI,Epidemic,Mali,106,,1216,,1216,2003,2003-08-14,2004-02-18
2003-0563-RWA,Flood,Rwanda,,16,,7000,7016,2003,2003-10-30,2003-10-30
2003-0564-CAF,Flood,Central African Republic,,,,240,240,2003,2003-09-05,2003-09-05
2003-0565-SLE,Epidemic,Sierra Leone,10,,90,,90,2003,,
2003-0566-COD,Flood,Democratic Republic of the Congo,,,,600,600,2003,,
2003-0570-AGO,Flood,Angola,6,,,225,225,2003,2003-11-22,2003-11-23
2003-0571-DOM,Flood,Dominican Republic,9,3,65000,,65003,2003,2003-11-14,2003-11-14
2003-0572-COD,Epidemic,Democratic Republic of the Congo,369,,7145,,7145,2003,2003-09-17,2003-12-01
2003-0573-TJK,Epidemic,Tajikistan,,,256,,256,2003,,
2003-0577-FSM,Storm,Micronesia (Federated States of),,,,1000,1000,2003,2003-11-21,2003-11-25
2003-0578-COL,Flood,Colombia,42,57,35695,,35752,2003,,
2003-0579-BRA,Flood,Brazil,7,,2000,,2000,2003,2003-11-29,2003-11-29
2003-0582-CHN,Earthquake,China,11,73,3510,2435,6018,2003,2003-12-01,2003-12-01
2003-0585-MKD,Flood,North Macedonia,,,750,,750,2003,2003-11-30,2003-11-30
2003-0586-FRA,Flood,France,9,,27000,,27000,2003,2003-12-02,2003-12-03
2003-0587-AUS,Flood,Australia,,,50,,50,2003,2003-12-02,2003-12-02
2003-0589-MOZ,Epidemic,Mozambique,31,,4124,,4124,2003,2003-02-24,2003-06-15
2003-0593-IDN,Flood,Indonesia,8,,25000,,25000,2003,2003-11-30,2003-12-06
2003-0594-CHN,Storm,China,,,1720000,,1720000,2003,2003-11-18,2003-11-18
2003-0595-USA,Storm,United States of America,8,,1125,,1125,2003,2003-11-20,2003-11-20
2003-0596-CHN,Earthquake,China,,4,10000,,10004,2003,2003-11-26,2003-11-26
2003-0599-DOM,Storm,Dominican Republic,8,,10000,,10000,2003,2003-12-06,2003-12-06
2003-0599-PRI,Storm,Puerto Rico,,,,100,100,2003,2003-12-09,2003-12-09
2003-0602-MDG,Storm,Madagascar,,,141,23,164,2003,2003-12-09,2003-12-09
2003-0604-MYS,Flood,Malaysia,5,,3000,,3000,2003,2003-11-29,2003-12-02
2003-0605-IND,Storm,India,50,,,40000,40000,2003,2003-12-17,2003-12-17
2003-0610-PHL,Mass movement (wet),Philippines,255,54,217934,,217988,2003,2003-12-19,2004-01-07
2003-0615-AUS,Storm,Australia,,,,,,2003,2003-12-03,2003-12-03
2003-0616-AUS,Storm,Australia,,,300,,300,2003,2003-12-09,2003-12-09
2003-0617-THA,Flood,Thailand,6,,104700,,104700,2003,2003-12-11,2003-12-11
2003-0618-USA,Storm,United States of America,13,,,,,2003,2003-12-06,2003-12-07
2003-0620-TZA,Flood,United Republic of Tanzania,,,2000,,2000,2003,2003-12-20,2003-12-21
2003-0621-BOL,Flood,Bolivia (Plurinational State of),69,4,35000,10000,45004,2003,2003-12-22,2004-01-22
2003-0622-MEX,Extreme temperature,Mexico,21,,,,,2003,,
2003-0623-USA,Earthquake,United States of America,2,40,,120,160,2003,2003-12-22,2003-12-22
2003-0624-HTI,Flood,Haiti,38,,150000,,150000,2003,2003-12-20,2003-12-22
2003-0628-CRI,Earthquake,Costa Rica,2,75,60,,135,2003,2003-12-25,2003-12-25
2003-0628-PAN,Earthquake,Panama,2,75,1000,,1075,2003,2003-12-25,2003-12-25
2003-0630-IRN,Earthquake,Iran (Islamic Republic of),26796,22628,200000,45000,267628,2003,2003-12-26,2003-12-26
2003-0631-ZMB,Flood,Zambia,4,,,1000,1000,2003,2003-12-25,2003-12-25
2003-0633-USA,Mass movement (wet),United States of America,15,15,,,15,2003,2003-12-25,2003-12-26
2003-0636-BGD,Extreme temperature,Bangladesh,153,200,,,200,2003,2003-12-15,
2003-0636-IND,Extreme temperature,India,400,,,,,2003,2003-12-15,
2003-0636-NPL,Extreme temperature,Nepal,48,,,,,2003,2003-12-15,
2003-0641-COD,Flood,Democratic Republic of the Congo,1,,,881,881,2003,2003-12-14,2003-12-15
2003-0642-ZMB,Epidemic,Zambia,179,,3835,,3835,2003,2003-12-04,2004-02-25
2003-0643-COD,Epidemic,Democratic Republic of the Congo,37,,184,,184,2003,2003-12-24,2003-12-24
2003-0644-PER,Flood,Peru,4,,1500,3950,5450,2003,2003-12-28,2004-01-14
2003-0647-TLS,Flood,Timor-Leste,,,450,,450,2003,,
2003-0648-TUR,Earthquake,Türkiye,,,240,,240,2003,2003-07-26,2003-07-26
2003-0649-IRN,Earthquake,Iran (Islamic Republic of),,5,710,10,725,2003,2003-12-11,2003-12-11
2003-0655-MYS,Flood,Malaysia,,,2000,,2000,2003,2003-12-17,2004-01-05
2003-0659-CRI,Flood,Costa Rica,1,,2500,,2500,2003,2003-12-12,2003-12-14
2003-0661-HND,Flood,Honduras,7,,3000,,3000,2003,2003-11-28,2003-12-24
2003-0663-USA,Flood,United States of America,18,,,,,2003,2003-11-12,2003-11-13
2003-0672-VNM,Flood,Viet Nam,15,,1000,,1000,2003,2003-09-10,2003-09-14
2003-0673-BRA,Flood,Brazil,161,470,,175000,175470,2003,,2004-02-19
2003-0674-MOZ,Epidemic,Mozambique,85,,15237,,15237,2003,2003-12-20,2004-03-18
2003-0675-TCD,Epidemic,Chad,11,,131,,131,2003,2003-11-24,2004-01-05
2003-0679-MOZ,Epidemic,Mozambique,29,,1975,,1975,2003,2003-04-07,2003-06-15
2003-0681-PAK,Flood,Pakistan,36,20,,,20,2003,2003-09-05,2003-09-09
2003-0683-IND,Flood,India,67,,3000000,,3000000,2003,2003-08-27,2003-10-20
2003-0688-MEX,Storm,Mexico,2,,3000,,3000,2003,2003-08-24,2003-08-27
2003-0706-UGA,Flood,Uganda,20,,700,,700,2003,2003-07-01,2003-07-03
2003-0710-MEX,Flood,Mexico,,,800,,800,2003,2003-06-12,2003-06-15
2003-0712-MEX,Flood,Mexico,4,50,,3000,3050,2003,2003-06-05,2003-06-06
2003-0713-VEN,Flood,Venezuela (Bolivarian Republic of),1,,450,,450,2003,2003-06-01,2003-06-03
2003-0715-THA,Epidemic,Thailand,7,,4,,4,2003,2003-10-15,2004-03-24
2003-0715-VNM,Epidemic,Viet Nam,15,,8,,8,2003,2003-10-15,2004-03-24
2003-0716-TGO,Epidemic,Togo,40,,790,,790,2003,2003-12-29,2004-03-28
2003-0719-IND,Flood,India,150,30,,,30,2003,2003-07-16,2003-07-16
2003-0720-IND,Flood,India,43,15,,,15,2003,2003-08-07,2003-08-07
2003-0724-CHN,Flood,China,13,,8000,,8000,2003,2003-09-20,2003-09-22
2003-0725-BDI,Epidemic,Burundi,6,,230,,230,2003,,2004-02-10
2003-0728-MWI,Flood,Malawi,4,,,1000,1000,2003,2003-04-05,2003-04-08
2003-0729-KEN,Flood,Kenya,,,300,,300,2003,2003-01-04,2003-01-06
2003-0730-BRA,Flood,Brazil,29,,16000,,16000,2003,2003-01-11,2003-02-04
2003-0741-USA,Storm,United States of America,4,18,100,,118,2003,2003-02-15,2003-02-23
2003-0742-ZWE,Flood,Zimbabwe,2,,18000,,18000,2003,2003-02-25,2003-02-28
2003-0752-COM,Storm,Comoros,,,,300,300,2003,2003-04-25,2003-04-27
2003-0756-USA,Flood,United States of America,3,,2000,,2000,2003,2003-05-06,2003-05-14
2003-0759-HTI,Flood,Haiti,,,,320,320,2003,2003-03-27,2003-03-29
2003-0764-GTM,Wildfire,Guatemala,,,,,,2003,,
2003-0766-CUB,Flood,Cuba,,,600,,600,2003,,
2003-0767-ECU,Flood,Ecuador,,,7905,,7905,2003,2003-05-06,2003-05-06
2003-0768-PAN,Flood,Panama,,,1000,,1000,2003,,
2003-0769-URY,Flood,Uruguay,,,200,,200,2003,,
2003-0773-VEN,Flood,Venezuela (Bolivarian Republic of),,,,200,200,2003,2003-08-26,2003-08-28
2003-0774-MYS,Flood,Malaysia,3,,13800,,13800,2003,2003-10-03,2003-10-25
2003-0774-THA,Flood,Thailand,,,,,,2003,2003-10-03,2003-10-25
2003-0775-IND,Flood,India,37,,,,,2003,2003-09-10,2003-09-10
2003-0776-IDN,Flood,Indonesia,148,,350000,,350000,2003,2003-12-10,2004-01-05
2003-0778-AFG,Flood,Afghanistan,15,,,,,2003,2003-07-09,2003-07-09
2003-0779-BGD,Storm,Bangladesh,28,,,,,2003,2003-12-20,2003-12-20
2003-0780-USA,Storm,United States of America,,,150,45,195,2003,2003-05-30,2003-05-30
2003-0781-DEU,Storm,Germany,10,,,,,2003,2003-06-07,2003-06-08
2003-0782-USA,Storm,United States of America,4,4,,,4,2003,2003-06-30,2003-06-30
2003-0783-TUR,Earthquake,Türkiye,,170,,,170,2003,2003-04-10,2003-04-10
2003-0785-DZA,Extreme temperature,Algeria,40,,,,,2003,2003-06-21,2003-07-21
2003-0786-USA,Wildfire,United States of America,4,40,,,40,2003,2003-10-21,2003-11-04
2003-0787-IRN,Mass movement (wet),Iran (Islamic Republic of),20,4,,,4,2003,2003-02-26,2003-02-26
2003-0788-COL,Flood,Colombia,35,,,,,2003,2003-05-14,2003-05-28
2003-0822-PHL,Storm,Philippines,8,1,116601,,116602,2003,2003-07-15,2003-07-19
2003-0823-PHL,Storm,Philippines,,,3748,,3748,2003,2003-07-30,2003-07-31
2003-0824-PHL,Storm,Philippines,,,155147,,155147,2003,2003-08-04,2003-08-05
2003-0825-PHL,Storm,Philippines,1,,1156,,1156,2003,2003-08-20,2003-08-24
2003-0826-PHL,Storm,Philippines,1,1,34288,,34289,2003,2003-08-30,2003-09-02
2003-0827-USA,Storm,United States of America,2,54,,,54,2003,2003-12-15,2003-12-16
2003-0829-USA,Storm,United States of America,13,,,,,2003,2003-04-04,2003-04-08
2003-0830-USA,Storm,United States of America,14,,,,,2003,2003-02-26,2003-02-26
2003-9035-MOZ,Drought,Mozambique,9,,119500,,119500,2003,,
2003-9064-CHN,Drought,China,,,48000000,,48000000,2003,,
2003-9360-CHN,Drought,China,,,3000000,,3000000,2003,,
2003-9651-BDI,Drought,Burundi,,,,,,2003,,
2003-9651-RWA,Drought,Rwanda,,,1000000,,1000000,2003,,
2003-9651-TZA,Drought,United Republic of Tanzania,,,1900000,,1900000,2003,,
2003-9758-HTI,Drought,Haiti,,,35000,,35000,2003,,
2003-9760-IDN,Drought,Indonesia,,,15000,,15000,2003,,
2003-9772-ETH,Drought,Ethiopia,,,12600000,,12600000,2003,,
2003-9777-RUS,Drought,Russian Federation,,,1000000,,1000000,2003,,
2003-9784-BIH,Drought,Bosnia and Herzegovina,,,62575,,62575,2003,,
2003-9784-HRV,Drought,Croatia,,,,,,2003,,2003-05-21
2003-9784-HUN,Drought,Hungary,,,,,,2003,,
2003-9785-ARG,Drought,Argentina,,,,,,2003,,
2004-0001-IDN,Earthquake,Indonesia,1,40,30000,,30040,2004,2004-01-01,2004-01-01
2004-0004-ASM,Storm,American Samoa,,60,20000,3000,23060,2004,2004-01-05,2004-01-05
2004-0004-NIU,Storm,Niue,1,2,200,500,702,2004,2004-01-06,2004-01-06
2004-0004-TON,Storm,Tonga,,,,,,2004,2004-01-06,2004-01-06
2004-0004-WSM,Storm,Samoa,1,,,,,2004,2004-01-05,2004-01-05
2004-0006-BDI,Storm,Burundi,,,,500,500,2004,2004-01-04,2004-01-04
2004-0010-TUR,Extreme temperature,Türkiye,10,,,,,2004,2004-01-09,2004-01-10
2004-0011-DZA,Earthquake,Algeria,,300,,,300,2004,2004-01-10,2004-01-10
2004-0019-AGO,Flood,Angola,27,,330000,1700,331700,2004,2004-01-27,2004-03-01
2004-0022-AFG,Flood,Afghanistan,,,2500,,2500,2004,2004-01-15,2004-01-17
2004-0026-CYP,Storm,Cyprus,,10,,,10,2004,2004-01-22,2004-01-25
2004-0026-EGY,Storm,Egypt,13,42,,,42,2004,2004-01-22,2004-01-26
2004-0026-GRC,Storm,Greece,,,,,,2004,2004-01-22,2004-01-25
2004-0026-TUR,Storm,Türkiye,8,,,,,2004,2004-01-22,2004-01-25
2004-0028-PHL,Flood,Philippines,27,,194,,194,2004,2004-01-23,2004-01-23
2004-0029-MDG,Storm,Madagascar,32,100,,44190,44290,2004,2004-01-26,2004-02-04
2004-0031-CAN,Storm,Canada,,,,,,2004,,
2004-0031-USA,Storm,United States of America,56,,,,,2004,2004-01-15,2004-01-29
2004-0033-IDN,Volcanic activity,Indonesia,,,4615,,4615,2004,2004-01-29,2004-01-29
2004-0040-IDN,Earthquake,Indonesia,37,682,13390,,14072,2004,2004-02-05,2004-02-05
2004-0048-CMR,Epidemic,Cameroon,46,,2924,,2924,2004,2004-01-01,2004-06-09
2004-0049-BGD,Epidemic,Bangladesh,14,,42,,42,2004,2004-01-04,2004-02-08
2004-0050-MYS,Flood,Malaysia,3,,6900,,6900,2004,2004-01-24,2004-02-03
2004-0054-PAK,Earthquake,Pakistan,24,63,10765,2320,13148,2004,2004-02-14,2004-02-14
2004-0060-COD,Epidemic,Democratic Republic of the Congo,300,,,,,2004,,
2004-0061-IDN,Mass movement (wet),Indonesia,29,,,,,2004,2004-01-23,2004-01-30
2004-0062-IDN,Storm,Indonesia,4,,2400,,2400,2004,2004-02-03,2004-02-05
2004-0067-NZL,Flood,New Zealand,2,,2500,,2500,2004,2004-02-13,2004-02-25
2004-0072-SYR,Storm,Syrian Arab Republic,5,180,,,180,2004,2004-02-22,2004-02-22
2004-0073-MAR,Earthquake,Morocco,628,926,,12539,13465,2004,2004-02-24,2004-02-24
2004-0074-CAN,Storm,Canada,,,,,,2004,2004-02-19,2004-02-19
2004-0077-ZAF,Epidemic,South Africa,5,,174,,174,2004,2004-01-01,2004-03-17
2004-0080-VUT,Storm,Vanuatu,2,8,54000,,54008,2004,2004-02-25,2004-02-27
2004-0084-IRN,Storm,Iran (Islamic Republic of),,,2500,,2500,2004,2004-02-15,2004-02-15
2004-0087-PHL,Flood,Philippines,7,,20000,,20000,2004,2004-02-11,2004-02-26
2004-0088-IDN,Earthquake,Indonesia,5,7,500,,507,2004,2004-02-16,2004-02-16
2004-0091-AUS,Flood,Australia,,,3400,,3400,2004,2004-01-14,2004-02-25
2004-0093-IDN,Epidemic,Indonesia,658,,58301,,58301,2004,2004-01-01,2004-04-30
2004-0098-IDN,Flood,Indonesia,5,,13000,,13000,2004,2004-02-18,2004-02-23
2004-0102-ARM,Flood,Armenia,1,,,,,2004,2004-03-05,2004-03-09
2004-0102-GEO,Flood,Georgia,,,,,,2004,2004-03-05,2004-03-09
2004-0102-TUR,Flood,Türkiye,15,,,50000,50000,2004,2004-03-05,2004-03-09
2004-0103-MDG,Storm,Madagascar,363,879,773000,214260,988139,2004,2004-03-07,2004-03-12
2004-0104-PNG,Flood,Papua New Guinea,,,10000,,10000,2004,2004-03-05,2004-03-09
2004-0105-BDI,Storm,Burundi,,,,15000,15000,2004,2004-02-20,2004-02-20
2004-0108-KAZ,Mass movement (wet),Kazakhstan,48,,,,,2004,2004-03-14,2004-03-14
2004-0110-BFA,Epidemic,Burkina Faso,527,,2783,,2783,2004,2004-01-01,2004-03-21
2004-0111-BDI,Flood,Burundi,,,,10000,10000,2004,2004-03-07,2004-03-07
2004-0119-MYS,Flood,Malaysia,,,9138,,9138,2004,2004-03-08,2004-03-11
2004-0120-KOR,Storm,Republic of Korea,,,,,,2004,2004-03-05,2004-03-08
2004-0121-USA,Storm,United States of America,9,,1404,345,1749,2004,2004-03-04,2004-03-07
2004-0123-KOR,Wildfire,Republic of Korea,,,2000,155,2155,2004,2004-03-10,2004-03-10
2004-0126-CHN,Earthquake,China,,100,190000,,190100,2004,2004-03-24,2004-03-24
2004-0127-TUR,Earthquake,Türkiye,9,30,4000,,4030,2004,2004-03-25,2004-03-25
2004-0129-IDN,Mass movement (wet),Indonesia,33,,5000,,5000,2004,2004-03-27,2004-03-27
2004-0131-BRA,Storm,Brazil,4,60,150000,,150060,2004,2004-03-27,2004-03-29
2004-0132-TUR,Earthquake,Türkiye,,30,32500,,32530,2004,2004-03-28,2004-03-28
2004-0141-MEX,Flood,Mexico,37,40,3700,,3740,2004,2004-04-04,2004-04-06
2004-0144-IDN,Storm,Indonesia,,,1315,,1315,2004,2004-03-30,2004-03-30
2004-0145-ESP,Flood,Spain,,,600,,600,2004,2004-03-27,2004-03-28
2004-0146-CAN,Flood,Canada,,,1000,,1000,2004,2004-03-28,2004-04-11
2004-0146-USA,Flood,United States of America,,,306,,306,2004,2004-03-28,2004-04-11
2004-0147-TJK,Earthquake,Tajikistan,,,180,,180,2004,2004-04-01,2004-04-01
2004-0149-NAM,Flood,Namibia,,,5000,,5000,2004,,
2004-0150-FSM,Storm,Micronesia (Federated States of),1,8,6000,,6008,2004,2004-04-03,2004-04-18
2004-0152-KEN,Flood,Kenya,4,,2000,,2000,2004,2004-04-09,2004-04-12
2004-0153-FJI,Storm,Fiji,16,,5000,,5000,2004,2004-04-08,2004-04-08
2004-0156-PER,Mass movement (wet),Peru,11,6,,70,76,2004,2004-04-10,2004-04-10
2004-0158-DJI,Flood,Djibouti,51,,98500,1500,100000,2004,2004-04-12,2004-04-16
2004-0159-AGO,Flood,Angola,,,,,,2004,2004-02-01,2004-06-02
2004-0159-BWA,Flood,Botswana,,,4960,,4960,2004,2004-02-01,2004-06-02
2004-0159-NAM,Flood,Namibia,,,20000,,20000,2004,2004-02-01,2004-06-02
2004-0159-ZMB,Flood,Zambia,2,13,196385,,196398,2004,2004-02-01,2004-06-02
2004-0161-NER,Epidemic,Niger,149,,20000,,20000,2004,,2004-05-02
2004-0162-NGA,Epidemic,Nigeria,46,,281,,281,2004,2004-04-02,2004-04-02
2004-0163-BIH,Flood,Bosnia and Herzegovina,,,275000,,275000,2004,2004-04-06,2004-04-14
2004-0164-RUS,Flood,Russian Federation,,,1220,,1220,2004,2004-03-30,2004-04-09
2004-0166-BGD,Storm,Bangladesh,76,3000,,10000,13000,2004,2004-04-14,2004-04-15
2004-0169-BIH,Flood,Bosnia and Herzegovina,,,3000,,3000,2004,2004-03-23,2004-04-03
2004-0172-RUS,Flood,Russian Federation,18,,4800,,4800,2004,2004-04-14,2004-05-18
2004-0173-IDN,Mass movement (wet),Indonesia,13,7,,,7,2004,2004-04-22,2004-04-22
2004-0174-BGD,Epidemic,Bangladesh,18,,12,,12,2004,2004-02-04,2004-04-20
2004-0177-IDN,Mass movement (wet),Indonesia,44,11,,,11,2004,2004-04-23,2004-04-23
2004-0178-IND,Flood,India,,,,5000,5000,2004,2004-04-10,2004-04-14
2004-0179-KGZ,Mass movement (wet),Kyrgyzstan,5,,,,,2004,2004-04-17,2004-04-17
2004-0180-SAU,Flood,Saudi Arabia,5,30,400,,430,2004,2004-04-14,2004-04-16
2004-0182-CHN,Storm,China,7,207,,700,907,2004,2004-04-21,2004-04-21
2004-0192-KGZ,Mass movement (wet),Kyrgyzstan,33,16,,80,96,2004,2004-04-26,2004-04-26
2004-0194-KEN,Flood,Kenya,50,,10000,,10000,2004,2004-04-09,2004-05-11
2004-0196-USA,Wildfire,United States of America,,,15000,,15000,2004,2004-05-02,2004-05-04
2004-0200-PER,Flood,Peru,,,7500,,7500,2004,2004-05-07,2004-05-07
2004-0201-DZA,Flood,Algeria,3,,27545,,27545,2004,2004-04-14,2004-04-16
2004-0202-COL,Flood,Colombia,79,48,186048,,186096,2004,,2004-06-28
2004-0208-RUS,Wildfire,Russian Federation,9,,,1000,1000,2004,2004-05-14,2004-05-16
2004-0214-CRI,Flood,Costa Rica,2,,2056,,2056,2004,2004-05-10,2004-05-11
2004-0218-PHL,Storm,Philippines,31,14,,700,714,2004,2004-05-13,2004-05-19
2004-0229-NER,Epidemic,Niger,5,,132,,132,2004,2004-05-03,2004-05-17
2004-0231-DOM,Flood,Dominican Republic,688,,7910,2092,10002,2004,2004-05-23,2004-06-01
2004-0231-HTI,Flood,Haiti,2665,153,31130,,31283,2004,2004-05-23,2004-06-01
2004-0231-PRI,Flood,Puerto Rico,,,,,,2004,2004-05-23,2004-06-01
2004-0233-SEN,Storm,Senegal,2,,,1000,1000,2004,2004-05-25,2004-05-25
2004-0234-IRN,Earthquake,Iran (Islamic Republic of),35,278,220,,498,2004,2004-05-28,2004-05-28
2004-0235-MMR,Storm,Myanmar,236,,,25000,25000,2004,2004-05-19,2004-05-19
2004-0236-BRA,Flood,Brazil,28,54,,2200,2254,2004,2004-06-01,2004-06-02
2004-0244-THA,Storm,Thailand,13,,5000,50,5050,2004,2004-05-20,2004-05-23
2004-0245-USA,Storm,United States of America,5,37,6000,408,6445,2004,2004-05-21,2004-05-27
2004-0247-CHN,Flood,China,18,,,,,2004,2004-05-27,2004-05-28
2004-0248-USA,Flood,United States of America,,,4929,,4929,2004,2004-05-28,2004-05-28
2004-0249-USA,Storm,United States of America,10,,1000,,1000,2004,2004-05-29,2004-06-02
2004-0250-RUS,Earthquake,Russian Federation,,,138,,138,2004,2004-05-31,2004-05-31
2004-0251-IDN,Volcanic activity,Indonesia,,100,16728,,16828,2004,2004-06-01,2004-06-07
2004-0252-MKD,Flood,North Macedonia,,,100000,,100000,2004,2004-06-04,2004-06-07
2004-0257-ROU,Storm,Romania,1,,600,,600,2004,2004-06-13,2004-06-15
2004-0258-THA,Storm,Thailand,1,,4000,,4000,2004,2004-06-04,2004-06-21
2004-0258-VNM,Storm,Viet Nam,14,5,900,,905,2004,2004-06-07,2004-06-11
2004-0259-MEX,Flood,Mexico,1,,350,,350,2004,2004-06-12,2004-06-12
2004-0266-RUS,Storm,Russian Federation,,,6000,,6000,2004,2004-06-09,2004-06-09
2004-0267-PHL,Storm,Philippines,7,4,,4500,4504,2004,2004-06-10,2004-06-10
2004-0268-NGA,Flood,Nigeria,,,1000,,1000,2004,2004-06-17,2004-06-18
2004-0269-IDN,Volcanic activity,Indonesia,2,5,20000,,20005,2004,2004-06-08,2004-06-08
2004-0271-KEN,Epidemic,Kenya,8,,141,,141,2004,2004-05-15,2004-07-14
2004-0274-TUR,Storm,Türkiye,3,15,900,,915,2004,2004-06-19,2004-06-19
2004-0276-JPN,Storm,Japan,6,56,700,,756,2004,2004-06-16,2004-06-19
2004-0276-KOR,Storm,Republic of Korea,6,,,522,522,2004,2004-06-18,2004-06-20
2004-0280-NIC,Mass movement (wet),Nicaragua,29,18,5751,,5769,2004,2004-06-24,2004-06-28
2004-0284-CHN,Flood,China,47,500,168000,,168500,2004,2004-06-20,2004-06-25
2004-0286-BGD,Storm,Bangladesh,153,,50,,50,2004,2004-06-12,2004-06-13
2004-0287-CHN,Flood,China,5,,90000,,90000,2004,2004-06-14,2004-06-16
2004-0289-NIC,Storm,Nicaragua,,,200,,200,2004,2004-06-12,2004-06-12
2004-0292-CHN,Storm,China,,7,,1000,1007,2004,2004-06-01,2004-06-04
2004-0293-CHN,Mass movement (wet),China,21,,100,,100,2004,2004-06-05,2004-06-05
2004-0294-FJI,Flood,Fiji,,,600,,600,2004,2004-06-05,2004-06-05
2004-0298-BGD,Flood,Bangladesh,730,,36000000,,36000000,2004,2004-06-20,2004-08-03
2004-0298-BTN,Flood,Bhutan,,,,,,2004,2004-07-05,2004-08-11
2004-0298-IND,Flood,India,900,,33000000,,33000000,2004,2004-06-20,
2004-0298-NPL,Flood,Nepal,185,15,800000,,800015,2004,2004-07-05,2004-07-13
2004-0298-PAK,Flood,Pakistan,5,,,,,2004,2004-07-14,2004-07-17
2004-0299-CHN,Flood,China,,,556000,73,556073,2004,2004-06-22,2004-06-23
2004-0300-GMB,Storm,Gambia,2,112,6025,,6137,2004,2004-05-24,2004-05-24
2004-0301-CHN,Storm,China,,32,640000,,640032,2004,2004-06-20,2004-06-20
2004-0302-CHN,Storm,China,46,4000,,42000,46000,2004,2004-05-26,2004-05-30
2004-0303-CHN,Flood,China,3,,740,,740,2004,2004-06-05,2004-06-06
2004-0306-CHN,Flood,China,15,,,,,2004,2004-06-28,2004-06-30
2004-0307-ARG,Flood,Argentina,5,7,1300,,1307,2004,2004-07-01,2004-07-01
2004-0307-CHL,Flood,Chile,3,,9000,,9000,2004,2004-06-30,2004-07-01
2004-0308-TUR,Earthquake,Türkiye,18,21,335,,356,2004,2004-07-01,2004-07-01
2004-0309-PHL,Storm,Philippines,28,12,385000,,385012,2004,2004-06-25,2004-07-02
2004-0309-TWN,Storm,Taiwan (Province of China),28,6,1165,,1171,2004,2004-06-29,2004-07-04
2004-0310-CHN,Extreme temperature,China,39,,,,,2004,2004-07-02,2004-07-03
2004-0311-PHL,Flood,Philippines,15,,,1500,1500,2004,2004-06-28,2004-06-30
2004-0312-GUM,Storm,Guam,1,,300,,300,2004,2004-06-27,2004-06-28
2004-0312-MNP,Storm,Northern Mariana Islands,3,,200,,200,2004,2004-06-26,2004-06-27
2004-0315-NGA,Flood,Nigeria,4,,300,,300,2004,2004-06-22,2004-06-25
2004-0317-BRA,Flood,Brazil,7,,3000,,3000,2004,2004-06-17,2004-06-18
2004-0321-IND,Flood,India,45,,1000,,1000,2004,2004-06-09,2004-06-11
2004-0325-CHN,Flood,China,7,,,,,2004,2004-05-13,2004-05-17
2004-0328-VNM,Flood,Viet Nam,9,,5000,,5000,2004,2004-04-16,2004-04-17
2004-0329-SDN,Epidemic,Sudan,11,,1340,,1340,2004,2004-05-15,2004-06-30
2004-0331-ARG,Extreme temperature,Argentina,5,,,,,2004,,
2004-0331-BRA,Extreme temperature,Brazil,,,,,,2004,,
2004-0331-CHL,Extreme temperature,Chile,,,,,,2004,,
2004-0331-PER,Extreme temperature,Peru,90,1800000,337467,,2137467,2004,,
2004-0331-PRY,Extreme temperature,Paraguay,,,,,,2004,,
2004-0331-URY,Extreme temperature,Uruguay,,,2000,,2000,2004,,
2004-0333-ALB,Extreme temperature,Albania,3,,,,,2004,2004-07-01,
2004-0333-MKD,Extreme temperature,North Macedonia,15,,,,,2004,2004-07-01,
2004-0333-ROU,Extreme temperature,Romania,27,,,,,2004,2004-07-01,
2004-0336-ROU,Storm,Romania,7,,1200,,1200,2004,2004-07-10,2004-07-14
2004-0338-USA,Storm,United States of America,4,6,307,,313,2004,2004-06-28,2004-06-28
2004-0339-JPN,Flood,Japan,21,7,20000,5800,25807,2004,2004-07-12,2004-07-14
2004-0341-RWA,Epidemic,Rwanda,4,,540,,540,2004,2004-06-15,2004-07-15
2004-0342-TJK,Flood,Tajikistan,,,400000,,400000,2004,2004-07-13,2004-07-14
2004-0346-CAN,Flood,Canada,,,,,,2004,2004-07-13,2004-07-16
2004-0348-USA,Wildfire,United States of America,,,200,42,242,2004,2004-07-12,2004-07-16
2004-0349-AFG,Flood,Afghanistan,16,,300,1700,2000,2004,2004-07-13,2004-07-19
2004-0352-JPN,Extreme temperature,Japan,10,300,,,300,2004,,
2004-0354-VNM,Flood,Viet Nam,53,18,,,18,2004,2004-07-18,2004-07-28
2004-0356-ROU,Storm,Romania,4,,600,,600,2004,2004-07-22,2004-07-22
2004-0361-ESP,Extreme temperature,Spain,26,,,,,2004,2004-07-26,2004-07-30
2004-0361-SPI,Extreme temperature,Canary Islands,13,113,,,113,2004,2004-07-26,2004-07-30
2004-0365-ROU,Flood,Romania,4,,14128,,14128,2004,2004-07-28,2004-08-01
2004-0369-HUN,Flood,Hungary,,,384,9,393,2004,2004-07-27,2004-08-02
2004-0369-POL,Flood,Poland,,,600,,600,2004,2004-07-27,2004-08-02
2004-0369-SVK,Flood,Slovakia,1,,230,,230,2004,2004-07-27,2004-08-02
2004-0372-CHN,Flood,China,133,4026,33648000,,33652026,2004,2004-07-15,2004-07-20
2004-0373-ESP,Wildfire,Spain,3,100,1000,,1100,2004,2004-07-28,2004-08-04
2004-0376-COD,Epidemic,Democratic Republic of the Congo,77,,2599,,2599,2004,2004-05-31,2004-07-12
2004-0377-LKA,Epidemic,Sri Lanka,88,,15000,,15000,2004,2004-07-28,2004-07-28
2004-0381-KOR,Flood,Republic of Korea,10,,1501,,1501,2004,2004-08-15,2004-08-22
2004-0381-PRK,Flood,Democratic People's Republic of Korea,24,,,199255,199255,2004,2004-07-24,2004-07-25
2004-0383-PRT,Wildfire,Portugal,2,,,,,2004,,
2004-0387-KGZ,Mass movement (wet),Kyrgyzstan,11,2,,,2,2004,2004-08-05,2004-08-05
2004-0388-RUS,Storm,Russian Federation,6,62,,,62,2004,2004-07-22,2004-07-22
2004-0392-BFA,Infestation,Burkina Faso,,,,,,2004,,
2004-0392-CPV,Infestation,Cabo Verde,,,,,,2004,,
2004-0392-GMB,Infestation,Gambia,,,,,,2004,,
2004-0392-MAR,Infestation,Morocco,,,,,,2004,,
2004-0392-MLI,Infestation,Mali,,,,,,2004,,
2004-0392-MRT,Infestation,Mauritania,,,400000,,400000,2004,,
2004-0392-NER,Infestation,Niger,,,,,,2004,,
2004-0392-NGA,Infestation,Nigeria,,,,,,2004,,
2004-0392-SDN,Infestation,Sudan,,,,,,2004,,
2004-0392-SEN,Infestation,Senegal,,,,,,2004,,
2004-0392-TCD,Infestation,Chad,,,,,,2004,,
2004-0394-ERI,Flood,Eritrea,,13,7000,,7013,2004,2004-07-27,2004-07-27
2004-0395-TCD,Epidemic,Chad,123,,2895,,2895,2004,2004-06-14,2004-09-09
2004-0396-COD,Epidemic,Democratic Republic of the Congo,58,,984,,984,2004,,
2004-0398-ZAF,Flood,South Africa,,,,15000,15000,2004,2004-08-07,2004-08-09
2004-0400-AUS,Storm,Australia,,,600,,600,2004,2004-07-17,2004-07-18
2004-0401-GEO,Flood,Georgia,1,,,90,90,2004,2004-07-15,2004-07-20
2004-0402-NGA,Flood,Nigeria,,,15000,,15000,2004,2004-08-08,2004-08-10
2004-0403-MYS,Storm,Malaysia,,,1000,,1000,2004,2004-07-16,2004-07-16
2004-0404-NZL,Flood,New Zealand,2,,2850,,2850,2004,2004-07-18,2004-07-18
2004-0406-CHN,Earthquake,China,4,600,,120000,120600,2004,2004-08-10,2004-08-10
2004-0410-SDN,Epidemic,Sudan,87,,6774,,6774,2004,2004-05-22,2004-09-17
2004-0411-TCD,Epidemic,Chad,21,,672,,672,2004,2004-07-17,2004-09-17
2004-0412-CHN,Storm,China,188,4000,8590000,468000,9062000,2004,2004-08-06,2004-08-12
2004-0413-NGA,Flood,Nigeria,65,600,10000,,10600,2004,2004-08-08,2004-08-12
2004-0415-CUB,Storm,Cuba,4,5,202500,41500,244005,2004,2004-08-14,2004-08-14
2004-0415-CYM,Storm,Cayman Islands,,,,,,2004,2004-08-13,2004-08-13
2004-0415-JAM,Storm,Jamaica,1,6,120,,126,2004,2004-08-13,2004-08-13
2004-0415-USA,Storm,United States of America,10,,30000,,30000,2004,2004-08-13,2004-08-13
2004-0423-GBR,Flood,United Kingdom of Great Britain and Northern Ireland,,8,1000,,1008,2004,2004-08-16,2004-08-17
2004-0424-TUR,Flood,Türkiye,2,,100,,100,2004,2004-08-16,2004-08-17
2004-0426-COL,Earthquake,Colombia,1,2,,500,502,2004,2004-08-18,2004-08-18
2004-0427-FRA,Storm,France,11,,,,,2004,2004-08-17,2004-08-18
2004-0428-JPN,Storm,Japan,11,,8502,,8502,2004,2004-08-17,2004-08-20
2004-0428-KOR,Storm,Republic of Korea,8,,,2400,2400,2004,2004-08-15,2004-08-17
2004-0432-AUS,Infestation,Australia,,,,,,2004,,
2004-0434-NGA,Flood,Nigeria,25,,3000,,3000,2004,2004-08-21,2004-08-23
2004-0435-CHN,Storm,China,2,7,,41350,41357,2004,2004-08-20,2004-08-23
2004-0435-JPN,Storm,Japan,2,2,,,2,2004,2004-08-23,2004-08-23
2004-0435-PHL,Storm,Philippines,35,,1058849,,1058849,2004,2004-08-25,2004-08-26
2004-0435-TWN,Storm,Taiwan (Province of China),32,2,,,2,2004,2004-08-24,2004-08-25
2004-0436-AFG,Earthquake,Afghanistan,2,40,,1000,1040,2004,2004-07-18,2004-07-18
2004-0437-GIN,Epidemic,Guinea,100,,1092,,1092,2004,,
2004-0437-SLE,Epidemic,Sierra Leone,56,,633,,633,2004,2004-08-02,2004-08-30
2004-0441-THA,Flood,Thailand,9,,500000,,500000,2004,2004-08-06,2004-08-30
2004-0444-ROU,Flood,Romania,6,,14000,,14000,2004,2004-08-27,2004-08-27
2004-0445-GUM,Storm,Guam,,,,,,2004,2004-08-30,2004-09-01
2004-0445-JPN,Storm,Japan,14,50,180000,,180050,2004,2004-08-30,2004-08-31
2004-0446-USA,Wildfire,United States of America,,5,,240,245,2004,2004-08-13,2004-08-14
2004-0447-SLE,Flood,Sierra Leone,10,,,,,2004,,
2004-0448-USA,Storm,United States of America,7,,,,,2004,2004-08-29,2004-08-30
2004-0454-RUS,Flood,Russian Federation,,,500,,500,2004,2004-08-31,2004-09-01
2004-0455-BHS,Storm,Bahamas,2,,8000,,8000,2004,2004-09-02,2004-09-03
2004-0455-DOM,Storm,Dominican Republic,,,250,,250,2004,2004-09-02,2004-09-02
2004-0455-PRI,Storm,Puerto Rico,,,,,,2004,2004-08-31,2004-08-31
2004-0455-TCA,Storm,Turks and Caicos Islands,,,200,,200,2004,2004-09-01,2004-09-01
2004-0455-USA,Storm,United States of America,47,,5000000,,5000000,2004,2004-09-05,2004-09-05
2004-0457-CHN,Flood,China,222,10000,8240000,3000,8253000,2004,2004-09-02,2004-09-07
2004-0459-JPN,Storm,Japan,41,900,40000,,40900,2004,2004-09-03,2004-09-04
2004-0459-KOR,Storm,Republic of Korea,,,,,,2004,2004-09-06,2004-09-09
2004-0459-RUS,Storm,Russian Federation,3,,,,,2004,2004-09-10,2004-09-10
2004-0462-BHS,Storm,Bahamas,1,,,,,2004,2004-08-25,2004-09-08
2004-0462-BRB,Storm,Barbados,1,,,880,880,2004,2004-09-08,2004-09-08
2004-0462-CUB,Storm,Cuba,,,3245,,3245,2004,2004-09-13,2004-09-14
2004-0462-CYM,Storm,Cayman Islands,2,,,,,2004,2004-09-12,2004-09-12
2004-0462-DOM,Storm,Dominican Republic,4,,,,,2004,2004-09-09,2004-09-09
2004-0462-GRD,Storm,Grenada,39,,60000,,60000,2004,2004-09-08,2004-09-08
2004-0462-HTI,Storm,Haiti,3,,4000,2500,6500,2004,2004-09-13,2004-09-13
2004-0462-JAM,Storm,Jamaica,15,,350000,,350000,2004,2004-09-11,2004-09-11
2004-0462-LCA,Storm,Saint Lucia,,,,,,2004,2004-09-08,2004-09-08
2004-0462-TTO,Storm,Trinidad and Tobago,1,,560,,560,2004,2004-09-09,2004-09-09
2004-0462-USA,Storm,United States of America,52,,,,,2004,2004-09-15,2004-09-16
2004-0462-VCT,Storm,Saint Vincent and the Grenadines,,4,1000,,1004,2004,2004-09-08,2004-09-08
2004-0462-VEN,Storm,Venezuela (Bolivarian Republic of),5,5,1645,80,1730,2004,2004-09-08,2004-09-08
2004-0463-IDN,Volcanic activity,Indonesia,,,2100,,2100,2004,2004-09-04,2004-09-04
2004-0468-TWN,Storm,Taiwan (Province of China),9,,6000,,6000,2004,2004-09-12,2004-09-14
2004-0470-BGD,Flood,Bangladesh,20,,600000,,600000,2004,2004-09-11,2004-09-18
2004-0472-VNM,Mass movement (wet),Viet Nam,23,,,,,2004,2004-09-13,2004-09-13
2004-0473-BHS,Storm,Bahamas,9,,1000,,1000,2004,2004-09-25,2004-09-25
2004-0473-DOM,Storm,Dominican Republic,11,9,14000,,14009,2004,2004-09-16,2004-09-17
2004-0473-HTI,Storm,Haiti,2754,2620,298926,14048,315594,2004,2004-09-17,2004-09-18
2004-0473-PRI,Storm,Puerto Rico,2,,3500,,3500,2004,2004-09-14,2004-09-14
2004-0473-USA,Storm,United States of America,6,,40000,,40000,2004,2004-09-25,2004-09-26
2004-0473-VIR,Storm,United States Virgin Islands,,,,,,2004,2004-09-15,2004-09-15
2004-0476-PAN,Flood,Panama,16,,11650,,11650,2004,2004-09-17,2004-09-19
2004-0489-IND,Flood,India,33,,,,,2004,2004-09-20,2004-09-22
2004-0492-JPN,Storm,Japan,25,89,10000,,10089,2004,2004-09-23,2004-09-25
2004-0494-GNB,Flood,Guinea-Bissau,3,,,1000,1000,2004,2004-09-27,2004-09-28
2004-0499-SOM,Flood,Somalia,,,,1500,1500,2004,2004-09-28,2004-09-30
2004-0500-KOR,Flood,Republic of Korea,,,3190,,3190,2004,2004-09-11,2004-09-12
2004-0500-PRK,Flood,Democratic People's Republic of Korea,,,450,,450,2004,2004-09-11,2004-09-13
2004-0501-THA,Flood,Thailand,2,,2000,,2000,2004,2004-09-15,2004-09-15
2004-0502-USA,Storm,United States of America,,,189,,189,2004,2004-09-08,2004-09-08
2004-0509-BGD,Flood,Bangladesh,11,200,271500,,271700,2004,2004-10-07,2004-10-18
2004-0509-IND,Flood,India,160,,,100000,100000,2004,2004-10-07,2004-10-18
2004-0511-JPN,Storm,Japan,11,44,5904,,5948,2004,2004-10-03,2004-10-08
2004-0520-COL,Flood,Colombia,36,72,345314,,345386,2004,2004-10-11,2004-10-26
2004-0522-CHN,Earthquake,China,,12,100000,,100012,2004,2004-10-18,2004-10-18
2004-0524-JPN,Storm,Japan,89,342,84450,,84792,2004,2004-10-15,2004-10-19
2004-0532-JPN,Earthquake,Japan,40,3183,59000,,62183,2004,2004-10-23,2004-10-23
2004-0534-PAN,Flood,Panama,,,3400,,3400,2004,2004-10-23,2004-10-23
2004-0535-TWN,Storm,Taiwan (Province of China),7,100,1600,,1700,2004,2004-10-22,2004-10-25
2004-0537-AUS,Flood,Australia,,,100,,100,2004,2004-10-19,2004-10-22
2004-0540-UGA,Flood,Uganda,,,,20000,20000,2004,,
2004-0541-CAF,Flood,Central African Republic,3,4,,12698,12702,2004,2004-10-24,2004-11-02
2004-0546-SEN,Epidemic,Senegal,6,,861,,861,2004,2004-10-05,
2004-0547-THA,Mass movement (wet),Thailand,3,10,100,,110,2004,2004-10-18,2004-10-18
2004-0556-CRI,Flood,Costa Rica,,,1000,,1000,2004,,
2004-0562-IDN,Earthquake,Indonesia,33,311,83070,,83381,2004,2004-11-11,2004-11-11
2004-0563-JPN,Flood,Japan,1,,2290,,2290,2004,2004-11-11,2004-11-12
2004-0567-DZA,Flood,Algeria,19,20,,,20,2004,2004-11-13,2004-11-14
2004-0568-ITA,Storm,Italy,2,,200,,200,2004,2004-11-13,2004-11-14
2004-0570-UGA,Epidemic,Uganda,3,,53,,53,2004,2004-11-01,2004-11-01
2004-0571-CHN,Earthquake,China,,19,19000,3000,22019,2004,2004-09-07,2004-09-07
2004-0572-USA,Flood,United States of America,,,105,,105,2004,2004-10-30,2004-10-30
2004-0575-COL,Earthquake,Colombia,,20,8016,,8036,2004,2004-11-15,2004-11-15
2004-0578-NGA,Epidemic,Nigeria,76,,1316,,1316,2004,2004-10-15,2004-11-23
2004-0580-PHL,Storm,Philippines,104,240,838434,,838674,2004,2004-11-14,2004-11-21
2004-0580-VNM,Storm,Viet Nam,56,,500000,,500000,2004,2004-11-26,2004-11-26
2004-0582-DMA,Earthquake,Dominica,,,100,,100,2004,2004-11-21,2004-11-21
2004-0582-GLP,Earthquake,Guadeloupe,1,13,100,40,153,2004,2004-11-21,2004-11-21
2004-0584-SVK,Storm,Slovakia,2,24,10300,,10324,2004,2004-11-19,2004-11-19
2004-0588-TTO,Mass movement (wet),Trinidad and Tobago,2,,1200,,1200,2004,2004-11-12,2004-11-12
2004-0589-AUS,Storm,Australia,2,,45,,45,2004,2004-11-07,2004-11-07
2004-0590-MYS,Storm,Malaysia,1,,40000,,40000,2004,2004-11-06,2004-11-06
2004-0591-UGA,Flood,Uganda,,,10000,,10000,2004,2004-11-08,2004-11-10
2004-0596-IRL,Storm,Ireland,,,200,,200,2004,2004-10-27,2004-10-31
2004-0599-CRI,Earthquake,Costa Rica,8,,255,25,280,2004,2004-11-20,2004-11-20
2004-0600-TUR,Storm,Türkiye,14,121,600,,721,2004,2004-11-21,2004-11-22
2004-0601-MEX,Extreme temperature,Mexico,14,,,,,2004,,
2004-0602-PHL,Storm,Philippines,29,14,,2000,2014,2004,2004-11-23,2004-11-28
2004-0604-COD,Epidemic,Democratic Republic of the Congo,214,,42564,,42564,2004,2004-09-27,2005-01-11
2004-0607-IDN,Earthquake,Indonesia,32,213,12620,,12833,2004,2004-11-26,2004-11-26
2004-0609-PHL,Storm,Philippines,1619,1023,880000,,881023,2004,2004-11-29,2004-11-30
2004-0610-PNG,Volcanic activity,Papua New Guinea,,,9600,,9600,2004,,
2004-0615-PAN,Flood,Panama,,,7698,,7698,2004,2004-11-23,2004-11-26
2004-0617-NGA,Epidemic,Nigeria,50,,300,,300,2004,2004-09-16,2004-11-18
2004-0618-PHL,Storm,Philippines,8,8,70480,,70488,2004,2004-11-30,2004-12-03
2004-0618-TWN,Storm,Taiwan (Province of China),3,,,,,2004,2004-12-04,2004-12-04
2004-0619-CHN,Mass movement (dry),China,44,13,,340,353,2004,2004-12-03,2004-12-03
2004-0620-DZA,Earthquake,Algeria,,15,,,15,2004,2004-12-01,2004-12-01
2004-0624-ARG,Flood,Argentina,,,5000,,5000,2004,2004-12-06,2004-12-10
2004-0626-IRN,Flood,Iran (Islamic Republic of),34,43,,4000,4043,2004,2004-12-09,2004-12-28
2004-0633-ALB,Flood,Albania,,,2500,,2500,2004,2004-12-04,2004-12-08
2004-0634-PHL,Mass movement (wet),Philippines,8,6,,,6,2004,2004-12-13,2004-12-13
2004-0635-MYS,Flood,Malaysia,13,,,15000,15000,2004,2004-12-10,2004-12-18
2004-0635-THA,Flood,Thailand,2,,5000,,5000,2004,2004-12-10,2004-12-18
2004-0652-LKA,Flood,Sri Lanka,6,,200000,,200000,2004,2004-12-11,2004-12-23
2004-0659-BGD,Earthquake,Bangladesh,2,,,,,2004,2004-12-26,2004-12-26
2004-0659-IDN,Earthquake,Indonesia,165708,,,532898,532898,2004,2004-12-26,2004-12-26
2004-0659-IND,Earthquake,India,16389,6913,647599,,654512,2004,2004-12-26,2004-12-26
2004-0659-KEN,Earthquake,Kenya,1,,,,,2004,2004-12-26,2004-12-26
2004-0659-LKA,Earthquake,Sri Lanka,35399,23176,516130,480000,1019306,2004,2004-12-26,2004-12-26
2004-0659-MDV,Earthquake,Maldives,102,2214,12000,13000,27214,2004,2004-12-26,2004-12-26
2004-0659-MMR,Earthquake,Myanmar,71,,12500,3200,15700,2004,2004-12-26,2004-12-26
2004-0659-MYS,Earthquake,Malaysia,80,767,,4296,5063,2004,2004-12-26,2004-12-26
2004-0659-SOM,Earthquake,Somalia,298,283,104800,,105083,2004,2004-12-26,2004-12-26
2004-0659-SYC,Earthquake,Seychelles,3,,4760,70,4830,2004,2004-12-26,2004-12-26
2004-0659-THA,Earthquake,Thailand,8345,8457,58550,,67007,2004,2004-12-26,2004-12-26
2004-0659-TZA,Earthquake,United Republic of Tanzania,10,,,,,2004,2004-12-26,2004-12-26
2004-0661-AGO,Flood,Angola,1,,2000,,2000,2004,2004-12-18,2004-12-19
2004-0662-AUS,Flood,Australia,3,,120,,120,2004,2004-12-08,2004-12-22
2004-0668-GAB,Epidemic,Gabon,1,,100,,100,2004,,
2004-0669-DEU,Earthquake,Germany,,,150,,150,2004,2004-12-05,2004-12-05
2004-0670-SVN,Earthquake,Slovenia,1,5,600,,605,2004,2004-07-12,2004-07-12
2004-0671-BDI,Earthquake,Burundi,3,,,120,120,2004,2004-02-24,2004-02-24
2004-0673-PHL,Epidemic,Philippines,32,,98,,98,2004,2004-10-01,2005-01-28
2004-0674-AUS,Storm,Australia,1,,,,,2004,2004-01-24,2004-01-31
2004-0675-USA,Flood,United States of America,1,,,,,2004,2004-07-12,2004-07-14
2004-0676-VEN,Flood,Venezuela (Bolivarian Republic of),35,,,4000,4000,2004,2004-11-17,2004-11-25
2004-0677-CHN,Storm,China,6,100,,462,562,2004,2004-05-08,2004-05-08
2004-0678-BGD,Storm,Bangladesh,10,50,,4000,4050,2004,2004-05-13,2004-05-13
2004-0679-BGD,Storm,Bangladesh,,100,1000,,1100,2004,2004-07-17,2004-07-17
2004-0680-CHN,Earthquake,China,,,,4199,4199,2004,2004-05-04,2004-05-04
2004-0702-GNQ,Epidemic,Equatorial Guinea,15,,946,,946,2004,2004-12-13,2005-03-14
2004-0703-COD,Epidemic,Democratic Republic of the Congo,57,,73,,73,2004,2004-12-15,2005-03-15
2004-0711-EGY,Epidemic,Egypt,,,120,,120,2004,2004-06-10,2004-07-31
2004-0725-PAK,Epidemic,Pakistan,2,100,,,100,2004,2004-10-16,2004-10-16
2004-0730-DEU,Storm,Germany,2,,,,,2004,2004-01-12,2004-01-13
2004-0731-USA,Storm,United States of America,9,14,,,14,2004,2004-03-20,2004-03-21
2004-0734-IND,Flood,India,210,,100000,,100000,2004,2004-08-01,2004-09-08
2004-0734-PAK,Flood,Pakistan,,,,,,2004,2004-08-01,2004-09-08
2004-0735-KHM,Flood,Cambodia,,,,,,2004,2004-08-24,2004-10-21
2004-0735-VNM,Flood,Viet Nam,34,,30000,,30000,2004,2004-08-24,2004-10-21
2004-0736-GNB,Epidemic,Guinea-Bissau,3,,199,,199,2004,,2004-11-19
2004-0737-AGO,Epidemic,Angola,329,,45,,45,2004,2004-10-13,2005-09-06
2004-0738-GIN,Wildfire,Guinea,,,,777,777,2004,2004-01-10,2004-01-10
2004-0740-USA,Extreme temperature,United States of America,3,,,,,2004,2004-01-09,2004-01-12
2004-0741-GRC,Storm,Greece,,,,,,2004,2004-02-13,2004-02-16
2004-9017-ZAF,Drought,South Africa,,,15000000,,15000000,2004,,
2004-9063-PER,Drought,Peru,,,,,,2004,,
2004-9085-SOM,Drought,Somalia,,,200000,,200000,2004,,
2004-9288-KEN,Drought,Kenya,80,,2300000,,2300000,2004,,
2004-9332-CUB,Drought,Cuba,,,,,,2004,,
2004-9363-HND,Drought,Honduras,,,137500,,137500,2004,,
2004-9480-AGO,Drought,Angola,,,25000,,25000,2004,,
2004-9576-BOL,Drought,Bolivia (Plurinational State of),,,55000,,55000,2004,,
2004-9577-TZA,Drought,United Republic of Tanzania,,,254000,,254000,2004,,
2004-9704-PRT,Drought,Portugal,,,,,,2004,,
2004-9705-BRA,Drought,Brazil,,,,,,2004,,
2005-0003-BRA,Storm,Brazil,2,4,,340,344,2005,2005-01-03,2005-01-03
2005-0011-DEU,Storm,Germany,2,2,,,2,2005,2005-01-08,2005-01-08
2005-0011-DNK,Storm,Denmark,4,,,,,2005,2005-01-07,2005-01-09
2005-0011-EST,Storm,Estonia,,,100,,100,2005,2005-01-07,2005-01-08
2005-0011-GBR,Storm,United Kingdom of Great Britain and Northern Ireland,3,,3000,,3000,2005,2005-01-07,2005-01-08
2005-0011-IRL,Storm,Ireland,,,,,,2005,2005-01-07,2005-01-08
2005-0011-LTU,Storm,Lithuania,,,,,,2005,2005-01-08,2005-01-09
2005-0011-LVA,Storm,Latvia,,,,,,2005,2005-01-08,2005-01-09
2005-0011-NLD,Storm,Netherlands (Kingdom of the),,1,,,1,2005,2005-01-08,2005-01-08
2005-0011-NOR,Storm,Norway,,,,,,2005,2005-01-13,2005-01-13
2005-0011-POL,Storm,Poland,,,,,,2005,2005-01-07,2005-01-08
2005-0011-RUS,Storm,Russian Federation,,2,,,2,2005,2005-01-07,2005-01-08
2005-0011-SWE,Storm,Sweden,7,,,,,2005,2005-01-07,2005-01-09
2005-0014-AUS,Wildfire,Australia,12,20,200,,220,2005,2005-01-04,2005-01-26
2005-0015-USA,Flood,United States of America,28,8,500,,508,2005,2005-01-07,2005-01-11
2005-0016-IRN,Earthquake,Iran (Islamic Republic of),,110,,,110,2005,2005-01-10,2005-01-10
2005-0021-CRI,Flood,Costa Rica,4,,2143,,2143,2005,2005-01-11,2005-01-18
2005-0021-PAN,Flood,Panama,3,,7000,,7000,2005,2005-01-11,2005-01-18
2005-0021-VEN,Flood,Venezuela (Bolivarian Republic of),3,,,,,2005,2005-01-08,2005-01-20
2005-0025-RUS,Mass movement (wet),Russian Federation,9,,,,,2005,2005-01-11,2005-01-11
2005-0028-SAU,Flood,Saudi Arabia,29,17,50,,67,2005,2005-01-22,2005-01-27
2005-0029-USA,Storm,United States of America,20,,,,,2005,2005-01-22,2005-01-24
2005-0031-IDN,Earthquake,Indonesia,1,4,680,,684,2005,2005-01-23,2005-01-23
2005-0042-GUY,Flood,Guyana,34,,274774,,274774,2005,2005-01-15,2005-02-25
2005-0044-AFG,Storm,Afghanistan,260,,22656,,22656,2005,,
2005-0044-PAK,Storm,Pakistan,58,,,,,2005,,
2005-0045-ALB,Storm,Albania,2,,400000,,400000,2005,2005-01-23,2005-02-28
2005-0045-BGR,Storm,Bulgaria,,,,,,2005,,
2005-0045-BIH,Storm,Bosnia and Herzegovina,4,,,,,2005,,
2005-0045-CZE,Storm,Czechia,,3,,,3,2005,,
2005-0045-HRV,Storm,Croatia,2,,,,,2005,,
2005-0045-HUN,Storm,Hungary,4,,,,,2005,,
2005-0045-MKD,Storm,North Macedonia,1,3,,,3,2005,,
2005-0045-POL,Storm,Poland,,,,,,2005,,
2005-0045-ROU,Storm,Romania,3,,,,,2005,,
2005-0045-RUS,Storm,Russian Federation,,,,,,2005,,
2005-0045-SCG,Storm,Serbia Montenegro,,,8750,,8750,2005,,
2005-0045-TUR,Storm,Türkiye,2,,,,,2005,2005-01-01,2005-04-01
2005-0048-MDG,Storm,Madagascar,78,8,,7977,7985,2005,2005-01-22,2005-01-23
2005-0050-CMR,Epidemic,Cameroon,42,,1400,,1400,2005,2005-01-03,
2005-0054-BRA,Flood,Brazil,19,,,10000,10000,2005,2005-01-29,2005-02-11
2005-0055-ARG,Storm,Argentina,11,52,,200,252,2005,2005-01-30,2005-01-30
2005-0057-BDI,Flood,Burundi,,,,5000,5000,2005,2005-02-02,2005-02-02
2005-0058-COD,Epidemic,Democratic Republic of the Congo,34,,2152,,2152,2005,2005-01-17,2005-01-30
2005-0061-TLS,Epidemic,Timor-Leste,22,,336,,336,2005,2005-01-05,2005-02-28
2005-0063-TJK,Mass movement (wet),Tajikistan,16,3,1560,390,1953,2005,2005-02-03,2005-02-03
2005-0065-NGA,Flood,Nigeria,,,1000,,1000,2005,2005-02-06,2005-02-06
2005-0068-AUS,Storm,Australia,,,600,,600,2005,2005-01-21,2005-01-21
2005-0069-LVA,Storm,Latvia,,,,,,2005,2005-01-09,2005-01-09
2005-0070-TUR,Earthquake,Türkiye,2,22,400,,422,2005,2005-01-25,2005-01-25
2005-0073-VEN,Flood,Venezuela (Bolivarian Republic of),76,42,25000,,25042,2005,2005-02-07,2005-02-14
2005-0075-MOZ,Flood,Mozambique,,,18825,,18825,2005,2005-01-25,2005-02-09
2005-0078-DZA,Storm,Algeria,10,5,,,5,2005,,
2005-0079-PAK,Flood,Pakistan,520,450,7000000,,7000450,2005,2005-02-09,2005-02-16
2005-0082-SDN,Epidemic,Sudan,124,,3579,,3579,2005,2005-01-22,2005-02-02
2005-0083-COL,Flood,Colombia,56,117,85612,,85729,2005,2005-02-11,2005-02-26
2005-0084-IRN,Storm,Iran (Islamic Republic of),,,8000,,8000,2005,2005-02-13,2005-02-13
2005-0089-IDN,Mass movement (wet),Indonesia,143,,,,,2005,2005-02-21,2005-02-21
2005-0090-IND,Mass movement (wet),India,250,,5000,,5000,2005,2005-02-15,2005-02-21
2005-0092-IRN,Earthquake,Iran (Islamic Republic of),612,1411,93355,,94766,2005,2005-02-22,2005-02-22
2005-0095-DZA,Flood,Algeria,11,,70,,70,2005,2005-03-06,2005-03-09
2005-0097-MDG,Flood,Madagascar,25,17,58700,,58717,2005,2005-03-02,2005-03-15
2005-0101-AFG,Flood,Afghanistan,3,,,1500,1500,2005,2005-03-05,2005-04-05
2005-0102-COK,Storm,Cook Islands,,8,600,,608,2005,2005-02-28,2005-02-28
2005-0102-TKL,Storm,Tokelau,,1,,25,26,2005,2005-02-28,2005-02-28
2005-0103-USA,Flood,United States of America,9,,150,,150,2005,2005-02-17,2005-02-23
2005-0105-NGA,Epidemic,Nigeria,46,,200,,200,2005,2005-02-03,2005-03-16
2005-0113-IRN,Flood,Iran (Islamic Republic of),3,,3000,,3000,2005,2005-03-11,2005-03-12
2005-0116-KAZ,Flood,Kazakhstan,,,25000,,25000,2005,2005-02-24,2005-03-23
2005-0116-UZB,Flood,Uzbekistan,,,1500,,1500,2005,2005-02-24,2005-03-13
2005-0119-TUR,Mass movement (wet),Türkiye,15,9,,,9,2005,2005-03-17,2005-03-17
2005-0120-PHL,Storm,Philippines,18,,11,,11,2005,2005-03-15,2005-03-17
2005-0123-CHN,Storm,China,36,,8000000,,8000000,2005,2005-03-03,2005-03-12
2005-0126-TUR,Earthquake,Türkiye,,18,2250,,2268,2005,2005-03-14,2005-03-14
2005-0129-JPN,Earthquake,Japan,1,735,2800,,3535,2005,2005-03-20,2005-03-20
2005-0130-BGD,Storm,Bangladesh,79,1500,,10000,11500,2005,2005-03-20,2005-03-23
2005-0131-CZE,Flood,Czechia,1,,,,,2005,2005-03-17,2005-03-25
2005-0131-HUN,Flood,Hungary,,,,,,2005,2005-03-17,2005-03-25
2005-0131-POL,Flood,Poland,2,,3600,,3600,2005,2005-03-17,2005-03-26
2005-0131-ROU,Flood,Romania,2,,600,,600,2005,2005-03-17,2005-03-25
2005-0131-SVK,Flood,Slovakia,1,,,,,2005,2005-03-17,2005-03-25
2005-0132-ZAF,Earthquake,South Africa,2,58,,,58,2005,2005-03-09,2005-03-09
2005-0134-NGA,Epidemic,Nigeria,561,,23575,,23575,2005,2005-02-28,2005-03-23
2005-0137-AGO,Flood,Angola,,,,10000,10000,2005,2005-01-27,2005-03-28
2005-0138-CIV,Epidemic,Côte d’Ivoire,40,,210,,210,2005,,
2005-0139-COM,Epidemic,Comoros,,,1358,,1358,2005,2005-03-12,2005-03-12
2005-0143-COD,Storm,Democratic Republic of the Congo,8,3,,5386,5389,2005,2005-02-08,2005-02-08
2005-0144-NZL,Storm,New Zealand,,,100,,100,2005,2005-03-10,2005-03-10
2005-0145-CHN,Storm,China,1,2481,,,2481,2005,2005-02-28,2005-02-28
2005-0146-UKR,Flood,Ukraine,,,8340,,8340,2005,2005-02-28,2005-02-28
2005-0151-ASM,Storm,American Samoa,,,,,,2005,2005-02-16,2005-02-16
2005-0151-WSM,Storm,Samoa,9,,,,,2005,2005-02-16,2005-02-16
2005-0156-SWZ,Storm,Eswatini,,,890,260,1150,2005,2005-01-23,2005-01-23
2005-0160-IDN,Earthquake,Indonesia,915,1146,104167,,105313,2005,2005-03-28,2005-03-28
2005-0165-MDG,Flood,Madagascar,4,,,900,900,2005,2005-03-24,2005-03-26
2005-0169-AFG,Flood,Afghanistan,200,3,11000,,11003,2005,2005-03-05,2005-03-25
2005-0170-PAK,Flood,Pakistan,15,,5000,,5000,2005,2005-03-02,2005-03-08
2005-0176-SEN,Epidemic,Senegal,303,,23022,,23022,2005,2005-01-01,2005-09-23
2005-0180-KOR,Wildfire,Republic of Korea,,,1800,340,2140,2005,2005-04-04,2005-04-06
2005-0186-COD,Epidemic,Democratic Republic of the Congo,29,,1420,,1420,2005,2005-01-01,2005-05-08
2005-0188-CHN,Storm,China,19,55,458800,,458855,2005,2005-04-08,2005-04-08
2005-0190-BGD,Storm,Bangladesh,24,500,,10000,10500,2005,2005-03-31,2005-03-31
2005-0191-IND,Storm,India,18,50,,7500,7550,2005,2005-03-23,2005-03-24
2005-0192-PAK,Flood,Pakistan,20,,,3500,3500,2005,2005-03-20,2005-03-24
2005-0195-ETH,Epidemic,Ethiopia,40,,433,,433,2005,,
2005-0196-COL,Flood,Colombia,23,30,41500,,41530,2005,2005-04-12,2005-05-07
2005-0202-IDN,Volcanic activity,Indonesia,,,26000,,26000,2005,2005-04-12,2005-04-12
2005-0203-USA,Flood,United States of America,2,,11000,,11000,2005,2005-04-01,2005-04-06
2005-0205-COM,Volcanic activity,Comoros,,,39000,,39000,2005,2005-04-16,2005-04-16
2005-0211-JPN,Earthquake,Japan,,58,837,,895,2005,2005-04-19,2005-04-19
2005-0212-TZA,Flood,United Republic of Tanzania,1,,10548,,10548,2005,2005-04-16,2005-04-18
2005-0214-ROU,Flood,Romania,2,,3400,,3400,2005,2005-04-21,2005-05-15
2005-0214-SCG,Flood,Serbia Montenegro,2,,1945,1845,3790,2005,2005-04-20,2005-04-20
2005-0215-ETH,Flood,Ethiopia,156,,235418,,235418,2005,2005-04-23,2005-04-26
2005-0215-KEN,Flood,Kenya,1,,25000,,25000,2005,2005-04-23,2005-04-26
2005-0215-SOM,Flood,Somalia,5,20,5000,,5020,2005,2005-04-23,2005-06-14
2005-0219-USA,Storm,United States of America,,8,45,51,104,2005,2005-04-06,2005-04-08
2005-0220-TCD,Epidemic,Chad,115,,6000,,6000,2005,2005-01-03,2005-05-15
2005-0221-NGA,Epidemic,Nigeria,100,,,,,2005,2005-04-11,2005-04-20
2005-0222-YEM,Flood,Yemen,10,,215,500,715,2005,2005-04-25,2005-04-27
2005-0223-IDN,Flood,Indonesia,47,18,750,,768,2005,2005-04-26,2005-04-27
2005-0225-GEO,Flood,Georgia,,,2500,,2500,2005,2005-04-23,2005-04-28
2005-0228-SAU,Flood,Saudi Arabia,34,,,,,2005,2005-04-28,2005-04-28
2005-0229-RUS,Flood,Russian Federation,3,,222,,222,2005,,
2005-0233-RUS,Flood,Russian Federation,,,3685,,3685,2005,2005-04-15,2005-04-15
2005-0240-SLV,Earthquake,El Salvador,1,1,750,,751,2005,2005-05-05,2005-05-05
2005-0256-CHL,Storm,Chile,45,,112,,112,2005,2005-05-18,2005-05-19
2005-0258-ETH,Flood,Ethiopia,42,,,,,2005,2005-05-20,2005-05-22
2005-0259-BGD,Storm,Bangladesh,10,6,,,6,2005,2005-05-21,2005-05-22
2005-0260-KEN,Flood,Kenya,5,,10000,,10000,2005,2005-05-18,2005-05-24
2005-0261-BGD,Flood,Bangladesh,13,,50000,,50000,2005,2005-05-25,2005-05-28
2005-0265-BGR,Flood,Bulgaria,6,,,,,2005,2005-05-26,2005-06-13
2005-0268-IND,Epidemic,India,48,,405,,405,2005,2005-05-18,2005-06-21
2005-0273-BGD,Storm,Bangladesh,2,100,,,100,2005,2005-05-14,2005-05-14
2005-0274-CHN,Storm,China,15,13,,,13,2005,2005-05-13,2005-05-13
2005-0275-DOM,Flood,Dominican Republic,3,,1450,,1450,2005,2005-05-14,2005-05-14
2005-0276-RUS,Flood,Russian Federation,,,5000,,5000,2005,2005-05-09,2005-05-10
2005-0281-AFG,Flood,Afghanistan,20,,500,,500,2005,2005-05-04,2005-05-08
2005-0282-BGD,Storm,Bangladesh,11,,,1500,1500,2005,2005-05-06,2005-05-06
2005-0283-MEX,Flood,Mexico,8,,1000,,1000,2005,2005-05-05,2005-05-05
2005-0284-PHL,Flood,Philippines,1,,100,,100,2005,2005-05-12,2005-05-12
2005-0285-RUS,Flood,Russian Federation,,,138,,138,2005,2005-05-11,2005-05-11
2005-0286-USA,Flood,United States of America,,,,,,2005,2005-05-06,2005-05-08
2005-0288-COG,Epidemic,Congo,10,,2,,2,2005,2005-04-25,2005-06-15
2005-0289-YEM,Epidemic,Yemen,,,179,,179,2005,2005-02-25,2005-12-06
2005-0290-IND,Storm,India,20,20,,,20,2005,2005-05-01,2005-05-01
2005-0291-IND,Storm,India,11,20,,,20,2005,2005-05-04,2005-05-04
2005-0296-BRA,Flood,Brazil,28,,31000,,31000,2005,2005-06-01,2005-06-04
2005-0297-MLI,Flood,Mali,,,,125,125,2005,2005-06-06,2005-06-06
2005-0302-NZL,Flood,New Zealand,,,,400,400,2005,2005-05-18,2005-05-21
2005-0303-THA,Storm,Thailand,,,1500,,1500,2005,2005-05-21,2005-05-21
2005-0304-TJK,Flood,Tajikistan,8,,2877,345,3222,2005,2005-06-08,2005-06-10
2005-0305-VEN,Flood,Venezuela (Bolivarian Republic of),5,,,1650,1650,2005,2005-06-08,2005-06-08
2005-0306-NGA,Epidemic,Nigeria,12,,98,,98,2005,2005-05-16,2005-05-24
2005-0307-CHN,Flood,China,117,25,400,,425,2005,2005-06-10,2005-06-12
2005-0308-PNG,Volcanic activity,Papua New Guinea,,,15000,,15000,2005,2005-06-02,2005-06-10
2005-0309-SOM,Flood,Somalia,7,,,2500,2500,2005,2005-06-04,2005-06-05
2005-0311-CHN,Storm,China,9,14,200,,214,2005,2005-06-10,2005-06-10
2005-0312-CHN,Storm,China,,,90000,,90000,2005,2005-05-31,2005-05-31
2005-0313-FIN,Flood,Finland,,,400,,400,2005,2005-05-25,2005-05-31
2005-0314-IND,Flood,India,14,12,,,12,2005,2005-05-27,2005-05-27
2005-0315-VNM,Flood,Viet Nam,,3,385,205,593,2005,2005-05-26,2005-05-26
2005-0319-GTM,Mass movement (wet),Guatemala,63,35,1500,,1535,2005,2005-06-15,2005-06-16
2005-0321-CHL,Earthquake,Chile,11,182,27463,,27645,2005,2005-06-13,2005-06-13
2005-0321-PER,Earthquake,Peru,,,,,,2005,2005-06-13,2005-06-13
2005-0322-AFG,Flood,Afghanistan,48,40,,5000,5040,2005,2005-06-16,2005-06-17
2005-0323-BGD,Extreme temperature,Bangladesh,,,,,,2005,,
2005-0323-IND,Extreme temperature,India,329,,,,,2005,,
2005-0324-DZA,Flood,Algeria,1,,,1750,1750,2005,2005-06-18,2005-06-20
2005-0325-UGA,Epidemic,Uganda,10,,426,,426,2005,,2005-05-31
2005-0326-AFG,Epidemic,Afghanistan,,,3245,,3245,2005,2005-06-25,2005-09-19
2005-0328-PNG,Earthquake,Papua New Guinea,1,,,200,200,2005,2005-06-04,2005-06-04
2005-0329-TUR,Earthquake,Türkiye,,54,300,,354,2005,2005-06-06,2005-06-06
2005-0334-CHN,Flood,China,58,230,11230000,,11230230,2005,2005-06-28,2005-07-10
2005-0335-IND,Flood,India,239,,405000,,405000,2005,2005-06-28,2005-07-15
2005-0337-ROU,Flood,Romania,8,2,5100,,5102,2005,2005-07-02,2005-07-03
2005-0338-BGR,Flood,Bulgaria,17,,200,,200,2005,2005-07-02,2005-07-06
2005-0339-CHN,Extreme temperature,China,,200,,,200,2005,,
2005-0340-TUR,Flood,Türkiye,,,3000,,3000,2005,2005-07-04,2005-07-04
2005-0344-CHN,Flood,China,235,,16700000,,16700000,2005,2005-06-19,2005-06-30
2005-0347-PAK,Extreme temperature,Pakistan,106,200,,,200,2005,2005-06-13,2005-06-28
2005-0348-HND,Flood,Honduras,8,,,800,800,2005,2005-06-24,2005-06-27
2005-0348-SLV,Flood,El Salvador,33,,2332,,2332,2005,2005-06-24,2005-06-27
2005-0351-CUB,Storm,Cuba,16,,2500000,,2500000,2005,2005-07-08,2005-07-09
2005-0351-HTI,Storm,Haiti,40,36,15000,,15036,2005,2005-07-07,2005-07-07
2005-0351-JAM,Storm,Jamaica,1,,8000,,8000,2005,2005-07-07,2005-07-07
2005-0351-USA,Storm,United States of America,5,,,,,2005,2005-07-10,2005-07-10
2005-0354-IND,Flood,India,25,,,,,2005,2005-07-09,2005-07-09
2005-0359-KGZ,Flood,Kyrgyzstan,3,,,2050,2050,2005,2005-06-10,2005-06-13
2005-0360-AFG,Flood,Afghanistan,,,,,,2005,2005-06-21,2005-08-05
2005-0360-PAK,Flood,Pakistan,39,,460073,,460073,2005,2005-06-21,2005-08-05
2005-0361-IND,Flood,India,6,,5000,,5000,2005,2005-06-26,2005-06-29
2005-0364-AUT,Flood,Austria,,,900,,900,2005,2005-07-10,2005-07-12
2005-0364-DEU,Flood,Germany,,,450,,450,2005,2005-07-10,2005-07-13
2005-0365-ROU,Flood,Romania,24,,14669,,14669,2005,2005-07-12,2005-07-28
2005-0367-FRA,Wildfire,France,2,,,,,2005,2005-06-20,2005-08-26
2005-0367-PRT,Wildfire,Portugal,15,136,,,136,2005,2005-05-15,2005-07-14
2005-0368-GTM,Mass movement (wet),Guatemala,7,,1000,,1000,2005,2005-07-12,2005-07-13
2005-0370-TJK,Flood,Tajikistan,,,1890,,1890,2005,2005-07-23,2005-07-23
2005-0371-PRK,Flood,Democratic People's Republic of Korea,193,205,,16093,16298,2005,2005-06-30,2005-07-02
2005-0372-MLI,Epidemic,Mali,20,,138,,138,2005,2005-06-20,2005-12-11
2005-0373-GNB,Epidemic,Guinea-Bissau,399,,25111,,25111,2005,2005-06-06,2005-11-22
2005-0374-IDN,Epidemic,Indonesia,,,329,,329,2005,,2006-01-31
2005-0375-BGD,Flood,Bangladesh,23,,1000000,,1000000,2005,2005-07-07,2005-07-27
2005-0375-IND,Flood,India,70,,1904000,4000,1908000,2005,2005-07-07,2005-07-28
2005-0375-NPL,Flood,Nepal,,,30000,,30000,2005,2005-07-07,2005-07-27
2005-0378-HTI,Flood,Haiti,6,,2500,,2500,2005,2005-07-14,2005-07-15
2005-0380-ESP,Wildfire,Spain,11,1,,,1,2005,2005-07-18,2005-07-18
2005-0381-CHN,Storm,China,9,,1000000,13000,1013000,2005,2005-07-15,2005-07-19
2005-0381-TWN,Storm,Taiwan (Province of China),12,34,1500,,1534,2005,2005-07-18,2005-07-18
2005-0382-HTI,Storm,Haiti,6,,565,185,750,2005,2005-07-17,2005-07-17
2005-0382-JAM,Storm,Jamaica,4,,2296,,2296,2005,2005-07-18,2005-07-18
2005-0382-MEX,Storm,Mexico,2,,,,,2005,2005-07-18,2005-07-18
2005-0382-TTO,Storm,Trinidad and Tobago,,,,,,2005,2005-07-14,2005-07-14
2005-0382-VCT,Storm,Saint Vincent and the Grenadines,,,530,,530,2005,2005-07-14,2005-07-14
2005-0383-CAN,Wildfire,Canada,,,,,,2005,,
2005-0391-BGD,Storm,Bangladesh,35,,,,,2005,2005-06-30,2005-06-30
2005-0392-KOR,Flood,Republic of Korea,18,,13010,1500,14510,2005,2005-08-02,2005-08-04
2005-0393-CHL,Flood,Chile,5,,800,,800,2005,2005-06-26,2005-06-28
2005-0394-JPN,Flood,Japan,,,900,,900,2005,2005-06-28,2005-06-28
2005-0395-CHN,Storm,China,8,223,825000,,825223,2005,2005-06-13,2005-06-14
2005-0396-TWN,Flood,Taiwan (Province of China),16,,2700,,2700,2005,2005-06-11,2005-06-17
2005-0397-VEN,Flood,Venezuela (Bolivarian Republic of),13,105,19000,,19105,2005,,
2005-0398-IND,Flood,India,62,,49000,,49000,2005,2005-07-02,2005-07-15
2005-0399-IND,Flood,India,12,,10000,,10000,2005,2005-07-10,2005-07-10
2005-0404-ZWE,Epidemic,Zimbabwe,14,,203,,203,2005,,
2005-0409-IND,Flood,India,1200,55,20000000,,20000055,2005,2005-07-24,2005-08-05
2005-0411-CHN,Epidemic,China,38,,168,,168,2005,2005-06-24,2005-08-20
2005-0413-CHN,Storm,China,15,37,,,37,2005,2005-07-30,2005-07-30
2005-0414-IRN,Flood,Iran (Islamic Republic of),52,,,,,2005,2005-07-31,2005-08-01
2005-0415-TUR,Flood,Türkiye,7,,,,,2005,2005-08-02,2005-08-03
2005-0419-CHN,Storm,China,10,,1240000,,1240000,2005,2005-07-30,2005-08-04
2005-0419-KOR,Storm,Republic of Korea,5,,,,,2005,2005-08-02,2005-08-07
2005-0419-TWN,Storm,Taiwan (Province of China),,,,,,2005,2005-07-30,2005-08-08
2005-0423-NGA,Flood,Nigeria,60,4,,3000,3004,2005,2005-08-07,2005-09-16
2005-0425-CAF,Flood,Central African Republic,1,7,,23798,23805,2005,2005-08-08,2005-08-25
2005-0426-IRN,Flood,Iran (Islamic Republic of),43,,,1750,1750,2005,2005-08-09,2005-08-11
2005-0429-LTU,Flood,Lithuania,,,,,,2005,2005-08-08,2005-08-10
2005-0430-IDN,Wildfire,Indonesia,,,,,,2005,2005-08-09,2005-08-09
2005-0430-MYS,Wildfire,Malaysia,,,,,,2005,2005-08-09,2005-08-09
2005-0430-THA,Wildfire,Thailand,,,,,,2005,,
2005-0435-THA,Flood,Thailand,21,40,119270,,119310,2005,2005-08-13,2005-08-31
2005-0436-IRN,Flood,Iran (Islamic Republic of),11,,,,,2005,2005-08-15,2005-08-15
2005-0443-SLE,Flood,Sierra Leone,20,,15000,,15000,2005,2005-08-14,2005-08-16
2005-0444-CMR,Flood,Cameroon,2,,,,,2005,2005-08-19,2005-08-19
2005-0448-SEN,Flood,Senegal,,,50000,,50000,2005,2005-08-20,2005-09-10
2005-0450-MKD,Flood,North Macedonia,,,2000,,2000,2005,2005-08-04,2005-08-04
2005-0451-AUT,Flood,Austria,4,,,,,2005,2005-08-21,2005-08-26
2005-0451-CHE,Flood,Switzerland,6,,2500,,2500,2005,2005-08-21,2005-08-26
2005-0451-DEU,Flood,Germany,1,,,,,2005,2005-08-21,2005-08-26
2005-0456-URY,Storm,Uruguay,7,12,,,12,2005,2005-08-23,2005-08-24
2005-0457-IND,Mass movement (wet),India,12,20,,,20,2005,2005-08-24,2005-08-25
2005-0458-RUS,Flood,Russian Federation,19,,,,,2005,2005-08-04,2005-08-04
2005-0460-CAN,Wildfire,Canada,,,,,,2005,,
2005-0464-JPN,Storm,Japan,3,4,90,,94,2005,2005-08-25,2005-08-26
2005-0467-USA,Storm,United States of America,1833,,500000,,500000,2005,2005-08-29,2005-09-19
2005-0468-CHL,Flood,Chile,,,,548,548,2005,2005-08-26,2005-08-29
2005-0470-MEX,Flood,Mexico,30,,10000,,10000,2005,2005-08-21,2005-08-30
2005-0471-IND,Flood,India,27,,800000,,800000,2005,2005-08-26,2005-08-28
2005-0472-ETH,Flood,Ethiopia,,,7000,,7000,2005,2005-08-19,2005-09-01
2005-0473-BGR,Flood,Bulgaria,7,,,,,2005,2005-08-14,2005-08-26
2005-0473-HUN,Flood,Hungary,,,,,,2005,2005-08-14,2005-08-26
2005-0473-ROU,Flood,Romania,33,,2000,,2000,2005,2005-08-14,2005-08-25
2005-0473-SVN,Flood,Slovenia,,,,,,2005,2005-08-19,2005-08-24
2005-0474-CHN,Flood,China,28,,14500,,14500,2005,2005-08-14,2005-09-05
2005-0475-CHN,Flood,China,52,46,,188000,188046,2005,2005-08-13,2005-08-20
2005-0476-VNM,Storm,Viet Nam,13,,6500,,6500,2005,2005-08-13,2005-08-16
2005-0479-IND,Epidemic,India,296,,939,,939,2005,2005-07-29,2005-09-13
2005-0480-BFA,Epidemic,Burkina Faso,9,,606,,606,2005,2005-08-08,2005-09-04
2005-0481-IND,Epidemic,India,110,,1743,,1743,2005,2005-08-28,2005-08-30
2005-0483-NER,Epidemic,Niger,44,,387,,387,2005,2005-07-13,2005-10-02
2005-0484-GIN,Epidemic,Guinea,72,,1884,,1884,2005,2005-04-11,2005-10-30
2005-0485-ETH,Flood,Ethiopia,13,,,,,2005,2005-09-01,2005-09-01
2005-0487-IDN,Mass movement (wet),Indonesia,25,10,,,10,2005,2005-09-02,2005-09-02
2005-0491-MRT,Epidemic,Mauritania,55,,2585,,2585,2005,2005-07-20,2005-10-23
2005-0492-CHN,Storm,China,159,,19624000,,19624000,2005,2005-09-01,2005-09-01
2005-0492-TWN,Storm,Taiwan (Province of China),3,59,,,59,2005,2005-09-01,2005-09-01
2005-0497-JPN,Storm,Japan,32,140,270000,,270140,2005,2005-09-02,2005-09-04
2005-0497-KOR,Storm,Republic of Korea,5,,1100,,1100,2005,2005-09-08,2005-09-08
2005-0504-IND,Flood,India,126,,100000,,100000,2005,2005-07-23,2005-08-16
2005-0505-CHN,Flood,China,16,23,,,23,2005,2005-07-21,2005-07-22
2005-0506-MYS,Flood,Malaysia,4,,600,,600,2005,2005-07-17,2005-07-19
2005-0507-LBR,Epidemic,Liberia,29,,674,,674,2005,2005-08-02,2005-08-13
2005-0508-COD,Epidemic,Democratic Republic of the Congo,38,,1300,,1300,2005,2005-07-29,2005-09-05
2005-0510-CHN,Storm,China,25,8,1350000,,1350008,2005,2005-09-11,2005-09-13
2005-0511-AFG,Flood,Afghanistan,12,,,,,2005,2005-09-11,2005-09-12
2005-0512-BEL,Flood,Belgium,,,210,,210,2005,2005-09-10,2005-09-11
2005-0516-FRA,Flood,France,1,,3000,,3000,2005,2005-09-07,2005-09-09
2005-0518-PNG,Flood,Papua New Guinea,1,,2493,,2493,2005,2005-08-19,2005-08-19
2005-0519-MDA,Flood,Republic of Moldova,,,6500,,6500,2005,2005-08-18,2005-08-19
2005-0523-AUS,Flood,Australia,3,,3000,,3000,2005,2005-06-30,2005-07-03
2005-0524-MEX,Storm,Mexico,2,,15000,,15000,2005,2005-06-29,2005-06-30
2005-0526-KEN,Flood,Kenya,20,,1200,,1200,2005,2005-06-17,2005-06-20
2005-0530-USA,Storm,United States of America,,,120,81,201,2005,2005-08-18,2005-08-18
2005-0533-MMR,Mass movement (wet),Myanmar,17,16,,,16,2005,2005-09-14,2005-09-15
2005-0536-VNM,Storm,Viet Nam,8,,8500,,8500,2005,2005-09-18,2005-09-19
2005-0537-BGD,Storm,Bangladesh,16,,12000,,12000,2005,2005-09-20,2005-09-20
2005-0537-IND,Storm,India,33,,11000,50000,61000,2005,2005-09-20,2005-09-20
2005-0538-BOL,Wildfire,Bolivia (Plurinational State of),,,3000,,3000,2005,,
2005-0539-IND,Flood,India,23,4,,2500,2504,2005,2005-09-16,2005-09-19
2005-0540-CHN,Storm,China,25,,5719000,,5719000,2005,2005-09-26,2005-09-26
2005-0540-PHL,Storm,Philippines,16,,20000,,20000,2005,2005-09-15,2005-09-22
2005-0540-THA,Storm,Thailand,10,,2000,,2000,2005,2005-09-26,2005-09-30
2005-0540-VNM,Storm,Viet Nam,75,28,337632,,337660,2005,2005-09-27,2005-09-30
2005-0541-IND,Flood,India,89,,550000,,550000,2005,2005-09-14,2005-09-20
2005-0545-BGR,Flood,Bulgaria,2,,,,,2005,2005-09-21,2005-09-23
2005-0545-ROU,Flood,Romania,10,,30000,800,30800,2005,2005-09-21,2005-09-23
2005-0547-USA,Storm,United States of America,10,,300000,,300000,2005,2005-09-23,2005-10-01
2005-0550-CRI,Flood,Costa Rica,1,,855,,855,2005,2005-09-18,2005-09-27
2005-0552-MLI,Flood,Mali,,,,1735,1735,2005,2005-09-21,2005-09-27
2005-0553-CAN,Storm,Canada,,,300,,300,2005,2005-09-26,2005-09-29
2005-0556-NPL,Flood,Nepal,51,,1600,,1600,2005,2005-09-24,2005-09-29
2005-0558-PER,Earthquake,Peru,5,59,2446,,2505,2005,2005-09-26,2005-09-26
2005-0559-MRT,Flood,Mauritania,,,7500,,7500,2005,2005-09-27,2005-09-30
2005-0565-CHN,Storm,China,95,,2460000,,2460000,2005,2005-10-02,2005-10-02
2005-0565-TWN,Storm,Taiwan (Province of China),2,46,,,46,2005,2005-10-02,2005-10-02
2005-0567-CRI,Storm,Costa Rica,1,,1074,,1074,2005,2005-10-01,2005-10-16
2005-0567-GTM,Storm,Guatemala,1513,386,474928,,475314,2005,2005-10-01,2005-10-13
2005-0567-HND,Storm,Honduras,6,,2869,,2869,2005,2005-09-28,2005-10-10
2005-0567-HTI,Storm,Haiti,1,,10000,,10000,2005,,
2005-0567-MEX,Storm,Mexico,36,,1954571,,1954571,2005,2005-10-01,2005-10-13
2005-0567-NIC,Storm,Nicaragua,3,,7880,,7880,2005,2005-10-01,2005-10-13
2005-0567-SLV,Storm,El Salvador,69,,72141,,72141,2005,2005-10-01,2005-10-13
2005-0570-SLV,Volcanic activity,El Salvador,2,,2000,,2000,2005,2005-10-01,2005-10-01
2005-0572-COL,Flood,Colombia,101,114,474493,,474607,2005,2005-09-15,2005-11-17
2005-0575-AFG,Earthquake,Afghanistan,1,,,,,2005,2005-10-08,2005-10-08
2005-0575-IND,Earthquake,India,1309,6622,,150000,156622,2005,2005-10-08,2005-10-08
2005-0575-PAK,Earthquake,Pakistan,73338,128309,,5000000,5128309,2005,2005-10-08,2005-10-08
2005-0576-SDN,Flood,Sudan,5,,156000,,156000,2005,2005-08-29,2005-09-06
2005-0583-USA,Flood,United States of America,11,,3000,,3000,2005,2005-10-08,2005-10-16
2005-0584-VNM,Flood,Viet Nam,17,,10000,,10000,2005,2005-10-07,2005-10-10
2005-0585-BHS,Storm,Bahamas,1,,1500,,1500,2005,2005-10-19,2005-10-25
2005-0585-BLZ,Storm,Belize,,,,,,2005,2005-10-21,2005-10-21
2005-0585-CUB,Storm,Cuba,4,,100000,,100000,2005,2005-10-19,2005-10-24
2005-0585-HND,Storm,Honduras,,,,,,2005,2005-10-21,2005-10-21
2005-0585-HTI,Storm,Haiti,12,,,,,2005,2005-10-19,2005-10-24
2005-0585-JAM,Storm,Jamaica,1,,100,,100,2005,2005-10-19,2005-10-24
2005-0585-MEX,Storm,Mexico,7,,700000,300000,1000000,2005,2005-10-19,2005-10-24
2005-0585-USA,Storm,United States of America,4,,30000,,30000,2005,2005-10-24,2005-10-24
2005-0586-HTI,Flood,Haiti,11,,11500,,11500,2005,,
2005-0589-IDN,Flood,Indonesia,28,211,12000,,12211,2005,2005-10-18,2005-10-19
2005-0590-BGD,Flood,Bangladesh,19,,100000,,100000,2005,2005-10-03,2005-10-20
2005-0591-CAN,Flood,Canada,,,600,,600,2005,2005-09-27,2005-09-29
2005-0592-CHN,Flood,China,20,,4610000,,4610000,2005,2005-09-29,2005-10-06
2005-0593-GTM,Flood,Guatemala,,,,,,2005,2005-10-03,2005-10-03
2005-0593-SLV,Flood,El Salvador,15,,,,,2005,2005-10-03,2005-10-03
2005-0596-BEN,Epidemic,Benin,4,,206,,206,2005,2005-06-06,2005-09-04
2005-0597-DOM,Storm,Dominican Republic,9,,1000,,1000,2005,2005-10-22,2005-10-24
2005-0597-HTI,Storm,Haiti,12,17,2175,,2192,2005,2005-10-22,2005-10-24
2005-0599-IND,Flood,India,19,,2000000,250000,2250000,2005,2005-10-21,2005-10-24
2005-0600-CHN,Flood,China,20,,,80000,80000,2005,2005-10-03,2005-10-06
2005-0601-MEX,Flood,Mexico,3,,3000,,3000,2005,2005-09-26,2005-09-29
2005-0603-IND,Flood,India,15,,,,,2005,2005-09-22,2005-10-11
2005-0611-VNM,Storm,Viet Nam,20,,15000,,15000,2005,2005-11-02,2005-11-04
2005-0616-SDN,Epidemic,Sudan,144,,439,,439,2005,,2005-12-17
2005-0621-MLI,Epidemic,Mali,23,,30,,30,2005,2005-10-07,2005-12-13
2005-0625-COL,Storm,Colombia,,,3074,,3074,2005,2005-10-29,2005-10-29
2005-0625-HND,Storm,Honduras,,,11000,,11000,2005,2005-10-30,2005-11-15
2005-0625-NIC,Storm,Nicaragua,4,,,5763,5763,2005,2005-10-30,2005-10-30
2005-0627-IND,Flood,India,162,,2000000,,2000000,2005,2005-10-23,2005-11-13
2005-0628-VNM,Flood,Viet Nam,67,,33800,,33800,2005,2005-10-20,2005-10-28
2005-0630-STP,Epidemic,Sao Tome and Principe,25,,1349,,1349,2005,2005-10-06,2005-12-16
2005-0631-IND,Epidemic,India,296,,1145,,1145,2005,2005-07-01,2005-11-10
2005-0632-SOM,Epidemic,Somalia,13,,,,,2005,2005-10-23,2005-11-14
2005-0634-PAK,Epidemic,Pakistan,22,111,,,111,2005,,
2005-0640-BLZ,Storm,Belize,3,,,,,2005,2005-11-14,2005-11-21
2005-0640-HND,Storm,Honduras,47,,90000,,90000,2005,2005-11-18,2005-11-20
2005-0646-LKA,Flood,Sri Lanka,6,,145000,,145000,2005,2005-11-21,2005-11-23
2005-0647-FRA,Flood,France,2,,1000,,1000,2005,2005-11-15,2005-11-17
2005-0651-CHN,Earthquake,China,16,8000,607500,,615500,2005,2005-11-26,2005-11-26
2005-0654-IRN,Earthquake,Iran (Islamic Republic of),13,100,,,100,2005,2005-11-27,2005-11-27
2005-0655-BEL,Extreme temperature,Belgium,2,,,,,2005,2005-11-25,2005-11-26
2005-0655-DEU,Extreme temperature,Germany,1,165,,,165,2005,2005-11-25,2005-11-27
2005-0655-FRA,Extreme temperature,France,6,,,,,2005,2005-11-23,2005-11-27
2005-0655-GBR,Extreme temperature,United Kingdom of Great Britain and Northern Ireland,,,,,,2005,2005-11-25,2005-11-27
2005-0655-NLD,Extreme temperature,Netherlands (Kingdom of the),,,,,,2005,2005-11-25,2005-11-27
2005-0657-COM,Volcanic activity,Comoros,1,,245000,,245000,2005,2005-11-24,2005-12-10
2005-0662-MAR,Storm,Morocco,1,,,,,2005,2005-11-28,2005-11-28
2005-0662-SPI,Storm,Canary Islands,19,,,,,2005,2005-11-27,2005-11-29
2005-0663-GHA,Epidemic,Ghana,40,,2248,,2248,2005,,
2005-0664-VUT,Volcanic activity,Vanuatu,,,5000,,5000,2005,2005-11-27,2005-11-27
2005-0669-PHL,Flood,Philippines,4,,192946,,192946,2005,2005-12-05,2005-12-29
2005-0671-COD,Earthquake,Democratic Republic of the Congo,6,5,,1500,1505,2005,2005-12-05,2005-12-05
2005-0671-TZA,Earthquake,United Republic of Tanzania,2,,5000,,5000,2005,2005-12-05,2005-12-05
2005-0677-IND,Flood,India,30,,200000,,200000,2005,2005-12-02,2005-12-03
2005-0682-USA,Storm,United States of America,10,,,,,2005,2005-12-08,2005-12-09
2005-0686-AFG,Earthquake,Afghanistan,5,1,500,,501,2005,2005-12-13,2005-12-13
2005-0687-USA,Extreme temperature,United States of America,33,31,,,31,2005,2005-07-04,2005-07-30
2005-0690-MYS,Flood,Malaysia,9,,30000,,30000,2005,2005-11-23,2006-01-12
2005-0690-THA,Flood,Thailand,55,,700000,,700000,2005,2005-11-23,2006-01-12
2005-0693-MWI,Storm,Malawi,11,8,,,8,2005,2005-12-17,2005-12-17
2005-0694-VNM,Flood,Viet Nam,69,,,18000,18000,2005,2005-12-04,2005-12-24
2005-0695-BIH,Flood,Bosnia and Herzegovina,,,3100,,3100,2005,2005-12-06,2005-12-09
2005-0696-ALB,Flood,Albania,3,,500,,500,2005,2005-11-30,2005-12-03
2005-0697-AUS,Storm,Australia,1,,600,,600,2005,2005-12-02,2005-12-02
2005-0701-BGD,Extreme temperature,Bangladesh,100,,1000,,1000,2005,,
2005-0701-IND,Extreme temperature,India,180,,,,,2005,,
2005-0709-YEM,Mass movement (wet),Yemen,65,11,,,11,2005,2005-12-28,2005-12-29
2005-0710-SOM,Epidemic,Somalia,,,199,,199,2005,2005-07-12,2006-03-24
2005-0711-COG,Flood,Congo,1,,,2000,2000,2005,2005-12-24,2005-12-28
2005-0712-ZMB,Epidemic,Zambia,21,,7615,,7615,2005,2005-08-13,2006-04-05
2005-0713-AUT,Extreme temperature,Austria,,,,,,2005,2005-12-27,
2005-0713-BEL,Extreme temperature,Belgium,,,,,,2005,2005-12-27,2005-12-30
2005-0713-BGR,Extreme temperature,Bulgaria,18,20,,,20,2006,2006-01-22,2006-01-25
2005-0713-BLR,Extreme temperature,Belarus,5,1820,,,1820,2006,,
2005-0713-CHE,Extreme temperature,Switzerland,,,,,,2005,2005-12-27,2005-12-30
2005-0713-CZE,Extreme temperature,Czechia,15,,,,,2005,2005-12-27,
2005-0713-DEU,Extreme temperature,Germany,10,,,,,2006,2006-01-22,2006-01-28
2005-0713-ESP,Extreme temperature,Spain,9,,,,,2005,2005-12-27,
2005-0713-EST,Extreme temperature,Estonia,3,,,,,2006,,
2005-0713-FRA,Extreme temperature,France,2,,,,,2005,2005-12-27,2005-12-30
2005-0713-GBR,Extreme temperature,United Kingdom of Great Britain and Northern Ireland,1,,,,,2005,2005-12-27,2005-12-30
2005-0713-HRV,Extreme temperature,Croatia,5,,,,,2005,2005-12-27,2005-12-30
2005-0713-HUN,Extreme temperature,Hungary,48,,,,,2005,2005-12-27,
2005-0713-ITA,Extreme temperature,Italy,9,,,,,2005,2005-12-27,
2005-0713-LVA,Extreme temperature,Latvia,40,,,,,2006,,
2005-0713-MDA,Extreme temperature,Republic of Moldova,13,,,,,2006,2006-01-20,2006-01-24
2005-0713-NLD,Extreme temperature,Netherlands (Kingdom of the),,,,,,2005,2005-12-27,2005-12-30
2005-0713-POL,Extreme temperature,Poland,191,,,,,2005,,2006-02-06
2005-0713-ROU,Extreme temperature,Romania,68,,,,,2006,2006-01-20,2006-01-28
2005-0713-RUS,Extreme temperature,Russian Federation,116,14,,,14,2006,,
2005-0713-SCG,Extreme temperature,Serbia Montenegro,3,,,,,2006,,
2005-0713-SVK,Extreme temperature,Slovakia,,,,,,2005,2005-12-27,2005-12-30
2005-0713-SWE,Extreme temperature,Sweden,,,,,,2005,,
2005-0713-TUR,Extreme temperature,Türkiye,17,150,,,150,2005,2005-12-26,2006-02-06
2005-0713-UKR,Extreme temperature,Ukraine,801,9600,50000,,59600,2006,2006-01-16,2006-02-06
2005-0714-PAK,Mass movement (wet),Pakistan,24,,,,,2005,2005-12-27,2005-12-27
2005-0715-MOZ,Flood,Mozambique,16,12,20000,9000,29012,2005,2005-12-22,2006-02-07
2005-0715-MWI,Flood,Malawi,1,,,44500,44500,2005,2005-12-22,2006-02-07
2005-0716-USA,Flood,United States of America,3,,3600,,3600,2005,2005-12-31,2006-01-18
2005-0718-IDN,Flood,Indonesia,79,30,7781,,7811,2005,2005-12-31,2006-01-03
2005-0722-PAK,Epidemic,Pakistan,20,,,,,2005,,
2005-0723-JPN,Storm,Japan,100,1010,1800,,2810,2005,2005-12-09,2006-01-05
2005-0723-KOR,Storm,Republic of Korea,1,,,,,2005,2005-12-22,2005-12-25
2005-0724-USA,Wildfire,United States of America,5,,,1410,1410,2005,2005-12-27,2006-01-04
2005-0725-AFG,Flood,Afghanistan,,,,150,150,2005,2005-12-28,2005-12-28
2005-0726-ZWE,Epidemic,Zimbabwe,73,,980,,980,2005,2005-12-10,2006-05-18
2005-0727-BGR,Flood,Bulgaria,7,,12000,,12000,2005,2005-08-04,2005-08-11
2005-0728-CAN,Flood,Canada,4,,5000,,5000,2005,2005-06-07,2005-07-01
2005-0729-CHN,Flood,China,8,,8842,,8842,2005,2005-05-28,2005-05-29
2005-0730-CHN,Flood,China,19,,650000,,650000,2005,2005-06-17,2005-06-25
2005-0731-COL,Volcanic activity,Colombia,,,,,,2005,2005-11-24,2005-11-24
2005-0732-SLV,Storm,El Salvador,,,,,,2005,2005-05-19,2005-05-19
2005-0733-HTI,Flood,Haiti,,5,78,,83,2005,2005-06-07,2005-06-15
2005-0735-ETH,Epidemic,Ethiopia,34,,531,,531,2005,,
2005-0736-AFG,Flood,Afghanistan,,,,125,125,2005,2005-12-27,2005-12-29
2005-0737-YEM,Flood,Yemen,12,6,,,6,2005,2005-08-20,2005-08-21
2005-0738-IRN,Earthquake,Iran (Islamic Republic of),,,21912,,21912,2005,2005-03-13,2005-03-13
2005-0739-DOM,Wildfire,Dominican Republic,,,,,,2005,2005-03-11,2005-03-11
2005-0740-CHN,Earthquake,China,,9,18500,,18509,2005,2005-08-05,2005-08-05
2005-0746-IND,Flood,India,10,,2000,,2000,2005,2005-07-05,2005-08-14
2005-0746-PAK,Flood,Pakistan,42,20,58000,,58020,2005,2005-07-05,2005-08-14
2005-0747-HRV,Flood,Croatia,,,250,,250,2005,,
2005-0748-SDN,Flood,Sudan,,,,4780,4780,2005,2005-07-14,2005-07-15
2005-0751-CHN,Flood,China,5,,1270000,,1270000,2005,2005-07-01,2005-08-12
2005-0754-COM,Epidemic,Comoros,,,924,,924,2006,,
2005-0754-IND,Epidemic,India,,,153324,,153324,2005,,
2005-0754-MUS,Epidemic,Mauritius,,,2553,,2553,2006,,
2005-0754-REU,Epidemic,Réunion,,,157000,,157000,2005,2005-03-28,2006-02-05
2005-0754-SYC,Epidemic,Seychelles,,,5461,,5461,2006,,
2005-0755-KEN,Epidemic,Kenya,12,,45,,45,2005,2005-12-01,2006-02-15
2005-0755-UGA,Epidemic,Uganda,11,,300,,300,2005,2005-12-28,2006-02-12
2005-0756-ROU,Extreme temperature,Romania,13,500,,,500,2005,2005-07-27,2005-08-01
2005-0757-AFG,Extreme temperature,Afghanistan,21,,,,,2005,2005-04-09,2005-04-10
2005-0761-VNM,Epidemic,Viet Nam,16,,83,,83,2005,2005-12-26,2006-04-02
2005-0762-SDN,Epidemic,Sudan,382,,3436,,3436,2005,2005-12-03,2006-05-03
2005-0813-KEN,Epidemic,Kenya,41,,1600,,1600,2005,,
2005-0814-TZA,Epidemic,United Republic of Tanzania,6,,576,,576,2005,2005-12-02,
2005-0815-ZMB,Flood,Zambia,,,4000,,4000,2005,,
2005-0818-ETH,Volcanic activity,Ethiopia,,,9000,,9000,2005,,
2005-0819-GBR,Storm,United Kingdom of Great Britain and Northern Ireland,7,,,,,2005,2005-01-11,2005-01-12
2005-0820-PRT,Extreme temperature,Portugal,462,,,,,2005,,
2005-0821-NPL,Mass movement (wet),Nepal,18,,,,,2005,2005-10-20,2005-10-20
2005-0822-KHM,Flood,Cambodia,16,,,,,2005,2005-09-08,2005-09-29
2005-0822-VNM,Flood,Viet Nam,39,,30000,,30000,2005,2005-09-08,2005-09-29
2005-9067-BDI,Drought,Burundi,120,,2150000,,2150000,2005,,
2005-9142-MLI,Drought,Mali,,,1000000,,1000000,2005,,
2005-9153-THA,Drought,Thailand,,,,,,2005,,
2005-9163-UGA,Drought,Uganda,,,600000,,600000,2005,,
2005-9206-KHM,Drought,Cambodia,,,600000,,600000,2005,,
2005-9213-DJI,Drought,Djibouti,,,150000,,150000,2005,,
2005-9262-MOZ,Drought,Mozambique,,,1400000,,1400000,2005,,
2005-9277-VNM,Drought,Viet Nam,,,410000,,410000,2005,,
2005-9362-NER,Drought,Niger,,,3000000,,3000000,2005,,
2005-9403-ZMB,Drought,Zambia,,,1200000,,1200000,2005,,
2005-9569-BRA,Drought,Brazil,,,,,,2005,,
2005-9578-MWI,Drought,Malawi,,,5100000,,5100000,2005,,
2005-9637-MDG,Drought,Madagascar,,,14000,,14000,2005,,
2005-9719-KEN,Drought,Kenya,27,,3500000,,3500000,2005,,
2005-9722-SOM,Drought,Somalia,2,,,,,2005,,
2005-9734-PRY,Drought,Paraguay,,,52990,,52990,2005,2005-10-14,
2005-9745-CHN,Drought,China,,,174000,,174000,2005,,
2005-9746-CHN,Drought,China,,,7600000,,7600000,2005,2005-07-07,
2005-9747-ETH,Drought,Ethiopia,,,2600000,,2600000,2005,,
2006-0007-IDN,Mass movement (wet),Indonesia,156,13,,8300,8313,2006,2006-01-01,2006-01-04
2006-0008-CHN,Storm,China,,5000,,100000,105000,2006,2006-01-06,2006-01-14
2006-0015-BOL,Flood,Bolivia (Plurinational State of),,29,475,,504,2006,2006-01-01,2006-01-01
2006-0021-AFG,Mass movement (wet),Afghanistan,13,,300000,,300000,2006,2006-01-13,2006-01-13
2006-0022-RWA,Epidemic,Rwanda,35,,300,,300,2006,,2006-01-10
2006-0023-AGO,Flood,Angola,,,,225,225,2006,,
2006-0024-NAM,Flood,Namibia,,,200,,200,2006,,
2006-0029-AFG,Storm,Afghanistan,29,,,,,2006,2006-01-01,
2006-0037-MYS,Flood,Malaysia,,,1112,,1112,2006,2006-01-09,2006-01-09
2006-0038-BRA,Flood,Brazil,12,,,,,2006,2006-01-27,2006-01-30
2006-0039-BOL,Flood,Bolivia (Plurinational State of),25,21,126075,,126096,2006,2006-01-25,2006-04-17
2006-0040-PHL,Flood,Philippines,4,,256641,,256641,2006,2006-01-26,2006-02-05
2006-0041-GUY,Flood,Guyana,,,35000,,35000,2006,2006-01-08,2006-02-14
2006-0043-AUS,Storm,Australia,,,1500,,1500,2006,2006-01-09,2006-01-31
2006-0045-AFG,Mass movement (wet),Afghanistan,15,,,,,2006,2006-01-31,2006-01-31
2006-0051-BDI,Storm,Burundi,,5,,1500,1505,2006,2006-01-31,2006-01-31
2006-0053-TJK,Mass movement (wet),Tajikistan,21,5,723,,728,2006,2006-01-26,2006-02-02
2006-0054-MWI,Epidemic,Malawi,20,,852,,852,2006,2006-01-16,2006-05-18
2006-0057-AUS,Wildfire,Australia,3,,,81,81,2006,,
2006-0059-PNG,Mass movement (wet),Papua New Guinea,14,,,10000,10000,2006,2006-01-20,2006-04-18
2006-0060-COD,Epidemic,Democratic Republic of the Congo,34,,770,,770,2006,,
2006-0061-CHN,Earthquake,China,,1,,68760,68761,2006,2006-01-12,2006-01-12
2006-0065-IRQ,Flood,Iraq,,,41890,,41890,2006,2006-02-04,2006-02-12
2006-0068-AFG,Storm,Afghanistan,42,,,,,2006,,
2006-0069-IDN,Mass movement (wet),Indonesia,11,,3000,,3000,2006,2006-01-22,2006-01-27
2006-0071-FJI,Flood,Fiji,4,,224,,224,2006,2006-02-04,2006-02-09
2006-0073-FJI,Storm,Fiji,,,168,,168,2006,2006-01-29,2006-02-06
2006-0074-IDN,Flood,Indonesia,19,,10000,,10000,2006,2006-01-26,2006-02-14
2006-0076-SDN,Epidemic,Sudan,24,,554,,554,2006,2006-01-01,2006-02-03
2006-0077-SDN,Epidemic,Sudan,476,,15711,,15711,2006,2006-01-28,2006-09-24
2006-0080-MOZ,Epidemic,Mozambique,27,,5692,,5692,2006,,2006-05-18
2006-0082-PNG,Flood,Papua New Guinea,1,,,12000,12000,2006,2006-02-03,2006-02-19
2006-0087-PHL,Mass movement (wet),Philippines,11,25,7500,,7525,2006,2006-02-14,2006-02-14
2006-0088-DZA,Flood,Algeria,1,,60000,,60000,2006,2006-02-10,2006-02-15
2006-0089-MDG,Storm,Madagascar,3,,6112,100,6212,2006,2006-02-04,2006-02-04
2006-0093-ECU,Flood,Ecuador,16,,57670,,57670,2006,2006-02-16,2006-05-06
2006-0095-YEM,Flood,Yemen,5,,,2000,2000,2006,2006-02-20,2006-02-23
2006-0096-PHL,Mass movement (wet),Philippines,1126,19,5907,,5926,2006,2006-02-17,2006-02-17
2006-0099-IDN,Flood,Indonesia,39,39,17500,,17539,2006,2006-02-13,2006-02-23
2006-0100-MOZ,Earthquake,Mozambique,4,36,,1440,1476,2006,2006-02-22,2006-02-22
2006-0108-NAM,Flood,Namibia,5,,2100,,2100,2006,2006-02-24,2006-02-28
2006-0109-SCG,Flood,Serbia Montenegro,,,1200,,1200,2006,2006-02-21,2006-03-02
2006-0113-MYS,Flood,Malaysia,,,4906,,4906,2006,2006-02-10,2006-02-18
2006-0113-THA,Flood,Thailand,,,2000,,2000,2006,2006-02-10,2006-02-18
2006-0115-MWI,Flood,Malawi,3,,,8000,8000,2006,2006-03-07,2006-03-14
2006-0123-IRN,Earthquake,Iran (Islamic Republic of),,6,7000,,7006,2006,2006-02-28,2006-02-28
2006-0124-CHE,Storm,Switzerland,1,,,,,2006,,
2006-0124-DEU,Storm,Germany,10,200,,,200,2006,,
2006-0124-FRA,Storm,France,4,,,,,2006,,
2006-0124-ITA,Storm,Italy,1,,,,,2006,,
2006-0126-TLS,Storm,Timor-Leste,,,8730,,8730,2006,2006-01-15,
2006-0127-ROU,Flood,Romania,,,600,,600,2006,,
2006-0128-USA,Storm,United States of America,10,42,,,42,2006,2006-03-11,2006-03-13
2006-0131-MLI,Epidemic,Mali,9,,151,,151,2006,2006-01-01,
2006-0132-NER,Epidemic,Niger,44,,570,,570,2006,2006-01-01,2006-03-26
2006-0133-BFA,Epidemic,Burkina Faso,784,,7402,,7402,2006,2006-01-01,2006-04-23
2006-0134-BWA,Epidemic,Botswana,470,,22264,,22264,2006,,
2006-0135-CIV,Epidemic,Côte d’Ivoire,40,,90,,90,2006,2006-02-25,2006-02-25
2006-0136-KEN,Epidemic,Kenya,15,,59,,59,2006,2006-01-01,2006-01-28
2006-0137-PHL,Flood,Philippines,1,,1000,,1000,2006,2006-03-04,2006-03-06
2006-0139-AUS,Storm,Australia,,30,,7000,7030,2006,2006-03-20,2006-04-02
2006-0140-COL,Flood,Colombia,150,227,221238,,221465,2006,2006-01-01,2006-04-27
2006-0141-COD,Storm,Democratic Republic of the Congo,3,66,75000,,75066,2006,2006-03-08,2006-03-08
2006-0142-KGZ,Storm,Kyrgyzstan,4,,9075,,9075,2006,,
2006-0144-COD,Epidemic,Democratic Republic of the Congo,13,,948,,948,2006,2006-01-06,2006-01-31
2006-0145-COD,Flood,Democratic Republic of the Congo,,,3870,,3870,2006,2006-02-18,2006-02-20
2006-0146-BGD,Storm,Bangladesh,4,549,5350,,5899,2006,2006-03-04,2006-03-04
2006-0147-PER,Flood,Peru,,,15000,325,15325,2006,,
2006-0148-BGR,Earthquake,Bulgaria,,2,525,,527,2006,2006-02-20,2006-02-20
2006-0149-DZA,Earthquake,Algeria,4,9,160,150,319,2006,2006-03-20,2006-03-20
2006-0153-IRN,Earthquake,Iran (Islamic Republic of),63,1418,160000,,161418,2006,2006-03-31,2006-03-31
2006-0154-COL,Volcanic activity,Colombia,,,8500,,8500,2006,2006-03-28,2006-07-12
2006-0155-AUS,Storm,Australia,,,500,,500,2006,2006-03-30,2006-04-05
2006-0156-AUT,Flood,Austria,,,516,,516,2006,2006-03-28,2006-04-17
2006-0156-BGR,Flood,Bulgaria,,,,,,2006,2006-04-10,2006-04-13
2006-0156-CZE,Flood,Czechia,6,,4200,,4200,2006,2006-03-28,2006-04-17
2006-0156-DEU,Flood,Germany,,,1000,,1000,2006,2006-03-28,2006-04-17
2006-0156-HRV,Flood,Croatia,,,,,,2006,2006-04-04,2006-05-11
2006-0156-HUN,Flood,Hungary,,,32000,,32000,2006,2006-03-28,2006-05-09
2006-0156-ROU,Flood,Romania,6,2,12069,5000,17071,2006,2006-03-13,2006-04-07
2006-0156-SCG,Flood,Serbia Montenegro,,,35000,,35000,2006,2006-04-04,2006-05-11
2006-0156-SVK,Flood,Slovakia,1,,,,,2006,2006-03-28,2006-05-09
2006-0161-USA,Storm,United States of America,28,36,3600,,3636,2006,2006-04-02,2006-04-03
2006-0165-YEM,Flood,Yemen,25,20,,300,320,2006,2006-04-03,2006-04-05
2006-0171-USA,Storm,United States of America,12,160,465,,625,2006,2006-04-06,2006-04-08
2006-0172-COD,Flood,Democratic Republic of the Congo,1,,5500,,5500,2006,2006-04-08,2006-04-27
2006-0178-KEN,Flood,Kenya,60,,17300,,17300,2006,2006-04-04,2006-05-22
2006-0179-AUS,Flood,Australia,,,1100,,1100,2006,2006-04-05,2006-04-10
2006-0180-USA,Flood,United States of America,1,,600,,600,2006,2006-04-04,2006-04-17
2006-0181-ZAF,Flood,South Africa,6,,4160,,4160,2006,2006-03-26,2006-03-30
2006-0182-USA,Flood,United States of America,7,,,,,2006,2006-03-14,2006-03-23
2006-0185-GIN,Epidemic,Guinea,18,,125,,125,2006,2006-01-01,2006-03-31
2006-0186-COD,Epidemic,Democratic Republic of the Congo,20,,16,,16,2006,,
2006-0187-AGO,Epidemic,Angola,2354,,57570,,57570,2006,2006-02-13,2007-02-08
2006-0192-IDN,Flood,Indonesia,22,2,400,,402,2006,2006-04-19,2006-04-23
2006-0196-IDN,Volcanic activity,Indonesia,,,11000,,11000,2006,2006-04-18,2006-05-15
2006-0199-CHN,Flood,China,21,461,,10000,10461,2006,2006-04-09,2006-05-11
2006-0201-BRA,Flood,Brazil,8,,116000,,116000,2006,2006-03-25,2006-04-23
2006-0203-CAN,Flood,Canada,,,200,,200,2006,2006-04-18,2006-04-24
2006-0204-ETH,Flood,Ethiopia,,,10000,,10000,2006,2006-04-09,2006-04-25
2006-0205-PNG,Flood,Papua New Guinea,,,400,,400,2006,2006-04-12,2006-04-18
2006-0206-CAN,Flood,Canada,,,1000,,1000,2006,2006-04-12,2006-04-20
2006-0207-IND,Flood,India,20,,,,,2006,2006-04-15,2006-04-18
2006-0208-GEO,Flood,Georgia,,,600,,600,2006,2006-04-15,2006-04-24
2006-0209-BGR,Flood,Bulgaria,,,,,,2006,2006-04-07,2006-05-24
2006-0209-ROU,Flood,Romania,,,,,,2006,2006-04-07,2006-05-24
2006-0209-UKR,Flood,Ukraine,,,,,,2006,2006-04-07,2006-05-24
2006-0211-VNM,Storm,Viet Nam,1,5,1000,,1005,2006,2006-04-07,2006-04-07
2006-0213-PER,Volcanic activity,Peru,,,3000,,3000,2006,2006-03-27,2006-04-23
2006-0214-RUS,Earthquake,Russian Federation,,40,12000,,12040,2006,2006-04-20,2006-04-20
2006-0219-ITA,Mass movement (wet),Italy,4,9,150,,159,2006,2006-04-30,2006-04-30
2006-0221-AFG,Flood,Afghanistan,19,25,5000,,5025,2006,2006-04-28,2006-05-01
2006-0222-PNG,Mass movement (wet),Papua New Guinea,1,,300,,300,2006,2006-04-27,2006-04-30
2006-0223-NZL,Flood,New Zealand,,,1200,,1200,2006,2006-04-26,2006-04-28
2006-0224-CAN,Flood,Canada,,,2000,,2000,2006,2006-04-22,2006-05-31
2006-0225-RUS,Flood,Russian Federation,,,420,,420,2006,2006-04-21,2006-05-11
2006-0226-MYS,Flood,Malaysia,,,500,,500,2006,2006-04-20,2006-04-21
2006-0230-BDI,Flood,Burundi,1,,,1200,1200,2006,2006-04-24,2006-04-24
2006-0231-IDN,Earthquake,Indonesia,3,2,1200,,1202,2006,2006-03-14,2006-03-14
2006-0234-KEN,Flood,Kenya,8,,13000,,13000,2006,2006-04-25,2006-05-04
2006-0235-TZA,Epidemic,United Republic of Tanzania,15,,300,,300,2006,2006-01-02,2006-04-30
2006-0237-IND,Extreme temperature,India,47,,,,,2006,,
2006-0239-IRN,Earthquake,Iran (Islamic Republic of),,70,,,70,2006,2006-05-07,2006-05-07
2006-0241-MMR,Storm,Myanmar,34,31,60075,,60106,2006,2006-04-29,2006-05-05
2006-0242-ARG,Flood,Argentina,,,4500,,4500,2006,,
2006-0243-SOM,Epidemic,Somalia,12,,80,,80,2006,,
2006-0245-IRN,Flood,Iran (Islamic Republic of),14,,2800,,2800,2006,2006-05-08,2006-05-13
2006-0247-SUR,Flood,Suriname,3,,25000,,25000,2006,2006-05-07,2006-05-29
2006-0250-CHN,Flood,China,22,,36900,,36900,2006,2006-04-21,2006-05-15
2006-0251-CHN,Storm,China,23,,3150000,,3150000,2006,2006-05-18,2006-05-22
2006-0251-PHL,Storm,Philippines,41,,42000,,42000,2006,2006-05-11,2006-05-12
2006-0251-VNM,Storm,Viet Nam,204,,600000,,600000,2006,2006-05-17,2006-05-17
2006-0254-PAK,Extreme temperature,Pakistan,84,100,,,100,2006,,
2006-0255-TZA,Flood,United Republic of Tanzania,,,,19000,19000,2006,2006-05-09,2006-05-17
2006-0256-TJK,Mass movement (wet),Tajikistan,1,,13000,,13000,2006,2006-04-24,2006-05-08
2006-0257-USA,Storm,United States of America,1,,600,,600,2006,2006-05-01,2006-05-07
2006-0259-BDI,Flood,Burundi,9,,2000,,2000,2006,2006-05-18,2006-05-18
2006-0260-USA,Flood,United States of America,2,,2500,,2500,2006,2006-05-11,2006-05-22
2006-0261-CAN,Flood,Canada,,,300,,300,2006,2006-05-26,2006-06-02
2006-0262-BGD,Flood,Bangladesh,,,76000,,76000,2006,2006-05-31,2006-07-24
2006-0262-IND,Flood,India,21,,504000,,504000,2006,2006-05-31,2006-07-24
2006-0263-IND,Flood,India,32,,10800,,10800,2006,2006-05-25,2006-06-02
2006-0264-CHN,Flood,China,57,,356000,,356000,2006,2006-05-30,2006-06-09
2006-0265-IND,Flood,India,41,,,,,2006,2006-05-31,2006-06-04
2006-0266-CHN,Flood,China,3,35,,350000,350035,2006,2006-05-24,2006-05-31
2006-0267-MAR,Flood,Morocco,6,,1100,,1100,2006,2006-05-26,2006-05-28
2006-0268-BDI,Flood,Burundi,1,,5000,,5000,2006,2006-05-17,2006-05-28
2006-0269-CAN,Flood,Canada,1,,400,,400,2006,2006-05-20,2006-05-28
2006-0270-THA,Flood,Thailand,116,,342895,,342895,2006,2006-05-22,2006-06-11
2006-0271-AFG,Flood,Afghanistan,21,150,465,,615,2006,2006-05-19,2006-05-23
2006-0272-CUB,Storm,Cuba,,8,260,,268,2006,2006-06-11,2006-06-11
2006-0279-IDN,Earthquake,Indonesia,5778,137883,2340745,699295,3177923,2006,2006-05-26,2006-05-26
2006-0281-VUT,Volcanic activity,Vanuatu,,,,,,2006,2006-05-09,2006-05-09
2006-0282-COM,Volcanic activity,Comoros,,,,,,2006,2006-05-28,2006-05-28
2006-0283-ECU,Volcanic activity,Ecuador,,,250,,250,2006,2006-05-10,2006-05-23
2006-0289-SDN,Epidemic,Sudan,196,,5757,,5757,2006,2006-04-21,2006-10-06
2006-0290-COD,Epidemic,Democratic Republic of the Congo,19,,81,,81,2006,2006-05-13,2006-06-18
2006-0291-AFG,Flood,Afghanistan,,,1735,,1735,2006,,
2006-0297-CHN,Flood,China,2,,1410000,,1410000,2006,2006-06-13,2006-06-16
2006-0298-CHN,Flood,China,50,,,12000,12000,2006,2006-06-12,2006-06-16
2006-0299-TWN,Flood,Taiwan (Province of China),3,,300,,300,2006,2006-06-10,2006-06-13
2006-0300-CHN,Flood,China,21,24,4600000,,4600024,2006,2006-06-08,2006-06-15
2006-0302-POL,Flood,Poland,,,500,,500,2006,2006-06-04,2006-06-06
2006-0302-SVK,Flood,Slovakia,,,100,,100,2006,2006-06-04,2006-06-06
2006-0304-CHN,Mass movement (dry),China,11,5,,,5,2006,2006-06-18,2006-06-18
2006-0306-RUS,Flood,Russian Federation,,,1300,,1300,2006,2006-06-04,2006-06-12
2006-0311-IDN,Flood,Indonesia,236,56,28505,670,29231,2006,2006-06-19,2006-06-23
2006-0312-ROU,Flood,Romania,14,,5712,,5712,2006,2006-06-20,2006-06-26
2006-0317-SOM,Epidemic,Somalia,20,,,,,2006,,
2006-0318-BDI,Flood,Burundi,11,,,1000,1000,2006,,
2006-0319-CUB,Flood,Cuba,2,,1500,,1500,2006,2006-06-08,2006-06-08
2006-0320-ROU,Flood,Romania,1,,600,,600,2006,2006-06-19,2006-06-19
2006-0321-NAM,Epidemic,Namibia,10,,47,,47,2006,2006-05-07,2006-08-08
2006-0322-KEN,Epidemic,Kenya,13,,,,,2006,,
2006-0323-CHN,Flood,China,23,,5000,,5000,2006,2006-06-17,2006-06-19
2006-0324-GIN,Epidemic,Guinea,111,,173,,173,2006,,2006-10-22
2006-0328-IDN,Flood,Indonesia,41,,,,,2006,2006-06-24,2006-06-26
2006-0332-IDN,Flood,Indonesia,52,,18250,,18250,2006,2006-06-25,2006-06-29
2006-0333-UKR,Flood,Ukraine,2,,5000,,5000,2006,2006-07-02,2006-07-03
2006-0334-TUR,Flood,Türkiye,12,,,,,2006,2006-07-01,2006-07-03
2006-0335-ROU,Flood,Romania,30,,600,,600,2006,2006-06-30,2006-07-03
2006-0336-CHN,Flood,China,30,,4120000,,4120000,2006,2006-06-28,2006-07-06
2006-0337-CHN,Flood,China,42,9,10000,,10009,2006,2006-06-28,2006-07-08
2006-0338-HND,Flood,Honduras,4,,1500,,1500,2006,2006-06-25,2006-07-01
2006-0339-CHN,Flood,China,6,,270000,,270000,2006,2006-06-25,2006-06-26
2006-0340-CHN,Flood,China,29,16,2375000,,2375016,2006,2006-06-25,2006-06-26
2006-0341-USA,Flood,United States of America,11,,65000,,65000,2006,2006-06-25,2006-07-01
2006-0342-IND,Flood,India,130,,300000,,300000,2006,2006-06-24,2006-06-27
2006-0342-NPL,Flood,Nepal,,,,,,2006,2006-06-24,2006-08-03
2006-0343-IDN,Flood,Indonesia,,,5000,,5000,2006,2006-06-23,2006-06-27
2006-0344-USA,Flood,United States of America,2,,2400,,2400,2006,2006-06-22,2006-06-25
2006-0345-PAK,Mass movement (wet),Pakistan,29,5,,,5,2006,2006-07-03,2006-07-04
2006-0348-ROU,Extreme temperature,Romania,26,200,,,200,2006,2006-06-29,
2006-0349-CZE,Flood,Czechia,,,115,,115,2006,2006-06-30,2006-06-30
2006-0351-TGO,Flood,Togo,,,2000,,2000,2006,2006-06-20,2006-06-28
2006-0352-DEU,Storm,Germany,1,100,,,100,2006,2006-06-28,2006-06-29
2006-0356-DEU,Storm,Germany,,,,,,2006,2006-07-07,2006-07-07
2006-0357-CHN,Mass movement (wet),China,11,,,,,2006,,
2006-0360-RUS,Flood,Russian Federation,,,6000,,6000,2006,2006-07-12,2006-07-14
2006-0361-KOR,Flood,Republic of Korea,46,,4630,,4630,2006,2006-07-12,2006-07-20
2006-0361-PRK,Flood,Democratic People's Republic of Korea,278,,,84500,84500,2006,2006-07-12,2006-07-20
2006-0362-CHN,Storm,China,820,,29622000,,29622000,2006,2006-07-16,2006-07-19
2006-0362-PHL,Storm,Philippines,37,,51680,,51680,2006,2006-07-11,2006-07-17
2006-0362-TWN,Storm,Taiwan (Province of China),3,,,,,2006,2006-07-17,2006-07-17
2006-0362-VNM,Storm,Viet Nam,17,,,2000,2000,2006,2006-07-11,2006-07-19
2006-0363-CHL,Flood,Chile,18,,95862,,95862,2006,2006-07-11,2006-07-17
2006-0364-CHN,Flood,China,,,4000,,4000,2006,2006-07-11,2006-07-13
2006-0365-AFG,Flood,Afghanistan,10,,,,,2006,2006-07-09,2006-07-13
2006-0365-PAK,Flood,Pakistan,13,300,,,300,2006,2006-07-09,2006-07-13
2006-0366-VNM,Flood,Viet Nam,4,100,,,100,2006,2006-07-09,2006-07-11
2006-0367-CHN,Flood,China,10,,1400000,,1400000,2006,2006-07-07,2006-07-11
2006-0368-KHM,Flood,Cambodia,,,5000,,5000,2006,2006-07-06,2006-07-07
2006-0369-IND,Flood,India,24,,8400,,8400,2006,2006-07-04,2006-07-07
2006-0370-IND,Flood,India,33,,,,,2006,2006-07-03,2006-07-08
2006-0371-CHN,Flood,China,20,16,2400,,2416,2006,2006-07-02,2006-07-05
2006-0372-IDN,Earthquake,Indonesia,802,543,35000,,35543,2006,2006-07-17,2006-07-17
2006-0373-ECU,Volcanic activity,Ecuador,5,13,300000,,300013,2006,2006-07-14,2006-08-17
2006-0374-USA,Wildfire,United States of America,1,17,,150,167,2006,2006-07-09,2006-07-14
2006-0378-JPN,Flood,Japan,34,32,6200,,6232,2006,2006-06-19,2006-07-20
2006-0380-COL,Volcanic activity,Colombia,,,8500,,8500,2006,2006-07-12,2006-07-12
2006-0383-BEL,Extreme temperature,Belgium,940,,,,,2006,,
2006-0383-DEU,Extreme temperature,Germany,2,,,,,2006,2006-07-15,2006-07-23
2006-0383-ESP,Extreme temperature,Spain,21,,,,,2006,2006-07-15,2006-08-04
2006-0383-FRA,Extreme temperature,France,1388,,,,,2006,2006-07-15,2006-07-23
2006-0383-NLD,Extreme temperature,Netherlands (Kingdom of the),1000,,,,,2006,2006-07-15,2006-07-23
2006-0383-PRT,Extreme temperature,Portugal,41,,,,,2006,2006-07-11,2006-07-17
2006-0387-USA,Extreme temperature,United States of America,164,,,,,2006,2006-07-14,2006-08-15
2006-0388-CHN,Storm,China,109,,6531000,,6531000,2006,2006-07-24,2006-07-28
2006-0388-PHL,Storm,Philippines,4,,200355,,200355,2006,2006-07-24,2006-07-28
2006-0388-TWN,Storm,Taiwan (Province of China),,,800,,800,2006,2006-07-24,2006-07-28
2006-0389-IND,Flood,India,15,,800,,800,2006,2006-07-24,2006-08-22
2006-0389-PAK,Flood,Pakistan,40,,2000,,2000,2006,2006-07-24,2006-08-22
2006-0390-JPN,Flood,Japan,8,,4300,,4300,2006,2006-07-22,2006-07-26
2006-0391-MRT,Flood,Mauritania,7,19,,1600,1619,2006,2006-07-22,2006-07-24
2006-0392-CHN,Flood,China,35,,,,,2006,2006-07-20,2006-07-21
2006-0393-NGA,Flood,Nigeria,,,2000,,2000,2006,2006-07-15,2006-07-17
2006-0394-CHN,Flood,China,1,,1200,,1200,2006,2006-07-14,2006-07-17
2006-0397-CHN,Earthquake,China,22,106,190000,75000,265106,2006,2006-07-22,2006-07-22
2006-0405-AFG,Earthquake,Afghanistan,1,,740,195,935,2006,2006-07-29,2006-07-29
2006-0405-TJK,Earthquake,Tajikistan,3,19,15408,,15427,2006,2006-07-29,2006-07-29
2006-0407-MEX,Mass movement (wet),Mexico,11,,,,,2006,2006-08-02,2006-08-02
2006-0409-NPL,Mass movement (wet),Nepal,10,,,,,2006,2006-08-03,2006-08-03
2006-0410-CHN,Storm,China,89,,10000000,,10000000,2006,2006-08-03,2006-08-06
2006-0410-PHL,Storm,Philippines,6,,15000,,15000,2006,2006-08-02,2006-08-06
2006-0413-MEX,Flood,Mexico,,,,,,2006,2006-07-27,2006-08-07
2006-0413-USA,Flood,United States of America,,,,,,2006,2006-07-27,2006-08-07
2006-0414-PAK,Flood,Pakistan,74,50,,5000,5050,2006,2006-08-01,2006-08-22
2006-0415-PHL,Storm,Philippines,8,,476027,,476027,2006,2006-06-30,2006-08-02
2006-0416-AFG,Flood,Afghanistan,54,,,8000,8000,2006,2006-07-30,2006-08-09
2006-0417-IND,Flood,India,350,65,,4000000,4000065,2006,2006-07-28,2006-09-12
2006-0417-PAK,Flood,Pakistan,,,,,,2006,2006-07-28,2006-09-12
2006-0418-USA,Flood,United States of America,1,,600,,600,2006,2006-07-27,2006-07-30
2006-0419-CHE,Flood,Switzerland,,,3000,,3000,2006,2006-07-26,2006-07-27
2006-0422-ETH,Flood,Ethiopia,498,96,10000,,10096,2006,2006-08-05,2006-08-08
2006-0422-SDN,Flood,Sudan,,,150000,,150000,2006,,
2006-0422-SOM,Flood,Somalia,5,,2000,,2000,2006,2006-08-04,2006-08-09
2006-0424-AFG,Flood,Afghanistan,12,5,,15,20,2006,2006-07-30,2006-07-30
2006-0427-USA,Extreme temperature,United States of America,24,,,,,2006,2006-07-30,2006-08-06
2006-0428-TUR,Epidemic,Türkiye,20,,222,,222,2006,2006-01-01,2006-08-04
2006-0429-VNM,Flood,Viet Nam,12,,,2000,2000,2006,2006-07-18,2006-07-18
2006-0431-ZAF,Flood,South Africa,6,,3000,,3000,2006,2006-08-02,2006-08-04
2006-0433-ETH,Epidemic,Ethiopia,132,,10966,,10966,2006,2006-04-15,2006-04-22
2006-0434-SWZ,Storm,Eswatini,1,,6535,,6535,2006,2006-08-01,2006-08-03
2006-0436-ETH,Flood,Ethiopia,5,,450,,450,2006,2006-08-09,2006-08-09
2006-0437-CHN,Storm,China,441,1350,5920000,2000,5923350,2006,2006-08-06,2006-08-11
2006-0438-ETH,Flood,Ethiopia,364,,8000,,8000,2006,2006-08-13,2006-09-11
2006-0439-PHL,Mass movement (wet),Philippines,6,,1200,,1200,2006,2006-08-13,2006-08-13
2006-0440-TZA,Epidemic,United Republic of Tanzania,50,,106,,106,2006,,
2006-0442-ETH,Flood,Ethiopia,2,,38000,,38000,2006,2006-08-13,2006-09-26
2006-0442-SDN,Flood,Sudan,27,,,6000,6000,2006,2006-08-13,2006-09-26
2006-0443-IND,Flood,India,,,50000,,50000,2006,,
2006-0444-ESP,Wildfire,Spain,4,,,,,2006,2006-08-04,2006-08-15
2006-0445-BFA,Flood,Burkina Faso,,,15610,,15610,2006,2006-08-03,2006-10-11
2006-0445-MLI,Flood,Mali,1,,,1000,1000,2006,2006-08-03,2006-10-11
2006-0445-MRT,Flood,Mauritania,,,,9000,9000,2006,2006-08-03,2006-10-11
2006-0445-NER,Flood,Niger,4,,,46472,46472,2006,2006-08-03,2006-10-11
2006-0445-NGA,Flood,Nigeria,,,,10000,10000,2006,2006-08-03,2006-10-11
2006-0446-VNM,Flood,Viet Nam,42,20,50000,,50020,2006,2006-08-12,2006-08-30
2006-0447-SDN,Flood,Sudan,,,11000,,11000,2006,2006-08-07,2006-08-07
2006-0448-PHL,Flood,Philippines,26,,15000,,15000,2006,,
2006-0450-PHL,Volcanic activity,Philippines,,,43849,,43849,2006,2006-08-13,2006-08-13
2006-0451-KHM,Flood,Cambodia,5,,33000,,33000,2006,2006-08-10,2006-11-01
2006-0451-VNM,Flood,Viet Nam,60,,,,,2006,2006-08-10,2006-11-01
2006-0454-HUN,Storm,Hungary,5,300,,,300,2006,2006-08-20,2006-08-20
2006-0460-MKD,Flood,North Macedonia,,,1500,,1500,2006,,
2006-0461-USA,Flood,United States of America,,,150,,150,2006,2006-08-19,2006-08-24
2006-0462-UGA,Flood,Uganda,3,,1680,,1680,2006,2006-08-12,2006-08-21
2006-0464-CHN,Earthquake,China,,5,125,,130,2006,2006-06-20,2006-06-20
2006-0466-HTI,Storm,Haiti,5,,15000,,15000,2006,2006-08-25,2006-08-26
2006-0466-USA,Storm,United States of America,6,,140,,140,2006,2006-08-02,2006-09-07
2006-0469-IND,Flood,India,135,,20000,,20000,2006,2006-08-18,2006-09-02
2006-0471-IDN,Wildfire,Indonesia,,200,,,200,2006,,
2006-0473-NPL,Mass movement (wet),Nepal,147,,,80000,80000,2006,2006-08-26,2006-09-13
2006-0475-CHN,Earthquake,China,1,31,45520,,45551,2006,2006-08-25,2006-08-25
2006-0480-BDI,Flood,Burundi,,,,1500,1500,2006,2006-08-26,
2006-0481-CHN,Flood,China,15,,,,,2006,2006-08-30,2006-08-31
2006-0483-MEX,Storm,Mexico,7,,10000,,10000,2006,2006-09-02,2006-09-04
2006-0488-CIV,Epidemic,Côte d’Ivoire,2,,361,,361,2006,,
2006-0489-ETH,Flood,Ethiopia,2,,6000,,6000,2006,2006-08-23,2006-08-23
2006-0498-MEX,Mass movement (wet),Mexico,10,,,,,2006,2006-09-06,2006-09-06
2006-0502-BGD,Flood,Bangladesh,,,135775,,135775,2006,2006-08-24,2006-09-20
2006-0504-JPN,Storm,Japan,10,448,12000,,12448,2006,2006-09-15,2006-09-20
2006-0505-MEX,Storm,Mexico,4,,240700,,240700,2006,2006-09-16,2006-09-18
2006-0507-BFA,Flood,Burkina Faso,,,,10000,10000,2006,2006-09-12,2006-09-12
2006-0510-BGD,Storm,Bangladesh,115,,9135,,9135,2006,2006-09-18,2006-10-05
2006-0510-IND,Storm,India,114,300,,150000,150300,2006,2006-09-18,2006-10-05
2006-0512-NER,Epidemic,Niger,18,,214,,214,2006,2006-01-01,2006-09-18
2006-0517-CHN,Storm,China,1,12,,,12,2006,,
2006-0517-PHL,Storm,Philippines,228,406,3842000,,3842406,2006,2006-09-27,2006-10-06
2006-0517-VNM,Storm,Viet Nam,71,525,1368720,98680,1467925,2006,2006-09-27,2006-10-06
2006-0530-THA,Flood,Thailand,164,,2212413,,2212413,2006,2006-08-20,2006-12-13
2006-0531-GIN,Flood,Guinea,,,1200,,1200,2006,2006-08-31,2006-09-01
2006-0540-PNG,Volcanic activity,Papua New Guinea,,,1221,,1221,2006,2006-10-07,2006-10-07
2006-0541-GRC,Flood,Greece,1,,3000,,3000,2006,2006-10-08,2006-10-12
2006-0544-MMR,Flood,Myanmar,25,,10000,,10000,2006,2006-09-15,2006-10-19
2006-0546-USA,Flood,United States of America,14,10,1200,,1210,2006,2006-09-22,2006-09-26
2006-0548-IND,Flood,India,19,,15000,,15000,2006,2006-08-31,2006-09-11
2006-0548-PAK,Flood,Pakistan,20,,,,,2006,2006-08-31,2006-09-11
2006-0549-IND,Flood,India,42,,100000,,100000,2006,2006-08-29,2006-09-04
2006-0550-SOM,Flood,Somalia,5,,30000,,30000,2006,2006-08-24,2006-10-10
2006-0551-COD,Epidemic,Democratic Republic of the Congo,42,,584,,584,2006,2006-07-31,2006-10-08
2006-0552-ETH,Epidemic,Ethiopia,219,,21882,,21882,2006,2006-04-15,2007-02-19
2006-0556-NGA,Flood,Nigeria,40,,1000,,1000,2006,2006-10-01,2006-10-01
2006-0558-COD,Epidemic,Democratic Republic of the Congo,13,,341,,341,2006,,
2006-0560-GRC,Storm,Greece,3,,600,,600,2006,2006-10-17,2006-10-18
2006-0563-PHL,Flood,Philippines,3,,4250,,4250,2006,2006-10-04,2006-10-08
2006-0566-USA,Flood,United States of America,,,100,,100,2006,2006-10-09,2006-10-14
2006-0567-CHN,Flood,China,27,4,20000,,20004,2006,2006-10-06,2006-10-12
2006-0568-GRC,Flood,Greece,,,90,,90,2006,2006-10-21,2006-10-22
2006-0573-FRA,Storm,France,1,2,600,,602,2006,2006-10-23,2006-10-24
2006-0575-MAR,Flood,Morocco,11,,,,,2006,2006-10-25,2006-10-27
2006-0576-USA,Wildfire,United States of America,4,1,,102,103,2006,2006-10-26,2006-10-27
2006-0578-ETH,Flood,Ethiopia,80,,361600,,361600,2006,2006-10-27,2006-12-18
2006-0584-SYR,Flood,Syrian Arab Republic,6,,,,,2006,2006-10-29,2006-10-29
2006-0585-MAR,Flood,Morocco,,,1000,,1000,2006,2006-10-28,2006-10-29
2006-0586-CHN,Earthquake,China,,,20000,,20000,2006,2006-10-27,2006-10-27
2006-0587-KEN,Flood,Kenya,30,,30000,,30000,2006,2006-10-15,2006-10-26
2006-0595-USA,Storm,United States of America,12,20,,,20,2006,2006-11-15,2006-11-16
2006-0596-AFG,Flood,Afghanistan,166,5,17575,,17580,2006,2006-11-16,2006-11-20
2006-0597-COG,Flood,Congo,6,,,5000,5000,2006,2006-11-04,2006-11-18
2006-0598-USA,Flood,United States of America,2,,1500,,1500,2006,2006-11-05,2006-11-10
2006-0599-IRQ,Flood,Iraq,20,20,18000,,18020,2006,2006-11-05,2006-11-07
2006-0600-PHL,Storm,Philippines,34,58,282963,,283021,2006,2006-10-30,2006-11-01
2006-0601-IND,Flood,India,47,,225000,,225000,2006,2006-10-26,2006-11-04
2006-0602-LKA,Flood,Sri Lanka,25,2,333000,,333002,2006,2006-10-26,2006-11-20
2006-0604-MEX,Storm,Mexico,4,,20000,,20000,2006,2006-10-25,2006-10-28
2006-0605-PHL,Flood,Philippines,2,,40000,,40000,2006,2006-10-21,2006-10-27
2006-0610-PHL,Storm,Philippines,6,10,21250,,21260,2006,2006-11-13,2006-11-13
2006-0611-SDN,Epidemic,Sudan,16,,231,,231,2006,2006-09-01,2006-11-18
2006-0616-JPN,Storm,Japan,9,21,87,99,207,2006,,
2006-0617-ESP,Flood,Spain,,,,,,2006,2006-10-22,2006-11-08
2006-0617-PRT,Flood,Portugal,,,240,,240,2006,2006-10-22,2006-11-08
2006-0618-SOM,Flood,Somalia,52,,299000,,299000,2006,2006-10-26,2006-12-01
2006-0619-TUR,Flood,Türkiye,47,15,63000,,63015,2006,2006-10-27,2006-11-07
2006-0620-CHN,Earthquake,China,,,12000,,12000,2006,2006-11-03,2006-11-03
2006-0623-PRK,Flood,Democratic People's Republic of Korea,,14,7310,,7324,2006,2006-10-21,2006-10-25
2006-0624-KEN,Flood,Kenya,114,,723000,,723000,2006,2006-10-23,2006-12-19
2006-0624-SOM,Flood,Somalia,35,,155500,,155500,2006,2006-10-23,2006-12-19
2006-0624-TZA,Flood,United Republic of Tanzania,,28,,2500,2528,2006,2006-10-23,2006-12-19
2006-0624-UGA,Flood,Uganda,,,4000,,4000,2006,2006-10-23,2006-12-19
2006-0634-ZMB,Epidemic,Zambia,5,,105,,105,2006,2006-10-15,
2006-0635-TZA,Epidemic,United Republic of Tanzania,5,,820,,820,2006,,
2006-0636-AGO,Epidemic,Angola,68,,,,,2006,2006-10-24,
2006-0639-TCD,Epidemic,Chad,20,,216,,216,2006,2006-06-13,2006-06-30
2006-0640-PAN,Flood,Panama,,,1900,,1900,2006,,
2006-0642-USA,Storm,United States of America,3,,,,,2006,2006-10-12,2006-10-14
2006-0643-VEN,Flood,Venezuela (Bolivarian Republic of),,,95,40,135,2006,2006-10-17,2006-10-17
2006-0646-RWA,Mass movement (wet),Rwanda,24,,2000,,2000,2006,2006-11-28,2006-11-30
2006-0647-PAN,Flood,Panama,11,,3240,1290,4530,2006,2006-11-21,2006-11-30
2006-0648-PHL,Storm,Philippines,1399,2143,2560374,,2562517,2006,2006-11-30,2006-12-08
2006-0648-VNM,Storm,Viet Nam,95,1360,975000,250000,1226360,2006,2006-11-30,2006-12-08
2006-0649-MWI,Flood,Malawi,5,,,8000,8000,2006,2006-11-27,2006-11-29
2006-0651-HTI,Flood,Haiti,11,10,20000,,20010,2006,2006-11-28,2006-12-01
2006-0656-JAM,Flood,Jamaica,1,,5000,,5000,2006,2006-11-22,2006-11-26
2006-0659-VNM,Storm,Viet Nam,13,,,,,2006,2006-11-20,2006-11-20
2006-0660-AUS,Wildfire,Australia,,,,,,2006,2006-11-16,2006-11-16
2006-0662-USA,Wildfire,United States of America,,,,15,15,2006,2006-12-03,2006-12-06
2006-0663-PAK,Flood,Pakistan,20,,,,,2006,,
2006-0665-SOM,Epidemic,Somalia,21,,,,,2006,,
2006-0666-AUS,Wildfire,Australia,1,,,60,60,2006,,
2006-0667-PHL,Storm,Philippines,42,42,327500,,327542,2006,2006-12-11,2006-12-11
2006-0668-IDN,Mass movement (wet),Indonesia,17,,,,,2006,2006-12-15,2006-12-15
2006-0670-SOM,Epidemic,Somalia,40,,5733,,5733,2006,,
2006-0673-COD,Flood,Democratic Republic of the Congo,,,,3600,3600,2006,,
2006-0678-IDN,Earthquake,Indonesia,8,200,1000,,1200,2006,2006-12-17,2006-12-17
2006-0679-UGA,Epidemic,Uganda,43,,403,,403,2006,2006-04-16,2006-12-31
2006-0680-IDN,Flood,Indonesia,236,,618486,,618486,2006,2006-12-22,2007-01-04
2006-0680-MYS,Flood,Malaysia,6,,100000,,100000,2006,2006-12-19,2006-12-20
2006-0687-MDG,Storm,Madagascar,1,,,304,304,2006,2006-12-25,2006-12-25
2006-0688-TWN,Earthquake,Taiwan (Province of China),2,42,,,42,2006,2006-12-26,2006-12-26
2006-0694-KGZ,Earthquake,Kyrgyzstan,,,12000,50,12050,2006,2006-12-26,2006-12-26
2006-0699-SLV,Earthquake,El Salvador,,,16470,,16470,2006,2006-12-17,2006-12-17
2006-0701-BDI,Flood,Burundi,,,,4105,4105,2006,,
2006-0702-PHL,Flood,Philippines,,,415618,,415618,2006,2006-12-27,2006-12-29
2006-0704-USA,Earthquake,United States of America,,10,3519,,3529,2006,2006-10-15,2006-10-15
2006-0705-IDN,Earthquake,Indonesia,1,14,,100,114,2006,2006-12-01,2006-12-01
2006-0706-USA,Storm,United States of America,,,600,,600,2006,2006-12-25,2006-12-25
2006-0707-USA,Storm,United States of America,,,,,,2006,2006-12-21,2006-12-21
2006-0709-GTM,Extreme temperature,Guatemala,6,,,,,2006,,2006-11-23
2006-0709-MEX,Extreme temperature,Mexico,5,,,,,2006,,
2006-0709-SLV,Extreme temperature,El Salvador,1,,,,,2006,,
2006-0711-TCD,Flood,Chad,52,,,,,2006,2006-09-05,2006-10-17
2006-0712-IND,Flood,India,185,,2000000,,2000000,2006,2006-08-01,2006-09-10
2006-0715-PNG,Volcanic activity,Papua New Guinea,,,2078,,2078,2006,2006-07-13,2006-07-13
2006-0716-HTI,Flood,Haiti,,,4690,,4690,2006,2006-07-30,2006-07-31
2006-0717-TZA,Epidemic,United Republic of Tanzania,,,184,,184,2006,,
2006-0718-USA,Storm,United States of America,,,,,,2006,2006-12-27,2006-12-31
2006-0719-COG,Epidemic,Congo,50,,3030,,3030,2006,2006-12-04,2007-04-04
2006-0720-UGA,Epidemic,Uganda,100,,3649,,3649,2006,2006-12-28,2007-04-08
2006-0721-JAM,Epidemic,Jamaica,3,,280,,280,2006,2006-11-06,2007-02-02
2006-0722-TZA,Infestation,United Republic of Tanzania,,,,,,2006,,
2006-0724-UGA,Epidemic,Uganda,49,,551,,551,2006,2006-01-09,2006-03-05
2006-0725-SDN,Epidemic,Sudan,430,,6516,,6516,2006,,2007-03-25
2006-0726-PRK,Epidemic,Democratic People's Republic of Korea,4,,3000,,3000,2006,,
2006-0727-PRY,Epidemic,Paraguay,17,,100000,,100000,2006,,
2006-0728-PAN,Wildfire,Panama,,,1436,,1436,2006,2006-12-20,
2006-0729-MSR,Volcanic activity,Montserrat,,,200,,200,2006,2006-12-26,
2006-0730-COD,Epidemic,Democratic Republic of the Congo,10,,246,,246,2006,,
2006-0731-IND,Flood,India,61,113,,,113,2006,2006-03-09,2006-03-10
2006-0732-CHN,Flood,China,16,,,7000,7000,2006,2006-05-04,2006-05-08
2006-0733-PAK,Flood,Pakistan,233,175,,600,775,2006,2006-08-03,2006-08-08
2006-0734-IND,Flood,India,39,,,,,2006,2006-10-01,2006-10-01
2006-0736-VNM,Flood,Viet Nam,60,,,,,2006,2006-10-12,2006-10-17
2006-0737-BGD,Storm,Bangladesh,9,65,,1400,1465,2006,2006-04-05,2006-04-06
2006-0738-BGD,Storm,Bangladesh,22,500,,1000,1500,2006,2006-04-08,2006-04-08
2006-0739-BGD,Storm,Bangladesh,4,150,,,150,2006,2006-04-22,2006-04-24
2006-0740-IND,Storm,India,76,,,,,2006,2006-05-02,2006-05-02
2006-0742-JPN,Storm,Japan,1,246,,,246,2006,2006-01-21,2006-01-24
2006-0743-USA,Storm,United States of America,11,,,,,2006,2006-11-30,2006-12-03
2006-0744-USA,Storm,United States of America,10,,,,,2006,2006-12-14,2006-12-15
2006-0745-CHN,Storm,China,17,58,,6400,6458,2006,2006-04-26,2006-04-28
2006-0749-KHM,Epidemic,Cambodia,,,4368,,4368,2006,,
2006-0750-KEN,Epidemic,Kenya,155,,529,,529,2006,2006-11-30,2007-03-12
2006-0750-SOM,Epidemic,Somalia,51,,63,,63,2006,2006-12-19,2007-02-20
2006-0753-UGA,Epidemic,Uganda,11,,1099,,1099,2006,,
2006-0759-USA,Wildfire,United States of America,12,,,300,300,2006,,
2006-9016-PER,Drought,Peru,,,,,,2006,,
2006-9233-GNB,Drought,Guinea-Bissau,,,32000,,32000,2006,,
2006-9411-LTU,Drought,Lithuania,,,,,,2006,,
2006-9425-MLI,Drought,Mali,,,25000,,25000,2006,,
2006-9554-AUS,Drought,Australia,,,,,,2006,,
2006-9570-AFG,Drought,Afghanistan,,,1900000,,1900000,2006,,
2006-9723-NPL,Drought,Nepal,,,200000,,200000,2006,,
2006-9741-CHN,Drought,China,134,,18000000,,18000000,2006,2006-05-01,2006-09-10
2006-9756-TZA,Drought,United Republic of Tanzania,,,3700000,,3700000,2006,,
2007-0003-BRA,Flood,Brazil,59,80,200000,,200080,2007,2007-01-01,2007-01-12
2007-0007-PAK,Mass movement (wet),Pakistan,20,,2,,2,2007,2007-01-05,2007-01-05
2007-0008-MWI,Flood,Malawi,2,,17060,659,17719,2007,2007-01-08,2007-01-08
2007-0010-AGO,Flood,Angola,,,,6000,6000,2007,2007-01-10,2007-05-10
2007-0010-ZMB,Flood,Zambia,4,,1400000,,1400000,2007,2007-01-10,2007-05-10
2007-0011-IDN,Mass movement (wet),Indonesia,11,,,,,2007,2007-01-09,2007-01-09
2007-0012-LKA,Flood,Sri Lanka,18,,35000,,35000,2007,2007-01-12,2007-01-14
2007-0015-BRA,Mass movement (wet),Brazil,,,5000,,5000,2007,2007-01-10,2007-01-10
2007-0016-IDN,Mass movement (wet),Indonesia,32,,3990,,3990,2007,2007-01-12,2007-01-14
2007-0019-AUT,Storm,Austria,,,,,,2007,2007-01-17,2007-01-18
2007-0019-BEL,Storm,Belgium,2,2,,,2,2007,2007-01-18,2007-01-18
2007-0019-BLR,Storm,Belarus,,,,,,2007,2007-01-19,2007-01-19
2007-0019-CHE,Storm,Switzerland,,,,,,2007,2007-01-17,2007-01-18
2007-0019-CZE,Storm,Czechia,4,,,,,2007,2007-01-18,2007-01-18
2007-0019-DEU,Storm,Germany,11,130,,,130,2007,2007-01-18,2007-01-18
2007-0019-DNK,Storm,Denmark,,,,,,2007,2007-01-17,2007-01-19
2007-0019-FRA,Storm,France,3,,,,,2007,2007-01-18,2007-01-18
2007-0019-GBR,Storm,United Kingdom of Great Britain and Northern Ireland,13,,,,,2007,2007-01-18,2007-01-18
2007-0019-NLD,Storm,Netherlands (Kingdom of the),7,,,,,2007,2007-01-18,2007-01-18
2007-0019-POL,Storm,Poland,6,,,,,2007,2007-01-18,2007-01-18
2007-0019-SVN,Storm,Slovenia,,,,,,2007,2007-01-17,2007-01-18
2007-0019-UKR,Storm,Ukraine,,,,,,2007,2007-01-17,2007-01-18
2007-0020-MOZ,Flood,Mozambique,29,,285000,,285000,2007,2007-01-17,
2007-0021-MYS,Flood,Malaysia,17,,137533,,137533,2007,2007-01-11,2007-02-01
2007-0022-PHL,Flood,Philippines,9,,24508,,24508,2007,2007-01-10,2007-01-24
2007-0024-YEM,Flood,Yemen,7,,2000,,2000,2007,2007-01-01,2007-01-04
2007-0026-USA,Storm,United States of America,65,220,,,220,2007,2007-01-12,2007-01-17
2007-0027-AGO,Flood,Angola,105,,40000,,40000,2007,2007-01-17,2007-01-25
2007-0028-BDI,Flood,Burundi,4,,,23000,23000,2007,2007-01-01,2007-01-17
2007-0032-MDG,Storm,Madagascar,1,,7313,,7313,2007,2007-01-03,2007-01-03
2007-0033-BGD,Extreme temperature,Bangladesh,130,,100000,,100000,2007,,
2007-0034-MOZ,Flood,Mozambique,5,,,3500,3500,2007,2007-01-20,2007-01-23
2007-0037-CHE,Storm,Switzerland,,,,,,2007,2007-01-23,2007-01-26
2007-0037-DEU,Storm,Germany,7,,,,,2007,2007-01-23,2007-01-25
2007-0037-ESP,Storm,Spain,1,,,,,2007,2007-01-23,2007-01-26
2007-0037-FRA,Storm,France,1,,,,,2007,2007-01-23,2007-01-26
2007-0037-RUS,Storm,Russian Federation,,,,,,2007,2007-01-19,2007-01-26
2007-0039-PER,Flood,Peru,17,11,47703,,47714,2007,2007-01-21,2007-02-10
2007-0040-MWI,Flood,Malawi,,,,2000,2000,2007,2007-01-20,2007-03-10
2007-0040-ZMB,Flood,Zambia,,,118755,,118755,2007,2007-01-20,2007-03-10
2007-0041-USA,Flood,United States of America,24,,,,,2007,2007-01-15,2007-01-25
2007-0042-BOL,Flood,Bolivia (Plurinational State of),40,,339495,,339495,2007,2007-01-10,2007-05-01
2007-0048-USA,Storm,United States of America,20,,6600,,6600,2007,2007-02-02,2007-02-02
2007-0050-IDN,Flood,Indonesia,68,1,217086,,217087,2007,2007-01-31,2007-02-22
2007-0056-AGO,Epidemic,Angola,515,,17875,,17875,2007,2007-01-01,2007-12-31
2007-0057-ZMB,Epidemic,Zambia,5,,115,,115,2007,,
2007-0059-RWA,Flood,Rwanda,10,,500,,500,2007,2007-02-03,2007-02-16
2007-0060-ARG,Flood,Argentina,5,,60000,5000,65000,2007,2007-01-18,2007-03-20
2007-0062-BFA,Epidemic,Burkina Faso,1490,,20765,,20765,2007,2007-01-01,2007-04-08
2007-0062-CIV,Epidemic,Côte d’Ivoire,30,,150,,150,2007,,2007-02-17
2007-0065-BOL,Epidemic,Bolivia (Plurinational State of),1,,228,,228,2007,,
2007-0066-CAN,Storm,Canada,2,,,,,2007,2007-02-14,2007-02-15
2007-0066-USA,Storm,United States of America,16,,,,,2007,2007-02-14,2007-02-15
2007-0067-IDN,Epidemic,Indonesia,22,,357,,357,2007,,
2007-0068-ROU,Flood,Romania,,,500,,500,2007,2007-02-12,2007-02-12
2007-0069-MDG,Flood,Madagascar,7,,33000,,33000,2007,2007-02-08,2007-02-08
2007-0075-NAM,Flood,Namibia,7,,15000,,15000,2007,2007-01-10,2007-05-10
2007-0076-NAM,Epidemic,Namibia,7,,250,,250,2007,,
2007-0080-MOZ,Storm,Mozambique,10,70,162700,,162770,2007,2007-02-22,2007-02-22
2007-0080-ZWE,Storm,Zimbabwe,,,,,,2007,2007-02-27,2007-02-27
2007-0083-USA,Storm,United States of America,20,20,,,20,2007,2007-03-01,2007-03-02
2007-0085-MUS,Storm,Mauritius,2,,,,,2007,2007-02-25,2007-02-25
2007-0085-REU,Storm,Réunion,2,90,,,90,2007,2007-02-25,2007-02-25
2007-0086-IDN,Flood,Indonesia,74,26,11530,,11556,2007,2007-03-01,2007-03-10
2007-0087-IDN,Earthquake,Indonesia,67,826,136834,,137660,2007,2007-03-06,2007-03-06
2007-0093-PAK,Mass movement (wet),Pakistan,80,,,,,2007,2007-03-21,2007-03-21
2007-0095-MDG,Storm,Madagascar,80,16,203182,12000,215198,2007,2007-03-15,2007-03-17
2007-0101-JPN,Earthquake,Japan,1,359,,40668,41027,2007,2007-03-25,2007-03-25
2007-0103-YEM,Flood,Yemen,36,18,600,,618,2007,2007-03-23,2007-03-30
2007-0105-AFG,Flood,Afghanistan,104,,20000,,20000,2007,2007-03-18,2007-03-26
2007-0108-FJI,Flood,Fiji,1,,900,,900,2007,2007-02-03,2007-02-20
2007-0113-TZA,Epidemic,United Republic of Tanzania,109,,264,,264,2007,2007-01-13,2007-05-03
2007-0114-COD,Epidemic,Democratic Republic of the Congo,6,,47,,47,2007,2007-01-01,2007-02-24
2007-0116-DZA,Flood,Algeria,15,,,,,2007,2007-03-21,2007-03-23
2007-0127-SLB,Earthquake,Solomon Islands,52,9,2375,,2384,2007,2007-04-01,2007-04-01
2007-0128-PAK,Mass movement (wet),Pakistan,43,3,,,3,2007,2007-03-30,2007-04-02
2007-0132-ESP,Flood,Spain,1,,280,,280,2007,2007-04-03,2007-04-05
2007-0133-NZL,Storm,New Zealand,,,300,,300,2007,2007-03-29,2007-03-31
2007-0134-DOM,Flood,Dominican Republic,3,,3830,,3830,2007,2007-03-26,2007-03-30
2007-0134-HTI,Flood,Haiti,14,14,15000,,15014,2007,2007-03-26,2007-03-30
2007-0135-ARG,Flood,Argentina,5,,70000,,70000,2007,2007-03-20,2007-04-26
2007-0135-URY,Flood,Uruguay,,,,800,800,2007,2007-03-20,2007-04-27
2007-0137-CHN,Storm,China,13,,1000000,,1000000,2007,2007-04-01,2007-04-01
2007-0141-DZA,Flood,Algeria,22,,,,,2007,2007-04-13,2007-04-15
2007-0142-THA,Flood,Thailand,38,,,,,2007,2007-04-14,2007-04-15
2007-0150-COL,Volcanic activity,Colombia,,,3000,,3000,2007,2007-04-18,2007-04-18
2007-0151-FJI,Storm,Fiji,1,,,,,2007,2007-04-05,2007-04-05
2007-0156-USA,Storm,United States of America,10,80,,200,280,2007,2007-04-24,2007-04-26
2007-0158-CHL,Earthquake,Chile,10,,,,,2007,2007-04-21,2007-04-21
2007-0160-AUS,Flood,Australia,9,,5000,,5000,2007,2007-06-08,2007-06-12
2007-0161-BGD,Flood,Bangladesh,120,60,80000,,80060,2007,2007-06-11,2007-06-12
2007-0161-MMR,Flood,Myanmar,,,,,,2007,2007-06-11,2007-06-11
2007-0162-COL,Flood,Colombia,146,173,1504144,,1504317,2007,2007-03-06,2007-09-30
2007-0164-IRN,Storm,Iran (Islamic Republic of),12,9,185000,,185009,2007,2007-06-06,2007-06-10
2007-0164-OMN,Storm,Oman,76,,20000,,20000,2007,2007-06-06,2007-06-10
2007-0165-CAN,Flood,Canada,,,500,,500,2007,2007-06-06,2007-06-11
2007-0166-CHN,Flood,China,,,250000,,250000,2007,2007-06-01,2007-06-06
2007-0167-DOM,Flood,Dominican Republic,9,,16000,,16000,2007,2007-05-30,2007-06-03
2007-0167-HTI,Flood,Haiti,2,,,12500,12500,2007,2007-05-30,2007-06-03
2007-0168-TUR,Flood,Türkiye,13,,750,,750,2007,2007-05-27,2007-06-01
2007-0170-FRA,Storm,France,1,,900,,900,2007,2007-05-25,2007-05-27
2007-0171-BGR,Flood,Bulgaria,2,,1000,,1000,2007,2007-05-22,2007-06-06
2007-0172-CHN,Flood,China,43,50,2300000,,2300050,2007,2007-05-24,2007-05-26
2007-0173-USA,Flood,United States of America,8,,100,,100,2007,2007-05-24,2007-05-29
2007-0174-ESP,Flood,Spain,1,,550,,550,2007,2007-05-23,2007-05-26
2007-0175-IDN,Flood,Indonesia,4,,60000,,60000,2007,2007-05-15,2007-06-05
2007-0176-COL,Flood,Colombia,13,,3000,,3000,2007,2007-05-19,2007-06-12
2007-0177-KEN,Flood,Kenya,2,1,650,,651,2007,2007-05-15,2007-06-11
2007-0178-AFG,Flood,Afghanistan,23,,2000,950,2950,2007,2007-05-14,2007-05-18
2007-0180-RUS,Flood,Russian Federation,,,14000,,14000,2007,2007-05-13,2007-06-11
2007-0181-THA,Flood,Thailand,,,1000,,1000,2007,2007-05-11,2007-05-21
2007-0183-URY,Flood,Uruguay,2,,110000,9200,119200,2007,2007-05-04,2007-05-25
2007-0185-AFG,Flood,Afghanistan,10,,630,15,645,2007,2007-05-05,2007-05-07
2007-0186-MMR,Flood,Myanmar,5,,3000,,3000,2007,2007-05-03,2007-05-09
2007-0187-LKA,Flood,Sri Lanka,15,,121000,,121000,2007,2007-05-02,2007-05-07
2007-0191-COL,Flood,Colombia,24,35,,2000,2035,2007,2007-04-26,2007-05-01
2007-0192-AFG,Flood,Afghanistan,36,,,,,2007,2007-04-23,2007-05-04
2007-0195-KGZ,Flood,Kyrgyzstan,,,845,,845,2007,2007-04-17,2007-04-25
2007-0196-TJK,Flood,Tajikistan,1,,17184,,17184,2007,2007-04-16,2007-04-20
2007-0201-GBR,Flood,United Kingdom of Great Britain and Northern Ireland,1,,200,,200,2007,2007-06-15,2007-06-21
2007-0207-IND,Extreme temperature,India,72,,,,,2007,,
2007-0213-ZAF,Extreme temperature,South Africa,22,,,,,2007,2007-05-21,2007-05-27
2007-0217-CHN,Earthquake,China,3,329,,,329,2007,2007-06-02,2007-06-02
2007-0225-IND,Flood,India,15,,200000,,200000,2007,2007-06-18,2007-06-26
2007-0227-BGD,Storm,Bangladesh,41,,,225,225,2007,2007-05-15,2007-05-15
2007-0235-ALB,Extreme temperature,Albania,,,150,,150,2007,2007-07-15,2007-07-22
2007-0235-AUT,Extreme temperature,Austria,5,,,,,2007,,
2007-0235-BGR,Extreme temperature,Bulgaria,2,50,,,50,2007,,
2007-0235-BIH,Extreme temperature,Bosnia and Herzegovina,,,,,,2007,2007-07-15,2007-07-22
2007-0235-CYP,Extreme temperature,Cyprus,4,,,,,2007,,
2007-0235-GRC,Extreme temperature,Greece,16,,,,,2007,,
2007-0235-HUN,Extreme temperature,Hungary,500,,,,,2007,,
2007-0235-ITA,Extreme temperature,Italy,6,,,,,2007,,
2007-0235-MKD,Extreme temperature,North Macedonia,,,202,,202,2007,,
2007-0235-ROU,Extreme temperature,Romania,30,,,,,2007,,
2007-0235-SRB,Extreme temperature,Serbia,,,,,,2007,2007-07-16,2007-07-24
2007-0235-SVK,Extreme temperature,Slovakia,1,89,,,89,2007,2007-07-15,2007-07-22
2007-0235-TUR,Extreme temperature,Türkiye,3,,,,,2007,,
2007-0238-IND,Flood,India,225,,63000,,63000,2007,2007-07-01,2007-07-13
2007-0239-IND,Flood,India,62,,10000,,10000,2007,2007-07-01,2007-07-06
2007-0240-IND,Flood,India,29,,50000,,50000,2007,2007-06-30,2007-07-13
2007-0241-PAK,Flood,Pakistan,130,,2000,,2000,2007,2007-06-28,2007-07-22
2007-0242-IRN,Flood,Iran (Islamic Republic of),12,,,,,2007,2007-06-27,2007-06-29
2007-0244-USA,Flood,United States of America,8,,5000,,5000,2007,2007-06-26,2007-07-06
2007-0245-PAK,Storm,Pakistan,242,,1650000,,1650000,2007,2007-06-26,2007-07-06
2007-0247-GBR,Flood,United Kingdom of Great Britain and Northern Ireland,6,,,30000,30000,2007,2007-06-25,2007-07-03
2007-0248-AFG,Flood,Afghanistan,113,,4000,,4000,2007,2007-06-24,2007-07-03
2007-0249-PAK,Flood,Pakistan,228,186,,,186,2007,2007-06-23,2007-06-25
2007-0250-IND,Flood,India,127,,200000,,200000,2007,2007-06-22,2007-07-04
2007-0251-USA,Flood,United States of America,4,,120,,120,2007,2007-06-19,2007-06-20
2007-0254-USA,Flood,United States of America,10,,750,,750,2007,2007-06-17,2007-06-22
2007-0255-PAK,Flood,Pakistan,22,,500,,500,2007,2007-06-16,2007-06-20
2007-0258-JPN,Earthquake,Japan,9,1000,13000,,14000,2007,2007-07-16,2007-07-16
2007-0259-IDN,Volcanic activity,Indonesia,,,9758,,9758,2007,2007-07-09,2007-07-09
2007-0261-SDN,Flood,Sudan,150,335,365000,200000,565335,2007,2007-07-03,2007-10-08
2007-0262-JPN,Storm,Japan,5,12,40000,,40012,2007,2007-07-13,2007-07-16
2007-0263-ARG,Extreme temperature,Argentina,9,,,,,2007,,
2007-0263-BOL,Extreme temperature,Bolivia (Plurinational State of),,,,,,2007,,
2007-0263-CHL,Extreme temperature,Chile,6,,,,,2007,,
2007-0263-PER,Extreme temperature,Peru,67,,884572,,884572,2007,,
2007-0263-URY,Extreme temperature,Uruguay,,,,,,2007,,
2007-0268-CHN,Flood,China,535,4000,105000000,,105004000,2007,2007-06-15,
2007-0273-ETH,Flood,Ethiopia,,,5800,,5800,2007,2007-06-06,2007-07-11
2007-0274-IDN,Epidemic,Indonesia,365,,34542,,34542,2007,,
2007-0274-KHM,Epidemic,Cambodia,182,,17000,,17000,2007,,
2007-0274-MMR,Epidemic,Myanmar,30,,,,,2007,,
2007-0274-MYS,Epidemic,Malaysia,56,,,,,2007,,
2007-0274-VNM,Epidemic,Viet Nam,27,,,,,2007,,
2007-0275-MLI,Flood,Mali,9,17,42662,4576,47255,2007,2007-07-04,2007-10-10
2007-0278-GBR,Flood,United Kingdom of Great Britain and Northern Ireland,7,,340000,,340000,2007,2007-07-20,2007-07-24
2007-0281-HTI,Flood,Haiti,4,,1500,,1500,2007,2007-07-23,2007-07-24
2007-0283-IDN,Flood,Indonesia,58,,5000,,5000,2007,,
2007-0284-PAK,Flood,Pakistan,80,,,,,2007,2007-07-20,2007-07-20
2007-0287-TJK,Earthquake,Tajikistan,11,3,7000,,7003,2007,2007-07-21,2007-07-21
2007-0293-MLI,Flood,Mali,9,17,,41586,41603,2007,2007-07-22,2007-07-22
2007-0294-ITA,Wildfire,Italy,11,,,,,2007,,
2007-0297-CHN,Storm,China,21,239,,4075,4314,2007,2007-07-05,2007-07-05
2007-0304-ETH,Flood,Ethiopia,17,,239586,,239586,2007,2007-07-29,2007-10-05
2007-0305-BFA,Flood,Burkina Faso,52,73,92970,28000,121043,2007,2007-07-26,2007-10-10
2007-0306-ZAF,Flood,South Africa,,,38000,,38000,2007,2007-07-27,2007-08-02
2007-0307-NPL,Flood,Nepal,214,48,640658,,640706,2007,2007-07-23,2007-10-02
2007-0309-IDN,Flood,Indonesia,15,,2000,,2000,2007,2007-07-25,2007-08-02
2007-0311-BGD,Flood,Bangladesh,1110,,13771380,,13771380,2007,2007-07-21,2007-08-03
2007-0311-IND,Flood,India,,,,,,2007,2007-07-21,2007-08-03
2007-0312-IDN,Flood,Indonesia,88,12,3377,,3389,2007,2007-07-22,2007-08-07
2007-0313-CHN,Flood,China,170,,386000,,386000,2007,2007-07-18,2007-08-03
2007-0314-CHN,Flood,China,83,142,112600,,112742,2007,2007-07-18,2007-07-22
2007-0315-CHN,Flood,China,29,,350000,,350000,2007,2007-07-14,2007-08-03
2007-0316-AFG,Flood,Afghanistan,9,,,2500,2500,2007,2007-07-15,2007-07-17
2007-0318-MMR,Flood,Myanmar,,55,97628,4237,101920,2007,2007-07-06,2007-07-11
2007-0319-JPN,Flood,Japan,2,,10000,,10000,2007,2007-07-04,2007-07-12
2007-0320-IND,Flood,India,1103,,18700000,,18700000,2007,2007-07-03,2007-09-22
2007-0322-BGR,Flood,Bulgaria,8,10,,,10,2007,2007-08-04,2007-08-07
2007-0323-VNM,Flood,Viet Nam,74,130,416000,,416130,2007,2007-08-05,2007-08-07
2007-0324-SDN,Epidemic,Sudan,58,,890,,890,2007,,
2007-0325-HRV,Wildfire,Croatia,,26,,,26,2007,2007-08-04,2007-08-05
2007-0329-SPI,Wildfire,Canary Islands,,,300,105,405,2007,,
2007-0330-TUR,Flood,Türkiye,2,,150,36,186,2007,2007-08-03,2007-08-03
2007-0333-CHN,Flood,China,96,,,30000,30000,2007,2007-07-29,2007-08-03
2007-0334-RUS,Earthquake,Russian Federation,2,12,25000,,25012,2007,2007-08-02,2007-08-02
2007-0337-SWZ,Wildfire,Eswatini,2,,1500,,1500,2007,2007-07-27,2007-07-30
2007-0337-ZAF,Wildfire,South Africa,26,,,1600,1600,2007,2007-07-27,2007-07-30
2007-0339-MRT,Flood,Mauritania,2,,53620,,53620,2007,2007-08-07,2007-09-05
2007-0340-ROU,Flood,Romania,3,,960,,960,2007,2007-08-07,2007-08-07
2007-0344-DZA,Flood,Algeria,12,,,,,2007,2007-08-03,2007-08-03
2007-0346-PHL,Storm,Philippines,7,7,921455,,921462,2007,2007-08-08,2007-08-13
2007-0348-PAK,Flood,Pakistan,44,20,,,20,2007,2007-08-10,2007-08-13
2007-0349-CHE,Flood,Switzerland,1,1,100,,101,2007,2007-08-08,2007-08-12
2007-0349-DEU,Flood,Germany,1,,,,,2007,2007-08-09,2007-08-12
2007-0351-USA,Wildfire,United States of America,,,,768,768,2007,2007-06-24,2007-07-02
2007-0352-PRK,Flood,Democratic People's Republic of Korea,610,518,1000000,170000,1170518,2007,2007-08-07,2007-08-25
2007-0353-DZA,Flood,Algeria,1,2,100,,102,2007,2007-08-12,2007-08-12
2007-0356-KEN,Mass movement (wet),Kenya,20,6,,,6,2007,2007-08-10,2007-08-13
2007-0358-JPN,Extreme temperature,Japan,62,3000,,,3000,2007,,2007-08-17
2007-0359-USA,Storm,United States of America,26,,,,,2007,2007-08-16,2007-08-19
2007-0360-BLZ,Storm,Belize,,,20000,,20000,2007,2007-08-21,2007-08-21
2007-0360-CUB,Storm,Cuba,,,,,,2007,2007-08-20,2007-08-20
2007-0360-DMA,Storm,Dominica,2,30,7500,,7530,2007,2007-08-21,2007-08-24
2007-0360-DOM,Storm,Dominican Republic,1,,1600,,1600,2007,2007-08-21,2007-08-24
2007-0360-GLP,Storm,Guadeloupe,,,,,,2007,2007-08-29,2007-08-29
2007-0360-HTI,Storm,Haiti,9,6,3960,,3966,2007,2007-08-18,2007-08-24
2007-0360-JAM,Storm,Jamaica,4,,32000,1188,33188,2007,2007-08-20,2007-08-20
2007-0360-LCA,Storm,Saint Lucia,1,,,,,2007,2007-08-17,2007-08-24
2007-0360-MEX,Storm,Mexico,9,,140000,,140000,2007,2007-08-21,2007-08-24
2007-0360-MTQ,Storm,Martinique,1,6,,,6,2007,2007-08-16,2007-08-24
2007-0362-PER,Earthquake,Peru,593,1366,656965,,658331,2007,2007-08-15,2007-08-15
2007-0363-ETH,Volcanic activity,Ethiopia,5,,2000,,2000,2007,2007-08-12,2007-08-12
2007-0364-IND,Flood,India,76,,15000,,15000,2007,2007-08-12,2007-08-17
2007-0365-ALB,Wildfire,Albania,,,,75,75,2007,,
2007-0366-BGR,Wildfire,Bulgaria,1,9,,,9,2007,,
2007-0367-MDV,Flood,Maldives,,,1649,,1649,2007,2007-05-15,2007-05-17
2007-0368-MKD,Wildfire,North Macedonia,1,,1000000,,1000000,2007,,
2007-0369-LBR,Storm,Liberia,,,,3500,3500,2007,2007-03-21,2007-03-21
2007-0375-TCD,Storm,Chad,14,145,,,145,2007,2007-05-07,2007-05-07
2007-0380-CHN,Storm,China,39,,8000000,,8000000,2007,2007-08-18,2007-08-21
2007-0380-PHL,Storm,Philippines,3,,380000,,380000,2007,2007-08-17,2007-08-24
2007-0380-TWN,Storm,Taiwan (Province of China),,12,,1800,1812,2007,2007-08-17,2007-08-24
2007-0383-USA,Flood,United States of America,26,40,2800,,2840,2007,2007-08-16,2007-08-27
2007-0387-CHN,Storm,China,13,60,,780,840,2007,2007-08-18,2007-08-18
2007-0389-NER,Flood,Niger,7,10,57264,,57274,2007,2007-07-26,2007-10-10
2007-0391-POL,Storm,Poland,13,,,,,2007,2007-08-21,2007-08-21
2007-0392-GRC,Wildfire,Greece,65,64,1593,3735,5392,2007,2007-08-24,2007-08-30
2007-0393-ROU,Flood,Romania,2,,1400,,1400,2007,2007-08-25,2007-08-26
2007-0395-BGR,Wildfire,Bulgaria,2,,,,,2007,2007-08-25,2007-08-26
2007-0396-UKR,Storm,Ukraine,,17,6268,1267,7552,2007,2007-07-22,2007-07-24
2007-0398-TLS,Flood,Timor-Leste,1,,947,,947,2007,,
2007-0399-GMB,Flood,Gambia,,,300,,300,2007,2007-07-18,2007-07-19
2007-0400-CMR,Flood,Cameroon,8,17,,10279,10296,2007,2007-08-02,2007-08-17
2007-0402-MRT,Flood,Mauritania,1,,500,,500,2007,2007-08-31,2007-09-03
2007-0403-TCD,Flood,Chad,12,,170000,,170000,2007,2007-08-25,2007-09-09
2007-0404-LBR,Flood,Liberia,1,,17000,,17000,2007,2007-08-26,2007-08-30
2007-0405-CHN,Flood,China,17,,213000,,213000,2007,2007-08-22,2007-08-27
2007-0406-YEM,Flood,Yemen,50,,,,,2007,2007-08-01,2007-08-27
2007-0408-KEN,Flood,Kenya,13,,40000,,40000,2007,2007-08-15,2007-10-31
2007-0408-UGA,Flood,Uganda,29,,435070,282975,718045,2007,2007-08-15,2007-10-31
2007-0409-MMR,Flood,Myanmar,,55,61689,,61744,2007,2007-08-14,2007-08-29
2007-0410-KHM,Flood,Cambodia,2,,19000,,19000,2007,2007-08-10,2007-08-24
2007-0411-TCD,Flood,Chad,3,,3000,,3000,2007,2007-08-09,2007-08-15
2007-0412-PAK,Flood,Pakistan,22,,,,,2007,2007-08-12,2007-08-14
2007-0414-CHN,Flood,China,26,,2430000,,2430000,2007,2007-08-09,2007-08-12
2007-0415-IND,Flood,India,16,,,,,2007,2007-08-08,2007-08-15
2007-0419-NGA,Flood,Nigeria,68,,50000,,50000,2007,2007-08-04,2007-10-21
2007-0421-ROU,Flood,Romania,7,,1400,,1400,2007,2007-09-05,2007-09-11
2007-0423-GIN,Epidemic,Guinea,90,,2410,,2410,2007,,
2007-0425-SOM,Flood,Somalia,4,,8000,,8000,2007,2007-09-01,2007-10-04
2007-0427-SEN,Flood,Senegal,8,,5300,,5300,2007,2007-08-09,2007-09-20
2007-0428-CIV,Flood,Côte d’Ivoire,,,2000,,2000,2007,2007-07-27,2007-07-27
2007-0429-TZA,Epidemic,United Republic of Tanzania,10,,20,,20,2007,2007-07-28,2007-08-01
2007-0432-ZWE,Epidemic,Zimbabwe,67,,10000,,10000,2007,2007-05-25,
2007-0433-COL,Earthquake,Colombia,,5,170,,175,2007,2007-09-10,2007-09-10
2007-0435-MEX,Flood,Mexico,,,55000,,55000,2007,2007-09-04,2007-09-12
2007-0437-COM,Epidemic,Comoros,29,,1490,,1490,2007,,
2007-0438-TGO,Flood,Togo,41,77,127880,13374,141331,2007,,
2007-0439-GTM,Storm,Guatemala,,,3905,,3905,2007,2007-09-04,2007-09-12
2007-0439-HND,Storm,Honduras,1,,19500,,19500,2007,2007-09-04,2007-09-12
2007-0439-MEX,Storm,Mexico,,,,30000,30000,2007,2007-09-04,2007-09-06
2007-0439-NIC,Storm,Nicaragua,177,,188726,,188726,2007,2007-09-04,2007-09-12
2007-0439-SLV,Storm,El Salvador,,,2800,,2800,2007,2007-09-04,2007-09-04
2007-0440-IDN,Earthquake,Indonesia,25,82,422685,36800,459567,2007,2007-09-12,2007-09-12
2007-0441-GHA,Flood,Ghana,56,,332600,,332600,2007,2007-08-10,2007-10-10
2007-0442-RWA,Flood,Rwanda,20,,4000,,4000,2007,2007-09-12,2007-09-20
2007-0444-HRV,Wildfire,Croatia,12,,,,,2007,2007-08-30,2007-08-30
2007-0446-THA,Flood,Thailand,10,,17000,,17000,2007,2007-09-05,2007-11-10
2007-0447-IDN,Flood,Indonesia,4,,1000,,1000,2007,2007-09-02,2007-09-04
2007-0448-CHN,Flood,China,11,,,17500,17500,2007,2007-08-31,2007-09-02
2007-0449-DZA,Flood,Algeria,18,,,,,2007,2007-09-21,2007-09-24
2007-0453-GAB,Epidemic,Gabon,,,17900,,17900,2007,2007-05-10,2007-07-01
2007-0454-PRY,Wildfire,Paraguay,8,,125000,,125000,2007,,
2007-0455-CAF,Flood,Central African Republic,1,,6000,1812,7812,2007,,2007-08-11
2007-0456-COD,Epidemic,Democratic Republic of the Congo,166,,372,,372,2007,,2007-10-02
2007-0457-CHN,Storm,China,9,,,,,2007,2007-09-20,2007-09-20
2007-0457-JPN,Storm,Japan,4,,,,,2007,2007-09-17,2007-09-25
2007-0457-PHL,Storm,Philippines,2,,30000,,30000,2007,2007-09-17,2007-09-25
2007-0457-PRK,Storm,Democratic People's Republic of Korea,,,,1649,1649,2007,2007-09-17,2007-09-25
2007-0458-SVN,Storm,Slovenia,6,,,1050,1050,2007,2007-09-18,2007-09-20
2007-0461-HND,Earthquake,Honduras,,18,,1865,1883,2007,2007-09-15,2007-09-15
2007-0463-PHL,Storm,Philippines,8,,2000,,2000,2007,2007-09-29,2007-10-12
2007-0463-VNM,Storm,Viet Nam,96,150,637755,47525,685430,2007,2007-09-29,2007-10-12
2007-0464-MEX,Storm,Mexico,5,,33000,,33000,2007,2007-09-28,2007-10-01
2007-0465-BRA,Flood,Brazil,4,,4000,,4000,2007,2007-09-24,2007-09-30
2007-0466-CRI,Flood,Costa Rica,,,12500,,12500,2007,2007-09-20,2007-09-26
2007-0467-IND,Flood,India,80,,7200000,,7200000,2007,2007-09-22,2007-10-03
2007-0468-GTM,Flood,Guatemala,11,,656,,656,2007,2007-09-22,2007-09-24
2007-0469-IND,Flood,India,94,,20000,,20000,2007,2007-09-16,2007-10-07
2007-0470-KOR,Storm,Republic of Korea,20,2,,600,602,2007,2007-09-16,2007-09-19
2007-0471-LBN,Wildfire,Lebanon,1,15,,,15,2007,2007-10-01,2007-10-04
2007-0473-YEM,Volcanic activity,Yemen,6,15,,,15,2007,2007-09-30,2007-09-30
2007-0477-BEN,Flood,Benin,10,,10000,884,10884,2007,,
2007-0479-JPN,Storm,Japan,4,82,900,,982,2007,2007-08-28,2007-09-08
2007-0485-IDN,Earthquake,Indonesia,,19,450,,469,2007,2007-09-09,2007-09-09
2007-0487-SLE,Flood,Sierra Leone,,,4500,,4500,2007,,
2007-0495-IRQ,Epidemic,Iraq,24,,4696,,4696,2007,2007-08-14,2007-10-03
2007-0496-HTI,Flood,Haiti,41,78,72520,3349,75947,2007,2007-10-07,2007-10-17
2007-0498-CUB,Flood,Cuba,,,18000,,18000,2007,2007-10-07,2007-10-17
2007-0501-TUN,Flood,Tunisia,16,,5000,,5000,2007,2007-10-13,2007-10-16
2007-0503-CRI,Flood,Costa Rica,19,,12000,,12000,2007,2007-10-12,2007-10-26
2007-0503-GTM,Flood,Guatemala,,,1440,,1440,2007,2007-10-12,2007-10-26
2007-0503-HND,Flood,Honduras,5,,15000,,15000,2007,2007-10-12,2007-10-26
2007-0503-NIC,Flood,Nicaragua,10,,24000,,24000,2007,2007-10-14,2007-10-24
2007-0503-PAN,Flood,Panama,2,,129,,129,2007,2007-10-12,2007-10-26
2007-0503-SLV,Flood,El Salvador,2,,500,,500,2007,2007-10-12,2007-10-26
2007-0508-SOM,Epidemic,Somalia,1133,,35687,,35687,2007,,
2007-0509-BGD,Epidemic,Bangladesh,54,,236558,,236558,2007,2007-07-29,2007-10-09
2007-0510-BGD,Epidemic,Bangladesh,32,,48352,,48352,2007,2007-07-30,2007-10-09
2007-0511-IDN,Volcanic activity,Indonesia,,,22154,,22154,2007,2007-10-16,2007-10-18
2007-0512-VNM,Flood,Viet Nam,15,,22000,,22000,2007,2007-10-14,2007-10-24
2007-0515-GIN,Flood,Guinea,,,20685,,20685,2007,,
2007-0519-USA,Wildfire,United States of America,8,64,640000,,640064,2007,2007-10-21,2007-10-24
2007-0521-MEX,Flood,Mexico,22,,1600000,,1600000,2007,2007-10-28,2007-11-16
2007-0522-VNM,Flood,Viet Nam,83,42,94000,,94042,2007,2007-10-28,2007-11-09
2007-0523-BHS,Storm,Bahamas,1,,7000,,7000,2007,2007-10-28,2007-11-02
2007-0523-CUB,Storm,Cuba,1,,192488,,192488,2007,2007-10-28,2007-11-02
2007-0523-DOM,Storm,Dominican Republic,129,,79728,,79728,2007,2007-10-28,2007-11-02
2007-0523-HTI,Storm,Haiti,90,133,108630,,108763,2007,2007-10-28,2007-11-02
2007-0523-JAM,Storm,Jamaica,1,,,,,2007,2007-10-28,2007-11-02
2007-0524-IND,Flood,India,29,,50000,,50000,2007,2007-10-27,2007-11-01
2007-0525-PHL,Flood,Philippines,20,,,,,2007,2007-10-27,2007-11-01
2007-0527-COD,Flood,Democratic Republic of the Congo,32,100,1500,,1600,2007,2007-10-25,2007-10-31
2007-0528-BRA,Flood,Brazil,6,,2272,,2272,2007,2007-10-24,2007-10-27
2007-0529-COL,Flood,Colombia,35,52,1162083,,1162135,2007,2007-10-20,2007-10-26
2007-0530-THA,Flood,Thailand,2,,100000,,100000,2007,2007-10-22,2007-10-29
2007-0531-VNM,Flood,Viet Nam,3,,280000,,280000,2007,2007-10-20,2007-11-02
2007-0537-MEX,Mass movement (wet),Mexico,16,,,,,2007,2007-11-06,2007-11-06
2007-0539-BDI,Flood,Burundi,1,6,2695,,2701,2007,2007-10-15,2007-10-31
2007-0541-NGA,Flood,Nigeria,17,,,,,2007,,
2007-0543-HND,Flood,Honduras,1,,500,,500,2007,2007-11-04,2007-11-06
2007-0551-ESP,Flood,Spain,3,,3600,,3600,2007,2007-10-12,2007-10-18
2007-0552-CHN,Storm,China,,,,,,2007,2007-10-02,2007-10-08
2007-0552-TWN,Storm,Taiwan (Province of China),18,67,1000,,1067,2007,2007-10-06,2007-10-10
2007-0553-PHL,Flood,Philippines,11,,16463,,16463,2007,2007-11-18,2007-11-21
2007-0554-BGR,Flood,Bulgaria,2,,60,,60,2007,2007-11-16,2007-11-21
2007-0554-GRC,Flood,Greece,2,,600,,600,2007,2007-11-16,2007-12-02
2007-0554-TUR,Flood,Türkiye,1,,2250,,2250,2007,2007-11-16,2007-11-21
2007-0555-UGA,Flood,Uganda,4,,3000,,3000,2007,2007-11-15,2007-11-18
2007-0556-BGD,Storm,Bangladesh,4234,55282,8923259,,8978541,2007,2007-11-15,2007-11-19
2007-0556-IND,Storm,India,,,,,,2007,2007-11-15,2007-11-15
2007-0557-PNG,Storm,Papua New Guinea,172,,162140,,162140,2007,2007-11-12,2007-11-16
2007-0558-VNM,Flood,Viet Nam,55,,150000,,150000,2007,2007-11-10,2007-11-21
2007-0559-SOM,Flood,Somalia,21,12,,2000,2012,2007,2007-11-03,2007-11-04
2007-0560-PHL,Storm,Philippines,8,,33884,,33884,2007,2007-11-04,2007-11-06
2007-0561-UGA,Epidemic,Uganda,36,,176,,176,2007,2007-08-20,
2007-0562-MNE,Flood,Montenegro,,,1086,,1086,2007,2007-11-26,2007-11-29
2007-0562-SRB,Flood,Serbia,,,12370,,12370,2007,2007-11-25,2007-11-29
2007-0565-IDN,Earthquake,Indonesia,3,1800,20000,,21800,2007,2007-11-25,2007-11-25
2007-0568-DZA,Flood,Algeria,14,3,1200,,1203,2007,2007-11-24,2007-12-02
2007-0572-BRB,Earthquake,Barbados,,1,,,1,2007,2007-11-29,2007-11-29
2007-0572-LCA,Earthquake,Saint Lucia,,,,,,2007,2007-11-29,2007-11-29
2007-0572-MTQ,Earthquake,Martinique,1,100,,,100,2007,2007-11-29,2007-11-29
2007-0576-PHL,Storm,Philippines,29,6,443109,,443115,2007,2007-11-25,2007-12-02
2007-0577-PHL,Flood,Philippines,,,33571,,33571,2007,2007-11-28,2007-11-28
2007-0578-PHL,Storm,Philippines,20,11,35322,,35333,2007,2007-11-18,2007-11-23
2007-0579-USA,Wildfire,United States of America,,,10000,159,10159,2007,2007-11-24,2007-11-27
2007-0580-CHN,Mass movement (wet),China,33,1,,,1,2007,2007-11-20,2007-11-20
2007-0581-USA,Storm,United States of America,17,28,1100,,1128,2007,2007-12-03,2007-12-07
2007-0585-MWI,Flood,Malawi,,,180246,,180246,2007,2007-11-18,
2007-0587-CHL,Earthquake,Chile,2,155,25000,,25155,2007,2007-11-14,2007-11-14
2007-0590-COG,Flood,Congo,,,20000,5000,25000,2007,2007-10-26,2007-10-26
2007-0591-AUS,Storm,Australia,2,,730,90,820,2007,2007-03-02,2007-03-16
2007-0592-FJI,Flood,Fiji,5,,,,,2007,2007-03-09,2007-03-12
2007-0595-NGA,Flood,Nigeria,6,,5000,,5000,2007,2007-08-01,2007-08-15
2007-0596-IND,Flood,India,15,,500000,,500000,2007,2007-08-03,2007-08-27
2007-0598-KOR,Flood,Republic of Korea,3,,1000,,1000,2007,2007-09-04,2007-09-07
2007-0602-IND,Flood,India,96,,11100000,,11100000,2007,2007-07-12,2007-10-10
2007-0603-IND,Flood,India,44,,35000,,35000,2007,2007-07-16,2007-07-20
2007-0604-ZWE,Flood,Zimbabwe,3,,15000,,15000,2007,2007-12-13,
2007-0609-LKA,Flood,Sri Lanka,,,250000,,250000,2007,2007-12-16,2008-01-01
2007-0610-IDN,Flood,Indonesia,127,95,259545,9875,269515,2007,2007-12-25,
2007-0611-MYS,Flood,Malaysia,29,,,29000,29000,2007,2007-12-07,2007-12-21
2007-0611-THA,Flood,Thailand,3,,65000,,65000,2007,2007-12-07,2007-12-21
2007-0612-DOM,Storm,Dominican Republic,33,,61605,,61605,2007,2007-12-11,2007-12-17
2007-0612-HTI,Storm,Haiti,3,2,2090,260,2352,2007,2007-12-11,2007-12-17
2007-0612-PRI,Storm,Puerto Rico,1,,,,,2007,2007-12-11,2007-12-17
2007-0613-KEN,Flood,Kenya,4,,2000,,2000,2007,2007-12-12,2007-12-15
2007-0614-MOZ,Flood,Mozambique,20,,113535,,113535,2007,2007-12-11,2008-01-03
2007-0614-MWI,Flood,Malawi,,,2000,,2000,2007,2007-11-11,2008-01-02
2007-0616-MOZ,Flood,Mozambique,,,,,,2007,2007-12-19,2008-01-02
2007-0616-ZWE,Flood,Zimbabwe,24,,2000,,2000,2007,2007-12-19,2008-01-02
2007-0617-TJK,Mass movement (wet),Tajikistan,16,,,,,2007,2007-12-22,2007-12-22
2007-0621-CAN,Storm,Canada,4,,,,,2007,2007-12-23,2007-12-26
2007-0621-USA,Storm,United States of America,22,,,,,2007,2007-12-23,2007-12-26
2007-0633-ZMB,Flood,Zambia,10,,34766,,34766,2007,2007-12-30,2008-02-27
2007-0641-USA,Storm,United States of America,24,2,,,2,2007,2007-12-09,2007-12-11
2007-0651-IDN,Epidemic,Indonesia,16,,312,,312,2007,,
2007-0652-BOL,Flood,Bolivia (Plurinational State of),75,24,485000,,485024,2007,2007-12-15,2008-02-20
2007-0653-BRA,Earthquake,Brazil,1,6,280,,286,2007,2007-12-09,2007-12-09
2007-0654-JPN,Earthquake,Japan,,12,189,,201,2007,2007-04-15,2007-04-15
2007-0655-FJI,Storm,Fiji,,,69,,69,2007,2007-12-05,2007-12-07
2007-0656-NGA,Epidemic,Nigeria,200,,,,,2007,,2007-12-09
2007-0657-SDN,Epidemic,Sudan,430,,6516,,6516,2007,2007-01-01,2007-03-11
2007-0658-SDN,Epidemic,Sudan,96,,233,,233,2007,2007-10-18,2007-11-14
2007-0659-AGO,Epidemic,Angola,,,468,,468,2007,2007-10-02,2007-11-29
2007-0660-SEN,Epidemic,Senegal,16,,2825,,2825,2007,2007-08-03,2007-10-30
2007-0661-TJK,Flood,Tajikistan,21,,,125,125,2007,2007-07-22,2007-07-22
2007-0662-USA,Storm,United States of America,12,40,,,40,2007,2007-05-04,2007-05-08
2007-0663-USA,Storm,United States of America,23,,,,,2007,2007-04-13,2007-04-17
2007-0664-TUN,Flood,Tunisia,,,1500,,1500,2007,,
2007-0665-PHL,Flood,Philippines,,,12205,,12205,2007,2007-12-01,2007-12-04
2007-0668-PHL,Storm,Philippines,1,,64000,,64000,2007,2007-09-18,2007-09-18
2007-0669-PHL,Volcanic activity,Philippines,,,14036,,14036,2007,2007-07-31,2007-07-31
2007-0670-DZA,Wildfire,Algeria,8,,,,,2007,,
2007-0671-MEX,Storm,Mexico,6,,,,,2007,2007-09-01,2007-09-01
2007-0672-AFG,Flood,Afghanistan,1,20,125,15,160,2007,2007-04-30,2007-04-30
2007-0673-ROU,Extreme temperature,Romania,38,,,,,2007,2007-12-10,
2007-0674-IND,Extreme temperature,India,47,,,,,2007,,
2007-0682-UGA,Epidemic,Uganda,96,,5761,,5761,2007,,2009-01-19
2007-0683-IND,Flood,India,40,8,,,8,2007,2007-02-11,2007-02-16
2007-0687-IND,Extreme temperature,India,66,25,,,25,2007,2007-03-11,2007-03-14
2007-0689-USA,Storm,United States of America,4,27,,,27,2007,2007-02-23,2007-02-25
2007-0690-USA,Storm,United States of America,5,,,,,2007,2007-05-21,2007-05-25
2007-0692-GBR,Earthquake,United Kingdom of Great Britain and Northern Ireland,,1,4500,,4501,2007,2007-04-28,2007-04-28
2007-0721-MOZ,Epidemic,Mozambique,78,,7547,,7547,2007,,
2007-0724-DJI,Epidemic,Djibouti,6,,562,,562,2007,,
2007-9288-SWZ,Drought,Eswatini,,,410000,,410000,2007,,
2007-9343-MOZ,Drought,Mozambique,,,520000,,520000,2007,,
2007-9347-PHL,Drought,Philippines,,,,,,2007,,
2007-9494-LSO,Drought,Lesotho,,,475000,,475000,2007,,
2007-9499-MWI,Drought,Malawi,,,520000,,520000,2007,,
2007-9514-BRA,Drought,Brazil,,,1000000,,1000000,2007,,
2007-9548-USA,Drought,United States of America,,,,,,2007,,
2007-9650-TLS,Drought,Timor-Leste,,,,,,2007,,
2007-9675-ZWE,Drought,Zimbabwe,,,2100000,,2100000,2007,,
2007-9676-DJI,Drought,Djibouti,,,42750,,42750,2007,,
2007-9677-MDA,Drought,Republic of Moldova,,,210394,,210394,2007,,
2008-0001-KGZ,Earthquake,Kyrgyzstan,,,3000,,3000,2008,2008-01-13,2008-01-13
2008-0004-COD,Storm,Democratic Republic of the Congo,10,8,,,8,2008,,
2008-0006-AFG,Extreme temperature,Afghanistan,1317,182,170502,,170684,2008,2008-01-05,2008-02-15
2008-0007-BGR,Extreme temperature,Bulgaria,10,,,,,2008,,
2008-0007-HUN,Extreme temperature,Hungary,17,500,,,500,2008,,
2008-0008-IRN,Storm,Iran (Islamic Republic of),28,,,,,2008,,
2008-0010-USA,Flood,United States of America,2,,1500,,1500,2008,2008-01-05,2008-01-09
2008-0013-IDN,Flood,Indonesia,,,1000,,1000,2008,2008-01-02,2008-01-06
2008-0014-AUS,Flood,Australia,1,,3000,,3000,2008,2008-01-03,2008-01-09
2008-0016-BRA,Flood,Brazil,4,,48071,1435,49506,2008,2008-01-12,2008-01-16
2008-0017-AUS,Flood,Australia,,,3200,,3200,2008,2008-01-14,2008-02-01
2008-0020-CHN,Extreme temperature,China,129,,77000000,,77000000,2008,2008-01-10,2008-02-05
2008-0027-COL,Volcanic activity,Colombia,,,150,,150,2008,2008-01-17,2008-01-17
2008-0037-LSO,Storm,Lesotho,,,4500,,4500,2008,,
2008-0039-USA,Storm,United States of America,59,150,,,150,2008,2008-02-05,2008-02-06
2008-0040-COD,Earthquake,Democratic Republic of the Congo,11,,17355,,17355,2008,2008-02-03,2008-02-03
2008-0040-RWA,Earthquake,Rwanda,36,643,,,643,2008,2008-02-03,2008-02-03
2008-0041-BRA,Flood,Brazil,9,12,12858,,12870,2008,2008-02-02,2008-02-06
2008-0042-IDN,Flood,Indonesia,3,,88261,1500,89761,2008,2008-02-01,2008-02-06
2008-0043-MDG,Storm,Madagascar,12,,5457,3156,8613,2008,2008-01-27,2008-01-27
2008-0048-ECU,Flood,Ecuador,41,,275000,14122,289122,2008,2008-01-30,2008-03-03
2008-0049-BOL,Epidemic,Bolivia (Plurinational State of),,,204,,204,2008,,
2008-0050-TJK,Extreme temperature,Tajikistan,,,2000000,,2000000,2008,,
2008-0051-FJI,Storm,Fiji,7,,,,,2008,2008-01-28,2008-01-29
2008-0052-IDN,Flood,Indonesia,3,,40000,,40000,2008,2008-01-30,2008-01-31
2008-0053-ARG,Flood,Argentina,,,85000,,85000,2008,2008-01-28,2008-03-30
2008-0055-GBR,Flood,United Kingdom of Great Britain and Northern Ireland,,,300,,300,2008,2008-01-15,2008-01-26
2008-0060-AGO,Flood,Angola,7,,81400,,81400,2008,2008-01-31,2008-03-03
2008-0060-NAM,Flood,Namibia,42,,65000,,65000,2008,2008-01-30,2008-03-03
2008-0062-IND,Mass movement (wet),India,37,,,,,2008,2008-02-08,2008-02-08
2008-0064-PER,Flood,Peru,40,12,450000,,450012,2008,2008-02-04,2008-03-14
2008-0065-BRA,Epidemic,Brazil,123,,162701,,162701,2008,,
2008-0065-PRY,Epidemic,Paraguay,,,1837,,1837,2008,2008-01-28,
2008-0066-TZA,Flood,United Republic of Tanzania,72,15,7500,442,7957,2008,2008-01-10,2008-03-31
2008-0067-IDN,Flood,Indonesia,14,,7000,,7000,2008,2008-02-08,2008-02-12
2008-0070-MDG,Storm,Madagascar,93,580,332391,191182,524153,2008,2008-02-17,2008-03-03
2008-0073-CHN,Extreme temperature,China,16,,,,,2008,2008-02-14,2008-02-18
2008-0074-PRT,Flood,Portugal,2,,72,38,110,2008,2008-02-18,2008-02-18
2008-0076-BFA,Epidemic,Burkina Faso,250,,2000,,2000,2008,,
2008-0076-CIV,Epidemic,Côte d’Ivoire,44,,,,,2008,,
2008-0077-PHL,Flood,Philippines,63,37,875306,,875343,2008,2008-02-12,2008-03-12
2008-0082-AUT,Storm,Austria,4,,,,,2008,2008-02-29,2008-03-02
2008-0082-BEL,Storm,Belgium,,,,,,2008,2008-02-29,2008-03-01
2008-0082-CZE,Storm,Czechia,2,,,,,2008,2008-02-29,2008-03-02
2008-0082-DEU,Storm,Germany,5,,,,,2008,2008-02-29,2008-03-02
2008-0082-NLD,Storm,Netherlands (Kingdom of the),,,,,,2008,2008-02-29,2008-03-02
2008-0082-POL,Storm,Poland,2,10,1050,,1060,2008,2008-03-01,2008-03-01
2008-0082-ROU,Storm,Romania,,,90,,90,2008,2008-02-29,2008-03-02
2008-0092-IDN,Flood,Indonesia,11,,3500,,3500,2008,2008-02-11,2008-02-27
2008-0095-KAZ,Flood,Kazakhstan,1,,13000,,13000,2008,2008-02-20,2008-03-03
2008-0098-AUS,Flood,Australia,2,,1000,,1000,2008,2008-02-13,2008-02-26
2008-0099-USA,Earthquake,United States of America,,3,2100,,2103,2008,2008-02-21,2008-02-21
2008-0100-KEN,Epidemic,Kenya,43,,,,,2008,,
2008-0100-SOM,Epidemic,Somalia,13,,663,,663,2008,,
2008-0104-SWZ,Flood,Eswatini,,,2500,,2500,2008,2008-02-04,2008-02-04
2008-0108-IDN,Flood,Indonesia,3,,12000,,12000,2008,2008-03-01,2008-03-14
2008-0111-MDG,Storm,Madagascar,,,400,,400,2008,2008-03-05,2008-03-06
2008-0111-MOZ,Storm,Mozambique,9,13,165000,55000,220013,2008,2008-03-08,2008-03-09
2008-0115-USA,Storm,United States of America,2,27,150,,177,2008,2008-03-14,2008-03-14
2008-0121-COL,Flood,Colombia,11,,,,,2008,2008-03-11,2008-03-14
2008-0125-BRA,Flood,Brazil,36,,190000,,190000,2008,2008-03-30,2008-04-04
2008-0127-KEN,Flood,Kenya,,,700,,700,2008,2008-03-17,2008-04-05
2008-0127-TZA,Flood,United Republic of Tanzania,1,,,1500,1500,2008,2008-03-17,2008-04-04
2008-0128-IDN,Flood,Indonesia,,,60000,,60000,2008,2008-03-10,2008-04-03
2008-0129-KEN,Flood,Kenya,2,,10000,,10000,2008,2008-03-20,2008-04-02
2008-0130-IND,Flood,India,37,,10278,,10278,2008,2008-03-20,2008-03-28
2008-0131-USA,Flood,United States of America,18,,1000,,1000,2008,2008-03-17,2008-04-20
2008-0132-LKA,Flood,Sri Lanka,8,,54323,,54323,2008,2008-03-12,2008-03-14
2008-0137-PRY,Epidemic,Paraguay,8,,16,,16,2008,,
2008-0139-COD,Flood,Democratic Republic of the Congo,15,2,,500,502,2008,2008-04-02,2008-04-02
2008-0140-CHN,Mass movement (wet),China,12,,,,,2008,2008-03-14,2008-03-14
2008-0142-BDI,Flood,Burundi,6,,500,,500,2008,2008-04-10,2008-04-11
2008-0155-CHN,Storm,China,25,,274000,,274000,2008,2008-04-19,2008-04-19
2008-0155-PHL,Storm,Philippines,1,,,,,2008,2008-04-13,2008-04-13
2008-0162-IDN,Volcanic activity,Indonesia,,,600,,600,2008,2008-04-15,2008-04-15
2008-0164-COL,Volcanic activity,Colombia,,,14201,,14201,2008,2008-04-14,2008-04-14
2008-0170-CAN,Flood,Canada,,,400,,400,2008,2008-04-10,2008-04-24
2008-0176-IDN,Flood,Indonesia,,,34514,,34514,2008,2008-04-23,2008-04-27
2008-0178-IRN,Earthquake,Iran (Islamic Republic of),,170,,,170,2008,2008-05-01,2008-05-01
2008-0182-ARG,Volcanic activity,Argentina,,,,,,2008,2008-05-07,2008-05-07
2008-0182-CHL,Volcanic activity,Chile,,,8000,,8000,2008,2008-05-02,2008-05-06
2008-0184-LKA,Storm,Sri Lanka,9,,50000,,50000,2008,2008-04-27,2008-05-03
2008-0184-MMR,Storm,Myanmar,138366,20000,2400000,,2420000,2008,2008-05-02,2008-05-03
2008-0184-THA,Storm,Thailand,,,,1000,1000,2008,2008-05-02,2008-05-03
2008-0185-KOR,Flood,Republic of Korea,10,13,,,13,2008,2008-05-04,2008-05-04
2008-0189-IDN,Mass movement (wet),Indonesia,21,,,,,2008,2008-05-05,2008-05-05
2008-0192-CHN,Earthquake,China,87476,366596,45610000,,45976596,2008,2008-05-12,2008-05-12
2008-0194-USA,Storm,United States of America,22,150,,,150,2008,2008-05-10,2008-05-12
2008-0197-PHL,Storm,Philippines,64,33,1496635,,1496668,2008,2008-05-18,2008-05-18
2008-0208-PAK,Flood,Pakistan,10,,,,,2008,2008-05-24,2008-05-26
2008-0210-USA,Storm,United States of America,7,70,,,70,2008,2008-05-22,2008-05-26
2008-0212-CHN,Flood,China,64,166,538000,,538166,2008,2008-05-27,2008-06-05
2008-0216-ITA,Flood,Italy,4,,,,,2008,2008-05-29,2008-05-30
2008-0218-COL,Mass movement (wet),Colombia,27,16,,,16,2008,2008-05-31,2008-05-31
2008-0219-ETH,Flood,Ethiopia,29,35,,810,845,2008,2008-05-30,2008-05-31
2008-0223-MNG,Storm,Mongolia,52,,,,,2008,2008-05-26,
2008-0224-LKA,Flood,Sri Lanka,25,,362582,,362582,2008,2008-05-29,2008-06-05
2008-0226-GRC,Earthquake,Greece,2,240,3468,,3708,2008,2008-06-08,2008-06-08
2008-0229-CHL,Flood,Chile,5,,40000,,40000,2008,2008-05-19,2008-05-27
2008-0230-BEN,Epidemic,Benin,29,,269,,269,2008,,
2008-0231-GMB,Storm,Gambia,,,300,,300,2008,2008-06-02,2008-06-02
2008-0233-BLZ,Storm,Belize,7,,10000,,10000,2008,2008-05-31,2008-06-05
2008-0234-CRI,Storm,Costa Rica,4,,55000,,55000,2008,2008-05-28,2008-05-28
2008-0234-HND,Storm,Honduras,,,,,,2008,2008-05-28,2008-05-28
2008-0234-NIC,Storm,Nicaragua,13,,25000,,25000,2008,2008-05-29,2008-05-29
2008-0235-NER,Epidemic,Niger,111,,1991,,1991,2008,2008-01-01,2008-12-08
2008-0237-FRA,Storm,France,,6,600,,606,2008,2008-06-10,2008-06-10
2008-0241-CHN,Mass movement (wet),China,19,,,,,2008,2008-06-13,2008-06-13
2008-0242-JPN,Earthquake,Japan,23,448,,,448,2008,2008-06-13,2008-06-13
2008-0243-CHN,Flood,China,176,,1600000,,1600000,2008,2008-06-07,2008-06-22
2008-0245-ZAF,Flood,South Africa,11,,4000,,4000,2008,2008-06-19,2008-06-19
2008-0246-IND,Flood,India,1063,,7900000,,7900000,2008,2008-06-11,2008-07-21
2008-0247-GTM,Mass movement (wet),Guatemala,27,,,,,2008,2008-06-20,2008-06-20
2008-0249-CHN,Storm,China,14,,340000,,340000,2008,2008-06-24,2008-06-27
2008-0249-PHL,Storm,Philippines,644,826,4784634,,4785460,2008,2008-06-21,2008-06-23
2008-0253-USA,Wildfire,United States of America,1,,,300,300,2008,2008-06-20,2008-07-09
2008-0257-SUR,Flood,Suriname,2,,6548,,6548,2008,2008-06-01,2008-06-25
2008-0258-SLE,Epidemic,Sierra Leone,170,,1746,,1746,2008,,
2008-0260-KEN,Flood,Kenya,16,,8658,,8658,2008,2008-06-13,2008-06-20
2008-0262-VNM,Flood,Viet Nam,4,,500,,500,2008,2008-05-11,2008-05-12
2008-0263-CHN,Flood,China,3,,780000,,780000,2008,2008-05-02,2008-05-05
2008-0264-CAN,Flood,Canada,,,2000,,2000,2008,2008-04-26,2008-05-01
2008-0268-GTM,Flood,Guatemala,27,,17300,,17300,2008,2008-07-02,2008-07-03
2008-0271-NPL,Flood,Nepal,65,,70000,,70000,2008,,
2008-0272-MNG,Epidemic,Mongolia,,,3151,,3151,2008,2008-05-01,2008-09-10
2008-0274-UGA,Epidemic,Uganda,28,,388,,388,2008,2008-05-02,2008-06-27
2008-0275-JPN,Earthquake,Japan,1,200,270,,470,2008,2008-07-23,2008-07-24
2008-0282-SLV,Flood,El Salvador,30,,,,,2008,2008-07-03,2008-07-03
2008-0285-BGD,Flood,Bangladesh,16,2,,20000,20002,2008,2008-06-26,2008-07-13
2008-0285-IND,Flood,India,,,50000,,50000,2008,2008-07-05,2008-07-14
2008-0288-MEX,Flood,Mexico,12,,20000,,20000,2008,2008-07-06,2008-07-11
2008-0291-TGO,Flood,Togo,6,79,44735,,44814,2008,2008-07-01,2008-08-08
2008-0292-CHN,Storm,China,1,6,93000,,93006,2008,2008-07-28,2008-08-08
2008-0292-PHL,Storm,Philippines,10,2,22079,,22081,2008,2008-07-28,2008-07-29
2008-0292-TWN,Storm,Taiwan (Province of China),2,,,,,2008,2008-07-27,2008-07-27
2008-0293-JPN,Flood,Japan,5,3,50000,,50003,2008,2008-07-28,2008-07-29
2008-0295-TWN,Storm,Taiwan (Province of China),26,8,,,8,2008,2008-07-18,2008-07-19
2008-0296-NER,Flood,Niger,7,,32000,,32000,2008,,
2008-0300-COG,Epidemic,Congo,1,103,,,103,2008,2008-06-05,2008-06-25
2008-0301-COG,Epidemic,Congo,25,,527,,527,2008,,2008-08-17
2008-0304-GTM,Storm,Guatemala,17,,,,,2008,2008-07-21,2008-07-21
2008-0304-MEX,Storm,Mexico,2,,500000,,500000,2008,2008-07-20,2008-07-21
2008-0304-USA,Storm,United States of America,,,,,,2008,2008-07-23,2008-07-23
2008-0306-MDA,Flood,Republic of Moldova,3,,4000,,4000,2008,2008-07-26,2008-07-27
2008-0306-ROU,Flood,Romania,5,,11000,,11000,2008,2008-07-26,
2008-0306-UKR,Flood,Ukraine,38,,224725,,224725,2008,2008-07-26,2008-07-27
2008-0318-TUR,Wildfire,Türkiye,2,,,300,300,2008,2008-08-01,2008-08-05
2008-0320-NOR,Storm,Norway,,100,,,100,2008,2008-08-03,2008-08-03
2008-0321-FRA,Storm,France,3,,1500,600,2100,2008,2008-08-03,2008-08-04
2008-0325-CHN,Earthquake,China,4,29,,13500,13529,2008,2008-08-05,2008-08-05
2008-0329-CHN,Storm,China,,,42000,,42000,2008,2008-08-08,2008-08-11
2008-0329-HKG,Storm,"China, Hong Kong Special Administrative Region",,37,,,37,2008,2008-08-05,2008-08-05
2008-0329-PHL,Storm,Philippines,2,,4498,,4498,2008,2008-08-04,2008-08-04
2008-0329-THA,Storm,Thailand,,,,,,2008,2008-08-11,2008-08-20
2008-0329-VNM,Storm,Viet Nam,162,90,52630,4910,57630,2008,2008-08-08,2008-08-11
2008-0331-SSD,Flood,South Sudan,,,38891,,38891,2008,,
2008-0338-CUB,Storm,Cuba,,,,,,2008,2008-08-20,2008-08-20
2008-0338-DOM,Storm,Dominican Republic,4,,,,,2008,2008-08-18,2008-08-18
2008-0338-HTI,Storm,Haiti,10,,190,30,220,2008,2008-08-18,2008-08-18
2008-0338-JAM,Storm,Jamaica,1,,,,,2008,2008-08-18,2008-08-24
2008-0338-USA,Storm,United States of America,12,,400,,400,2008,2008-08-20,2008-08-28
2008-0345-MDG,Epidemic,Madagascar,20,,520,,520,2008,,2008-06-29
2008-0346-BRA,Storm,Brazil,3,,,1600,1600,2008,2008-05-06,2008-05-06
2008-0347-PHL,Flood,Philippines,1,,1000,,1000,2008,2008-06-06,2008-06-06
2008-0349-CIV,Flood,Côte d’Ivoire,6,,450,,450,2008,2008-07-03,2008-07-03
2008-0350-PAK,Flood,Pakistan,36,12,200000,,200012,2008,2008-08-02,2008-08-04
2008-0352-BHS,Storm,Bahamas,,,,,,2008,2008-08-26,2008-08-26
2008-0352-CUB,Storm,Cuba,,19,450000,,450019,2008,2008-08-29,2008-09-01
2008-0352-CYM,Storm,Cayman Islands,,,,,,2008,2008-08-26,2008-08-26
2008-0352-DOM,Storm,Dominican Republic,8,2,6255,,6257,2008,2008-08-26,2008-08-26
2008-0352-HTI,Storm,Haiti,85,36,72970,,73006,2008,2008-08-26,2008-08-26
2008-0352-JAM,Storm,Jamaica,12,,4000,,4000,2008,2008-08-28,2008-08-29
2008-0352-TCA,Storm,Turks and Caicos Islands,4,,,,,2008,2008-08-26,2008-08-26
2008-0352-USA,Storm,United States of America,43,,2100000,,2100000,2008,2008-09-01,2008-09-01
2008-0355-CHN,Earthquake,China,6,160,,,160,2008,2008-08-21,2008-08-21
2008-0360-BFA,Flood,Burkina Faso,,,560,,560,2008,,
2008-0361-LBR,Flood,Liberia,,,,340,340,2008,,
2008-0362-BEN,Flood,Benin,15,,158235,,158235,2008,,
2008-0363-CMR,Flood,Cameroon,9,,24000,1000,25000,2008,,
2008-0364-GIN,Flood,Guinea,,,4200,,4200,2008,2008-08-08,2008-08-08
2008-0366-GNB,Flood,Guinea-Bissau,,,,750,750,2008,2008-07-21,2008-07-21
2008-0367-TCD,Flood,Chad,,,,6450,6450,2008,2008-07-20,2008-08-25
2008-0369-CHN,Storm,China,4,,900000,,900000,2008,2008-08-22,2008-08-23
2008-0369-HKG,Storm,"China, Hong Kong Special Administrative Region",2,112,,,112,2008,2008-09-22,2008-09-22
2008-0369-PHL,Storm,Philippines,38,13,429450,,429463,2008,2008-08-22,2008-08-22
2008-0373-VNM,Flood,Viet Nam,16,,,,,2008,2008-08-26,2008-08-28
2008-0374-CHN,Earthquake,China,40,589,950000,50000,1000589,2008,2008-08-30,2008-08-30
2008-0378-DOM,Storm,Dominican Republic,1,,10745,,10745,2008,2008-09-03,2008-09-03
2008-0378-HTI,Storm,Haiti,529,,48000,,48000,2008,2008-09-02,2008-09-03
2008-0378-TCA,Storm,Turks and Caicos Islands,,,750,,750,2008,2008-09-01,2008-09-01
2008-0378-USA,Storm,United States of America,7,,,,,2008,2008-08-28,2008-08-28
2008-0379-BFA,Flood,Burkina Faso,6,18,,4292,4310,2008,,
2008-0380-IRN,Flood,Iran (Islamic Republic of),19,,200,,200,2008,2008-09-09,2008-09-10
2008-0381-GBR,Flood,United Kingdom of Great Britain and Northern Ireland,8,,3000,,3000,2008,2008-09-06,2008-09-08
2008-0383-IDN,Flood,Indonesia,16,,118000,,118000,2008,2008-09-06,2008-09-08
2008-0384-BHS,Storm,Bahamas,,,3000,,3000,2008,2008-09-07,2008-09-07
2008-0384-CUB,Storm,Cuba,7,,,,,2008,2008-09-08,2008-09-09
2008-0384-HTI,Storm,Haiti,74,50,125000,,125050,2008,2008-09-06,2008-09-08
2008-0384-TCA,Storm,Turks and Caicos Islands,,,750,,750,2008,2008-09-06,2008-09-06
2008-0384-USA,Storm,United States of America,82,,200000,,200000,2008,2008-09-12,2008-09-16
2008-0385-BGD,Flood,Bangladesh,12,,600000,15638,615638,2008,2008-08-30,2008-09-08
2008-0386-ETH,Flood,Ethiopia,5,,91764,,91764,2008,2008-08-20,2008-08-28
2008-0389-CHL,Flood,Chile,4,,81755,23000,104755,2008,2008-08-29,2008-09-04
2008-0392-MOZ,Wildfire,Mozambique,49,23,,3000,3023,2008,2008-09-01,2008-09-02
2008-0393-PHL,Mass movement (wet),Philippines,24,28,5000,,5028,2008,2008-09-06,2008-09-06
2008-0394-EGY,Mass movement (dry),Egypt,98,72,,625,697,2008,2008-09-06,2008-09-06
2008-0398-CHN,Mass movement (wet),China,277,35,,,35,2008,2008-09-08,2008-09-08
2008-0401-IRN,Earthquake,Iran (Islamic Republic of),6,45,20500,,20545,2008,2008-09-10,2008-09-10
2008-0403-IDN,Earthquake,Indonesia,2,60,565,,625,2008,2008-09-09,2008-09-09
2008-0409-PAN,Flood,Panama,16,,545,,545,2008,2008-09-03,2008-09-03
2008-0410-SEN,Flood,Senegal,1,,23600,,23600,2008,2008-08-15,
2008-0411-IRQ,Epidemic,Iraq,11,,892,,892,2008,2008-08-07,2008-11-27
2008-0415-IND,Flood,India,74,,,,,2008,2008-09-05,2008-09-11
2008-0416-CHN,Flood,China,20,,810000,,810000,2008,2008-08-07,2008-08-11
2008-0417-IRN,Flood,Iran (Islamic Republic of),3,80,1200,,1280,2008,2008-08-07,2008-08-08
2008-0420-ITA,Flood,Italy,2,,300,,300,2008,2008-07-12,2008-07-12
2008-0423-IND,Flood,India,173,,,2400000,2400000,2008,2008-09-14,2008-09-21
2008-0424-NGA,Epidemic,Nigeria,97,,,,,2008,,
2008-0425-NGA,Epidemic,Nigeria,35,,,,,2008,,
2008-0426-CHN,Storm,China,12,,,,,2008,2008-09-24,2008-09-25
2008-0426-HKG,Storm,"China, Hong Kong Special Administrative Region",,58,,,58,2008,2008-09-25,2008-09-25
2008-0426-PHL,Storm,Philippines,37,17,41630,4485,46132,2008,2008-09-22,2008-09-22
2008-0426-TWN,Storm,Taiwan (Province of China),1,,,,,2008,2008-09-23,2008-09-23
2008-0426-VNM,Storm,Viet Nam,46,61,51755,6695,58511,2008,2008-09-25,2008-09-28
2008-0427-CRI,Flood,Costa Rica,,,9498,,9498,2008,2008-09-02,2008-09-05
2008-0430-THA,Flood,Thailand,18,,839573,,839573,2008,2008-09-13,2008-10-07
2008-0431-NPL,Flood,Nepal,50,3,180000,,180003,2008,2008-09-22,2008-09-29
2008-0433-MEX,Mass movement (wet),Mexico,22,,,,,2008,2008-09-17,2008-09-18
2008-0437-VNM,Storm,Viet Nam,18,,30860,820,31680,2008,2008-09-30,2008-09-30
2008-0439-CAF,Flood,Central African Republic,,,,795,795,2008,,
2008-0439-GMB,Flood,Gambia,,,,400,400,2008,,
2008-0441-CHN,Storm,China,,,,,,2008,2008-09-28,2008-09-28
2008-0441-TWN,Storm,Taiwan (Province of China),3,60,,,60,2008,2008-09-28,2008-09-28
2008-0442-TWN,Storm,Taiwan (Province of China),22,20,,,20,2008,2008-09-16,2008-09-16
2008-0444-DZA,Flood,Algeria,93,50,59000,,59050,2008,2008-10-01,2008-10-17
2008-0445-TCD,Flood,Chad,,,8000,,8000,2008,2008-09-15,2008-09-15
2008-0446-GNB,Epidemic,Guinea-Bissau,221,,14004,,14004,2008,,2008-11-19
2008-0447-NER,Epidemic,Niger,62,,814,,814,2008,2008-01-01,
2008-0448-TCD,Epidemic,Chad,22,,1755,,1755,2008,2008-01-01,2008-10-01
2008-0449-BEN,Epidemic,Benin,2,,527,,527,2008,2008-09-22,2008-10-02
2008-0452-LAO,Flood,Lao People's Democratic Republic,6,,204190,,204190,2008,2008-08-12,2008-08-18
2008-0454-KGZ,Earthquake,Kyrgyzstan,74,142,,1055,1197,2008,2008-10-05,2008-10-05
2008-0455-CHN,Earthquake,China,30,19,,735,754,2008,2008-10-06,2008-10-06
2008-0457-NIC,Flood,Nicaragua,13,,3525,,3525,2008,2008-09-24,2008-10-17
2008-0459-BDI,Flood,Burundi,3,5,2770,,2775,2008,2008-09-20,
2008-0469-SDN,Epidemic,Sudan,3,,163,,163,2008,,
2008-0470-SDN,Epidemic,Sudan,12,,49,,49,2008,2008-09-29,2008-10-05
2008-0471-ETH,Epidemic,Ethiopia,20,,3134,,3134,2008,,
2008-0476-RUS,Earthquake,Russian Federation,13,100,5135,,5235,2008,2008-10-11,2008-10-11
2008-0481-VNM,Flood,Viet Nam,29,4,12000,,12004,2008,2008-10-19,2008-10-20
2008-0482-KEN,Flood,Kenya,3,,6000,,6000,2008,2008-10-14,2008-10-16
2008-0483-KEN,Flood,Kenya,17,,6310,,6310,2008,2008-10-04,2008-10-07
2008-0484-BLZ,Flood,Belize,1,,38000,,38000,2008,2008-10-19,2008-11-12
2008-0484-CRI,Flood,Costa Rica,6,,92000,,92000,2008,2008-10-13,2008-10-18
2008-0484-GTM,Flood,Guatemala,3,,180000,,180000,2008,2008-10-22,
2008-0484-HND,Flood,Honduras,67,7,313350,,313357,2008,2008-10-19,2008-11-12
2008-0484-NIC,Flood,Nicaragua,4,,10663,,10663,2008,2008-10-18,2008-10-18
2008-0484-SLV,Flood,El Salvador,,,3000,,3000,2008,2008-10-16,2008-10-16
2008-0485-RWA,Flood,Rwanda,,51,11295,,11346,2008,2008-10-01,2008-10-06
2008-0486-IND,Flood,India,47,,2600000,,2600000,2008,2008-08-30,2008-09-08
2008-0488-AFG,Flood,Afghanistan,,,1000,180,1180,2008,,
2008-0498-MAR,Flood,Morocco,30,,20000,,20000,2008,2008-10-23,2008-11-03
2008-0499-YEM,Flood,Yemen,90,64,25000,,25064,2008,2008-10-23,2008-10-24
2008-0500-PAK,Earthquake,Pakistan,166,320,75000,,75320,2008,2008-10-28,2008-10-28
2008-0501-VNM,Flood,Viet Nam,99,,600000,,600000,2008,2008-10-27,2008-11-04
2008-0503-PRY,Storm,Paraguay,,,47655,,47655,2008,2008-08-07,2008-08-07
2008-0506-SOM,Flood,Somalia,,,52000,,52000,2008,2008-11-03,2008-11-04
2008-0507-CHN,Flood,China,67,,411000,,411000,2008,2008-10-31,2008-11-04
2008-0511-AGO,Epidemic,Angola,134,,7495,,7495,2008,2008-01-01,2009-05-17
2008-0511-BWA,Epidemic,Botswana,2,,15,,15,2008,2008-11-01,2009-05-24
2008-0511-MWI,Epidemic,Malawi,113,,5269,,5269,2008,2008-11-15,2009-05-24
2008-0511-ZAF,Epidemic,South Africa,65,,12752,,12752,2008,2008-11-15,2009-05-31
2008-0511-ZMB,Epidemic,Zambia,173,,8312,,8312,2008,2008-09-10,
2008-0511-ZWE,Epidemic,Zimbabwe,4276,,98349,,98349,2008,2008-08-15,2009-07-23
2008-0513-KEN,Mass movement (wet),Kenya,10,20,,,20,2008,2008-11-08,2008-11-08
2008-0514-CUB,Storm,Cuba,,,49445,,49445,2008,2008-11-08,2008-11-08
2008-0514-CYM,Storm,Cayman Islands,,,,,,2008,2008-11-08,2008-11-08
2008-0517-ETH,Flood,Ethiopia,11,,23831,,23831,2008,2008-11-16,2008-11-17
2008-0518-KEN,Flood,Kenya,17,,30770,,30770,2008,2008-11-10,2008-11-25
2008-0519-CHN,Flood,China,3,,50000,,50000,2008,2008-10-10,2008-10-16
2008-0520-SSD,Flood,South Sudan,17,,3000,,3000,2008,2008-10-03,2008-10-06
2008-0523-IRQ,Flood,Iraq,4,,,600,600,2008,2008-09-10,2008-09-11
2008-0524-USA,Wildfire,United States of America,,20,55000,,55020,2008,2008-11-13,2008-11-18
2008-0525-AUS,Storm,Australia,1,,12000,,12000,2008,2008-11-15,2008-11-21
2008-0526-IDN,Flood,Indonesia,33,,83000,1420,84420,2008,2008-11-15,2008-11-16
2008-0527-UGA,Flood,Uganda,49,40,30000,,30040,2008,2008-11-17,2008-11-17
2008-0528-ZAF,Storm,South Africa,5,76,,3500,3576,2008,2008-11-14,2008-11-14
2008-0532-CUB,Flood,Cuba,,,20000,,20000,2008,2008-11-17,2008-11-20
2008-0533-BOL,Storm,Bolivia (Plurinational State of),,,6655,,6655,2008,2008-11-08,2008-11-09
2008-0536-IDN,Earthquake,Indonesia,6,77,10000,,10077,2008,2008-11-16,2008-11-16
2008-0538-COL,Mass movement (dry),Colombia,12,,,,,2008,2008-11-16,2008-11-16
2008-0540-PHL,Storm,Philippines,19,14,300,160,474,2008,2008-11-06,2008-11-11
2008-0540-VNM,Storm,Viet Nam,11,,,,,2008,2008-11-05,2008-11-05
2008-0543-MOZ,Epidemic,Mozambique,155,,19310,,19310,2008,2008-11-01,
2008-0543-NAM,Epidemic,Namibia,9,,203,,203,2008,2008-10-22,2009-04-17
2008-0545-PHL,Flood,Philippines,10,,239763,,239763,2008,2008-11-21,2008-11-24
2008-0546-COL,Volcanic activity,Colombia,16,7,8000,,8007,2008,2008-11-20,2008-11-20
2008-0547-THA,Flood,Thailand,21,,700000,,700000,2008,2008-11-20,2008-12-20
2008-0549-BRA,Flood,Brazil,151,15,1500000,,1500015,2008,2008-11-22,2008-11-24
2008-0551-CRI,Flood,Costa Rica,1,,53000,,53000,2008,2008-11-22,2008-11-25
2008-0551-PAN,Flood,Panama,12,5,23287,,23292,2008,2008-11-22,2008-11-25
2008-0552-VNM,Storm,Viet Nam,17,8,8585,235,8828,2008,2008-11-17,2008-11-20
2008-0554-SSD,Flood,South Sudan,,,50900,,50900,2008,2008-11-24,2008-11-24
2008-0559-COL,Flood,Colombia,76,91,1200000,,1200091,2008,2008-09-15,2009-01-12
2008-0560-IND,Flood,India,54,,803740,,803740,2008,2008-11-27,2008-12-04
2008-0560-LKA,Flood,Sri Lanka,15,,360000,,360000,2008,2008-11-22,2008-12-04
2008-0563-USA,Extreme temperature,United States of America,,,,,,2008,2008-12-11,2008-12-14
2008-0568-BGD,Mass movement (wet),Bangladesh,13,50,,,50,2008,2008-08-16,2008-08-16
2008-0570-MYS,Flood,Malaysia,,,2000,,2000,2008,2008-12-01,2008-12-04
2008-0571-PHL,Flood,Philippines,29,,,50000,50000,2008,2008-12-01,2008-12-04
2008-0572-NGA,Epidemic,Nigeria,46,,66,,66,2008,,
2008-0575-PNG,Flood,Papua New Guinea,,,75300,,75300,2008,2008-12-08,2008-12-08
2008-0579-ITA,Flood,Italy,3,,,,,2008,2008-12-11,2008-12-15
2008-0580-VEN,Flood,Venezuela (Bolivarian Republic of),8,,1500,,1500,2008,2008-11-20,2008-11-23
2008-0581-AUS,Flood,Australia,4,,1200,,1200,2008,2008-11-20,2008-11-23
2008-0583-FSM,Flood,Micronesia (Federated States of),,,,,,2008,2008-12-09,2008-12-09
2008-0583-KIR,Flood,Kiribati,,,,85,85,2008,2008-12-09,2008-12-09
2008-0583-MHL,Flood,Marshall Islands,,,600,,600,2008,2008-12-10,2008-12-24
2008-0583-PNG,Flood,Papua New Guinea,,,,,,2008,2008-12-12,2008-12-12
2008-0588-CHN,Earthquake,China,,19,27000,150,27169,2008,2008-12-25,2008-12-25
2008-0589-GUY,Flood,Guyana,,,100000,,100000,2008,2008-12-08,2008-12-17
2008-0591-PAK,Flood,Pakistan,37,,90752,,90752,2008,2008-08-09,2008-08-20
2008-0596-CHN,Mass movement (wet),China,15,,,,,2008,2008-07-08,2008-07-08
2008-0598-CHN,Flood,China,19,,3000000,,3000000,2008,2008-07-07,2008-07-07
2008-0599-USA,Storm,United States of America,4,,,,,2008,2008-01-29,2008-01-30
2008-0600-USA,Storm,United States of America,12,,,,,2008,2008-01-04,2008-01-09
2008-0601-USA,Storm,United States of America,3,,,,,2008,2008-04-09,2008-04-11
2008-0602-AFG,Epidemic,Afghanistan,17,,1100,,1100,2008,2008-10-06,
2008-0604-ATG,Storm,Antigua and Barbuda,,,25800,,25800,2008,2008-10-15,2008-10-16
2008-0604-KNA,Storm,Saint Kitts and Nevis,,,,,,2008,2008-10-15,2008-10-16
2008-0605-BEN,Epidemic,Benin,2,,192,,192,2008,2008-07-21,2008-08-15
2008-0607-VNM,Flood,Viet Nam,9,,20000,,20000,2008,2008-12-25,2009-01-05
2008-0608-PHL,Flood,Philippines,,,39530,,39530,2008,2008-08-08,2008-08-08
2008-0609-PHL,Storm,Philippines,1,40,8350,,8390,2008,2008-05-13,2008-05-13
2008-0611-PHL,Flood,Philippines,,,29184,,29184,2008,2008-01-18,2008-01-18
2008-0615-IND,Flood,India,142,,225000,,225000,2008,2008-07-20,2008-08-08
2008-0616-IND,Extreme temperature,India,70,,,,,2008,,
2008-0618-IDN,Flood,Indonesia,5,,11000,,11000,2008,,
2008-0620-PHL,Flood,Philippines,7,1,2390,,2391,2008,2008-06-17,2008-06-17
2008-0621-PHL,Storm,Philippines,2,1,31129,,31130,2008,2008-07-18,2008-07-18
2008-0622-PHL,Flood,Philippines,6,3,365675,,365678,2008,2008-09-04,2008-09-13
2008-0623-PHL,Storm,Philippines,1,,27683,,27683,2008,2008-09-29,2008-09-29
2008-0625-PNG,Mass movement (dry),Papua New Guinea,10,,,,,2008,2008-01-06,2008-01-06
2008-0627-USA,Flood,United States of America,24,148,11000000,,11000148,2008,2008-06-09,2008-06-30
2008-0628-MOZ,Flood,Mozambique,25,,3500,,3500,2008,2008-12-28,2009-01-19
2008-0629-ZMB,Flood,Zambia,4,,15000,,15000,2008,2008-02-09,2008-05-01
2008-0630-GHA,Flood,Ghana,,,58000,,58000,2008,,
2008-0631-MLI,Flood,Mali,,,,2500,2500,2008,2008-08-18,2008-08-19
2008-0633-BEL,Extreme temperature,Belgium,1,,,,,2009,,
2008-0633-DEU,Extreme temperature,Germany,1,,,,,2009,2009-01-05,
2008-0633-FRA,Extreme temperature,France,2,,,,,2009,2009-01-06,2009-01-08
2008-0633-POL,Extreme temperature,Poland,82,,,,,2008,2008-11-01,2009-01-08
2008-0633-PRT,Extreme temperature,Portugal,,,,,,2009,,
2008-0633-ROU,Extreme temperature,Romania,43,20,,,20,2009,2009-01-01,2009-01-15
2008-0633-UKR,Extreme temperature,Ukraine,5,,,,,2009,,
2008-0634-MYS,Flood,Malaysia,,,6000,,6000,2008,2008-12-28,2009-01-19
2008-0634-THA,Flood,Thailand,,,32584,,32584,2008,2008-12-29,2009-01-19
2008-0635-IDN,Flood,Indonesia,24,,15000,,15000,2008,2008-12-26,2009-01-12
2008-0638-USA,Flood,United States of America,,,30000,,30000,2008,2008-12-29,2009-01-16
2008-0639-MWI,Flood,Malawi,,,16380,,16380,2008,,
2008-0641-TZA,Storm,United Republic of Tanzania,,4,270,,274,2008,,
2008-0642-TZA,Storm,United Republic of Tanzania,,3,400,,403,2008,,
2008-0644-BGD,Storm,Bangladesh,12,200,,,200,2008,2008-03-22,2008-03-22
2008-0645-USA,Storm,United States of America,,200,,,200,2008,2008-04-28,2008-04-28
2008-0646-IND,Storm,India,111,50,,,50,2008,2008-05-14,2008-05-14
2008-0647-ZAF,Wildfire,South Africa,34,25,,,25,2008,2008-08-30,2008-09-03
2008-0648-BGD,Storm,Bangladesh,15,200,,,200,2008,2008-10-27,2008-10-27
2008-0649-COL,Earthquake,Colombia,11,54,,1700,1754,2008,2008-05-24,2008-05-24
2008-0650-CHN,Earthquake,China,8,1000,,350000,351000,2008,2008-05-25,2008-05-25
2008-0651-CHN,Storm,China,,,,,,2008,2008-04-17,2008-04-19
2008-0652-CHN,Storm,China,10,100,,,100,2008,2008-06-03,2008-06-03
2008-0653-DEU,Storm,Germany,3,,,,,2008,2008-05-29,2008-06-02
2008-0654-USA,Storm,United States of America,5,,,,,2008,2008-12-11,2008-12-22
2008-0658-TGO,Epidemic,Togo,6,,686,,686,2008,2008-12-12,2009-01-12
2008-0659-VUT,Volcanic activity,Vanuatu,,,9000,,9000,2008,,
2008-0660-BOL,Epidemic,Bolivia (Plurinational State of),27,,6998,,6998,2008,,2009-06-17
2008-0661-PRY,Epidemic,Paraguay,,,4104,,4104,2008,,2009-07-11
2008-0662-JPN,Extreme temperature,Japan,47,,,,,2008,,
2008-0663-BFA,Epidemic,Burkina Faso,300,,51000,,51000,2008,,
2008-9154-THA,Drought,Thailand,,,10000000,,10000000,2008,,
2008-9200-ERI,Drought,Eritrea,,,1700000,,1700000,2008,,
2008-9200-ETH,Drought,Ethiopia,,,6400000,,6400000,2008,,
2008-9302-KEN,Drought,Kenya,4,,3800000,,3800000,2008,,
2008-9303-DJI,Drought,Djibouti,,,340000,,340000,2008,,
2008-9307-UGA,Drought,Uganda,,,1100000,,1100000,2008,,
2008-9456-TJK,Drought,Tajikistan,,,800000,,800000,2008,,
2008-9468-SOM,Drought,Somalia,,,3300000,,3300000,2008,,
2008-9475-AFG,Drought,Afghanistan,,,280000,,280000,2008,,
2008-9550-PRY,Drought,Paraguay,4,,18000,,18000,2008,,
2008-9590-MOZ,Drought,Mozambique,,,500000,,500000,2008,,
2008-9640-BDI,Drought,Burundi,,,82500,,82500,2008,,
2008-9644-MDG,Drought,Madagascar,,,720000,,720000,2008,,
2008-9661-BOL,Drought,Bolivia (Plurinational State of),,,27500,,27500,2008,,
2008-9662-CHN,Drought,China,,,3700000,,3700000,2008,,
2008-9755-SYR,Drought,Syrian Arab Republic,,,1300000,,1300000,2008,,
2009-0001-IDN,Earthquake,Indonesia,5,250,4000,,4250,2009,2009-01-03,2009-01-03
2009-0002-CRI,Earthquake,Costa Rica,31,91,128527,,128618,2009,2009-01-08,2009-01-08
2009-0003-GTM,Mass movement (dry),Guatemala,36,,2037,991,3028,2009,2009-01-04,2009-01-04
2009-0007-ZAF,Storm,South Africa,18,,,,,2009,2009-01-03,2009-01-04
2009-0013-FJI,Flood,Fiji,12,,10556,,10556,2009,2009-01-08,2009-01-19
2009-0014-ESP,Storm,Spain,14,,,,,2009,2009-01-23,2009-01-24
2009-0014-FRA,Storm,France,11,,,,,2009,2009-01-23,2009-01-26
2009-0014-ITA,Storm,Italy,3,,,,,2009,2009-01-24,2009-01-25
2009-0015-ROU,Flood,Romania,11,,,,,2009,2009-01-23,2009-01-26
2009-0016-DOM,Flood,Dominican Republic,2,,4565,,4565,2009,2009-01-08,2009-01-16
2009-0017-BRA,Flood,Brazil,16,,1048,,1048,2009,2009-01-20,2009-01-27
2009-0019-DZA,Flood,Algeria,33,48,,2500,2548,2009,2009-01-20,2009-01-27
2009-0023-PHL,Flood,Philippines,33,15,537976,,537991,2009,2009-01-02,2009-01-15
2009-0026-PHL,Flood,Philippines,,,1300,,1300,2009,2009-01-09,2009-01-09
2009-0027-PHL,Flood,Philippines,,,1345,,1345,2009,2009-01-08,2009-01-08
2009-0029-FRA,Extreme temperature,France,3,200,,,200,2009,2009-01-14,2009-01-14
2009-0030-BIH,Extreme temperature,Bosnia and Herzegovina,1,,10000,,10000,2009,,
2009-0030-SRB,Extreme temperature,Serbia,,500,,,500,2009,2009-01-15,2009-01-15
2009-0033-AFG,Mass movement (wet),Afghanistan,10,11,21,,32,2009,2009-01-18,2009-01-18
2009-0035-COL,Flood,Colombia,23,,31250,,31250,2009,2009-02-15,2009-02-17
2009-0037-AGO,Flood,Angola,2,,,415,415,2009,2009-02-14,2009-02-16
2009-0039-SLB,Flood,Solomon Islands,21,,7000,,7000,2009,2009-01-29,2009-02-06
2009-0041-ARG,Mass movement (wet),Argentina,4,,20000,,20000,2009,2009-02-09,2009-02-10
2009-0042-DOM,Flood,Dominican Republic,5,,10000,,10000,2009,2009-02-02,2009-02-12
2009-0043-MAR,Flood,Morocco,24,,2000,,2000,2009,2009-02-01,2009-02-12
2009-0047-MDG,Storm,Madagascar,12,,58493,4012,62505,2009,2009-01-19,2009-01-22
2009-0048-AUS,Storm,Australia,,,400,,400,2009,2009-01-26,2009-02-20
2009-0049-IDN,Mass movement (wet),Indonesia,15,,5,,5,2009,2009-01-18,2009-01-18
2009-0052-TZA,Storm,United Republic of Tanzania,,,605,,605,2009,2009-01-16,2009-01-16
2009-0054-TUR,Mass movement (wet),Türkiye,11,,6,,6,2009,2009-01-25,2009-01-25
2009-0056-USA,Extreme temperature,United States of America,58,,,,,2009,2009-01-26,2009-01-28
2009-0057-LBR,Infestation,Liberia,,,500000,,500000,2009,2009-01-15,
2009-0059-CHN,Earthquake,China,,,4549,,4549,2009,2009-01-25,2009-01-25
2009-0063-IDN,Flood,Indonesia,18,,12000,,12000,2009,2009-01-27,2009-02-02
2009-0064-CAF,Storm,Central African Republic,3,,2472,,2472,2009,2009-01-17,2009-01-18
2009-0067-AUS,Wildfire,Australia,180,500,9454,,9954,2009,2009-02-02,2009-02-14
2009-0081-BIH,Flood,Bosnia and Herzegovina,,,2630,,2630,2009,2009-02-01,2009-02-16
2009-0082-BFA,Epidemic,Burkina Faso,389,,2892,,2892,2009,,2009-04-26
2009-0086-PER,Mass movement (wet),Peru,33,,,,,2009,2009-03-02,2009-03-02
2009-0087-MLI,Epidemic,Mali,10,,86,,86,2009,,2009-04-05
2009-0087-NER,Epidemic,Niger,169,,4513,,4513,2009,,2009-04-05
2009-0087-NGA,Epidemic,Nigeria,1701,,35255,,35255,2009,2009-01-01,2009-04-05
2009-0088-ECU,Flood,Ecuador,3,2,11805,,11807,2009,2009-01-19,2009-03-02
2009-0092-AGO,Flood,Angola,60,,220000,,220000,2009,2009-03-01,2009-04-16
2009-0092-BWA,Flood,Botswana,,,867,,867,2009,,
2009-0092-COM,Flood,Comoros,2,,2500,,2500,2009,2009-04-20,2009-04-24
2009-0092-MOZ,Flood,Mozambique,,,6925,,6925,2009,,
2009-0092-NAM,Flood,Namibia,92,,350000,,350000,2009,2009-03-01,2009-03-19
2009-0093-AGO,Epidemic,Angola,9,,143,,143,2009,,
2009-0096-COL,Mass movement (wet),Colombia,,,,593,593,2009,2009-02-07,2009-02-07
2009-0103-ZMB,Flood,Zambia,31,,614814,,614814,2009,2009-02-27,2009-03-27
2009-0106-USA,Flood,United States of America,2,60,5000,,5060,2009,2009-03-24,2009-04-20
2009-0108-ZAF,Flood,South Africa,3,,300,,300,2009,2009-02-28,2009-03-03
2009-0110-BOL,Flood,Bolivia (Plurinational State of),,,63000,,63000,2009,2009-02-12,2009-02-23
2009-0112-IDN,Earthquake,Indonesia,,64,2985,,3049,2009,2009-02-11,2009-02-11
2009-0121-IDN,Flood,Indonesia,64,,1600,,1600,2009,2009-03-26,2009-03-27
2009-0123-MDG,Storm,Madagascar,,,3376,,3376,2009,2009-03-17,2009-03-27
2009-0123-MOZ,Storm,Mozambique,,3,600,6500,7103,2009,2009-03-26,2009-03-27
2009-0128-ARG,Epidemic,Argentina,6,,13366,,13366,2009,,
2009-0128-BRA,Epidemic,Brazil,23,,126139,,126139,2009,,2009-03-31
2009-0130-IND,Storm,India,15,50,5000,4000,9050,2009,2009-03-31,2009-03-31
2009-0136-ITA,Earthquake,Italy,300,2000,,70000,72000,2009,2009-04-06,2009-04-06
2009-0137-MDG,Storm,Madagascar,15,10,60818,4090,64918,2009,2009-04-06,2009-04-07
2009-0139-AFG,Flood,Afghanistan,19,,2500,,2500,2009,2009-04-04,2009-04-15
2009-0140-USA,Storm,United States of America,9,72,750,,822,2009,2009-04-09,2009-04-10
2009-0143-PER,Mass movement (wet),Peru,20,,1300,,1300,2009,2009-04-12,2009-04-16
2009-0147-BDI,Flood,Burundi,,,8000,,8000,2009,2009-04-12,2009-04-15
2009-0149-PAK,Flood,Pakistan,14,10,,,10,2009,2009-04-14,2009-04-14
2009-0150-TCD,Epidemic,Chad,102,,871,,871,2009,,
2009-0152-PER,Mass movement (wet),Peru,33,,12,150,162,2009,2009-05-05,2009-05-05
2009-0156-AFG,Earthquake,Afghanistan,22,59,,3250,3309,2009,2009-04-16,2009-04-16
2009-0157-BGD,Storm,Bangladesh,7,84,19125,,19209,2009,2009-04-19,2009-04-20
2009-0159-BEN,Storm,Benin,,,800,,800,2009,,
2009-0160-CAF,Storm,Central African Republic,,,6665,3835,10500,2009,2009-03-23,
2009-0163-BRA,Flood,Brazil,56,,1150900,,1150900,2009,2009-04-22,2009-05-14
2009-0165-PHL,Storm,Philippines,77,53,400954,,401007,2009,2009-05-07,2009-05-10
2009-0168-AFG,Flood,Afghanistan,39,16,60000,,60016,2009,2009-03-25,2009-05-24
2009-0170-GAB,Storm,Gabon,,,,800,800,2009,2009-04-05,2009-04-06
2009-0171-VUT,Flood,Vanuatu,,,950,,950,2009,2009-04-15,2009-04-15
2009-0174-PHL,Storm,Philippines,29,8,383457,,383465,2009,2009-04-29,2009-05-05
2009-0175-IND,Extreme temperature,India,120,25,,,25,2009,2009-04-14,2009-06-26
2009-0176-TJK,Flood,Tajikistan,21,,15000,,15000,2009,2009-04-21,2009-06-01
2009-0178-USA,Wildfire,United States of America,,29,,234,263,2009,2009-05-05,2009-05-11
2009-0184-USA,Flood,United States of America,,,,900,900,2009,2009-05-03,2009-05-10
2009-0189-CAN,Flood,Canada,,,200,,200,2009,2009-04-01,2009-04-09
2009-0190-USA,Flood,United States of America,,,1000,,1000,2009,2009-04-06,2009-04-09
2009-0192-PHL,Mass movement (wet),Philippines,10,16,,,16,2009,2009-05-18,2009-05-18
2009-0193-PHL,Storm,Philippines,,,,100,100,2009,2009-05-15,2009-05-15
2009-0194-PHL,Flood,Philippines,,,34325,,34325,2009,2009-05-18,2009-05-18
2009-0195-PHL,Flood,Philippines,,,715,,715,2009,2009-05-18,2009-05-18
2009-0198-HTI,Flood,Haiti,11,,,9910,9910,2009,2009-05-15,2009-05-21
2009-0200-COK,Epidemic,Cook Islands,,,1247,,1247,2009,,2009-06-18
2009-0202-KEN,Epidemic,Kenya,201,,10048,,10048,2009,,2009-05-21
2009-0204-BGD,Storm,Bangladesh,190,7103,3928238,,3935341,2009,2009-05-25,2009-05-26
2009-0204-BTN,Storm,Bhutan,12,,,,,2009,2009-05-25,2009-05-26
2009-0204-IND,Storm,India,96,,5100000,,5100000,2009,2009-05-25,2009-05-25
2009-0205-HND,Earthquake,Honduras,7,136,50000,,50136,2009,2009-05-28,2009-05-28
2009-0207-BRA,Flood,Brazil,4,,,2500,2500,2009,2009-05-28,2009-05-28
2009-0211-PNG,Mass movement (wet),Papua New Guinea,19,,,,,2009,2009-05-26,2009-05-26
2009-0218-CHN,Mass movement (wet),China,72,,,,,2009,2009-06-05,2009-06-05
2009-0219-CHN,Flood,China,49,,5630000,,5630000,2009,2009-04-01,2009-06-08
2009-0222-CHN,Storm,China,52,215,,,215,2009,2009-06-03,2009-06-06
2009-0223-CIV,Mass movement (wet),Côte d’Ivoire,27,6,,10000,10006,2009,2009-06-11,2009-06-12
2009-0224-CHN,Storm,China,15,181,,48450,48631,2009,2009-06-14,2009-06-15
2009-0227-CHN,Flood,China,11,,,,,2009,,
2009-0228-AUT,Flood,Austria,1,,,,,2009,2009-06-22,2009-06-28
2009-0228-CZE,Flood,Czechia,13,,14450,,14450,2009,2009-06-22,2009-06-28
2009-0228-DEU,Flood,Germany,,,,,,2009,2009-06-22,2009-06-26
2009-0228-POL,Flood,Poland,1,,150,,150,2009,2009-06-22,2009-06-26
2009-0228-ROU,Flood,Romania,,4,,,4,2009,2009-06-25,2009-06-25
2009-0230-AUS,Storm,Australia,1,,15000,,15000,2009,2009-05-19,2009-05-28
2009-0233-BWA,Flood,Botswana,,,3789,,3789,2009,2009-05-10,2009-07-01
2009-0234-GTM,Flood,Guatemala,,,10800,,10800,2009,2009-06-19,2009-06-22
2009-0234-NIC,Flood,Nicaragua,,,64,,64,2009,2009-06-19,2009-06-22
2009-0235-CHN,Flood,China,11,,106000,,106000,2009,2009-06-19,2009-06-22
2009-0236-GHA,Flood,Ghana,16,,19755,,19755,2009,2009-06-06,2009-07-08
2009-0238-BRA,Flood,Brazil,,,18000,,18000,2009,2009-06-20,2009-06-21
2009-0239-PHL,Storm,Philippines,16,5,110400,,110405,2009,2009-07-23,2009-07-26
2009-0240-IND,Storm,India,35,12,,,12,2009,2009-06-28,2009-06-29
2009-0243-BEN,Flood,Benin,7,,60238,,60238,2009,2009-06-22,2009-07-03
2009-0243-BFA,Flood,Burkina Faso,,,500,,500,2009,,
2009-0243-LBR,Flood,Liberia,2,,584,,584,2009,,
2009-0243-TGO,Flood,Togo,,,,,,2009,,
2009-0244-USA,Storm,United States of America,6,,,,,2009,2009-04-16,2009-04-18
2009-0247-VNM,Flood,Viet Nam,20,,700000,,700000,2009,2009-07-03,2009-07-06
2009-0249-CHN,Earthquake,China,1,336,15000,50000,65336,2009,2009-07-09,2009-07-09
2009-0250-LKA,Epidemic,Sri Lanka,346,,35007,,35007,2009,,2009-11-18
2009-0251-MMR,Mass movement (wet),Myanmar,24,,1351,,1351,2009,2009-07-04,2009-07-04
2009-0252-GMB,Storm,Gambia,,,2350,,2350,2009,2009-07-02,2009-07-02
2009-0254-CAF,Flood,Central African Republic,1,,,11000,11000,2009,2009-07-03,2009-07-10
2009-0255-UGA,Epidemic,Uganda,8,,368,,368,2009,2009-03-08,2009-10-29
2009-0259-NPL,Epidemic,Nepal,314,,58874,,58874,2009,2009-05-01,2009-08-23
2009-0261-ZAF,Flood,South Africa,11,,20000,,20000,2009,2009-07-12,2009-07-16
2009-0262-TUR,Flood,Türkiye,7,11,100,,111,2009,2009-07-10,2009-07-16
2009-0264-COD,Wildfire,Democratic Republic of the Congo,,,,125,125,2009,2009-07-12,2009-07-12
2009-0265-PHL,Storm,Philippines,5,1,248057,,248058,2009,2009-07-18,2009-07-18
2009-0266-PAK,Flood,Pakistan,52,70,,,70,2009,2009-07-17,2009-07-19
2009-0267-PHL,Flood,Philippines,,,920,,920,2009,2009-07-17,2009-07-17
2009-0268-BIH,Flood,Bosnia and Herzegovina,,,1100,,1100,2009,2009-07-07,2009-07-15
2009-0269-MNG,Flood,Mongolia,26,,15000,,15000,2009,2009-07-16,2009-07-26
2009-0271-ESP,Wildfire,Spain,6,,,,,2009,2009-07-20,2009-07-24
2009-0271-FRA,Wildfire,France,,,,,,2009,,
2009-0271-GRC,Wildfire,Greece,,,,,,2009,,
2009-0271-ITA,Wildfire,Italy,2,,,,,2009,2009-07-20,2009-07-27
2009-0273-AUT,Storm,Austria,,,,,,2009,2009-07-23,2009-07-24
2009-0273-CHE,Storm,Switzerland,,,,,,2009,2009-07-23,2009-07-24
2009-0273-CZE,Storm,Czechia,2,12,,,12,2009,2009-07-23,2009-07-24
2009-0273-DEU,Storm,Germany,1,,,,,2009,2009-07-23,2009-07-24
2009-0273-POL,Storm,Poland,8,82,,,82,2009,2009-07-23,2009-07-24
2009-0275-JPN,Mass movement (wet),Japan,16,,400,,400,2009,2009-07-20,2009-07-20
2009-0276-JPN,Mass movement (wet),Japan,28,,,,,2009,2009-07-26,2009-07-27
2009-0279-AUT,Flood,Austria,,,,,,2009,2009-07-16,2009-07-19
2009-0284-CHN,Mass movement (wet),China,54,4,,10000,10004,2009,2009-07-14,2009-07-23
2009-0285-CHN,Mass movement (wet),China,23,,,,,2009,2009-07-22,2009-07-22
2009-0287-USA,Storm,United States of America,16,50,,,50,2009,2009-02-10,2009-02-13
2009-0289-PHL,Flood,Philippines,22,,505102,,505102,2009,2009-07-04,2009-08-10
2009-0292-CHN,Flood,China,90,,39372000,,39372000,2009,2009-07-01,2009-07-08
2009-0294-BGD,Flood,Bangladesh,6,,500000,,500000,2009,2009-07-03,2009-07-06
2009-0299-CHN,Storm,China,17,3,,,3,2009,2009-08-04,2009-08-04
2009-0301-PER,Extreme temperature,Peru,274,24262,,,24262,2009,,
2009-0303-IND,Flood,India,11,,,,,2009,2009-07-29,2009-07-29
2009-0304-BGD,Flood,Bangladesh,10,,,,,2009,2009-07-29,2009-07-29
2009-0305-NPL,Mass movement (wet),Nepal,10,,,,,2009,2009-07-28,2009-07-28
2009-0308-GIN,Flood,Guinea,2,,40000,,40000,2009,2009-08-03,2009-08-03
2009-0311-PHL,Flood,Philippines,,,1578,,1578,2009,2009-08-05,2009-08-05
2009-0313-CHN,Mass movement (wet),China,31,18,,,18,2009,2009-08-06,2009-08-06
2009-0315-IND,Mass movement (wet),India,45,,,,,2009,2009-08-08,2009-08-08
2009-0316-JPN,Storm,Japan,12,,2000,,2000,2009,2009-08-10,2009-08-10
2009-0320-JPN,Earthquake,Japan,1,319,25000,,25319,2009,2009-08-10,2009-08-10
2009-0321-CHN,Storm,China,8,4,11000000,,11000004,2009,2009-08-09,2009-08-10
2009-0321-PHL,Storm,Philippines,26,18,94211,,94229,2009,2009-08-04,2009-08-08
2009-0321-TWN,Storm,Taiwan (Province of China),630,46,2307477,,2307523,2009,2009-08-07,2009-08-08
2009-0322-NIC,Flood,Nicaragua,,,6821,,6821,2009,2009-07-31,2009-07-31
2009-0332-SLE,Flood,Sierra Leone,103,15,1455,,1470,2009,2009-08-13,2009-08-20
2009-0335-PAK,Flood,Pakistan,36,,75000,,75000,2009,2009-08-15,2009-08-17
2009-0336-LKA,Flood,Sri Lanka,,,20000,,20000,2009,2009-08-15,2009-08-16
2009-0338-NGA,Epidemic,Nigeria,20,,,,,2009,,
2009-0342-CAN,Storm,Canada,,3,,,3,2009,2009-08-23,2009-08-23
2009-0342-USA,Storm,United States of America,3,9,,,9,2009,2009-08-23,2009-08-23
2009-0344-SEN,Flood,Senegal,6,,264000,,264000,2009,2009-08-24,2009-08-25
2009-0345-GRC,Wildfire,Greece,,,715,325,1040,2009,2009-08-21,2009-08-25
2009-0346-YEM,Mass movement (wet),Yemen,11,,,,,2009,2009-08-27,2009-08-27
2009-0349-USA,Wildfire,United States of America,2,,,192,192,2009,2009-07-07,2009-10-27
2009-0350-MRT,Flood,Mauritania,1,,10000,,10000,2009,2009-08-28,2009-08-29
2009-0352-IDN,Flood,Indonesia,38,,10000,,10000,2009,2009-09-15,2009-09-18
2009-0354-IDN,Earthquake,Indonesia,128,1442,338350,,339792,2009,2009-09-02,2009-09-02
2009-0355-TUR,Flood,Türkiye,40,20,35000,,35020,2009,2009-09-07,2009-09-10
2009-0356-ARG,Storm,Argentina,10,24,,,24,2009,2009-09-09,2009-09-09
2009-0356-BRA,Storm,Brazil,4,64,1850,450,2364,2009,2009-09-09,2009-09-09
2009-0356-PRY,Storm,Paraguay,,,700,,700,2009,2009-09-08,2009-09-08
2009-0357-PNG,Epidemic,Papua New Guinea,47,,863,,863,2009,2009-07-18,2009-11-06
2009-0358-PNG,Epidemic,Papua New Guinea,83,,1611,,1611,2009,2009-08-22,2009-12-18
2009-0360-PHL,Storm,Philippines,1,,95700,,95700,2009,2009-09-02,2009-09-08
2009-0366-ALB,Earthquake,Albania,,,,150,150,2009,2009-09-07,2009-09-07
2009-0367-MEX,Flood,Mexico,4,,1500,,1500,2009,2009-09-01,2009-09-10
2009-0368-ETH,Epidemic,Ethiopia,135,,13652,,13652,2009,,
2009-0369-PNG,Epidemic,Papua New Guinea,62,,4917,,4917,2009,2009-09-11,2009-12-18
2009-0373-PHL,Storm,Philippines,15,,388373,,388373,2009,2009-09-08,2009-09-09
2009-0374-PHL,Storm,Philippines,3,3,48330,,48333,2009,2009-09-12,2009-09-13
2009-0375-NGA,Flood,Nigeria,,,150000,,150000,2009,2009-09-10,2009-09-18
2009-0376-GHA,Flood,Ghana,24,,139790,,139790,2009,2009-09-17,2009-09-21
2009-0377-MEX,Flood,Mexico,3,,18000,,18000,2009,2009-09-10,2009-09-19
2009-0378-CHN,Flood,China,12,,118000,,118000,2009,2009-08-28,2009-09-01
2009-0379-SDN,Flood,Sudan,20,,111455,,111455,2009,2009-08-16,2009-08-26
2009-0383-IND,Mass movement (wet),India,10,,,,,2009,2009-09-03,2009-09-03
2009-0384-MEX,Storm,Mexico,4,,72000,,72000,2009,2009-09-02,2009-09-03
2009-0385-AFG,Flood,Afghanistan,11,,,,,2009,2009-09-03,2009-09-03
2009-0386-NER,Flood,Niger,3,,79129,,79129,2009,2009-09-01,2009-09-03
2009-0388-GEO,Earthquake,Georgia,,6,7300,,7306,2009,2009-09-07,2009-09-07
2009-0394-DZA,Flood,Algeria,15,,,,,2009,2009-09-10,2009-09-13
2009-0399-CHN,Storm,China,13,58,1000000,,1000058,2009,2009-09-14,2009-09-14
2009-0399-HKG,Storm,"China, Hong Kong Special Administrative Region",,50,300,,350,2009,2009-09-15,2009-09-15
2009-0403-IND,Epidemic,India,311,,1521,,1521,2009,,
2009-0404-PHL,Earthquake,Philippines,,2,380,10,392,2009,2009-09-18,2009-09-19
2009-0405-USA,Flood,United States of America,9,,3000,,3000,2009,2009-09-20,2009-09-21
2009-0406-BTN,Earthquake,Bhutan,11,12,,,12,2009,2009-09-21,2009-09-21
2009-0409-IND,Flood,India,992,,1886000,,1886000,2009,,
2009-0412-TUN,Flood,Tunisia,17,8,5000,,5008,2009,2009-09-22,2009-09-23
2009-0414-KHM,Storm,Cambodia,17,91,178000,,178091,2009,2009-09-29,2009-09-30
2009-0414-LAO,Storm,Lao People's Democratic Republic,16,91,128796,,128887,2009,2009-09-29,2009-10-01
2009-0414-PHL,Storm,Philippines,501,529,4901234,,4901763,2009,2009-09-24,2009-09-27
2009-0414-VNM,Storm,Viet Nam,182,860,2367820,108635,2477315,2009,2009-09-28,2009-09-29
2009-0418-HTI,Flood,Haiti,,,296,,296,2009,2009-09-18,2009-09-18
2009-0420-ASM,Earthquake,American Samoa,34,,2500,,2500,2009,2009-09-29,2009-09-29
2009-0420-TON,Earthquake,Tonga,9,7,500,,507,2009,2009-09-29,2009-09-29
2009-0420-WSM,Earthquake,Samoa,148,310,5274,,5584,2009,2009-09-29,2009-09-29
2009-0421-IDN,Earthquake,Indonesia,1195,1798,2500000,,2501798,2009,2009-09-30,2009-09-30
2009-0422-CHN,Storm,China,3,,,,,2009,2009-10-13,2009-10-13
2009-0422-PHL,Storm,Philippines,512,207,4478284,,4478491,2009,2009-09-29,2009-10-10
2009-0422-VNM,Storm,Viet Nam,,,,,,2009,2009-10-14,2009-10-14
2009-0423-JPN,Storm,Japan,4,119,5000,,5119,2009,2009-10-07,2009-10-09
2009-0425-AZE,Flood,Azerbaijan,,,5000,,5000,2009,2009-09-21,2009-09-21
2009-0428-ITA,Flood,Italy,35,140,,5000,5140,2009,2009-10-01,2009-10-06
2009-0429-IND,Flood,India,355,,4100000,,4100000,2009,2009-09-25,2009-10-12
2009-0433-TCD,Flood,Chad,3,,,4895,4895,2009,2009-09-12,2009-09-14
2009-0434-NPL,Flood,Nepal,87,62,257724,,257786,2009,2009-10-04,2009-10-12
2009-0436-IDN,Flood,Indonesia,,,2500,,2500,2009,2009-10-08,2009-10-08
2009-0437-TZA,Epidemic,United Republic of Tanzania,12,,600,,600,2009,,
2009-0443-IND,Flood,India,20,,,,,2009,2009-10-09,2009-10-09
2009-0444-BFA,Flood,Burkina Faso,9,1000,150000,,151000,2009,2009-09-01,2009-09-01
2009-0445-GMB,Flood,Gambia,5,,14258,,14258,2009,,
2009-0450-PRY,Flood,Paraguay,,,12035,,12035,2009,2009-09-22,2009-10-23
2009-0468-BEN,Flood,Benin,3,,59419,,59419,2009,,
2009-0469-HTI,Flood,Haiti,10,,2500,,2500,2009,2009-10-20,2009-10-20
2009-0476-VNM,Mass movement (wet),Viet Nam,13,1,,,1,2009,2009-11-06,2009-11-06
2009-0477-MEX,Storm,Mexico,,,40000,,40000,2009,2009-11-08,2009-11-08
2009-0477-NIC,Storm,Nicaragua,,,19897,,19897,2009,2009-11-05,2009-11-05
2009-0477-SLV,Storm,El Salvador,275,,75000,15000,90000,2009,2009-11-07,2009-11-09
2009-0477-USA,Storm,United States of America,6,,,,,2009,2009-11-09,2009-11-10
2009-0478-KHM,Storm,Cambodia,2,,,,,2009,2009-11-02,2009-11-03
2009-0478-PHL,Storm,Philippines,39,20,802155,,802175,2009,2009-10-28,2009-10-28
2009-0478-VNM,Storm,Viet Nam,124,145,500000,,500145,2009,2009-11-02,2009-11-02
2009-0479-IDN,Earthquake,Indonesia,2,100,1410,,1510,2009,2009-11-08,2009-11-08
2009-0480-IDN,Mass movement (wet),Indonesia,14,,,,,2009,2009-11-08,2009-11-08
2009-0483-IND,Flood,India,70,8,,,8,2009,2009-11-03,2009-11-08
2009-0484-TZA,Flood,United Republic of Tanzania,20,,,,,2009,2009-11-10,2009-11-13
2009-0487-CHN,Storm,China,41,96,10000000,,10000096,2009,2009-11-09,2009-11-12
2009-0489-IRQ,Flood,Iraq,2,,3000,,3000,2009,2009-10-30,2009-11-02
2009-0491-CMR,Epidemic,Cameroon,109,1456,,,1456,2009,2009-09-15,2010-08-01
2009-0493-IRN,Earthquake,Iran (Islamic Republic of),,269,,,269,2009,2009-11-03,2009-11-03
2009-0494-KEN,Flood,Kenya,16,,44850,,44850,2009,2009-10-29,2009-11-04
2009-0495-CPV,Epidemic,Cabo Verde,6,,20147,,20147,2009,2009-09-30,2009-11-29
2009-0497-GBR,Flood,United Kingdom of Great Britain and Northern Ireland,3,,3900,,3900,2009,2009-11-19,2009-11-22
2009-0497-IRL,Flood,Ireland,,,,,,2009,2009-11-18,2009-11-20
2009-0498-TCD,Flood,Chad,3,,7120,900,8020,2009,2009-08-10,2009-08-11
2009-0499-CHN,Storm,China,,,1197799,,1197799,2009,2009-11-11,2009-11-14
2009-0500-CHN,Mass movement (wet),China,23,,,,,2009,2009-11-17,2009-11-17
2009-0501-LKA,Flood,Sri Lanka,,,,60000,60000,2009,2009-11-21,2009-11-22
2009-0502-ZWE,Epidemic,Zimbabwe,5,,146,,146,2009,,2009-11-22
2009-0506-GBR,Storm,United Kingdom of Great Britain and Northern Ireland,2,,180,,180,2009,2009-11-13,2009-12-04
2009-0509-ARG,Flood,Argentina,7,,30618,,30618,2009,2009-11-14,2009-11-22
2009-0511-MYS,Flood,Malaysia,,,1793,,1793,2009,2009-11-23,2009-11-26
2009-0512-BRA,Flood,Brazil,3,,,200,200,2009,2009-11-12,2009-11-13
2009-0513-THA,Flood,Thailand,15,,200000,,200000,2009,2009-11-07,2009-11-08
2009-0515-MEX,Flood,Mexico,,,107670,,107670,2009,2009-11-01,2009-11-12
2009-0521-PHL,Storm,Philippines,4,13,48129,,48142,2009,2009-11-25,2009-11-25
2009-0522-SAU,Flood,Saudi Arabia,161,,,10000,10000,2009,2009-11-24,2009-11-26
2009-0523-MLI,Flood,Mali,25,16,20390,,20406,2009,,
2009-0530-SRB,Flood,Serbia,,,3210,,3210,2009,2009-11-06,2009-11-07
2009-0531-BRA,Flood,Brazil,11,,10000,,10000,2009,2009-11-21,2009-11-30
2009-0531-URY,Flood,Uruguay,1,,4000,,4000,2009,2009-11-21,2009-11-30
2009-0532-SOM,Flood,Somalia,,,1750,,1750,2009,2009-10-23,2009-10-30
2009-0538-COD,Epidemic,Democratic Republic of the Congo,18,214,100,,314,2009,,2009-12-06
2009-0540-IDN,Flood,Indonesia,6,4,700,,704,2009,2009-12-08,2009-12-08
2009-0541-COD,Epidemic,Democratic Republic of the Congo,102,,10070,,10070,2009,2009-01-01,2009-11-16
2009-0542-COD,Epidemic,Democratic Republic of the Congo,61,,5639,,5639,2009,2009-01-01,2009-11-16
2009-0543-MOZ,Epidemic,Mozambique,43,,466,,466,2009,2009-05-05,2010-03-08
2009-0544-COD,Flood,Democratic Republic of the Congo,,,5000,,5000,2009,2009-11-16,2009-11-16
2009-0545-UGA,Epidemic,Uganda,9,,176,,176,2009,,2009-10-26
2009-0546-COD,Epidemic,Democratic Republic of the Congo,29,,100,,100,2009,,
2009-0547-MWI,Earthquake,Malawi,1,15,,15000,15015,2009,2009-12-08,2009-12-08
2009-0549-KEN,Epidemic,Kenya,24,,193,,193,2009,2009-11-23,2009-12-09
2009-0550-AGO,Flood,Angola,,,,4650,4650,2009,2009-12-10,2009-12-10
2009-0551-LKA,Flood,Sri Lanka,3,,300000,,300000,2009,2009-12-14,2009-12-16
2009-0553-VUT,Volcanic activity,Vanuatu,,,400,,400,2009,2009-11-26,2009-11-26
2009-0554-FJI,Storm,Fiji,2,,3845,,3845,2009,2009-12-14,2009-12-15
2009-0555-PAN,Flood,Panama,,,4248,,4248,2009,2009-11-23,2009-11-23
2009-0557-HND,Epidemic,Honduras,7,,11771,,11771,2009,,
2009-0560-BRA,Flood,Brazil,,,680000,,680000,2009,2009-11-02,2009-11-02
2009-0561-MEX,Flood,Mexico,10,14,13000,,13014,2009,2009-10-02,2009-10-02
2009-0562-SLV,Epidemic,El Salvador,7,,4598,,4598,2009,,
2009-0563-NIC,Epidemic,Nicaragua,8,,2050,,2050,2009,,2009-10-30
2009-0564-PER,Epidemic,Peru,,,14151,,14151,2009,,
2009-0564-PRY,Epidemic,Paraguay,8,,24,,24,2009,,2009-03-06
2009-0565-DOM,Epidemic,Dominican Republic,25,,3270,,3270,2009,,
2009-0569-PER,Mass movement (wet),Peru,59,25,1128,,1153,2009,2009-12-16,2009-12-16
2009-0571-AUT,Extreme temperature,Austria,2,,,,,2009,2009-12-18,2009-12-19
2009-0571-DEU,Extreme temperature,Germany,14,,,,,2009,2009-12-18,2010-01-25
2009-0571-FRA,Extreme temperature,France,2,,,,,2009,2009-12-18,2009-12-19
2009-0571-GBR,Extreme temperature,United Kingdom of Great Britain and Northern Ireland,3,47,,,47,2009,2009-12-19,2009-12-23
2009-0571-ITA,Extreme temperature,Italy,,,,,,2009,2009-12-21,2009-12-21
2009-0571-POL,Extreme temperature,Poland,298,,,,,2009,2009-11-01,2010-01-26
2009-0571-ROU,Extreme temperature,Romania,11,,,,,2009,2009-12-20,2009-12-23
2009-0571-UKR,Extreme temperature,Ukraine,27,,,,,2009,2009-12-21,2009-12-21
2009-0573-MWI,Earthquake,Malawi,3,171,,5550,5721,2009,2009-12-20,2009-12-20
2009-0574-PHL,Volcanic activity,Philippines,,,47137,,47137,2009,2009-12-14,2009-12-20
2009-0576-KEN,Epidemic,Kenya,26,,205,,205,2009,2009-11-13,2009-12-14
2009-0586-ARG,Flood,Argentina,2,,3510,,3510,2009,2009-12-28,2009-12-28
2009-0589-AUS,Flood,Australia,,,200,,200,2009,2009-12-25,2009-12-28
2009-0590-MAR,Flood,Morocco,5,20,7500,,7520,2009,2009-12-25,2009-12-26
2009-0591-TZA,Flood,United Republic of Tanzania,18,,50000,,50000,2009,2009-12-25,2010-01-10
2009-0594-MEX,Epidemic,Mexico,,,41687,,41687,2009,,
2009-0595-BGD,Extreme temperature,Bangladesh,135,,50000,,50000,2009,2009-12-15,2010-01-31
2009-0595-IND,Extreme temperature,India,100,,,,,2010,2010-01-02,2010-01-13
2009-0595-NPL,Extreme temperature,Nepal,18,,,,,2009,,
2009-0597-KEN,Flood,Kenya,40,,91350,,91350,2009,2009-12-24,2010-01-12
2009-0599-USA,Storm,United States of America,19,,,,,2009,2009-12-23,2009-12-25
2009-0600-BRA,Mass movement (wet),Brazil,74,,1000,,1000,2009,2009-12-31,2010-01-28
2009-0601-USA,Storm,United States of America,1,2,,,2,2009,2009-06-10,2009-06-18
2009-0603-USA,Storm,United States of America,1,,,,,2009,2009-07-20,2009-07-21
2009-0604-USA,Storm,United States of America,7,,,,,2009,2009-05-07,2009-05-09
2009-0606-PHL,Storm,Philippines,14,10,221412,,221422,2009,2009-08-01,2009-08-03
2009-0607-MNE,Flood,Montenegro,,,450,,450,2009,2009-12-25,2010-01-10
2009-0608-NPL,Flood,Nepal,30,,,,,2009,2009-07-26,2009-07-28
2009-0609-IND,Storm,India,20,,,,,2009,2009-11-11,2009-11-12
2009-0610-MYS,Flood,Malaysia,,,9082,,9082,2009,2009-11-20,2009-11-27
2009-0611-VNM,Flood,Viet Nam,17,,40000,,40000,2009,2009-09-25,2009-09-28
2009-0612-LAO,Flood,Lao People's Democratic Republic,10,,,,,2009,2009-08-10,2009-08-11
2009-0613-CHN,Flood,China,20,38,,,38,2009,2009-07-26,2009-08-04
2009-0614-MEX,Flood,Mexico,11,,,,,2009,2009-07-14,2009-07-16
2009-0615-AUS,Flood,Australia,7,,9000,,9000,2009,2009-01-13,2009-02-25
2009-0616-AUS,Extreme temperature,Australia,347,2000,,,2000,2009,2009-01-27,2009-02-08
2009-0619-CAN,Storm,Canada,2,,,,,2009,2009-08-01,2009-08-03
2009-0621-CHN,Storm,China,9,,,,,2009,2009-08-01,2009-08-05
2009-0622-NGA,Flood,Nigeria,31,,,,,2009,2009-06-26,2009-07-02
2009-0628-CPV,Flood,Cabo Verde,3,,150,,150,2009,,
2009-0631-ALB,Flood,Albania,,,6600,,6600,2009,2009-12-27,2010-01-08
2009-0632-MNG,Extreme temperature,Mongolia,5,7,769106,,769113,2009,,
2009-0633-BWA,Storm,Botswana,,,400,,400,2009,2009-12-05,2009-12-05
2009-0634-MDG,Epidemic,Madagascar,,,702,,702,2009,,2010-02-15
2009-0636-CHN,Flood,China,16,,,,,2009,2009-06-07,2009-06-09
2009-0637-COL,Mass movement (wet),Colombia,30,7,,,7,2009,2009-07-23,2009-07-23
2009-0638-IND,Flood,India,52,,,,,2009,2009-08-26,2009-08-28
2009-0640-IND,Storm,India,32,23,,,23,2009,2009-05-11,2009-05-11
2009-0641-IND,Storm,India,20,,,,,2009,2009-06-07,2009-06-07
2009-0642-CHN,Storm,China,11,,,50000,50000,2009,2009-08-02,2009-08-08
2009-0644-USA,Storm,United States of America,6,25,,,25,2009,2009-03-26,2009-03-28
2009-0645-ZWE,Epidemic,Zimbabwe,50,,1200,,1200,2009,,
2009-0655-ZMB,Epidemic,Zambia,87,,5198,,5198,2009,2009-10-19,2010-04-08
2009-0656-MWI,Epidemic,Malawi,62,,11461,,11461,2009,,
2009-0657-AGO,Epidemic,Angola,107,,25795,,25795,2009,,
2009-0658-JPN,Extreme temperature,Japan,16,,,,,2009,,
2009-0660-PER,Flood,Peru,158,422,235886,,236308,2009,,
2009-0661-MOZ,Epidemic,Mozambique,155,,19310,,19310,2009,,
2009-9055-ARG,Drought,Argentina,,,,,,2009,,
2009-9210-PRY,Drought,Paraguay,,,200000,,200000,2009,,
2009-9283-CHN,Drought,China,,,160000,,160000,2009,,
2009-9323-BGD,Drought,Bangladesh,,,,,,2009,,
2009-9323-IND,Drought,India,,,,,,2009,,
2009-9415-ECU,Drought,Ecuador,,,107500,,107500,2009,,
2009-9415-GTM,Drought,Guatemala,,,2500000,,2500000,2009,,
2009-9415-SLV,Drought,El Salvador,,,,,,2009,,
2009-9415-VEN,Drought,Venezuela (Bolivarian Republic of),,,,,,2009,,
2009-9559-HND,Drought,Honduras,,,45000,,45000,2009,,
2009-9615-ETH,Drought,Ethiopia,,,6200000,,6200000,2009,,
2009-9633-SSD,Drought,South Sudan,,,4300000,,4300000,2009,,
2009-9634-BDI,Drought,Burundi,,,180000,,180000,2009,,
2009-9651-NER,Drought,Niger,,,7900000,,7900000,2009,,
2009-9654-TCD,Drought,Chad,,,2400000,,2400000,2009,,
2009-9655-CHN,Drought,China,,,60000000,,60000000,2009,,
2009-9660-NPL,Drought,Nepal,,,303000,,303000,2009,,
2009-9661-KGZ,Drought,Kyrgyzstan,,,2000000,,2000000,2009,,
2010-0002-TJK,Earthquake,Tajikistan,,,6706,1134,7840,2010,2010-01-02,2010-01-02
2010-0003-SLB,Earthquake,Solomon Islands,,1,1125,,1126,2010,2010-01-03,2010-01-03
2010-0009-BDI,Flood,Burundi,,,1000,,1000,2010,,
2010-0012-PAK,Mass movement (wet),Pakistan,19,,26700,,26700,2010,2010-01-04,2010-01-04
2010-0017-HTI,Earthquake,Haiti,222570,300000,3400000,,3700000,2010,2010-01-12,2010-01-12
2010-0018-IRN,Earthquake,Iran (Islamic Republic of),,,750,,750,2010,2010-01-16,2010-01-17
2010-0020-PHL,Flood,Philippines,2,,40198,,40198,2010,2010-01-14,2010-01-17
2010-0021-EGY,Flood,Egypt,12,,3500,,3500,2010,2010-01-18,2010-01-19
2010-0021-ISR,Flood,Israel,2,,,,,2010,2010-01-19,2010-01-19
2010-0021-PSE,Flood,State of Palestine,,,,500,500,2010,2010-01-18,2010-01-19
2010-0023-BOL,Flood,Bolivia (Plurinational State of),26,,227860,,227860,2010,2010-01-01,2010-01-13
2010-0026-IDN,Flood,Indonesia,5,,28500,,28500,2010,2010-01-11,2010-01-11
2010-0027-USA,Earthquake,United States of America,,30,600,,630,2010,2010-01-10,2010-01-10
2010-0028-PAN,Flood,Panama,,,1000,,1000,2010,2010-01-11,2010-01-13
2010-0031-PHL,Mass movement (wet),Philippines,2,2,925,,927,2010,2010-01-01,2010-01-01
2010-0033-PHL,Flood,Philippines,1,,15480,,15480,2010,2010-01-17,2010-01-17
2010-0034-IDN,Flood,Indonesia,10,,225,130,355,2010,2010-01-22,2010-01-22
2010-0036-CHN,Storm,China,30,1100,1880000,,1881100,2010,2010-01-01,2010-01-27
2010-0044-PYF,Storm,French Polynesia,1,11,3400,,3411,2010,2010-02-04,2010-02-04
2010-0045-USA,Storm,United States of America,2,,,,,2010,2010-02-05,2010-02-11
2010-0048-AFG,Mass movement (wet),Afghanistan,169,130,,,130,2010,2010-02-06,2010-02-09
2010-0050-BGR,Extreme temperature,Bulgaria,3,,,,,2010,,
2010-0050-ROU,Extreme temperature,Romania,52,,,,,2010,2010-01-22,2010-01-26
2010-0050-RUS,Extreme temperature,Russian Federation,13,,,,,2010,2010-01-01,2010-01-26
2010-0050-SRB,Extreme temperature,Serbia,3,,,,,2010,2010-01-28,2010-01-28
2010-0052-IND,Mass movement (wet),India,17,,,,,2010,2010-02-08,2010-02-08
2010-0053-PAK,Flood,Pakistan,22,,,,,2010,2010-02-08,2010-02-09
2010-0054-SLB,Flood,Solomon Islands,2,1,16016,,16017,2010,2010-01-21,2010-02-09
2010-0056-ECU,Flood,Ecuador,12,,,500,500,2010,,
2010-0057-BRA,Extreme temperature,Brazil,32,,,,,2010,,
2010-0058-MEX,Flood,Mexico,41,,20000,,20000,2010,2010-01-26,2010-02-13
2010-0064-CHN,Earthquake,China,1,15,10000,500,10515,2010,2010-01-30,2010-01-30
2010-0065-PER,Flood,Peru,20,,80000,,80000,2010,2010-02-10,2010-02-17
2010-0066-AUS,Flood,Australia,,,,,,2010,2010-02-13,2010-02-16
2010-0067-DOM,Flood,Dominican Republic,1,,25700,,25700,2010,2010-02-14,2010-02-15
2010-0067-HTI,Flood,Haiti,4,2,,,2,2010,2010-02-15,2010-02-15
2010-0068-PRT,Flood,Portugal,43,18,600,,618,2010,2010-02-20,2010-02-21
2010-0070-ZMB,Mass movement (wet),Zambia,9,,,150,150,2010,2010-02-22,2010-02-22
2010-0073-PAK,Mass movement (wet),Pakistan,31,72,3633,,3705,2010,2010-02-18,2010-02-18
2010-0075-IDN,Flood,Indonesia,44,,,100,100,2010,2010-02-23,2010-03-01
2010-0078-COK,Storm,Cook Islands,,8,2194,,2202,2010,2010-02-11,2010-02-19
2010-0084-UGA,Mass movement (wet),Uganda,388,10,12785,,12795,2010,2010-02-25,2010-03-01
2010-0087-CHN,Earthquake,China,,11,50000,,50011,2010,2010-02-25,2010-02-25
2010-0088-BEL,Storm,Belgium,1,,,,,2010,2010-02-28,2010-02-28
2010-0088-CHE,Storm,Switzerland,,,,,,2010,2010-02-28,2010-02-28
2010-0088-DEU,Storm,Germany,4,,,,,2010,2010-02-28,2010-02-28
2010-0088-ESP,Storm,Spain,3,,,,,2010,2010-02-27,2010-02-28
2010-0088-FRA,Storm,France,53,79,500000,,500079,2010,2010-02-28,2010-03-02
2010-0088-GBR,Storm,United Kingdom of Great Britain and Northern Ireland,,,,,,2010,2010-02-28,2010-02-28
2010-0088-LUX,Storm,Luxembourg,,,,,,2010,2010-02-28,2010-02-28
2010-0088-NLD,Storm,Netherlands (Kingdom of the),,,,,,2010,2010-02-28,2010-02-28
2010-0088-PRT,Storm,Portugal,3,,,,,2010,2010-02-27,2010-02-27
2010-0089-USA,Storm,United States of America,1,,,,,2010,2010-02-23,2010-02-28
2010-0091-CHL,Earthquake,Chile,562,10334,1861222,800000,2671556,2010,2010-02-27,2010-02-27
2010-0092-HTI,Flood,Haiti,27,,22085,,22085,2010,2010-02-18,2010-03-02
2010-0093-TUR,Earthquake,Türkiye,51,100,3500,,3600,2010,2010-03-08,2010-03-08
2010-0094-KEN,Flood,Kenya,94,,141164,,141164,2010,2010-03-01,2010-05-14
2010-0097-MOZ,Flood,Mozambique,5,,17000,,17000,2010,2010-02-22,2010-03-11
2010-0101-SRB,Flood,Serbia,,,3150,,3150,2010,2010-03-01,2010-03-02
2010-0102-AUS,Storm,Australia,,,,,,2010,2010-03-06,2010-03-10
2010-0103-AUS,Flood,Australia,,,,,,2010,2010-02-28,2010-03-17
2010-0104-MDG,Storm,Madagascar,120,132,192000,,192132,2010,2010-03-10,2010-03-12
2010-0105-AGO,Flood,Angola,7,11,110875,,110886,2010,2010-03-01,2010-03-17
2010-0106-FJI,Storm,Fiji,2,,39101,,39101,2010,2010-03-14,2010-03-16
2010-0109-KAZ,Flood,Kazakhstan,44,700,15500,,16200,2010,,
2010-0112-MAR,Flood,Morocco,10,6,2000,,2006,2010,2010-03-09,2010-03-09
2010-0115-ETH,Flood,Ethiopia,,,55700,,55700,2010,2010-03-01,2010-03-11
2010-0115-SOM,Flood,Somalia,,,16000,,16000,2010,2010-03-01,2010-03-11
2010-0116-ZMB,Flood,Zambia,,,1200,,1200,2010,2010-03-01,2010-03-17
2010-0119-ZWE,Flood,Zimbabwe,,,820,,820,2010,2010-03-04,2010-03-04
2010-0120-AUS,Storm,Australia,1,,,,,2010,2010-03-21,2010-03-21
2010-0120-SLB,Storm,Solomon Islands,,,205,590,795,2010,2010-03-15,2010-03-15
2010-0122-BDI,Flood,Burundi,,,990,,990,2010,,
2010-0125-AUS,Storm,Australia,,,,,,2010,2010-03-22,2010-03-22
2010-0126-AGO,Flood,Angola,,,,75000,75000,2010,2010-03-21,2010-03-22
2010-0127-MWI,Flood,Malawi,,,21290,,21290,2010,2010-03-22,2010-03-22
2010-0128-NAM,Flood,Namibia,8,,110000,,110000,2010,2010-03-24,2010-03-24
2010-0129-AFG,Mass movement (wet),Afghanistan,35,,,,,2010,2010-03-02,2010-03-02
2010-0131-BEN,Epidemic,Benin,16,,104,,104,2010,,
2010-0131-BFA,Epidemic,Burkina Faso,841,,5960,,5960,2010,2010-01-01,2010-05-31
2010-0131-GHA,Epidemic,Ghana,27,,100,,100,2010,,2010-03-02
2010-0131-NER,Epidemic,Niger,87,,977,,977,2010,2010-01-01,2010-03-22
2010-0131-NGA,Epidemic,Nigeria,156,,1500,,1500,2010,,2010-03-24
2010-0131-TCD,Epidemic,Chad,115,,1090,,1090,2010,,2010-03-15
2010-0131-TGO,Epidemic,Togo,60,,236,,236,2010,2010-01-01,2010-03-22
2010-0133-COD,Flood,Democratic Republic of the Congo,,,67500,,67500,2010,2010-03-17,2010-03-17
2010-0137-TCD,Epidemic,Chad,32,,2499,,2499,2010,,2010-03-22
2010-0138-COD,Epidemic,Democratic Republic of the Congo,31,,3984,,3984,2010,,2010-03-22
2010-0139-COD,Epidemic,Democratic Republic of the Congo,25,,358,,358,2010,,2010-03-22
2010-0140-ETH,Epidemic,Ethiopia,16,,967,,967,2010,2010-01-01,2010-03-22
2010-0141-KEN,Epidemic,Kenya,46,,2834,,2834,2010,2010-01-01,2010-05-26
2010-0142-MOZ,Epidemic,Mozambique,44,,3188,,3188,2010,2010-01-01,2010-03-13
2010-0143-ZWE,Epidemic,Zimbabwe,3,,120,,120,2010,2010-02-04,2010-03-14
2010-0144-ZWE,Epidemic,Zimbabwe,5,,138,,138,2010,2010-01-01,2010-03-14
2010-0145-BEN,Epidemic,Benin,2,,133,,133,2010,2010-01-15,2010-02-08
2010-0146-RWA,Mass movement (wet),Rwanda,14,17,,5920,5937,2010,2010-03-26,2010-03-31
2010-0147-BRA,Flood,Brazil,256,403,74535,,74938,2010,2010-04-04,2010-04-12
2010-0153-RUS,Flood,Russian Federation,,,3250,,3250,2010,2010-03-22,2010-03-26
2010-0156-PER,Mass movement (wet),Peru,68,54,,1000,1054,2010,2010-04-01,2010-04-06
2010-0158-MEX,Earthquake,Mexico,2,232,25000,,25232,2010,2010-04-04,2010-04-04
2010-0162-USA,Flood,United States of America,,,,,,2010,2010-03-27,2010-03-31
2010-0163-USA,Storm,United States of America,12,70,2700,,2770,2010,2010-04-24,2010-04-24
2010-0164-SOM,Flood,Somalia,11,,,200,200,2010,2010-04-24,2010-04-24
2010-0166-GAB,Storm,Gabon,,,1765,,1765,2010,2010-04-17,2010-04-18
2010-0168-COL,Flood,Colombia,418,463,2791536,,2791999,2010,2010-04-06,2011-03-07
2010-0169-CHN,Earthquake,China,2968,12000,,100000,112000,2010,2010-04-14,2010-04-14
2010-0170-ISL,Volcanic activity,Iceland,,,,,,2010,,
2010-0171-BGD,Storm,Bangladesh,8,200,246910,,247110,2010,2010-04-13,2010-04-14
2010-0171-IND,Storm,India,114,,,500000,500000,2010,2010-04-13,2010-04-14
2010-0174-TJK,Flood,Tajikistan,2,,1914,,1914,2010,2010-04-11,2010-04-11
2010-0175-TJK,Flood,Tajikistan,73,300,6408,,6708,2010,2010-05-06,2010-05-10
2010-0176-AFG,Flood,Afghanistan,70,,40000,,40000,2010,2010-05-05,2010-05-08
2010-0177-IND,Storm,India,54,50,,,50,2010,2010-05-06,2010-05-08
2010-0179-CHN,Storm,China,29,190,,70000,70190,2010,2010-05-06,2010-05-06
2010-0183-YEM,Flood,Yemen,7,2,,1000,1002,2010,2010-05-05,2010-05-05
2010-0186-KEN,Mass movement (wet),Kenya,10,,,,,2010,2010-04-30,2010-04-30
2010-0187-USA,Storm,United States of America,30,,8000,,8000,2010,2010-04-30,2010-05-03
2010-0191-LKA,Flood,Sri Lanka,28,,606072,,606072,2010,2010-05-14,2010-05-20
2010-0193-CZE,Flood,Czechia,1,,1200,,1200,2010,2010-05-15,2010-05-26
2010-0193-HRV,Flood,Croatia,,,300,,300,2010,2010-06-03,2010-06-03
2010-0193-HUN,Flood,Hungary,1,,2000,,2000,2010,2010-05-15,2010-06-07
2010-0193-POL,Flood,Poland,16,,100000,,100000,2010,2010-05-17,2010-05-26
2010-0193-SRB,Flood,Serbia,2,,,,,2010,2010-05-17,2010-05-17
2010-0193-SVK,Flood,Slovakia,1,,200,,200,2010,2010-05-15,2010-05-26
2010-0196-USA,Storm,United States of America,5,58,,,58,2010,2010-05-12,2010-05-16
2010-0198-IND,Storm,India,32,,,,,2010,2010-05-20,2010-05-20
2010-0199-COD,Mass movement (wet),Democratic Republic of the Congo,46,7,,1160,1167,2010,2010-05-16,2010-05-16
2010-0199-RWA,Mass movement (wet),Rwanda,7,,,,,2010,2010-05-16,2010-05-16
2010-0204-AZE,Flood,Azerbaijan,3,,70000,,70000,2010,2010-05-04,2010-05-13
2010-0205-BGD,Storm,Bangladesh,3,,10000,,10000,2010,2010-04-17,2010-04-17
2010-0206-IND,Extreme temperature,India,250,,,,,2010,,
2010-0207-NPL,Epidemic,Nepal,65,,3972,,3972,2010,,
2010-0210-OMN,Storm,Oman,16,,,,,2010,2010-06-06,2010-06-06
2010-0210-PAK,Storm,Pakistan,23,,4000,,4000,2010,2010-06-06,2010-06-07
2010-0211-GTM,Storm,Guatemala,174,154,397808,,397962,2010,2010-05-28,2010-06-01
2010-0211-HND,Storm,Honduras,18,4,16673,7998,24675,2010,2010-05-29,2010-05-29
2010-0211-SLV,Storm,El Salvador,11,3,11250,,11253,2010,2010-05-29,2010-06-01
2010-0216-CHN,Mass movement (wet),China,52,,2100000,,2100000,2010,2010-05-30,2010-06-03
2010-0217-CZE,Flood,Czechia,3,,,,,2010,2010-06-01,2010-06-01
2010-0217-SVK,Flood,Slovakia,3,,650,,650,2010,2010-06-01,2010-06-02
2010-0220-GTM,Volcanic activity,Guatemala,,,1800,,1800,2010,2010-05-27,2010-05-27
2010-0225-USA,Flood,United States of America,20,,,,,2010,2010-06-10,2010-06-11
2010-0231-BGD,Mass movement (wet),Bangladesh,66,100,55130,,55230,2010,2010-06-14,2010-06-15
2010-0231-MMR,Mass movement (wet),Myanmar,68,,145000,,145000,2010,2010-06-17,2010-06-17
2010-0232-PHL,Flood,Philippines,27,,40000,,40000,2010,2010-05-28,2010-06-01
2010-0233-FRA,Flood,France,25,,,,,2010,2010-06-15,2010-06-16
2010-0238-IDN,Earthquake,Indonesia,17,,,4600,4600,2010,2010-06-16,2010-06-16
2010-0239-CHN,Flood,China,1691,,134000000,,134000000,2010,2010-05-29,2010-08-31
2010-0246-GHA,Flood,Ghana,45,,7500,,7500,2010,2010-06-20,2010-07-05
2010-0248-BRA,Flood,Brazil,72,,157000,,157000,2010,2010-06-19,2010-06-23
2010-0251-ROU,Flood,Romania,26,,12237,,12237,2010,2010-06-21,2010-07-03
2010-0252-BIH,Flood,Bosnia and Herzegovina,,,14910,,14910,2010,2010-06-20,2010-06-22
2010-0255-CIV,Flood,Côte d’Ivoire,8,,,,,2010,2010-06-24,2010-06-27
2010-0255-TGO,Flood,Togo,21,,82000,,82000,2010,2010-06-05,
2010-0260-GTM,Storm,Guatemala,,,2180,,2180,2010,2010-06-27,2010-06-27
2010-0260-MEX,Storm,Mexico,22,,170000,,170000,2010,2010-06-30,2010-07-07
2010-0260-NIC,Storm,Nicaragua,5,,,,,2010,2010-06-27,2010-06-27
2010-0260-SLV,Storm,El Salvador,6,,500,,500,2010,2010-06-27,2010-06-27
2010-0262-CHN,Mass movement (wet),China,99,,,,,2010,2010-06-28,2010-06-28
2010-0267-PAN,Flood,Panama,,,1035,,1035,2010,2010-06-15,
2010-0268-HND,Epidemic,Honduras,67,,27000,,27000,2010,,
2010-0269-BGD,Flood,Bangladesh,,,75000,,75000,2010,2010-06-24,2010-06-24
2010-0270-ECU,Flood,Ecuador,2,,6440,,6440,2010,2010-04-06,2010-04-06
2010-0271-GAB,Epidemic,Gabon,,,443,,443,2010,2010-04-10,2010-06-22
2010-0272-KGZ,Mass movement (wet),Kyrgyzstan,,,8350,,8350,2010,2010-06-03,2010-06-03
2010-0273-NIC,Flood,Nicaragua,,,4860,,4860,2010,2010-05-26,2010-06-03
2010-0274-ECU,Volcanic activity,Ecuador,,,2500,,2500,2010,2010-05-28,2010-05-28
2010-0275-UKR,Flood,Ukraine,6,59,40000,,40059,2010,2010-06-27,2010-07-02
2010-0276-IND,Flood,India,53,,,400000,400000,2010,2010-07-05,2010-07-15
2010-0278-MDA,Flood,Republic of Moldova,1,,12000,,12000,2010,2010-07-05,2010-07-07
2010-0279-DOM,Flood,Dominican Republic,6,,9500,,9500,2010,2010-07-15,2010-07-15
2010-0280-LBR,Flood,Liberia,1,,15486,,15486,2010,2010-06-25,2010-06-27
2010-0281-PHL,Flood,Philippines,,,200000,,200000,2010,2010-06-01,2010-06-01
2010-0282-PAK,Flood,Pakistan,46,,,,,2010,2010-06-22,2010-06-24
2010-0283-IND,Flood,India,27,,50000,,50000,2010,2010-05-18,2010-05-24
2010-0285-KEN,Flood,Kenya,100,,70000,,70000,2010,2010-05-08,2010-05-24
2010-0289-COL,Wildfire,Colombia,31,,200,,200,2010,,2010-04-06
2010-0291-KAZ,Flood,Kazakhstan,,,8000,5000,13000,2010,2010-03-17,2010-03-24
2010-0293-PAK,Flood,Pakistan,60,,4000,,4000,2010,2010-07-21,2010-07-23
2010-0294-ARG,Extreme temperature,Argentina,42,,,,,2010,,
2010-0294-BOL,Extreme temperature,Bolivia (Plurinational State of),4,,,,,2010,,
2010-0294-CHL,Extreme temperature,Chile,,,150,,150,2010,,
2010-0294-PRY,Extreme temperature,Paraguay,12,,,,,2010,,
2010-0294-URY,Extreme temperature,Uruguay,4,,,,,2010,,
2010-0295-NER,Flood,Niger,2,,,6615,6615,2010,2010-07-19,2010-07-23
2010-0297-SAU,Flood,Saudi Arabia,14,,,,,2010,2010-07-23,2010-07-25
2010-0300-BFA,Flood,Burkina Faso,16,,133362,,133362,2010,2010-07-21,
2010-0300-TCD,Flood,Chad,24,,144579,,144579,2010,2010-08-15,2010-09-17
2010-0301-IDN,Flood,Indonesia,21,7,15000,,15007,2010,2010-07-23,2010-07-25
2010-0308-CHN,Storm,China,2,,,,,2010,2010-07-16,2010-07-16
2010-0308-PHL,Storm,Philippines,146,91,585383,,585474,2010,2010-07-12,2010-07-15
2010-0308-VNM,Storm,Viet Nam,11,,,1500,1500,2010,2010-07-17,2010-07-17
2010-0311-JPN,Flood,Japan,10,,,,,2010,2010-07-18,2010-07-18
2010-0319-SDN,Flood,Sudan,33,,,10000,10000,2010,2010-07-10,2010-07-15
2010-0320-YEM,Flood,Yemen,15,,,,,2010,2010-07-10,2010-07-15
2010-0321-IND,Flood,India,11,,,,,2010,2010-07-13,2010-07-13
2010-0331-JPN,Extreme temperature,Japan,170,,15000,,15000,2010,2010-07-19,2010-07-25
2010-0332-HKG,Storm,"China, Hong Kong Special Administrative Region",1,,15000,,15000,2010,2010-07-21,2010-07-23
2010-0332-VNM,Storm,Viet Nam,10,,12400,,12400,2010,2010-07-23,2010-07-25
2010-0333-NPL,Flood,Nepal,12,,,,,2010,2010-07-25,2010-07-25
2010-0338-SAU,Flood,Saudi Arabia,10,,85,,85,2010,2010-07-10,2010-07-12
2010-0341-PAK,Flood,Pakistan,1985,2946,20356550,,20359496,2010,2010-07-28,2010-08-07
2010-0343-PER,Extreme temperature,Peru,409,,57600,,57600,2010,,
2010-0344-CHN,Flood,China,152,,6000000,,6000000,2010,,
2010-0346-GIN,Flood,Guinea,7,,7615,,7615,2010,2010-07-06,2010-07-06
2010-0351-CMR,Flood,Cameroon,13,95,,3000,3095,2010,2010-07-22,2010-07-22
2010-0352-RUS,Wildfire,Russian Federation,53,996,5000,,5996,2010,,2010-08-06
2010-0354-CHN,Mass movement (wet),China,21,,,,,2010,2010-07-27,2010-07-27
2010-0357-COD,Flood,Democratic Republic of the Congo,,,1200,1800,3000,2010,2010-07-26,2010-07-26
2010-0361-IRN,Earthquake,Iran (Islamic Republic of),,274,,,274,2010,2010-07-30,2010-07-30
2010-0367-AFG,Flood,Afghanistan,65,,5000,,5000,2010,2010-07-27,2010-08-03
2010-0369-PRK,Flood,Democratic People's Republic of Korea,,,17000,,17000,2010,2010-07-27,2010-08-08
2010-0371-PHL,Flood,Philippines,,,80920,,80920,2010,2010-07-13,2010-07-31
2010-0372-RUS,Extreme temperature,Russian Federation,55736,,,,,2010,,
2010-0373-IND,Flood,India,196,225,12500,,12725,2010,2010-08-06,2010-08-08
2010-0377-CHN,Mass movement (wet),China,1765,200,47000,,47200,2010,2010-08-07,2010-08-08
2010-0379-NER,Flood,Niger,3,,226611,,226611,2010,2010-08-01,2010-08-11
2010-0380-CZE,Flood,Czechia,7,,200,,200,2010,2010-08-07,2010-08-08
2010-0380-DEU,Flood,Germany,3,,,,,2010,2010-08-07,2010-08-07
2010-0380-LTU,Flood,Lithuania,4,,,,,2010,2010-08-08,2010-08-08
2010-0380-POL,Flood,Poland,3,,700,,700,2010,2010-08-07,2010-08-08
2010-0381-CAF,Flood,Central African Republic,3,,1585,,1585,2010,2010-07-11,2010-08-07
2010-0383-PHL,Storm,Philippines,31,,1045,,1045,2010,2010-08-09,2010-08-09
2010-0386-THA,Epidemic,Thailand,2,,880,,880,2010,,2010-08-10
2010-0389-SLE,Mass movement (wet),Sierra Leone,16,5,,,5,2010,2010-08-09,2010-08-09
2010-0391-PHL,Epidemic,Philippines,737,123939,,,123939,2010,2010-01-01,
2010-0392-KGZ,Epidemic,Kyrgyzstan,,141,,,141,2010,,2010-05-25
2010-0393-TJK,Epidemic,Tajikistan,21,,456,,456,2010,2010-01-01,2010-08-01
2010-0394-CHN,Mass movement (wet),China,32,,500,,500,2010,2010-08-14,2010-08-14
2010-0398-PHL,Flood,Philippines,,,505,,505,2010,2010-08-15,2010-08-15
2010-0400-NER,Epidemic,Niger,16,,240,,240,2010,,
2010-0400-NGA,Epidemic,Nigeria,1716,,41787,,41787,2010,2010-07-23,
2010-0400-TCD,Epidemic,Chad,92,,1730,,1730,2010,,2010-09-21
2010-0401-COL,Flood,Colombia,,,800,,800,2010,2010-08-09,2010-08-13
2010-0405-CHN,Flood,China,59,,,,,2010,2010-08-13,2010-08-16
2010-0411-CHN,Mass movement (wet),China,92,,,,,2010,2010-08-18,2010-08-18
2010-0414-COD,Wildfire,Democratic Republic of the Congo,8,,,2770,2770,2010,2010-08-06,2010-08-20
2010-0415-CHN,Flood,China,5,136,64000,,64136,2010,2010-08-21,2010-08-21
2010-0415-PRK,Flood,Democratic People's Republic of Korea,,,38785,,38785,2010,2010-08-21,2010-08-21
2010-0416-IND,Flood,India,,,30000,,30000,2010,2010-09-05,2010-09-17
2010-0418-CMR,Epidemic,Cameroon,515,,7869,,7869,2010,,
2010-0420-SEN,Flood,Senegal,2,9,22116,,22125,2010,2010-08-12,2010-08-23
2010-0421-BOL,Wildfire,Bolivia (Plurinational State of),,,,300,300,2010,,
2010-0426-MEX,Storm,Mexico,6,,154000,,154000,2010,2010-08-23,2010-08-24
2010-0428-IND,Storm,India,25,,,,,2010,2010-08-25,2010-08-25
2010-0430-COL,Flood,Colombia,,,3761,,3761,2010,2010-07-01,2010-07-12
2010-0432-VNM,Storm,Viet Nam,14,20,20560,120,20700,2010,2010-08-24,2010-08-25
2010-0434-NPL,Epidemic,Nepal,8,,1400,,1400,2010,2010-07-28,2010-08-14
2010-0436-GLP,Epidemic,Guadeloupe,,,33000,,33000,2010,,
2010-0436-MTQ,Epidemic,Martinique,13,,29200,,29200,2010,,
2010-0438-TUR,Mass movement (wet),Türkiye,13,6,,200,206,2010,2010-08-27,2010-08-27
2010-0442-GTM,Flood,Guatemala,,,3270,,3270,2010,2010-08-27,2010-08-28
2010-0443-HND,Flood,Honduras,5,10,1600,,1610,2010,2010-08-30,2010-08-30
2010-0446-IDN,Volcanic activity,Indonesia,1,1,15059,,15060,2010,2010-08-29,2010-09-07
2010-0447-HND,Flood,Honduras,117,,3400,,3400,2010,,
2010-0450-ETH,Flood,Ethiopia,19,,25000,,25000,2010,2010-08-22,2010-08-24
2010-0452-NPL,Flood,Nepal,138,,8000,,8000,2010,2010-08-21,2010-08-24
2010-0453-CIV,Flood,Côte d’Ivoire,10,,6425,,6425,2010,,
2010-0454-GMB,Flood,Gambia,8,,21194,,21194,2010,2010-07-15,
2010-0455-GNB,Flood,Guinea-Bissau,2,,56792,,56792,2010,,
2010-0456-MLI,Flood,Mali,,,16000,,16000,2010,2010-08-11,2010-08-12
2010-0457-SLE,Flood,Sierra Leone,,,234,,234,2010,,
2010-0459-GTM,Mass movement (wet),Guatemala,53,56,,50640,50696,2010,2010-09-04,2010-09-04
2010-0463-NZL,Earthquake,New Zealand,,2,300000,,300002,2010,2010-09-04,2010-09-04
2010-0464-CHN,Mass movement (wet),China,48,,,,,2010,2010-09-06,2010-09-06
2010-0465-AUS,Flood,Australia,,,10000,,10000,2010,2010-09-01,2010-09-15
2010-0466-RUS,Wildfire,Russian Federation,8,,,1200,1200,2010,2010-09-02,2010-09-03
2010-0467-MEX,Flood,Mexico,25,,1000000,,1000000,2010,2010-09-20,2010-09-20
2010-0468-ATG,Storm,Antigua and Barbuda,,,5000,,5000,2010,2010-08-29,2010-08-31
2010-0468-USA,Storm,United States of America,1,,,,,2010,2010-09-03,2010-09-03
2010-0470-CRI,Flood,Costa Rica,3,,106,,106,2010,2010-09-06,2010-09-14
2010-0479-KOR,Storm,Republic of Korea,12,,41500,,41500,2010,2010-09-02,2010-09-02
2010-0479-PRK,Storm,Democratic People's Republic of Korea,20,,40000,,40000,2010,2010-09-02,2010-09-02
2010-0483-GHA,Flood,Ghana,18,,9674,,9674,2010,,
2010-0484-CHN,Storm,China,75,,1000000,,1000000,2010,2010-09-20,2010-09-20
2010-0484-TWN,Storm,Taiwan (Province of China),2,100,,,100,2010,2010-09-18,2010-09-20
2010-0488-PHL,Flood,Philippines,6,9,46704,,46713,2010,2010-09-10,2010-09-17
2010-0491-NIC,Flood,Nicaragua,66,,71000,,71000,2010,2010-08-17,2010-09-16
2010-0492-IND,Flood,India,200,,3267183,,3267183,2010,2010-09-18,2010-09-30
2010-0493-IND,Flood,India,,,12500,,12500,2010,2010-09-09,2010-09-09
2010-0494-MEX,Storm,Mexico,12,,230000,,230000,2010,2010-09-15,2010-09-17
2010-0496-MEX,Mass movement (wet),Mexico,27,,,,,2010,2010-09-21,2010-09-21
2010-0501-JAM,Storm,Jamaica,15,26,2480,,2506,2010,2010-09-29,2010-09-30
2010-0502-COL,Mass movement (wet),Colombia,30,,,,,2010,2010-09-27,2010-09-27
2010-0503-BLZ,Storm,Belize,,,,,,2010,2010-09-25,2010-09-25
2010-0503-GTM,Storm,Guatemala,,,,,,2010,2010-09-25,2010-09-25
2010-0503-HND,Storm,Honduras,4,,,,,2010,2010-09-25,2010-09-25
2010-0503-MEX,Storm,Mexico,3,,1075,,1075,2010,2010-09-25,2010-09-25
2010-0503-NIC,Storm,Nicaragua,,,,,,2010,2010-09-24,2010-09-24
2010-0503-SLV,Storm,El Salvador,1,,,,,2010,2010-09-25,2010-09-25
2010-0503-VEN,Storm,Venezuela (Bolivarian Republic of),8,,,,,2010,2010-09-24,2010-09-24
2010-0508-HTI,Storm,Haiti,6,67,73055,,73122,2010,2010-09-24,2010-09-24
2010-0509-NGA,Flood,Nigeria,40,200,1500000,,1500200,2010,2010-09-13,2010-09-30
2010-0510-MEX,Mass movement (wet),Mexico,44,,,,,2010,2010-09-28,2010-09-29
2010-0512-IDN,Flood,Indonesia,291,3417,9011,,12428,2010,2010-10-02,2010-10-06
2010-0515-VNM,Flood,Viet Nam,84,75,679750,,679825,2010,2010-10-01,2010-10-06
2010-0516-GMB,Flood,Gambia,1,,17767,,17767,2010,2010-09-05,2010-09-06
2010-0522-USA,Storm,United States of America,8,,,,,2010,2010-09-07,2010-09-11
2010-0523-MRT,Flood,Mauritania,,,8750,,8750,2010,2010-09-19,2010-09-21
2010-0526-GIN,Flood,Guinea,1,6,40405,,40411,2010,2010-09-15,2010-09-18
2010-0527-BEN,Flood,Benin,46,1000,680000,150000,831000,2010,,
2010-0529-GAB,Epidemic,Gabon,,,108,,108,2010,,
2010-0530-CHN,Flood,China,4,,130000,,130000,2010,2010-10-06,2010-10-06
2010-0533-IDN,Mass movement (wet),Indonesia,13,18,,,18,2010,2010-10-12,2010-10-12
2010-0536-MLI,Flood,Mali,,,16000,,16000,2010,2010-10-04,2010-10-04
2010-0539-VNM,Flood,Viet Nam,21,,761000,,761000,2010,2010-10-14,2010-10-18
2010-0541-BEN,Epidemic,Benin,7,,800,,800,2010,,
2010-0542-HTI,Flood,Haiti,13,,,,,2010,2010-10-18,2010-10-18
2010-0543-CHN,Storm,China,,,,,,2010,2010-10-22,2010-10-22
2010-0543-PHL,Storm,Philippines,35,42,2008984,,2009026,2010,2010-10-18,2010-10-18
2010-0543-TWN,Storm,Taiwan (Province of China),32,,,,,2010,2010-10-22,2010-10-22
2010-0547-RUS,Flood,Russian Federation,23,,45214,,45214,2010,2010-10-16,2010-10-16
2010-0550-TGO,Flood,Togo,1,,29550,,29550,2010,,
2010-0551-LCA,Flood,Saint Lucia,,,2000,,2000,2010,2010-10-06,2010-10-06
2010-0552-KHM,Flood,Cambodia,8,,,,,2010,2010-10-20,2010-11-09
2010-0552-THA,Flood,Thailand,258,,8970653,,8970653,2010,2010-10-10,2010-12-10
2010-0553-AGO,Flood,Angola,18,20,,3875,3895,2010,2010-10-15,2010-10-18
2010-0554-MMR,Storm,Myanmar,45,49,260000,,260049,2010,2010-10-22,2010-10-22
2010-0557-DOM,Epidemic,Dominican Republic,130,,17321,,17321,2010,,
2010-0557-HTI,Epidemic,Haiti,6908,277451,236546,,513997,2010,2010-10-22,2011-12-15
2010-0557-VEN,Epidemic,Venezuela (Bolivarian Republic of),,,118,,118,2011,,
2010-0562-IDN,Volcanic activity,Indonesia,322,454,136686,,137140,2010,2010-10-24,2010-10-24
2010-0563-IDN,Earthquake,Indonesia,530,412,11452,,11864,2010,2010-10-25,2010-10-25
2010-0567-BDI,Storm,Burundi,9,,,1500,1500,2010,2010-10-08,2010-10-08
2010-0571-BRB,Storm,Barbados,,,2500,,2500,2010,2010-10-29,2010-10-29
2010-0571-DOM,Storm,Dominican Republic,,,12000,,12000,2010,2010-10-29,2010-10-29
2010-0571-HTI,Storm,Haiti,21,,5020,,5020,2010,2010-11-04,2010-11-05
2010-0571-LCA,Storm,Saint Lucia,14,,181000,,181000,2010,2010-10-30,2010-10-30
2010-0571-VCT,Storm,Saint Vincent and the Grenadines,,,6000,100,6100,2010,2010-10-29,2010-10-29
2010-0573-VNM,Flood,Viet Nam,31,8,39000,,39008,2010,2010-10-29,2010-11-10
2010-0574-SRB,Earthquake,Serbia,2,120,25440,1470,27030,2010,2010-11-03,2010-11-03
2010-0575-CRI,Flood,Costa Rica,24,,3000,,3000,2010,2010-11-01,2010-11-05
2010-0576-IDN,Flood,Indonesia,16,,200,,200,2010,2010-11-02,2010-11-05
2010-0579-SDN,Flood,Sudan,3,12,16350,,16362,2010,2010-07-01,2010-10-07
2010-0579-SSD,Flood,South Sudan,,,,,,2010,2010-07-01,2010-10-07
2010-0580-SEN,Flood,Senegal,,54,80337,,80391,2010,2010-10-17,2010-10-18
2010-0582-ITA,Flood,Italy,,,300,,300,2010,2010-11-08,2010-11-11
2010-0583-LKA,Flood,Sri Lanka,7,10,164183,,164193,2010,2010-11-10,2010-12-11
2010-0585-PHL,Flood,Philippines,16,,450673,,450673,2010,2010-11-01,2010-11-10
2010-0591-IRN,Earthquake,Iran (Islamic Republic of),,104,,,104,2010,2010-11-06,2010-11-06
2010-0592-PAN,Flood,Panama,2,96,6200,,6296,2010,2010-11-04,2010-11-08
2010-0593-COG,Epidemic,Congo,219,,524,,524,2010,2010-10-17,2010-11-22
2010-0594-MNE,Flood,Montenegro,,,1350,,1350,2010,2010-11-12,2010-11-16
2010-0595-NIC,Epidemic,Nicaragua,16,,395,,395,2010,2010-10-16,2010-10-16
2010-0597-VNM,Flood,Viet Nam,50,,10000,,10000,2010,2010-11-12,2010-11-17
2010-0601-BEL,Flood,Belgium,3,,690,,690,2010,2010-11-11,2010-11-15
2010-0606-PHL,Volcanic activity,Philippines,,,14161,,14161,2010,2010-11-09,2010-11-09
2010-0612-USA,Storm,United States of America,11,,,,,2010,2010-03-13,2010-03-15
2010-0613-MAR,Flood,Morocco,32,3,75000,,75003,2010,2010-11-25,2010-12-06
2010-0615-CHE,Extreme temperature,Switzerland,,,,,,2010,2010-11-30,2010-12-01
2010-0615-CZE,Extreme temperature,Czechia,12,,,,,2010,,
2010-0615-DEU,Extreme temperature,Germany,1,,,,,2010,2010-11-28,2010-12-01
2010-0615-FRA,Extreme temperature,France,3,,,,,2010,2010-11-28,2010-12-01
2010-0615-GBR,Extreme temperature,United Kingdom of Great Britain and Northern Ireland,,,,,,2010,2010-11-28,2010-12-01
2010-0615-ITA,Extreme temperature,Italy,,,,,,2010,2010-12-01,2010-12-01
2010-0615-LTU,Extreme temperature,Lithuania,5,,,,,2010,2010-11-27,2010-12-01
2010-0615-POL,Extreme temperature,Poland,200,,,,,2010,,
2010-0615-PRT,Extreme temperature,Portugal,,,,,,2010,,
2010-0615-RUS,Extreme temperature,Russian Federation,11,11,,,11,2010,2010-12-03,2010-12-03
2010-0615-SVK,Extreme temperature,Slovakia,122,,,,,2010,,2011-02-28
2010-0616-VEN,Flood,Venezuela (Bolivarian Republic of),41,,94800,,94800,2010,2010-11-25,2010-12-06
2010-0619-ALB,Flood,Albania,,,14000,,14000,2010,2010-12-03,2010-12-03
2010-0619-BGR,Flood,Bulgaria,,,90,,90,2010,2010-12-04,2010-12-05
2010-0619-BIH,Flood,Bosnia and Herzegovina,3,,20000,,20000,2010,2010-12-03,2010-12-05
2010-0619-GRC,Flood,Greece,1,,150,,150,2010,2010-11-29,2010-12-05
2010-0619-HRV,Flood,Croatia,,,810,,810,2010,2010-12-03,2010-12-03
2010-0619-MNE,Flood,Montenegro,,,5000,,5000,2010,2010-12-03,2010-12-03
2010-0619-SRB,Flood,Serbia,,,1750,,1750,2010,2010-12-03,2010-12-03
2010-0623-CHN,Wildfire,China,22,3,,,3,2010,2010-12-05,2010-12-05
2010-0624-AUS,Flood,Australia,,,1000,,1000,2010,2010-11-27,2010-12-06
2010-0625-COL,Mass movement (wet),Colombia,145,,,,,2010,2010-12-05,2010-12-05
2010-0627-ISR,Wildfire,Israel,44,22,20000,,20022,2010,2010-12-02,2010-12-05
2010-0629-IND,Flood,India,203,,,,,2010,2010-11-15,2010-12-07
2010-0639-EGY,Storm,Egypt,31,40,,,40,2010,2010-12-12,2010-12-12
2010-0645-IRN,Earthquake,Iran (Islamic Republic of),7,25,,,25,2010,2010-12-20,2010-12-20
2010-0647-ESP,Flood,Spain,2,,30,,30,2010,2010-12-06,2010-12-10
2010-0651-USA,Flood,United States of America,,,1000,,1000,2010,2010-12-19,2010-12-19
2010-0652-BEL,Storm,Belgium,,,,,,2010,2010-12-23,2010-12-24
2010-0652-DEU,Storm,Germany,,,,,,2010,2010-12-23,2010-12-24
2010-0652-DNK,Storm,Denmark,,,,,,2010,2010-12-23,2010-12-28
2010-0652-FRA,Storm,France,,,,,,2010,2010-12-23,2010-12-24
2010-0656-AUS,Flood,Australia,35,,175000,,175000,2010,2010-12-25,2011-02-04
2010-0659-PHL,Flood,Philippines,110,13,1972433,,1972446,2010,2010-12-24,2011-01-25
2010-0660-EGY,Flood,Egypt,15,,,,,2010,2010-12-30,2010-12-30
2010-0663-USA,Storm,United States of America,8,13,,,13,2010,2010-12-31,2011-01-01
2010-0666-PAN,Flood,Panama,13,203,24407,,24610,2010,2010-12-08,2010-12-17
2010-0668-TWN,Earthquake,Taiwan (Province of China),,96,,,96,2010,2010-03-04,2010-03-04
2010-0669-AFG,Earthquake,Afghanistan,11,70,,1000,1070,2010,2010-04-18,2010-04-18
2010-0670-UGA,Epidemic,Uganda,48,,190,,190,2010,2010-11-16,2010-12-29
2010-0672-IRN,Earthquake,Iran (Islamic Republic of),3,100,,3500,3600,2010,2010-08-27,2010-08-27
2010-0673-CHN,Earthquake,China,,14,5000,,5014,2010,2010-08-29,2010-08-29
2010-0674-BRA,Flood,Brazil,35,,,13000,13000,2010,,
2010-0676-BGD,Flood,Bangladesh,15,,500000,,500000,2010,2010-10-01,2010-10-12
2010-0678-ZAF,Storm,South Africa,40,,6000,,6000,2010,2010-12-15,2011-01-12
2010-0680-BOL,Epidemic,Bolivia (Plurinational State of),29,,25236,,25236,2010,,
2010-0680-BRA,Epidemic,Brazil,,,942153,,942153,2011,,
2010-0680-PER,Epidemic,Peru,13,,31703,,31703,2010,,2011-05-31
2010-0680-PRY,Epidemic,Paraguay,,,13681,,13681,2011,,
2010-0682-CHN,Mass movement (wet),China,28,10,,125,135,2010,2010-03-10,2010-03-10
2010-0684-IDN,Flood,Indonesia,24,,,,,2010,2010-09-11,2010-09-11
2010-0686-BGD,Storm,Bangladesh,15,50,,,50,2010,2010-05-01,2010-05-02
2010-0688-IND,Storm,India,12,30,,2000,2030,2010,2010-05-24,2010-05-24
2010-0689-USA,Storm,United States of America,20,100,,,100,2010,2010-06-17,2010-06-20
2010-0690-USA,Storm,United States of America,20,,,,,2010,2010-05-10,2010-05-16
2010-0691-CHN,Storm,China,3,,,186000,186000,2010,2010-09-09,2010-09-09
2010-0692-ITA,Storm,Italy,3,5,,,5,2010,2010-10-31,2010-11-02
2010-0693-IND,Storm,India,22,,,,,2010,2010-10-31,2010-11-03
2010-0694-IND,Storm,India,28,,,5000,5000,2010,2010-04-10,2010-04-10
2010-0698-GAB,Storm,Gabon,,,1765,,1765,2010,,
2010-0700-KEN,Epidemic,Kenya,11,,1046,,1046,2010,2010-12-27,2011-04-14
2010-0702-ECU,Epidemic,Ecuador,4,,4000,,4000,2010,,
2010-0703-SSD,Flood,South Sudan,,,290000,,290000,2010,,
2010-0704-MDG,Infestation,Madagascar,,,2300000,,2300000,2010,,
2010-0712-MMR,Extreme temperature,Myanmar,260,1482,,,1482,2010,,
2010-9077-BRB,Drought,Barbados,,,,,,2010,,
2010-9077-GRD,Drought,Grenada,,,,,,2010,,
2010-9077-GUY,Drought,Guyana,,,,,,2010,,
2010-9077-LCA,Drought,Saint Lucia,,,,,,2010,,
2010-9077-TTO,Drought,Trinidad and Tobago,,,,,,2010,,
2010-9077-VCT,Drought,Saint Vincent and the Grenadines,,,,,,2010,,
2010-9082-BDI,Drought,Burundi,,,,,,2011,,
2010-9082-DJI,Drought,Djibouti,,,200258,,200258,2010,,
2010-9082-ETH,Drought,Ethiopia,,,4805679,,4805679,2011,,
2010-9082-KEN,Drought,Kenya,,,4300000,,4300000,2011,,
2010-9082-SOM,Drought,Somalia,20000,,4000000,,4000000,2010,,
2010-9082-UGA,Drought,Uganda,,,669000,,669000,2011,,
2010-9132-THA,Drought,Thailand,,,6482602,,6482602,2010,,
2010-9181-ZWE,Drought,Zimbabwe,,,1667618,,1667618,2010,,
2010-9249-MLI,Drought,Mali,,,600000,,600000,2010,,
2010-9253-BOL,Drought,Bolivia (Plurinational State of),,,62500,,62500,2010,,
2010-9290-MOZ,Drought,Mozambique,,,460000,,460000,2010,,
2010-9292-MRT,Drought,Mauritania,,,838000,,838000,2010,,
2010-9318-RUS,Drought,Russian Federation,,,,,,2010,2010-04-01,2010-08-20
2010-9556-BRA,Drought,Brazil,,,62000,,62000,2010,,
2010-9701-CHN,Drought,China,,,35000000,,35000000,2010,,
2011-0002-CHN,Extreme temperature,China,2,472,3800000,233000,4033472,2011,2011-01-01,2011-01-24
2011-0003-AGO,Flood,Angola,17,,,,,2011,2011-01-03,2011-01-04
2011-0007-IND,Extreme temperature,India,80,,,,,2011,2011-01-01,2011-01-18
2011-0014-BRA,Flood,Brazil,900,,45000,,45000,2011,2011-01-11,2011-01-12
2011-0015-MOZ,Storm,Mozambique,12,,,,,2011,2011-01-12,2011-01-12
2011-0018-BGD,Extreme temperature,Bangladesh,50,,100000,,100000,2011,2011-01-07,2011-02-20
2011-0020-MYS,Flood,Malaysia,2,,20000,,20000,2011,2011-01-28,2011-01-31
2011-0021-PHL,Flood,Philippines,23,164,638254,,638418,2011,2011-01-25,2011-02-07
2011-0022-SAU,Flood,Saudi Arabia,11,,,,,2011,2011-01-25,2011-01-31
2011-0023-IDN,Flood,Indonesia,,,12000,,12000,2011,2011-01-16,2011-01-20
2011-0024-LKA,Flood,Sri Lanka,47,51,,1060273,1060324,2011,2011-01-05,2011-01-18
2011-0029-USA,Storm,United States of America,39,,,,,2011,2011-01-31,2011-02-02
2011-0030-CHN,Earthquake,China,,1,,64500,64501,2011,2011-02-01,2011-02-01
2011-0040-BOL,Flood,Bolivia (Plurinational State of),52,,88825,,88825,2011,2011-02-14,2011-04-11
2011-0042-AFG,Flood,Afghanistan,25,65,3000,,3065,2011,2011-02-10,2011-02-16
2011-0043-LSO,Flood,Lesotho,26,,5000,,5000,2011,2011-02-01,2011-02-16
2011-0044-PHL,Flood,Philippines,11,,2000,,2000,2011,2011-02-01,2011-02-04
2011-0049-LKA,Flood,Sri Lanka,18,,225000,,225000,2011,2011-02-01,2011-02-10
2011-0057-MDG,Storm,Madagascar,35,73,89297,25845,115215,2011,2011-02-14,2011-02-16
2011-0064-PER,Flood,Peru,6,,10000,,10000,2011,,
2011-0065-BDI,Storm,Burundi,12,50,,,50,2011,2011-02-16,2011-02-16
2011-0068-NZL,Earthquake,New Zealand,181,1500,300000,,301500,2011,2011-02-22,2011-02-22
2011-0070-AUS,Storm,Australia,1,,7300,,7300,2011,2011-02-02,2011-02-05
2011-0070-PNG,Storm,Papua New Guinea,,,,,,2011,2011-02-02,2011-02-02
2011-0070-SLB,Storm,Solomon Islands,,,,,,2011,2011-02-02,2011-02-02
2011-0070-VUT,Storm,Vanuatu,,,,,,2011,2011-01-30,2011-01-31
2011-0071-VUT,Storm,Vanuatu,,,32000,,32000,2011,2011-01-12,2011-01-13
2011-0072-MOZ,Flood,Mozambique,11,,30000,,30000,2011,,
2011-0079-CHN,Earthquake,China,25,250,,5190,5440,2011,2011-03-10,2011-03-10
2011-0080-AUS,Flood,Australia,,,217,,217,2011,2011-03-14,2011-03-18
2011-0081-NAM,Flood,Namibia,108,,500000,,500000,2011,2011-03-01,2011-04-12
2011-0082-IDN,Earthquake,Indonesia,1,,,95,95,2011,2011-03-11,2011-03-11
2011-0082-JPN,Earthquake,Japan,19846,5933,362887,,368820,2011,2011-03-11,2011-03-11
2011-0083-THA,Flood,Thailand,64,,716110,,716110,2011,2011-03-23,2011-04-05
2011-0086-BRA,Flood,Brazil,10,,31000,,31000,2011,2011-03-12,2011-03-18
2011-0087-PHL,Flood,Philippines,16,1,241776,,241777,2011,2011-03-14,2011-03-18
2011-0088-IDN,Flood,Indonesia,21,,750,,750,2011,2011-03-10,2011-03-11
2011-0089-COD,Epidemic,Democratic Republic of the Congo,33,,6524,,6524,2011,,
2011-0090-CHN,Earthquake,China,,12,9496,,9508,2011,2011-03-24,2011-03-24
2011-0090-MMR,Earthquake,Myanmar,74,125,18000,3152,21277,2011,2011-03-24,2011-03-24
2011-0090-THA,Earthquake,Thailand,1,16,,,16,2011,2011-03-24,2011-03-24
2011-0091-TON,Storm,Tonga,3,,7600,,7600,2011,2011-01-25,2011-01-29
2011-0092-AGO,Flood,Angola,113,,65084,,65084,2011,,
2011-0092-BWA,Flood,Botswana,,,,,,2011,,
2011-0092-LSO,Flood,Lesotho,,,,,,2011,2011-03-14,2011-03-20
2011-0092-MOZ,Flood,Mozambique,,,33946,,33946,2011,,
2011-0092-MWI,Flood,Malawi,,,33946,,33946,2011,,
2011-0092-ZMB,Flood,Zambia,,,1375,,1375,2011,,
2011-0092-ZWE,Flood,Zimbabwe,,,,,,2011,,
2011-0094-IDN,Flood,Indonesia,,,60,1000,1060,2011,2011-02-06,2011-02-07
2011-0095-ECU,Flood,Ecuador,,,3600,,3600,2011,,
2011-0097-CHL,Wildfire,Chile,,,400,,400,2011,,
2011-0100-ZAF,Flood,South Africa,40,321,200000,,200321,2011,2011-01-01,2011-02-04
2011-0101-PHL,Volcanic activity,Philippines,,,32616,,32616,2011,2011-02-21,2011-02-21
2011-0102-MWI,Flood,Malawi,4,1,23290,,23291,2011,2011-04-11,2011-04-11
2011-0104-PAK,Earthquake,Pakistan,2,,1000,,1000,2011,2011-01-18,2011-01-18
2011-0105-MEX,Extreme temperature,Mexico,3,,120000,,120000,2011,2011-02-01,2011-02-08
2011-0107-BOL,Mass movement (wet),Bolivia (Plurinational State of),,,4000,,4000,2011,2011-02-26,2011-02-26
2011-0112-PRY,Epidemic,Paraguay,44,,16264,,16264,2011,,
2011-0130-JPN,Earthquake,Japan,2,132,,,132,2011,2011-04-07,2011-04-07
2011-0131-CAN,Flood,Canada,5,,2000,,2000,2011,2011-04-04,2011-05-31
2011-0132-COL,Flood,Colombia,138,158,988441,,988599,2011,,
2011-0134-USA,Storm,United States of America,46,43,,,43,2011,2011-04-14,2011-04-16
2011-0135-CHN,Storm,China,18,150,22000000,,22000150,2011,2011-04-17,2011-04-18
2011-0140-USA,Wildfire,United States of America,2,5,,1300,1305,2011,2011-04-09,2011-04-30
2011-0141-PHL,Mass movement (wet),Philippines,24,14,560,,574,2011,2011-04-22,2011-04-22
2011-0142-BRA,Flood,Brazil,12,,31600,,31600,2011,2011-04-21,2011-04-24
2011-0145-USA,Storm,United States of America,354,2200,,15000,17200,2011,2011-04-22,2011-04-29
2011-0153-IDN,Mass movement (wet),Indonesia,19,4,,,4,2011,2011-05-06,2011-05-06
2011-0156-CHN,Mass movement (wet),China,22,,,,,2011,2011-05-09,2011-05-09
2011-0157-PHL,Storm,Philippines,37,11,430081,,430092,2011,2011-05-08,2011-05-11
2011-0159-ESP,Earthquake,Spain,10,300,,15000,15300,2011,2011-05-11,2011-05-11
2011-0161-MEX,Wildfire,Mexico,,,,,,2011,,
2011-0166-USA,Flood,United States of America,1,,25000,,25000,2011,2011-05-01,2011-05-24
2011-0170-TUR,Earthquake,Türkiye,3,121,,10000,10121,2011,2011-05-19,2011-05-19
2011-0172-USA,Storm,United States of America,176,1150,,,1150,2011,2011-05-20,2011-05-25
2011-0175-MYS,Mass movement (wet),Malaysia,16,6,,,6,2011,2011-05-21,2011-05-21
2011-0176-IND,Storm,India,42,50,,,50,2011,2011-05-20,2011-05-20
2011-0178-KAZ,Flood,Kazakhstan,2,,12238,3762,16000,2011,2011-04-09,2011-04-15
2011-0179-VCT,Flood,Saint Vincent and the Grenadines,,,275,,275,2011,2011-04-11,2011-04-12
2011-0180-BDI,Flood,Burundi,,,685,,685,2011,2011-03-20,2011-04-03
2011-0181-TCD,Epidemic,Chad,124,,2085,,2085,2011,2011-03-18,2011-03-20
2011-0182-MOZ,Epidemic,Mozambique,13,,325,,325,2011,,
2011-0183-RWA,Flood,Rwanda,14,20,3588,,3608,2011,2011-04-25,2011-05-05
2011-0184-IRQ,Flood,Iraq,6,1,,2000,2001,2011,2011-04-22,2011-04-22
2011-0187-BRA,Flood,Brazil,2,,,13000,13000,2011,2011-05-08,2011-05-11
2011-0189-USA,Storm,United States of America,11,,,,,2011,2011-05-22,2011-05-24
2011-0195-USA,Storm,United States of America,3,200,,,200,2011,2011-05-29,2011-06-01
2011-0199-DOM,Flood,Dominican Republic,4,,11200,,11200,2011,,
2011-0199-HTI,Flood,Haiti,34,8,2350,,2358,2011,2011-06-06,2011-06-07
2011-0200-RUS,Flood,Russian Federation,,,10669,,10669,2011,2011-05-25,2011-05-30
2011-0201-PER,Extreme temperature,Peru,20,,13440,,13440,2011,,
2011-0202-CHN,Flood,China,16,,60000,,60000,2011,,
2011-0203-CHN,Storm,China,23,,,,,2011,2011-06-04,2011-06-11
2011-0203-PHL,Storm,Philippines,9,1,1151,,1152,2011,2011-06-09,2011-06-10
2011-0204-PHL,Flood,Philippines,12,3,944778,,944781,2011,2011-05-31,2011-06-19
2011-0209-ARG,Volcanic activity,Argentina,,,3000,,3000,2011,2011-06-04,2011-06-17
2011-0209-CHL,Volcanic activity,Chile,,,3500,,3500,2011,2011-06-04,2011-06-17
2011-0212-CHN,Flood,China,6,,1600000,,1600000,2011,2011-07-11,2011-07-19
2011-0213-BRA,Flood,Brazil,15,,78000,,78000,2011,2011-07-15,2011-07-19
2011-0214-NGA,Flood,Nigeria,20,,26965,,26965,2011,2011-07-15,2011-07-19
2011-0215-NPL,Flood,Nepal,15,,,,,2011,2011-07-02,2011-07-19
2011-0218-LAO,Flood,Lao People's Democratic Republic,14,,37000,,37000,2011,2011-06-23,2011-06-29
2011-0221-PHL,Flood,Philippines,31,,121005,,121005,2011,2011-06-28,2011-06-29
2011-0227-CHN,Flood,China,467,,67900000,,67900000,2011,2011-06-01,2011-06-29
2011-0228-MEX,Storm,Mexico,3,,450,,450,2011,2011-06-20,2011-06-20
2011-0230-NGA,Flood,Nigeria,24,150,300,500,950,2011,2011-06-21,2011-06-22
2011-0231-PHL,Storm,Philippines,20,4,1700085,,1700089,2011,2011-06-21,2011-06-25
2011-0232-VNM,Storm,Viet Nam,16,63,,,63,2011,2011-06-22,2011-06-26
2011-0238-UGA,Storm,Uganda,23,47,,,47,2011,2011-06-28,2011-06-28
2011-0239-NGA,Storm,Nigeria,11,12,,,12,2011,2011-07-29,2011-07-29
2011-0241-MEX,Storm,Mexico,22,,300000,,300000,2011,2011-06-30,2011-07-01
2011-0243-KGZ,Earthquake,Kyrgyzstan,,,,,,2011,2011-07-19,2011-07-19
2011-0243-TJK,Earthquake,Tajikistan,,,,,,2011,2011-07-19,2011-07-19
2011-0243-UZB,Earthquake,Uzbekistan,13,,86,,86,2011,2011-07-19,2011-07-19
2011-0244-PHL,Mass movement (wet),Philippines,5,5,,,5,2011,2011-07-04,2011-07-04
2011-0250-KOR,Flood,Republic of Korea,9,,,,,2011,2011-07-08,2011-07-11
2011-0262-BGD,Flood,Bangladesh,10,,1570559,,1570559,2011,2011-07-21,2011-07-29
2011-0264-USA,Extreme temperature,United States of America,22,,,,,2011,2011-07-19,2011-07-22
2011-0267-GTM,Storm,Guatemala,5,,,,,2011,2011-07-20,2011-07-20
2011-0267-MEX,Storm,Mexico,3,,200000,,200000,2011,2011-07-20,2011-07-20
2011-0268-CHN,Mass movement (wet),China,18,2,,,2,2011,2011-07-05,2011-07-05
2011-0270-GHA,Flood,Ghana,6,,12571,,12571,2011,2011-07-22,2011-07-29
2011-0272-PHL,Storm,Philippines,84,53,1108171,,1108224,2011,2011-07-26,2011-07-27
2011-0272-THA,Storm,Thailand,18,,1000000,,1000000,2011,2011-08-04,2011-08-06
2011-0274-KOR,Mass movement (wet),Republic of Korea,59,26,,2000,2026,2011,2011-07-26,2011-07-27
2011-0278-ECU,Mass movement (wet),Ecuador,7,,150,,150,2011,,
2011-0279-CHN,Storm,China,,,3649800,,3649800,2011,2011-08-04,2011-08-08
2011-0279-PHL,Storm,Philippines,11,5,8418,,8423,2011,2011-08-02,2011-08-02
2011-0279-PRK,Storm,Democratic People's Republic of Korea,10,887,5612,,6499,2011,2011-08-07,2011-08-09
2011-0283-BEN,Flood,Benin,,,5840,,5840,2011,2011-06-20,
2011-0284-PRK,Flood,Democratic People's Republic of Korea,30,,21160,,21160,2011,2011-06-23,2011-07-16
2011-0289-ZWE,Epidemic,Zimbabwe,45,,1140,,1140,2011,2011-01-01,2011-07-17
2011-0290-CAF,Epidemic,Central African Republic,16,,172,,172,2011,,2011-10-14
2011-0290-COD,Epidemic,Democratic Republic of the Congo,603,,22233,,22233,2011,2011-01-03,2012-01-22
2011-0290-COG,Epidemic,Congo,32,,708,,708,2011,2011-06-14,2011-12-27
2011-0291-MDV,Epidemic,Maldives,4,,1289,,1289,2011,,2011-06-28
2011-0292-COG,Epidemic,Congo,,,9424,,9424,2011,,
2011-0293-CAF,Storm,Central African Republic,1,1,1830,,1831,2011,2011-06-11,2011-06-19
2011-0294-COG,Epidemic,Congo,33,,687,,687,2011,,
2011-0295-GEO,Flood,Georgia,7,,1750,,1750,2011,2011-06-12,2011-06-22
2011-0296-TJK,Flood,Tajikistan,,,2130,,2130,2011,2011-06-11,2011-06-12
2011-0299-CMR,Epidemic,Cameroon,639,,16706,,16706,2011,,2011-10-14
2011-0301-PHL,Flood,Philippines,,,2060,,2060,2011,2011-08-05,2011-08-05
2011-0303-DOM,Storm,Dominican Republic,3,,7000,,7000,2011,2011-08-04,2011-08-04
2011-0303-HTI,Storm,Haiti,1,,1500,,1500,2011,2011-08-04,2011-08-04
2011-0303-MTQ,Storm,Martinique,1,,,,,2011,2011-08-03,2011-08-03
2011-0303-PRI,Storm,Puerto Rico,,,,,,2011,2011-08-04,2011-08-04
2011-0305-PHL,Mass movement (wet),Philippines,,,310,,310,2011,2011-08-05,2011-08-05
2011-0306-RUS,Storm,Russian Federation,1,14,,,14,2011,2011-07-31,2011-07-31
2011-0315-NGA,Epidemic,Nigeria,694,,21382,,21382,2011,2011-06-27,2011-10-14
2011-0317-NPL,Flood,Nepal,89,32,1826,,1858,2011,,
2011-0320-BEL,Storm,Belgium,5,71,,,71,2011,2011-08-18,2011-08-18
2011-0324-LAO,Flood,Lao People's Democratic Republic,34,,430000,,430000,2011,2011-08-01,2011-10-13
2011-0326-THA,Flood,Thailand,813,,9500000,,9500000,2011,2011-08-05,2012-01-04
2011-0327-IND,Flood,India,47,,700000,,700000,2011,2011-08-10,2011-09-13
2011-0328-BHS,Storm,Bahamas,,,10000,,10000,2011,2011-08-23,2011-08-26
2011-0328-CAN,Storm,Canada,1,,,,,2011,2011-08-28,2011-08-29
2011-0328-DOM,Storm,Dominican Republic,4,,37000,,37000,2011,2011-08-24,2011-08-24
2011-0328-HTI,Storm,Haiti,2,4,1000,540,1544,2011,2011-08-24,2011-08-24
2011-0328-PRI,Storm,Puerto Rico,1,,1500,771,2271,2011,2011-08-22,2011-08-22
2011-0328-USA,Storm,United States of America,46,,370000,,370000,2011,2011-08-27,2011-09-13
2011-0329-ITA,Extreme temperature,Italy,10,,,,,2011,2011-08-17,2011-08-24
2011-0331-PRK,Flood,Democratic People's Republic of Korea,34,,29933,,29933,2011,2011-07-25,2011-07-28
2011-0333-GHA,Epidemic,Ghana,101,,10002,,10002,2011,,2011-10-14
2011-0333-MLI,Epidemic,Mali,49,,1190,,1190,2011,,2011-10-14
2011-0333-NER,Epidemic,Niger,48,,2130,,2130,2011,,2011-10-14
2011-0333-TCD,Epidemic,Chad,433,,16038,,16038,2011,2011-08-09,2011-10-14
2011-0338-GTM,Flood,Guatemala,11,,6075,,6075,2011,2011-08-29,2011-08-29
2011-0340-RUS,Flood,Russian Federation,,,3500,,3500,2011,2011-08-26,2011-08-27
2011-0341-PHL,Storm,Philippines,43,37,403193,,403230,2011,2011-08-27,2011-08-29
2011-0343-NGA,Flood,Nigeria,120,,3000,,3000,2011,2011-08-26,2011-09-08
2011-0347-PAK,Flood,Pakistan,509,755,5400000,,5400755,2011,2011-08-12,2011-11-01
2011-0349-USA,Wildfire,United States of America,4,,,4800,4800,2011,2011-09-04,2011-09-09
2011-0351-BTN,Earthquake,Bhutan,1,16,20000,,20016,2011,2011-09-18,2011-09-18
2011-0351-CHN,Earthquake,China,7,136,,5000,5136,2011,2011-09-18,2011-09-18
2011-0351-IND,Earthquake,India,112,200,500000,75000,575200,2011,2011-09-18,2011-09-18
2011-0351-NPL,Earthquake,Nepal,7,89,167860,,167949,2011,2011-09-18,2011-09-18
2011-0352-JPN,Storm,Japan,13,308,,,308,2011,2011-09-22,2011-09-22
2011-0357-BDI,Epidemic,Burundi,12,,600,,600,2011,2011-08-05,2011-09-14
2011-0359-VNM,Flood,Viet Nam,24,,300000,,300000,2011,2011-09-14,2011-09-14
2011-0361-BRA,Flood,Brazil,3,,1000000,,1000000,2011,,
2011-0364-KHM,Flood,Cambodia,247,23,1640000,,1640023,2011,2011-08-10,2011-11-01
2011-0366-GTM,Mass movement (wet),Guatemala,16,,,,,2011,2011-09-20,2011-09-22
2011-0367-PHL,Flood,Philippines,,,274,,274,2011,2011-09-19,2011-09-19
2011-0370-CHN,Flood,China,117,,20000000,,20000000,2011,2011-09-01,2011-09-22
2011-0371-IND,Flood,India,239,,3443989,,3443989,2011,2011-09-23,2011-10-23
2011-0373-GTM,Earthquake,Guatemala,3,,400,,400,2011,2011-09-19,2011-09-19
2011-0376-UGA,Flood,Uganda,27,,63075,,63075,2011,2011-08-20,2011-09-08
2011-0378-PHL,Storm,Philippines,25,12,1113763,,1113775,2011,2011-10-01,2011-10-01
2011-0379-CHN,Storm,China,3,,1000000,,1000000,2011,2011-09-29,2011-10-03
2011-0379-PHL,Storm,Philippines,103,91,3030755,,3030846,2011,2011-09-24,2011-09-24
2011-0380-PHL,Flood,Philippines,,,185,,185,2011,2011-10-07,2011-10-07
2011-0383-HTI,Flood,Haiti,2,,2080,,2080,2011,2011-10-06,2011-10-13
2011-0384-PHL,Storm,Philippines,11,6,75632,,75638,2011,2011-10-13,2011-10-13
2011-0385-MEX,Storm,Mexico,5,,50000,,50000,2011,2011-10-10,2011-11-01
2011-0386-COL,Flood,Colombia,135,104,498820,,498924,2011,2011-09-01,2011-12-29
2011-0386-CRI,Flood,Costa Rica,4,,46695,,46695,2011,2011-10-17,2011-10-19
2011-0386-GTM,Flood,Guatemala,43,18,528735,,528753,2011,2011-10-12,
2011-0386-HND,Flood,Honduras,33,,69798,,69798,2011,2011-10-17,2011-10-17
2011-0386-NIC,Flood,Nicaragua,17,18,143000,,143018,2011,2011-10-12,2011-10-17
2011-0386-PAN,Flood,Panama,,,2000,,2000,2011,2011-10-20,2011-10-20
2011-0386-SLV,Flood,El Salvador,35,,300000,,300000,2011,,2011-10-17
2011-0387-CHN,Earthquake,China,,8,250,,258,2011,2011-06-08,2011-06-08
2011-0388-NZL,Earthquake,New Zealand,1,45,,300,345,2011,2011-06-13,2011-06-13
2011-0389-IDN,Earthquake,Indonesia,10,,,,,2011,2011-09-05,2011-09-05
2011-0392-MEX,Flood,Mexico,,,250000,,250000,2011,2011-10-20,2011-10-20
2011-0393-PHL,Epidemic,Philippines,3,200,54,,254,2011,2011-10-11,2011-10-18
2011-0394-VNM,Flood,Viet Nam,85,,600000,,600000,2011,,
2011-0396-VNM,Flood,Viet Nam,13,14,461570,,461584,2011,2011-10-21,2011-10-21
2011-0397-TUR,Earthquake,Türkiye,604,4152,6786,22000,32938,2011,2011-10-23,2011-10-23
2011-0400-MMR,Flood,Myanmar,151,,35734,,35734,2011,2011-10-19,2011-10-21
2011-0408-DZA,Flood,Algeria,10,43,750,,793,2011,2011-10-01,2011-10-02
2011-0409-ZAF,Storm,South Africa,1,167,2606,,2773,2011,2011-10-02,2011-10-03
2011-0411-CHN,Earthquake,China,,,143000,,143000,2011,2011-11-01,2011-11-01
2011-0413-GHA,Flood,Ghana,14,12,81461,,81473,2011,2011-10-26,2011-10-29
2011-0414-OMN,Storm,Oman,14,200,,,200,2011,2011-11-03,2011-11-03
2011-0416-ITA,Flood,Italy,10,,,,,2011,2011-10-26,2011-10-26
2011-0419-NER,Flood,Niger,7,,13000,,13000,2011,2011-08-10,2011-09-08
2011-0421-CHN,Flood,China,22,,3800000,,3800000,2011,2011-08-01,2011-09-08
2011-0422-IND,Flood,India,7,,11000,,11000,2011,2011-08-15,2011-09-08
2011-0423-KEN,Flood,Kenya,8,,4000,,4000,2011,2011-08-15,2011-09-08
2011-0424-IND,Flood,India,204,,5549080,,5549080,2011,2011-08-15,2011-10-02
2011-0425-USA,Flood,United States of America,2,,100,,100,2011,2011-08-06,2011-08-09
2011-0426-KOR,Flood,Republic of Korea,53,,29000,,29000,2011,2011-07-27,2011-08-09
2011-0427-BRA,Flood,Brazil,3,,,3000,3000,2011,2011-07-23,2011-07-29
2011-0428-IND,Flood,India,19,,200000,,200000,2011,2011-07-23,2011-08-09
2011-0431-COL,Mass movement (wet),Colombia,40,,175,,175,2011,2011-11-04,2011-11-05
2011-0432-DMA,Storm,Dominica,,,144,96,240,2011,2011-09-25,2011-09-29
2011-0436-ITA,Flood,Italy,6,,,,,2011,2011-11-04,2011-11-06
2011-0439-FRA,Flood,France,6,,2300,,2300,2011,2011-11-06,2011-11-06
2011-0443-PER,Earthquake,Peru,1,106,870,1705,2681,2011,2011-10-28,2011-10-28
2011-0444-USA,Storm,United States of America,29,,,,,2011,2011-10-29,2011-10-31
2011-0445-PHL,Earthquake,Philippines,,3,25,,28,2011,2011-11-07,2011-11-07
2011-0453-IRL,Flood,Ireland,2,,600,,600,2011,2011-10-25,2011-10-25
2011-0454-JPN,Storm,Japan,68,,1300,,1300,2011,2011-09-02,2011-09-04
2011-0456-USA,Storm,United States of America,15,,600,,600,2011,2011-09-04,2011-09-09
2011-0457-THA,Epidemic,Thailand,27,,37728,,37728,2011,,
2011-0460-MEX,Storm,Mexico,10,,,,,2011,2011-09-09,2011-09-09
2011-0462-MLI,Flood,Mali,1,,15415,,15415,2011,2011-08-01,2011-09-08
2011-0463-GIN,Flood,Guinea,,,16143,4000,20143,2011,,
2011-0467-TUR,Earthquake,Türkiye,40,30,,75,105,2011,2011-11-09,2011-11-09
2011-0468-PHL,Flood,Philippines,5,13,16178,,16191,2011,2011-11-14,2011-11-17
2011-0469-PHL,Flood,Philippines,,,8610,,8610,2011,2011-11-09,2011-11-14
2011-0473-IND,Flood,India,42,,2100000,,2100000,2011,2011-09-05,2011-09-15
2011-0475-ESP,Flood,Spain,1,,2400,,2400,2011,2011-11-07,2011-11-07
2011-0476-KEN,Flood,Kenya,,,,5000,5000,2011,2011-11-04,2011-11-04
2011-0476-SOM,Flood,Somalia,,,2800,,2800,2011,2011-11-04,2011-11-04
2011-0484-LKA,Storm,Sri Lanka,22,41,35000,,35041,2011,2011-11-24,2011-11-27
2011-0486-NOR,Storm,Norway,4,,500,,500,2011,2011-11-26,2011-11-27
2011-0487-CAF,Flood,Central African Republic,,,2935,,2935,2011,2011-10-11,2011-10-11
2011-0493-IDN,Mass movement (wet),Indonesia,34,,,,,2011,2011-11-30,2011-11-30
2011-0497-LKA,Epidemic,Sri Lanka,167,,26343,,26343,2011,,2011-12-02
2011-0504-KEN,Flood,Kenya,25,,91692,,91692,2011,2011-11-29,2011-12-22
2011-0506-IDN,Volcanic activity,Indonesia,,,,6000,6000,2011,2011-07-11,2011-07-17
2011-0510-NPL,Mass movement (wet),Nepal,16,,,,,2011,2011-07-15,2011-07-15
2011-0512-MEX,Earthquake,Mexico,2,2,150,,152,2011,2011-12-11,2011-12-11
2011-0513-GTM,Extreme temperature,Guatemala,,,2643,,2643,2011,,
2011-0516-COD,Flood,Democratic Republic of the Congo,,,,2000,2000,2011,,
2011-0517-COD,Flood,Democratic Republic of the Congo,,,6000,,6000,2011,,
2011-0518-CHE,Storm,Switzerland,,3,,,3,2011,2011-12-16,2011-12-16
2011-0518-FRA,Storm,France,,,,,,2011,2011-12-15,2011-12-16
2011-0519-PHL,Storm,Philippines,1439,6071,1144229,,1150300,2011,2011-12-15,2011-12-18
2011-0523-AGO,Flood,Angola,,,5500,,5500,2011,2011-12-15,2012-01-09
2011-0525-BGD,Extreme temperature,Bangladesh,12,,2000,,2000,2011,2011-12-13,2011-12-18
2011-0526-AGO,Flood,Angola,,,20000,100,20100,2011,,
2011-0528-DOM,Epidemic,Dominican Republic,1,220,,,220,2011,2011-12-07,2011-12-14
2011-0535-TZA,Flood,United Republic of Tanzania,20,200,50000,,50200,2011,2011-12-20,2011-12-22
2011-0540-PHL,Flood,Philippines,12,9,171800,,171809,2011,2011-12-25,2011-12-28
2011-0542-PHL,Flood,Philippines,10,,39520,,39520,2011,2011-12-21,2011-12-21
2011-0543-NPL,Mass movement (wet),Nepal,13,,,,,2011,2011-07-20,2011-07-20
2011-0545-PHL,Epidemic,Philippines,33,,6778,,6778,2011,2011-01-01,
2011-0546-SEN,Flood,Senegal,,6,5214,,5220,2011,2011-08-01,2011-08-01
2011-0555-PHL,Storm,Philippines,,,446907,,446907,2011,2011-05-20,2011-05-29
2011-0556-PER,Flood,Peru,1,,3000,,3000,2011,2011-05-26,2011-05-26
2011-0562-PHL,Flood,Philippines,,,30858,,30858,2011,2011-05-05,2011-05-05
2011-0563-PHL,Epidemic,Philippines,20,,563,,563,2011,2011-03-01,2011-04-18
2011-0564-PHL,Volcanic activity,Philippines,,,1315,,1315,2011,2011-03-17,2011-04-18
2011-0566-IND,Storm,India,47,,,250000,250000,2011,2011-12-29,2011-12-30
2011-0568-IDN,Volcanic activity,Indonesia,3,5,2368,,2373,2011,2011-12-04,2011-12-27
2011-0569-VEN,Flood,Venezuela (Bolivarian Republic of),,,1668,,1668,2011,2011-12-01,2011-12-01
2011-0570-PAN,Flood,Panama,,,2000,,2000,2011,2011-11-10,2011-11-10
2011-0573-JPN,Extreme temperature,Japan,36,22000,,,22000,2011,,
2011-0574-JPN,Storm,Japan,5,55,,,55,2011,2011-07-19,2011-07-19
2011-0575-IDN,Flood,Indonesia,18,,3000,,3000,2011,2011-04-01,2011-04-10
2011-0576-CHN,Storm,China,,,,,,2011,2011-06-19,2011-06-24
2011-0576-PHL,Storm,Philippines,,,,,,2011,2011-06-14,2011-06-20
2011-0576-VNM,Storm,Viet Nam,,,,,,2011,2011-06-19,2011-06-24
2011-0582-NGA,Flood,Nigeria,10,,,,,2011,2011-10-20,2011-10-28
2011-0583-PER,Storm,Peru,16,,,,,2011,2011-01-11,2011-01-15
2011-0584-CHL,Wildfire,Chile,1,,,1082,1082,2011,2011-12-29,2012-01-06
2011-0586-BGD,Mass movement (wet),Bangladesh,17,,,,,2011,2011-07-04,2011-07-04
2011-0588-PHL,Flood,Philippines,,,469,,469,2011,2011-07-20,2011-07-20
2011-0589-GTM,Flood,Guatemala,5,,,,,2011,2011-07-18,2011-07-18
2011-0589-MEX,Flood,Mexico,3,,190000,,190000,2011,2011-07-18,2011-07-18
2011-0590-LKA,Flood,Sri Lanka,,,8600,,8600,2011,2011-05-29,2011-05-29
2011-0591-BGD,Storm,Bangladesh,13,121,,,121,2011,2011-04-04,2011-04-04
2011-0592-PHL,Flood,Philippines,2,,871,,871,2011,2011-03-31,2011-03-31
2011-0593-IND,Storm,India,17,,,,,2011,2011-04-15,2011-04-15
2011-0598-NER,Flood,Niger,9,,,28175,28175,2011,2011-08-17,2011-09-02
2011-0600-SLE,Flood,Sierra Leone,21,,,,,2011,2011-08-10,2011-08-11
2011-0601-CHN,Earthquake,China,,26,855,735,1616,2011,2011-08-11,2011-08-11
2011-0603-IDN,Flood,Indonesia,10,,54,,54,2011,2011-12-18,2011-12-22
2011-0607-USA,Storm,United States of America,11,,,,,2011,2011-01-07,2011-01-12
2011-0608-USA,Storm,United States of America,10,,,,,2011,2011-01-17,2011-01-24
2011-0609-USA,Storm,United States of America,9,,,,,2011,2011-04-03,2011-04-05
2011-0610-USA,Flood,United States of America,9,,,,,2011,2011-04-18,2011-05-23
2011-0611-USA,Storm,United States of America,7,,,,,2011,2011-08-13,2011-08-14
2011-0617-TZA,Flood,United Republic of Tanzania,8,,9000,,9000,2011,2011-04-09,2011-05-19
2011-0619-VEN,Flood,Venezuela (Bolivarian Republic of),9,,,,,2011,2011-04-15,2011-04-25
2011-0626-BRA,Flood,Brazil,33,,,14000,14000,2011,,
2011-0627-NPL,Extreme temperature,Nepal,,,25000,,25000,2011,,
2011-0628-POL,Extreme temperature,Poland,26,,,,,2011,,
2011-0629-MWI,Flood,Malawi,,,26350,,26350,2011,,2012-01-15
2011-0630-CAN,Wildfire,Canada,1,,,7000,7000,2011,2011-05-14,2011-05-16
2011-0631-ETH,Flood,Ethiopia,,,40200,,40200,2011,2011-11-07,2011-11-15
2011-0632-AFG,Flood,Afghanistan,37,45,,9700,9745,2011,2011-05-01,2011-05-08
2011-0633-MEX,Flood,Mexico,74,,,40000,40000,2011,2011-08-23,2011-09-07
2011-0634-TZA,Flood,United Republic of Tanzania,9,,,6776,6776,2011,2011-12-04,2011-12-04
2011-0635-VEN,Flood,Venezuela (Bolivarian Republic of),8,,,2000,2000,2011,2011-12-06,2011-12-12
2011-0637-SDN,Storm,Sudan,20,30,,,30,2011,2011-08-03,2011-08-03
2011-0638-ZAF,Storm,South Africa,5,50,,3500,3550,2011,2011-12-31,2011-12-31
2011-0639-USA,Wildfire,United States of America,2,,,,,2011,2011-05-29,2011-06-23
2011-0640-AUS,Wildfire,Australia,,,120,,120,2011,2011-08-23,2011-08-24
2011-0641-NPL,Extreme temperature,Nepal,42,,,,,2011,2011-01-11,2011-01-19
2011-0642-AFG,Storm,Afghanistan,21,5,,,5,2011,2011-02-10,2011-02-14
2011-0643-IND,Extreme temperature,India,132,,,,,2011,2011-12-16,2011-12-31
2011-0644-PRY,Storm,Paraguay,,,,2000,2000,2011,2011-08-08,2011-08-08
2011-0645-IDN,Flood,Indonesia,13,,,3000,3000,2011,2011-03-17,2011-03-31
2011-0646-USA,Flood,United States of America,5,,,11000,11000,2011,2011-05-15,2011-06-30
2011-0647-IND,Flood,India,50,,,,,2011,2011-06-15,2011-07-16
2011-0660-PER,Flood,Peru,65,107,809838,,809945,2011,,
2011-0661-CHL,Extreme temperature,Chile,,,25475,,25475,2011,2011-07-13,2011-07-19
2011-0663-JPN,Flood,Japan,6,,2000,,2000,2011,2011-07-29,2011-07-31
2011-9312-AFG,Drought,Afghanistan,,,1750000,,1750000,2011,,
2011-9363-MEX,Drought,Mexico,,,2500000,,2500000,2011,,
2011-9363-USA,Drought,United States of America,,,,,,2011,,
2011-9390-TUV,Drought,Tuvalu,,,,,,2011,,
2011-9415-TZA,Drought,United Republic of Tanzania,,,1000000,,1000000,2011,,
2011-9524-BFA,Drought,Burkina Faso,,,2850000,,2850000,2011,,
2011-9529-NER,Drought,Niger,,,3000000,,3000000,2011,,
2011-9560-SEN,Drought,Senegal,,,850000,,850000,2011,,
2011-9629-LSO,Drought,Lesotho,,,725515,,725515,2011,,
2011-9661-MLI,Drought,Mali,,,3500000,,3500000,2011,,
2011-9662-MRT,Drought,Mauritania,,,723000,,723000,2011,,
2011-9663-ETH,Drought,Ethiopia,,,1000000,,1000000,2012,,
2011-9663-KEN,Drought,Kenya,,,3750000,,3750000,2011,,
2011-9663-SDN,Drought,Sudan,,,3200000,,3200000,2012,,
2011-9663-SOM,Drought,Somalia,,,3000000,,3000000,2012,,
2012-0002-PHL,Mass movement (wet),Philippines,75,16,7,,23,2012,2012-01-05,2012-01-05
2012-0005-MDG,Storm,Madagascar,,,300,,300,2012,2012-01-24,2012-01-24
2012-0005-MOZ,Storm,Mozambique,10,,65000,,65000,2012,2012-01-20,2012-01-22
2012-0005-MWI,Storm,Malawi,,,6000,,6000,2012,,
2012-0006-MOZ,Storm,Mozambique,20,42,40000,,40042,2012,2012-01-18,2012-01-18
2012-0006-ZAF,Storm,South Africa,,,1350,,1350,2012,,
2012-0009-PHL,Flood,Philippines,4,,88570,,88570,2012,2012-01-17,2012-01-17
2012-0010-USA,Storm,United States of America,2,100,,,100,2012,2012-01-22,2012-01-23
2012-0012-ALB,Extreme temperature,Albania,5,,230000,,230000,2012,,
2012-0012-SRB,Extreme temperature,Serbia,9,,18234,,18234,2012,2012-01-06,
2012-0013-AFG,Mass movement (wet),Afghanistan,29,40,,,40,2012,2012-01-18,2012-01-18
2012-0015-IND,Extreme temperature,India,15,,,,,2012,2012-01-15,2012-01-17
2012-0019-AUT,Extreme temperature,Austria,5,,,,,2012,,
2012-0019-AZE,Extreme temperature,Azerbaijan,5,,,,,2012,,
2012-0019-BEL,Extreme temperature,Belgium,3,,,,,2012,,
2012-0019-BGR,Extreme temperature,Bulgaria,30,,,,,2012,,
2012-0019-BIH,Extreme temperature,Bosnia and Herzegovina,4,,10347,,10347,2012,2012-02-02,2012-02-07
2012-0019-BLR,Extreme temperature,Belarus,,30,100,,130,2012,,
2012-0019-CHE,Extreme temperature,Switzerland,,,,,,2012,2012-02-07,2012-02-07
2012-0019-CZE,Extreme temperature,Czechia,25,,,,,2012,,
2012-0019-DEU,Extreme temperature,Germany,4,,,,,2012,,
2012-0019-EST,Extreme temperature,Estonia,1,,,,,2012,,
2012-0019-FRA,Extreme temperature,France,12,,,,,2012,,
2012-0019-GRC,Extreme temperature,Greece,5,,,,,2012,,
2012-0019-HRV,Extreme temperature,Croatia,3,,,,,2012,,
2012-0019-HUN,Extreme temperature,Hungary,16,,,,,2012,,
2012-0019-ITA,Extreme temperature,Italy,45,,,,,2012,,
2012-0019-LTU,Extreme temperature,Lithuania,24,,,,,2012,,
2012-0019-LVA,Extreme temperature,Latvia,10,,,,,2012,,
2012-0019-MDA,Extreme temperature,Republic of Moldova,10,,7374,,7374,2012,2012-01-30,2012-02-05
2012-0019-MKD,Extreme temperature,North Macedonia,1,,5100,,5100,2012,,
2012-0019-MNE,Extreme temperature,Montenegro,1,,4500,,4500,2012,,
2012-0019-NLD,Extreme temperature,Netherlands (Kingdom of the),1,,,,,2012,,
2012-0019-POL,Extreme temperature,Poland,82,,,,,2012,2012-01-27,
2012-0019-ROU,Extreme temperature,Romania,86,239,7300,,7539,2012,2012-01-23,2012-02-16
2012-0019-RUS,Extreme temperature,Russian Federation,64,,,,,2012,2012-01-01,
2012-0019-SRB,Extreme temperature,Serbia,10,,70000,,70000,2012,2012-01-28,
2012-0019-SVK,Extreme temperature,Slovakia,5,,,,,2012,,
2012-0019-UKR,Extreme temperature,Ukraine,112,2500,85000,,87500,2012,2012-01-27,
2012-0020-PER,Earthquake,Peru,,145,2905,1385,4435,2012,2012-01-30,2012-01-30
2012-0023-NAM,Flood,Namibia,,,650,,650,2012,2012-01-24,2012-01-24
2012-0024-FJI,Flood,Fiji,10,,4561,,4561,2012,2012-01-22,2012-02-06
2012-0027-JPN,Storm,Japan,134,1991,5775,,7766,2012,2012-01-01,2012-01-31
2012-0029-AUS,Flood,Australia,2,,13000,,13000,2012,2012-01-22,2012-03-07
2012-0031-PHL,Earthquake,Philippines,113,112,320165,,320277,2012,2012-02-06,2012-02-06
2012-0032-NGA,Epidemic,Nigeria,10,,29,,29,2012,2012-01-11,2012-01-20
2012-0033-BGR,Flood,Bulgaria,5,,37950,,37950,2012,2012-02-01,2012-02-06
2012-0034-DZA,Flood,Algeria,49,45,,,45,2012,2012-02-03,2012-02-14
2012-0037-AUS,Flood,Australia,2,,3000,,3000,2012,2012-02-24,2012-03-16
2012-0042-PHL,Flood,Philippines,,,569,,569,2012,2012-02-14,2012-02-16
2012-0043-MDG,Storm,Madagascar,35,284,250000,,250284,2012,2012-02-14,2012-02-15
2012-0045-MAR,Extreme temperature,Morocco,,,7500,,7500,2012,,
2012-0046-COD,Flood,Democratic Republic of the Congo,1,,3525,1010,4535,2012,2012-01-15,2012-01-22
2012-0049-IND,Mass movement (dry),India,16,,,,,2012,2012-02-23,2012-02-23
2012-0050-AFG,Extreme temperature,Afghanistan,45,68,,,68,2012,2012-01-16,2012-01-17
2012-0050-TJK,Extreme temperature,Tajikistan,1,,,,,2012,,
2012-0051-BOL,Flood,Bolivia (Plurinational State of),13,,69085,,69085,2012,,
2012-0052-PNG,Mass movement (wet),Papua New Guinea,60,,,,,2012,2012-01-24,2012-01-24
2012-0055-USA,Storm,United States of America,14,200,,,200,2012,2012-02-28,2012-02-29
2012-0056-MDG,Storm,Madagascar,77,15,85000,,85015,2012,2012-02-26,2012-02-26
2012-0056-MOZ,Storm,Mozambique,3,13,4945,,4958,2012,2012-03-03,2012-03-07
2012-0058-CAF,Storm,Central African Republic,,23,,1920,1943,2012,2012-02-15,2012-02-19
2012-0059-KAZ,Flood,Kazakhstan,,,9400,,9400,2012,2012-02-18,2012-02-20
2012-0060-USA,Storm,United States of America,41,400,,,400,2012,2012-03-02,2012-03-04
2012-0066-PSE,Flood,State of Palestine,,,1500,,1500,2012,2012-02-28,2012-03-02
2012-0067-AFG,Mass movement (wet),Afghanistan,37,6,,,6,2012,2012-03-05,2012-03-05
2012-0068-CAN,Flood,Canada,,,1500,,1500,2012,2012-03-25,2012-03-30
2012-0069-FJI,Flood,Fiji,5,,14984,,14984,2012,2012-03-29,2012-03-30
2012-0070-CHL,Flood,Chile,,,4300,,4300,2012,2012-03-01,2012-03-15
2012-0071-ECU,Flood,Ecuador,29,70,71790,,71860,2012,2012-01-01,2012-03-26
2012-0072-TZA,Flood,United Republic of Tanzania,10,,,,,2012,2012-03-01,2012-03-07
2012-0075-BRA,Flood,Brazil,3,,80500,8500,89000,2012,2012-02-20,2012-03-26
2012-0078-PHL,Flood,Philippines,,,25000,,25000,2012,2012-02-20,2012-02-27
2012-0080-GRC,Flood,Greece,1,,200,,200,2012,2012-02-03,2012-02-06
2012-0081-COD,Epidemic,Democratic Republic of the Congo,40,,600,,600,2012,,
2012-0082-BGD,Storm,Bangladesh,25,121,,55000,55121,2012,2012-04-06,2012-04-06
2012-0084-PAK,Mass movement (wet),Pakistan,135,,,,,2012,2012-04-07,2012-04-07
2012-0087-ARG,Storm,Argentina,18,20,,2000,2020,2012,2012-04-04,2012-04-04
2012-0089-PRY,Flood,Paraguay,,,78945,,78945,2012,2012-03-15,
2012-0094-COL,Epidemic,Colombia,,,23235,,23235,2012,,
2012-0095-ECU,Epidemic,Ecuador,11,,6967,,6967,2012,,
2012-0097-IDN,Earthquake,Indonesia,7,107,,,107,2012,2012-04-11,2012-04-11
2012-0098-RUS,Wildfire,Russian Federation,2,346,,252,598,2012,2012-04-20,2012-04-20
2012-0102-AFG,Flood,Afghanistan,,,230,,230,2012,2012-04-10,2012-04-10
2012-0108-TCD,Epidemic,Chad,88,,1708,,1708,2012,,2012-03-25
2012-0110-UGA,Epidemic,Uganda,118,,5279,,5279,2012,2012-01-01,2012-09-01
2012-0111-RUS,Flood,Russian Federation,,,11871,,11871,2012,2012-04-22,2012-04-27
2012-0112-TJK,Flood,Tajikistan,,,5556,,5556,2012,,
2012-0113-COM,Flood,Comoros,4,150,64987,,65137,2012,2012-04-20,2012-04-28
2012-0114-DOM,Flood,Dominican Republic,,,,11500,11500,2012,2012-04-23,2012-04-25
2012-0114-HTI,Flood,Haiti,9,,11000,,11000,2012,2012-04-08,2012-04-26
2012-0120-JPN,Storm,Japan,4,372,,,372,2012,2012-04-03,2012-04-04
2012-0122-USA,Storm,United States of America,,,3300,,3300,2012,2012-04-02,2012-04-03
2012-0124-MEX,Earthquake,Mexico,2,11,45000,4000,49011,2012,2012-03-20,2012-03-20
2012-0126-CHL,Earthquake,Chile,1,14,24283,,24297,2012,2012-03-25,2012-03-25
2012-0130-RWA,Flood,Rwanda,5,,11160,,11160,2012,2012-04-09,2012-04-18
2012-0136-CHN,Flood,China,53,,185000,,185000,2012,2012-05-08,2012-05-16
2012-0142-ITA,Earthquake,Italy,7,50,11000,,11050,2012,2012-05-20,2012-05-20
2012-0143-AFG,Flood,Afghanistan,74,300,27469,,27769,2012,2012-05-18,2012-05-18
2012-0148-MWI,Flood,Malawi,,,26350,,26350,2012,2012-03-23,2012-03-24
2012-0151-TJK,Earthquake,Tajikistan,2,,2531,,2531,2012,2012-05-13,2012-05-13
2012-0152-BGR,Earthquake,Bulgaria,,70,140,,210,2012,2012-05-22,2012-05-22
2012-0154-AFG,Flood,Afghanistan,,1,13150,,13151,2012,2012-05-20,2012-05-20
2012-0156-USA,Storm,United States of America,6,30,,267,297,2012,2012-04-14,2012-04-15
2012-0161-CAF,Storm,Central African Republic,,,,1950,1950,2012,,
2012-0162-ITA,Earthquake,Italy,17,350,,14000,14350,2012,2012-05-29,2012-05-29
2012-0164-AFG,Earthquake,Afghanistan,75,13,2965,570,3548,2012,2012-06-11,2012-06-11
2012-0165-GEO,Flood,Georgia,5,18,100000,,100018,2012,2012-05-12,2012-05-16
2012-0166-KEN,Flood,Kenya,73,,280670,,280670,2012,2012-04-20,2012-05-16
2012-0167-DOM,Epidemic,Dominican Republic,167,,26090,,26090,2012,2012-04-12,2012-04-16
2012-0171-PHL,Flood,Philippines,,,12300,,12300,2012,2012-06-11,2012-06-11
2012-0172-PHL,Flood,Philippines,1,,700,,700,2012,2012-06-09,2012-06-12
2012-0173-CHN,Flood,China,91,,17440000,,17440000,2012,2012-06-22,2012-07-02
2012-0175-BGD,Flood,Bangladesh,139,,5148475,,5148475,2012,2012-06-24,2012-07-02
2012-0176-USA,Storm,United States of America,9,1,17000,,17001,2012,2012-06-22,2012-06-27
2012-0177-USA,Flood,United States of America,2,,300,,300,2012,2012-06-09,2012-06-12
2012-0178-TWN,Flood,Taiwan (Province of China),6,,35000,,35000,2012,2012-06-09,2012-06-12
2012-0179-IND,Flood,India,120,,2200000,,2200000,2012,2012-06-26,2012-07-13
2012-0183-AFG,Flood,Afghanistan,20,,,,,2012,2012-05-12,2012-05-16
2012-0185-BRA,Flood,Brazil,,,210000,,210000,2012,2012-05-01,2012-05-20
2012-0186-NPL,Flood,Nepal,72,5,,,5,2012,2012-05-05,2012-05-07
2012-0187-COL,Flood,Colombia,17,,56000,,56000,2012,2012-04-20,2012-04-26
2012-0188-SAU,Flood,Saudi Arabia,19,,,,,2012,2012-04-14,2012-04-18
2012-0190-CHN,Earthquake,China,4,394,33840,,34234,2012,2012-06-24,2012-06-24
2012-0191-AZE,Earthquake,Azerbaijan,,50,15500,,15550,2012,2012-05-07,2012-05-07
2012-0194-TUR,Flood,Türkiye,13,,,,,2012,2012-07-04,2012-07-04
2012-0195-JPN,Flood,Japan,30,,48135,,48135,2012,2012-07-12,2012-07-13
2012-0197-CHN,Flood,China,132,,13119000,,13119000,2012,2012-04-28,2012-05-15
2012-0199-CHN,Flood,China,,,220000,,220000,2012,2012-07-11,2012-07-11
2012-0200-CHN,Flood,China,,,53000,,53000,2012,,
2012-0201-PHL,Epidemic,Philippines,30,,3158,,3158,2012,,
2012-0206-POL,Storm,Poland,1,10,300,,310,2012,2012-07-14,2012-07-15
2012-0213-RUS,Flood,Russian Federation,172,3910,22000,5500,31410,2012,2012-07-11,2012-07-11
2012-0214-USA,Extreme temperature,United States of America,123,,,,,2012,2012-06-30,2012-07-19
2012-0215-UGA,Mass movement (wet),Uganda,18,64,,3368,3432,2012,2012-06-24,2012-06-24
2012-0217-COD,Epidemic,Democratic Republic of the Congo,20,,201,,201,2012,,
2012-0219-GAB,Flood,Gabon,1,,77845,,77845,2012,,
2012-0226-AFG,Flood,Afghanistan,35,10,1845,2445,4300,2012,2012-06-18,2012-06-20
2012-0232-USA,Wildfire,United States of America,2,,,1038,1038,2012,2012-06-23,2012-07-10
2012-0234-USA,Storm,United States of America,1,,,,,2012,2012-06-30,2012-06-30
2012-0236-DOM,Flood,Dominican Republic,,,3070,,3070,2012,2012-05-07,2012-05-07
2012-0237-HTI,Flood,Haiti,16,,7600,,7600,2012,,
2012-0238-COL,Flood,Colombia,48,,,8000,8000,2012,2012-03-15,2012-05-14
2012-0241-VEN,Flood,Venezuela (Bolivarian Republic of),,,11000,,11000,2012,2012-05-08,2012-05-11
2012-0242-SLB,Flood,Solomon Islands,,,4836,,4836,2012,2012-02-01,2012-06-03
2012-0243-RUS,Flood,Russian Federation,,,2406,,2406,2012,2012-04-10,2012-04-10
2012-0249-IDN,Mass movement (wet),Indonesia,20,100,115,,215,2012,2012-05-24,2012-05-27
2012-0250-IDN,Mass movement (wet),Indonesia,12,,,,,2012,2012-05-24,2012-05-24
2012-0251-CUB,Flood,Cuba,2,,2859,141,3000,2012,2012-05-24,2012-05-27
2012-0256-PER,Extreme temperature,Peru,252,,30113,,30113,2012,,
2012-0258-PRK,Flood,Democratic People's Republic of Korea,88,144,92945,,93089,2012,2012-07-18,2012-07-29
2012-0259-CHN,Storm,China,8,,58500,,58500,2012,2012-07-24,2012-07-24
2012-0259-VNM,Storm,Viet Nam,10,3,,,3,2012,2012-07-26,2012-07-27
2012-0260-CHN,Storm,China,34,,183630,48540,232170,2012,2012-08-08,2012-08-08
2012-0260-PHL,Storm,Philippines,58,35,949051,,949086,2012,2012-07-31,2012-08-07
2012-0260-TWN,Storm,Taiwan (Province of China),6,,,,,2012,2012-08-02,2012-08-02
2012-0261-UGA,Epidemic,Uganda,35,116,,,116,2012,2012-08-03,2012-08-24
2012-0266-IDN,Flood,Indonesia,8,,625,,625,2012,2012-07-24,2012-07-24
2012-0272-PHL,Flood,Philippines,112,14,4451711,,4451725,2012,2012-08-06,2012-08-08
2012-0275-IRN,Earthquake,Iran (Islamic Republic of),306,2006,59540,,61546,2012,2012-08-11,2012-08-11
2012-0276-MEX,Storm,Mexico,12,,,,,2012,2012-08-10,2012-08-10
2012-0279-ESP,Wildfire,Spain,4,6,,,6,2012,2012-07-22,2012-07-27
2012-0280-SDN,Flood,Sudan,35,135,135000,,135135,2012,2012-08-01,2012-08-12
2012-0281-CRI,Flood,Costa Rica,6,,9523,,9523,2012,2012-07-29,2012-07-29
2012-0282-CHN,Storm,China,3,7,6000000,,6000007,2012,2012-08-08,2012-08-08
2012-0283-CHN,Storm,China,15,,3790000,,3790000,2012,2012-08-02,2012-08-08
2012-0287-GIN,Epidemic,Guinea,105,,5523,,5523,2012,2012-02-02,2012-09-01
2012-0292-CHN,Flood,China,151,,1000000,,1000000,2012,2012-07-21,2012-07-24
2012-0294-CHN,Storm,China,2,,107500,,107500,2012,2012-08-17,2012-08-17
2012-0294-PHL,Storm,Philippines,4,,,,,2012,2012-08-17,2012-08-17
2012-0294-VNM,Storm,Viet Nam,17,14,59320,1145,60479,2012,2012-08-17,2012-08-17
2012-0295-SLE,Epidemic,Sierra Leone,300,,23009,,23009,2012,2012-01-01,2013-01-08
2012-0296-PHL,Storm,Philippines,11,1,5606,,5607,2012,2012-08-20,2012-08-21
2012-0302-NER,Flood,Niger,91,,530952,,530952,2012,2012-07-15,2012-10-15
2012-0313-CUB,Storm,Cuba,1,,45496,,45496,2012,2012-08-25,2012-08-25
2012-0313-DOM,Storm,Dominican Republic,5,,20515,,20515,2012,2012-08-25,2012-08-25
2012-0313-HTI,Storm,Haiti,13,7,8000,,8007,2012,2012-08-25,2012-08-29
2012-0313-PRI,Storm,Puerto Rico,,,,,,2012,2012-08-25,2012-08-25
2012-0313-USA,Storm,United States of America,1,,60000,,60000,2012,2012-08-28,2012-08-29
2012-0318-SEN,Flood,Senegal,19,,57000,,57000,2012,2012-08-15,2012-08-31
2012-0319-MMR,Flood,Myanmar,2,,85000,,85000,2012,2012-07-15,2012-08-29
2012-0320-BEN,Flood,Benin,4,,55000,,55000,2012,2012-09-01,2012-10-31
2012-0321-PHL,Earthquake,Philippines,,1,4000,,4001,2012,2012-09-04,2012-09-04
2012-0322-IND,Flood,India,37,,,37500,37500,2012,2012-08-21,2012-08-23
2012-0324-COD,Epidemic,Democratic Republic of the Congo,36,33,,,33,2012,2012-08-17,2012-10-19
2012-0325-PAK,Flood,Pakistan,12,,,,,2012,2012-09-04,2012-09-04
2012-0334-IND,Flood,India,30,,1200,,1200,2012,2012-08-04,2012-08-09
2012-0337-BFA,Flood,Burkina Faso,18,,,21000,21000,2012,2012-06-15,2012-09-05
2012-0338-CHN,Earthquake,China,,52,155000,,155052,2012,2012-06-29,2012-06-29
2012-0343-CRI,Earthquake,Costa Rica,2,225,537,,762,2012,2012-09-05,2012-09-05
2012-0347-TCD,Flood,Chad,20,,594831,,594831,2012,2012-07-15,2012-09-24
2012-0349-PNG,Flood,Papua New Guinea,5,,200000,,200000,2012,2012-09-01,2012-09-20
2012-0350-CHN,Earthquake,China,81,821,744000,,744821,2012,2012-09-07,2012-09-07
2012-0351-VNM,Flood,Viet Nam,34,40,,17500,17540,2012,2012-09-02,2012-09-11
2012-0354-IND,Flood,India,45,,200,,200,2012,2012-09-16,2012-09-18
2012-0356-GTM,Volcanic activity,Guatemala,,,10000,,10000,2012,2012-09-13,2012-09-13
2012-0357-COD,Epidemic,Democratic Republic of the Congo,512,,22792,,22792,2012,2012-01-01,2012-08-26
2012-0358-GHA,Epidemic,Ghana,38,,4975,,4975,2012,2012-01-01,2012-09-01
2012-0359-NER,Epidemic,Niger,81,,4433,,4433,2012,2012-01-01,2012-10-17
2012-0360-ZMB,Epidemic,Zambia,2,,153,,153,2012,2012-08-03,2012-08-27
2012-0362-CMR,Flood,Cameroon,15,,,31980,31980,2012,2012-08-25,2012-08-31
2012-0363-PAK,Flood,Pakistan,480,2902,5046462,,5049364,2012,,2012-10-29
2012-0366-NGA,Flood,Nigeria,363,867,7000000,,7000867,2012,2012-07-01,2012-10-31
2012-0374-PHL,Storm,Philippines,4,,7921,,7921,2012,2012-09-21,2012-09-24
2012-0375-THA,Flood,Thailand,,,235545,,235545,2012,2012-08-15,2012-09-30
2012-0378-IDN,Flood,Indonesia,,,1150,,1150,2012,2012-09-12,2012-09-12
2012-0380-UGA,Flood,Uganda,,,15000,,15000,2012,2012-08-20,2012-09-07
2012-0382-BGD,Flood,Bangladesh,,,250000,,250000,2012,2012-09-21,2012-09-28
2012-0382-IND,Flood,India,21,,2000000,,2000000,2012,2012-09-19,2012-09-23
2012-0384-TCD,Flood,Chad,,,18800,,18800,2012,2012-09-15,2012-10-15
2012-0385-BGD,Storm,Bangladesh,108,183,129375,,129558,2012,2012-10-10,2012-10-10
2012-0386-PER,Mass movement (wet),Peru,22,,,,,2012,2012-10-17,2012-10-17
2012-0389-NER,Epidemic,Niger,16,,441,,441,2012,2012-10-05,2012-10-17
2012-0396-PHL,Flood,Philippines,11,,,4835,4835,2012,2012-03-27,2012-03-27
2012-0397-CHN,Earthquake,China,1,2,2530,78,2610,2012,2012-07-20,2012-07-20
2012-0398-IDN,Earthquake,Indonesia,6,43,5485,2355,7883,2012,2012-08-18,2012-08-18
2012-0400-NIC,Flood,Nicaragua,9,,29500,,29500,2012,2012-05-15,2012-05-31
2012-0401-MEX,Storm,Mexico,7,,87000,,87000,2012,2012-06-15,2012-06-15
2012-0402-PER,Flood,Peru,14,29,,50000,50029,2012,2012-02-08,2012-03-13
2012-0406-CHN,Storm,China,1,,126000,,126000,2012,2012-10-28,2012-10-28
2012-0406-PHL,Storm,Philippines,36,19,108021,,108040,2012,2012-10-25,2012-10-25
2012-0406-VNM,Storm,Viet Nam,11,90,,278400,278490,2012,2012-10-28,2012-10-28
2012-0407-GTM,Earthquake,Guatemala,44,178,1321564,,1321742,2012,2012-11-07,2012-11-07
2012-0410-BHS,Storm,Bahamas,1,,,,,2012,2012-10-24,2012-10-24
2012-0410-CUB,Storm,Cuba,11,,,162605,162605,2012,2012-10-22,2012-10-22
2012-0410-DOM,Storm,Dominican Republic,3,,22000,,22000,2012,2012-10-24,2012-10-24
2012-0410-HTI,Storm,Haiti,75,20,168500,33330,201850,2012,2012-10-24,2012-10-26
2012-0410-JAM,Storm,Jamaica,1,,215850,,215850,2012,2012-10-24,2012-10-24
2012-0410-USA,Storm,United States of America,54,,,,,2012,2012-10-28,2012-10-28
2012-0411-HTI,Epidemic,Haiti,21,,2224,,2224,2012,2012-10-26,2012-11-06
2012-0413-POL,Extreme temperature,Poland,14,,,,,2012,2012-10-28,2012-12-01
2012-0414-JPN,Storm,Japan,,,,,,2012,2012-08-25,2012-08-25
2012-0414-KOR,Storm,Republic of Korea,20,,,,,2012,2012-08-28,2012-08-28
2012-0414-PRK,Storm,Democratic People's Republic of Korea,59,1,10960,33500,44461,2012,2012-08-28,2012-08-30
2012-0415-GHA,Epidemic,Ghana,38,,466,,466,2012,2012-01-01,2012-07-16
2012-0416-KGZ,Flood,Kyrgyzstan,,,11000,,11000,2012,2012-04-23,2012-04-29
2012-0417-MMR,Earthquake,Myanmar,38,231,1255,,1486,2012,2012-11-11,2012-11-11
2012-0420-ARG,Storm,Argentina,1,10,7500,,7510,2012,2012-10-29,2012-10-31
2012-0425-IND,Storm,India,40,,70000,,70000,2012,2012-11-04,2012-11-08
2012-0425-LKA,Storm,Sri Lanka,,,,69000,69000,2012,2012-10-29,2012-10-31
2012-0426-IDN,Flood,Indonesia,13,,15210,,15210,2012,2012-11-07,2012-11-09
2012-0431-PHL,Earthquake,Philippines,1,10,28869,,28879,2012,2012-08-31,2012-08-31
2012-0432-IDN,Flood,Indonesia,4,5,1040,,1045,2012,2012-08-25,2012-08-25
2012-0434-PHL,Storm,Philippines,1,,1234,,1234,2012,2012-09-13,2012-09-14
2012-0436-CMR,Flood,Cameroon,10,,20000,,20000,2012,2012-08-27,2012-08-27
2012-0441-DZA,Flood,Algeria,20,56,,,56,2012,2012-08-31,2012-09-02
2012-0444-RUS,Flood,Russian Federation,7,,1120,,1120,2012,2012-10-09,2012-10-15
2012-0446-GBR,Flood,United Kingdom of Great Britain and Northern Ireland,3,,1500,,1500,2012,2012-09-23,2012-09-27
2012-0449-ESP,Flood,Spain,10,35,600,,635,2012,2012-09-28,2012-09-29
2012-0451-JPN,Storm,Japan,2,180,18045,,18225,2012,2012-09-29,2012-09-30
2012-0455-CHN,Mass movement (wet),China,19,,,,,2012,2012-10-05,2012-10-05
2012-0457-COL,Flood,Colombia,12,18,17500,,17518,2012,2012-10-05,2012-10-19
2012-0462-PRY,Storm,Paraguay,5,100,25000,,25100,2012,2012-09-18,2012-09-19
2012-0463-PHL,Storm,Philippines,,,322,,322,2012,2012-10-03,2012-10-03
2012-0466-ITA,Flood,Italy,4,,500,700,1200,2012,2012-11-11,2012-11-18
2012-0469-ZAF,Flood,South Africa,13,,125000,,125000,2012,2012-10-24,2012-10-29
2012-0471-IRN,Flood,Iran (Islamic Republic of),7,,1000,,1000,2012,2012-10-12,2012-10-15
2012-0472-SOM,Flood,Somalia,6,,12200,,12200,2012,2012-11-21,2012-11-21
2012-0473-SSD,Flood,South Sudan,15,,3000,,3000,2012,2012-09-07,2012-10-03
2012-0475-PAK,Flood,Pakistan,26,,1200,,1200,2012,2012-08-23,2012-08-29
2012-0476-SSD,Flood,South Sudan,32,,154000,,154000,2012,2012-08-01,2012-08-29
2012-0477-CHN,Flood,China,58,,140000,,140000,2012,2012-07-09,2012-07-25
2012-0479-COG,Flood,Congo,5,,2025,,2025,2012,2012-11-17,2012-11-18
2012-0480-PAN,Flood,Panama,5,,5118,,5118,2012,2012-11-24,2012-11-25
2012-0485-BGR,Extreme temperature,Bulgaria,3,,,,,2012,2012-12-01,2012-12-15
2012-0485-CHE,Extreme temperature,Switzerland,11,,,,,2012,2012-12-07,2012-12-31
2012-0485-CZE,Extreme temperature,Czechia,7,,,,,2012,2012-12-07,2012-12-07
2012-0485-DEU,Extreme temperature,Germany,2,,,,,2012,2012-12-07,2012-12-31
2012-0485-HRV,Extreme temperature,Croatia,4,,,,,2012,2012-12-07,2012-12-31
2012-0485-LTU,Extreme temperature,Lithuania,6,,,,,2012,2012-12-07,2012-12-31
2012-0485-POL,Extreme temperature,Poland,177,,,,,2012,2012-12-01,2012-12-21
2012-0485-RUS,Extreme temperature,Russian Federation,170,1594,,,1594,2012,2012-12-14,2012-12-25
2012-0485-SRB,Extreme temperature,Serbia,6,,,,,2012,2012-12-07,2012-12-31
2012-0485-UKR,Extreme temperature,Ukraine,83,526,,,526,2012,2012-12-07,2012-12-31
2012-0486-USA,Storm,United States of America,7,,,,,2012,2012-12-19,2012-12-21
2012-0488-GBR,Flood,United Kingdom of Great Britain and Northern Ireland,,,585,,585,2012,2012-12-23,2012-12-23
2012-0491-IRQ,Flood,Iraq,4,,,,,2012,2012-12-25,2012-12-26
2012-0493-CAN,Storm,Canada,,,,,,2012,2012-12-24,2012-12-27
2012-0493-USA,Storm,United States of America,17,,,,,2012,2012-12-25,2012-12-27
2012-0494-SDN,Epidemic,Sudan,171,,678,,678,2012,2012-09-02,2013-01-09
2012-0495-UGA,Epidemic,Uganda,3,,585,,585,2012,2012-10-25,2012-12-02
2012-0497-COG,Flood,Congo,14,89,,7500,7589,2012,2012-12-08,2012-12-09
2012-0498-FJI,Storm,Fiji,2,,8400,,8400,2012,2012-12-16,2012-12-18
2012-0498-WLF,Storm,Wallis and Futuna Islands,,2,1250,,1252,2012,2012-12-15,2012-12-15
2012-0498-WSM,Storm,Samoa,12,,12703,,12703,2012,2012-12-13,2012-12-13
2012-0499-PAN,Flood,Panama,1,32,4298,,4330,2012,,
2012-0500-PHL,Storm,Philippines,1901,2666,6243998,,6246664,2012,2012-12-04,2012-12-04
2012-0500-PLW,Storm,Palau,,,,1250,1250,2012,2012-12-02,2012-12-02
2012-0501-HTI,Epidemic,Haiti,29,,3593,,3593,2012,2012-10-31,2012-11-08
2012-0502-IRN,Earthquake,Iran (Islamic Republic of),6,23,5500,,5523,2012,2012-12-05,2012-12-05
2012-0503-USA,Storm,United States of America,28,,,,,2012,2012-06-28,2012-07-02
2012-0504-KHM,Flood,Cambodia,14,,71500,,71500,2012,2012-09-17,2012-09-26
2012-0505-CHN,Flood,China,21,,,,,2012,2012-09-07,2012-09-13
2012-0508-SOM,Flood,Somalia,25,,,20000,20000,2012,2012-09-27,2012-09-28
2012-0509-BGD,Extreme temperature,Bangladesh,72,,75000,,75000,2012,,
2012-0509-NPL,Extreme temperature,Nepal,49,,,,,2013,2013-01-01,2013-01-20
2012-0511-PAK,Mass movement (wet),Pakistan,18,,,,,2012,2012-11-30,2012-11-30
2012-0532-KAZ,Extreme temperature,Kazakhstan,,,5000,,5000,2012,2012-12-18,
2012-0533-NZL,Storm,New Zealand,3,7,450,,457,2012,2012-12-06,2012-12-06
2012-0536-CHN,Earthquake,China,,,5500,,5500,2012,2012-12-07,2012-12-07
2012-0537-LKA,Flood,Sri Lanka,53,21,447000,,447021,2012,2012-12-17,2012-12-19
2012-0538-IND,Extreme temperature,India,249,,,,,2012,2012-12-22,2013-01-20
2012-0539-IDN,Flood,Indonesia,3,,10500,,10500,2012,2012-12-24,2012-12-25
2012-0540-PHL,Storm,Philippines,24,3,241603,,241606,2012,2012-12-25,2012-12-27
2012-0542-USA,Wildfire,United States of America,1,,1809,,1809,2012,2012-08-03,2012-08-08
2012-0545-AZE,Earthquake,Azerbaijan,,,,6949,6949,2012,2012-05-18,2012-05-18
2012-0548-GBR,Flood,United Kingdom of Great Britain and Northern Ireland,,,,,,2012,2012-06-10,2012-06-11
2012-0549-GBR,Flood,United Kingdom of Great Britain and Northern Ireland,1,,,,,2012,2012-06-23,2012-06-24
2012-0550-GEO,Storm,Georgia,,18,,6000,6018,2012,2012-07-19,2012-07-19
2012-0551-HRV,Flood,Croatia,,,1500,,1500,2012,2012-11-05,2012-11-06
2012-0551-SVN,Flood,Slovenia,,,12000,,12000,2012,2012-11-05,2012-11-06
2012-0552-GBR,Flood,United Kingdom of Great Britain and Northern Ireland,4,,1700,,1700,2012,2012-11-21,2012-12-18
2012-0553-NGA,Storm,Nigeria,15,,15000,,15000,2012,2012-02-13,2012-02-13
2012-0558-IDN,Storm,Indonesia,16,60,10000,,10060,2012,2012-01-25,2012-01-25
2012-0559-CHN,Extreme temperature,China,,650,50000,,50650,2012,2012-02-07,2012-02-09
2012-0561-IDN,Storm,Indonesia,5,,,490,490,2012,2012-02-25,2012-02-25
2012-0563-AFG,Mass movement (wet),Afghanistan,45,,,,,2012,2012-03-12,2012-03-12
2012-0570-CHN,Storm,China,,,100000,,100000,2012,2012-04-05,2012-04-05
2012-0571-CHN,Storm,China,12,,127000,,127000,2012,2012-04-20,2012-04-24
2012-0573-AFG,Flood,Afghanistan,20,,5700,,5700,2012,2012-04-22,2012-04-22
2012-0574-JPN,Storm,Japan,3,59,2481,,2540,2012,2012-05-06,2012-05-06
2012-0575-IDN,Flood,Indonesia,5,20,,1000,1020,2012,2012-05-09,2012-05-09
2012-0576-CHN,Flood,China,16,,125000,,125000,2012,2012-05-20,2012-05-24
2012-0581-CHN,Flood,China,70,,500000,,500000,2012,2012-07-27,2012-08-02
2012-0582-IDN,Flood,Indonesia,8,,3770,,3770,2012,2012-07-31,2012-07-31
2012-0584-IND,Flood,India,26,,9460,,9460,2012,2012-08-21,2012-08-23
2012-0585-KOR,Storm,Republic of Korea,2,,,,,2012,2012-08-30,2012-08-30
2012-0585-TWN,Storm,Taiwan (Province of China),8,,,,,2012,2012-08-24,2012-08-24
2012-0588-JPN,Storm,Japan,,,25250,,25250,2012,2012-09-15,2012-09-17
2012-0588-KOR,Storm,Republic of Korea,,,3120,,3120,2012,2012-09-15,2012-09-17
2012-0589-NPL,Mass movement (wet),Nepal,11,,,,,2012,2012-09-23,2012-09-23
2012-0593-ARG,Flood,Argentina,6,,10000,,10000,2012,2012-11-20,2012-12-04
2012-0596-HTI,Flood,Haiti,17,,7865,,7865,2012,2012-11-10,2012-11-11
2012-0597-IRN,Earthquake,Iran (Islamic Republic of),,238,,,238,2012,2012-01-19,2012-01-19
2012-0598-MWI,Flood,Malawi,4,,64385,,64385,2012,2012-12-15,
2012-0599-PER,Epidemic,Peru,11,,20106,,20106,2012,,2012-11-26
2012-0601-USA,Storm,United States of America,1,100,,,100,2012,2012-04-28,2012-04-29
2012-0602-PHL,Flood,Philippines,29,2,,30927,30929,2012,2012-06-12,2012-06-13
2012-0603-CHN,Flood,China,15,,,,,2012,2012-08-14,2012-08-20
2012-0604-CHN,Earthquake,China,,36641,,,36641,2012,2012-03-09,2012-03-09
2012-0605-CHL,Wildfire,Chile,7,,1082,,1082,2012,2012-01-01,2012-01-06
2012-0608-ECU,Wildfire,Ecuador,5,70,1875,,1945,2012,2012-05-01,2012-09-25
2012-0609-KGZ,Extreme temperature,Kyrgyzstan,16,50,,,50,2012,2012-12-18,2012-12-22
2012-0610-CHN,Flood,China,15,,210000,,210000,2012,2012-08-28,2012-08-30
2012-0611-USA,Storm,United States of America,3,1,,,1,2012,2012-01-18,2012-01-23
2012-0612-USA,Storm,United States of America,,,,,,2012,2012-05-25,2012-05-30
2012-0613-USA,Storm,United States of America,,2,,,2,2012,2012-06-06,2012-06-07
2012-0614-USA,Storm,United States of America,,3,9000,,9003,2012,2012-06-11,2012-06-13
2012-0615-USA,Storm,United States of America,1,,,,,2012,2012-07-02,2012-07-04
2012-0616-USA,Storm,United States of America,5,,,,,2012,2012-09-07,2012-09-09
2012-0626-CAN,Storm,Canada,,,,,,2012,2012-08-12,2012-08-12
2012-9021-PRY,Drought,Paraguay,,,1391900,,1391900,2012,,
2012-9065-AGO,Drought,Angola,,,1833900,,1833900,2012,,
2012-9109-THA,Drought,Thailand,,,12000000,,12000000,2012,,
2012-9160-TCD,Drought,Chad,,,1600000,,1600000,2012,,
2012-9222-PRK,Drought,Democratic People's Republic of Korea,,,3000000,,3000000,2012,,
2012-9235-USA,Drought,United States of America,,,,,,2012,,
2012-9245-GMB,Drought,Gambia,,,428000,,428000,2012,,
2012-9290-ITA,Drought,Italy,,,,,,2012,2012-06-01,2012-10-10
2012-9304-MWI,Drought,Malawi,,,1900000,,1900000,2012,,
2012-9355-GTM,Drought,Guatemala,,,266485,,266485,2012,,
2012-9379-HND,Drought,Honduras,,,125000,,125000,2012,,
2012-9395-RUS,Drought,Russian Federation,,,,,,2012,2012-06-01,2012-08-31
2012-9405-LKA,Drought,Sri Lanka,,,1800000,,1800000,2012,,
2012-9478-MDA,Drought,Republic of Moldova,,,5800,,5800,2012,,
2012-9489-USA,Drought,United States of America,,,,,,2012,,
2012-9606-UKR,Drought,Ukraine,,,,,,2012,2012-04-15,2012-07-31
2012-9607-BRA,Drought,Brazil,,,4000000,,4000000,2012,,
2012-9628-CMR,Drought,Cameroon,,,12000,,12000,2012,,
2013-0003-BRA,Flood,Brazil,4,,200000,,200000,2013,2013-01-01,2013-01-20
2013-0007-IDN,Flood,Indonesia,34,,248846,,248846,2013,2013-01-17,2013-01-31
2013-0008-AUS,Storm,Australia,6,,7500,,7500,2013,2013-01-23,2013-01-30
2013-0009-BLR,Extreme temperature,Belarus,4,1325,10000,,11325,2013,,
2013-0010-GHA,Epidemic,Ghana,18,250,310,,560,2013,2013-01-08,2013-01-21
2013-0011-MOZ,Flood,Mozambique,119,,240000,,240000,2013,,
2013-0011-MWI,Flood,Malawi,3,,33000,,33000,2013,,
2013-0011-NAM,Flood,Namibia,,,14500,,14500,2013,2013-01-10,2013-03-31
2013-0013-USA,Storm,United States of America,3,18,1089,,1107,2013,2013-01-29,2013-01-30
2013-0014-ECU,Mass movement (wet),Ecuador,10,,,,,2013,2013-01-24,2013-01-24
2013-0018-CHN,Mass movement (dry),China,46,2,,,2,2013,2013-01-11,2013-01-11
2013-0019-PHL,Flood,Philippines,10,,507769,,507769,2013,2013-01-15,2013-01-23
2013-0020-IDN,Earthquake,Indonesia,1,15,500,,515,2013,2013-01-22,2013-01-22
2013-0022-IDN,Mass movement (wet),Indonesia,21,3,,,3,2013,2013-01-25,2013-01-27
2013-0024-AUS,Wildfire,Australia,1,,450,,450,2013,2013-01-01,2013-01-17
2013-0025-ZWE,Flood,Zimbabwe,125,,9700,,9700,2013,,
2013-0026-MDG,Storm,Madagascar,9,,4598,,4598,2013,2013-01-30,2013-02-02
2013-0026-SYC,Storm,Seychelles,,,3000,,3000,2013,2013-02-07,2013-02-07
2013-0027-TJK,Extreme temperature,Tajikistan,,,2500,,2500,2013,,
2013-0028-PNG,Flood,Papua New Guinea,,,35000,,35000,2013,,
2013-0029-SLB,Earthquake,Solomon Islands,10,,3329,,3329,2013,2013-02-06,2013-02-06
2013-0030-SLE,Wildfire,Sierra Leone,,,,2257,2257,2013,2013-01-02,2013-01-28
2013-0031-BWA,Flood,Botswana,12,,4210,,4210,2013,2013-01-16,2013-01-23
2013-0032-MDG,Storm,Madagascar,42,127,40154,,40281,2013,2013-02-22,2013-02-22
2013-0034-IDN,Flood,Indonesia,8,,1000,,1000,2013,2013-01-03,2013-01-10
2013-0036-PHL,Storm,Philippines,1,,10597,,10597,2013,2013-01-03,2013-01-10
2013-0039-LKA,Flood,Sri Lanka,52,,56747,,56747,2013,2013-01-08,2013-01-16
2013-0040-PSE,Flood,State of Palestine,5,,12500,,12500,2013,2013-01-08,2013-01-10
2013-0046-JPN,Storm,Japan,2,1569,,,1569,2013,2013-01-14,2013-01-14
2013-0053-MOZ,Epidemic,Mozambique,2,,317,,317,2013,2013-01-28,2013-02-13
2013-0054-USA,Storm,United States of America,15,,,,,2013,2013-02-08,2013-02-09
2013-0055-USA,Storm,United States of America,1,82,4800,,4882,2013,2013-02-09,2013-02-11
2013-0056-PER,Flood,Peru,67,32,180734,,180766,2013,2013-01-01,2013-02-20
2013-0057-BOL,Flood,Bolivia (Plurinational State of),25,,145000,,145000,2013,2013-01-28,2013-02-27
2013-0058-COL,Earthquake,Colombia,,15,9500,500,10015,2013,2013-02-09,2013-02-09
2013-0060-RUS,Impact,Russian Federation,,1491,300000,,301491,2013,2013-02-15,2013-02-15
2013-0061-MKD,Flood,North Macedonia,1,,4911,,4911,2013,2013-02-24,2013-03-04
2013-0061-SRB,Flood,Serbia,,,330,,330,2013,2013-02-24,2013-02-26
2013-0063-IDN,Flood,Indonesia,17,,58040,,58040,2013,2013-02-15,2013-02-22
2013-0065-CHN,Storm,China,2,,13500,,13500,2013,2013-02-18,2013-02-21
2013-0068-PAK,Flood,Pakistan,34,57,,,57,2013,2013-02-03,2013-02-06
2013-0077-BRA,Flood,Brazil,30,44,1466,,1510,2013,2013-03-17,2013-03-18
2013-0078-CAF,Storm,Central African Republic,,34,8710,,8744,2013,2013-03-04,2013-03-04
2013-0079-MUS,Flood,Mauritius,11,82,,,82,2013,2013-03-30,2013-04-03
2013-0080-JPN,Storm,Japan,9,,1152,,1152,2013,2013-02-23,2013-03-03
2013-0081-CHN,Earthquake,China,,30,417170,10540,427740,2013,2013-03-03,2013-03-03
2013-0084-CHN,Storm,China,25,324,1398000,,1398324,2013,2013-03-18,2013-03-20
2013-0085-BGD,Storm,Bangladesh,31,388,8155,,8543,2013,2013-03-22,2013-03-22
2013-0086-IDN,Mass movement (wet),Indonesia,13,,,,,2013,2013-03-25,2013-03-25
2013-0089-CHN,Storm,China,3,,25000,,25000,2013,2013-03-29,2013-03-30
2013-0090-BGD,Storm,Bangladesh,2,,25020,,25020,2013,2013-03-29,2013-03-30
2013-0090-IND,Storm,India,9,,,,,2013,2013-03-29,2013-03-30
2013-0098-IRN,Earthquake,Iran (Islamic Republic of),37,850,3500,,4350,2013,2013-04-09,2013-04-09
2013-0099-IRN,Earthquake,Iran (Islamic Republic of),,27,,,27,2013,2013-04-16,2013-04-16
2013-0099-PAK,Earthquake,Pakistan,41,175,15000,,15175,2013,2013-04-16,2013-04-16
2013-0116-CHN,Earthquake,China,198,14785,2184000,,2198785,2013,2013-04-20,2013-04-20
2013-0117-USA,Storm,United States of America,4,,,,,2013,2013-04-07,2013-04-11
2013-0118-USA,Storm,United States of America,3,,,,,2013,2013-04-17,2013-04-19
2013-0119-ARG,Flood,Argentina,52,,350000,,350000,2013,2013-04-01,2013-04-07
2013-0120-ECU,Mass movement (wet),Ecuador,14,,,,,2013,2013-04-23,2013-04-23
2013-0121-HUN,Earthquake,Hungary,,,1800,,1800,2013,2013-04-14,2013-04-23
2013-0122-GHA,Flood,Ghana,5,,25000,,25000,2013,2013-03-03,2013-04-30
2013-0123-KEN,Flood,Kenya,96,20,100000,,100020,2013,2013-03-10,2013-04-30
2013-0124-AGO,Flood,Angola,9,,1000,,1000,2013,2013-04-06,2013-04-07
2013-0125-ETH,Flood,Ethiopia,,,51500,,51500,2013,2013-04-10,2013-04-30
2013-0126-IDN,Flood,Indonesia,11,,115000,,115000,2013,2013-04-07,2013-04-11
2013-0127-JPN,Earthquake,Japan,,32,8406,,8438,2013,2013-04-12,2013-04-12
2013-0138-BGD,Storm,Bangladesh,17,65,1498579,,1498644,2013,2013-05-16,2013-05-16
2013-0138-IND,Storm,India,8,4,,,4,2013,2013-05-16,2013-05-16
2013-0138-LKA,Storm,Sri Lanka,7,,3478,3861,7339,2013,2013-05-13,2013-05-16
2013-0139-UGA,Epidemic,Uganda,7,362,217350,,217712,2013,2013-01-16,2013-04-18
2013-0140-IND,Earthquake,India,3,70,59280,,59350,2013,2013-05-01,2013-05-01
2013-0142-USA,Storm,United States of America,29,450,,,450,2013,2013-05-18,2013-05-22
2013-0148-AFG,Flood,Afghanistan,10,,5000,,5000,2013,2013-02-04,2013-02-10
2013-0151-AFG,Earthquake,Afghanistan,18,141,3390,,3531,2013,2013-04-24,2013-04-24
2013-0155-PRT,Storm,Portugal,1,21,3900,46,3967,2013,2013-01-18,2013-01-19
2013-0159-SAU,Flood,Saudi Arabia,24,,900,,900,2013,2013-05-02,2013-05-02
2013-0160-MMR,Mass movement (wet),Myanmar,16,,,,,2013,2013-05-03,2013-05-03
2013-0165-POL,Extreme temperature,Poland,25,,,,,2013,2013-03-01,2013-03-26
2013-0167-CHN,Mass movement (wet),China,83,,,,,2013,2013-03-29,2013-03-29
2013-0178-AFG,Flood,Afghanistan,20,,9500,,9500,2013,2013-04-25,2013-04-29
2013-0183-USA,Storm,United States of America,6,100,,600,700,2013,2013-05-15,2013-05-17
2013-0184-USA,Storm,United States of America,27,150,170000,,170150,2013,2013-05-26,2013-06-06
2013-0187-BHS,Flood,Bahamas,,,1000,,1000,2013,2013-05-22,2013-05-22
2013-0188-MEX,Storm,Mexico,4,,12000,,12000,2013,2013-05-29,2013-05-29
2013-0190-CAN,Flood,Canada,4,,100000,,100000,2013,2013-06-20,2013-06-27
2013-0192-IND,Flood,India,6054,4473,500000,,504473,2013,2013-06-12,2013-06-27
2013-0194-ARM,Storm,Armenia,,,64000,,64000,2013,2013-05-12,2013-05-17
2013-0197-UGA,Flood,Uganda,13,,25445,,25445,2013,2013-05-01,2013-05-05
2013-0199-CHN,Flood,China,20,,255000,,255000,2013,2013-05-06,2013-05-10
2013-0200-CHN,Flood,China,55,,300000,,300000,2013,2013-05-12,2013-05-28
2013-0201-CHN,Flood,China,12,,100000,,100000,2013,2013-05-19,2013-05-23
2013-0202-CHN,Flood,China,12,,200000,,200000,2013,2013-05-24,2013-05-27
2013-0205-AUT,Flood,Austria,4,,200,,200,2013,2013-06-02,2013-06-03
2013-0205-CZE,Flood,Czechia,15,,1300000,,1300000,2013,2013-06-01,2013-06-07
2013-0205-DEU,Flood,Germany,4,,6350,,6350,2013,2013-05-28,2013-06-18
2013-0205-HUN,Flood,Hungary,,,48565,,48565,2013,2013-06-03,2013-06-09
2013-0205-SVK,Flood,Slovakia,1,,,,,2013,2013-06-03,2013-06-05
2013-0206-TWN,Earthquake,Taiwan (Province of China),4,19,1500,,1519,2013,2013-06-02,2013-06-02
2013-0208-IND,Extreme temperature,India,557,,,,,2013,2013-04-01,2013-05-30
2013-0209-USA,Wildfire,United States of America,,8,12,90,110,2013,2013-05-30,2013-06-08
2013-0210-USA,Wildfire,United States of America,2,,84,1533,1617,2013,2013-06-06,2013-06-20
2013-0211-USA,Storm,United States of America,4,,,,,2013,2013-06-12,2013-06-13
2013-0212-USA,Wildfire,United States of America,19,,,387,387,2013,2013-06-28,2013-07-12
2013-0213-HTI,Flood,Haiti,6,,,33265,33265,2013,2013-06-14,2013-06-28
2013-0214-PRY,Flood,Paraguay,,,61400,,61400,2013,2013-06-20,2013-07-18
2013-0215-ESP,Flood,Spain,,,600,,600,2013,2013-06-18,2013-06-19
2013-0215-FRA,Flood,France,2,,2000,,2000,2013,2013-06-18,2013-06-19
2013-0216-CHE,Storm,Switzerland,,84,,,84,2013,2013-06-20,2013-06-21
2013-0217-ZAF,Storm,South Africa,3,,2870,,2870,2013,2013-06-01,2013-06-01
2013-0219-CHN,Flood,China,15,,10000,,10000,2013,2013-06-05,2013-06-08
2013-0220-LKA,Flood,Sri Lanka,58,15,17199,,17214,2013,2013-06-08,2013-06-08
2013-0221-CHN,Flood,China,11,,280500,,280500,2013,2013-06-14,2013-06-21
2013-0222-CHN,Storm,China,11,,50000,,50000,2013,2013-06-23,2013-06-25
2013-0235-IDN,Earthquake,Indonesia,48,2532,53403,,55935,2013,2013-07-02,2013-07-02
2013-0242-CHN,Earthquake,China,95,887,123000,,123887,2013,2013-07-22,2013-07-22
2013-0243-PRK,Flood,Democratic People's Republic of Korea,51,2,800000,48688,848690,2013,2013-07-12,2013-07-23
2013-0245-CHN,Mass movement (wet),China,17,,,,,2013,2013-07-10,2013-07-10
2013-0249-CHN,Storm,China,9,150,390000,,390150,2013,2013-07-14,2013-07-14
2013-0249-TWN,Storm,Taiwan (Province of China),3,54,,,54,2013,2013-07-14,2013-07-14
2013-0254-USA,Flood,United States of America,2,,1425,,1425,2013,2013-07-27,2013-07-28
2013-0256-GEO,Flood,Georgia,,,24000,,24000,2013,2013-07-19,2013-07-29
2013-0257-CHN,Flood,China,55,,625000,,625000,2013,2013-06-29,2013-07-03
2013-0258-CHN,Storm,China,7,,21000,,21000,2013,2013-07-01,2013-07-01
2013-0258-PHL,Storm,Philippines,7,4,3592,,3596,2013,2013-06-30,2013-06-30
2013-0259-CHN,Flood,China,233,,3500000,,3500000,2013,2013-07-07,2013-07-17
2013-0260-IND,Flood,India,174,,500000,,500000,2013,2013-07-09,2013-07-10
2013-0261-CHN,Storm,China,1,,3000,,3000,2013,2013-07-13,2013-07-15
2013-0262-CHN,Flood,China,36,,718500,,718500,2013,2013-07-21,2013-07-25
2013-0263-MMR,Flood,Myanmar,7,,73300,,73300,2013,2013-07-25,2013-08-07
2013-0263-THA,Flood,Thailand,,,,,,2013,2013-07-25,2013-07-27
2013-0264-CHN,Flood,China,10,,125000,,125000,2013,2013-07-25,2013-08-01
2013-0265-JPN,Flood,Japan,5,,3633,,3633,2013,2013-07-28,2013-07-28
2013-0266-VNM,Flood,Viet Nam,5,,5000,,5000,2013,2013-07-28,2013-07-30
2013-0267-IDN,Flood,Indonesia,12,,8140,,8140,2013,2013-07-28,2013-07-30
2013-0268-NZL,Earthquake,New Zealand,,4,13836,,13840,2013,2013-07-21,2013-07-21
2013-0272-CHN,Storm,China,88,,8000000,,8000000,2013,2013-08-15,2013-08-21
2013-0272-PHL,Storm,Philippines,18,7,395723,,395730,2013,2013-08-12,2013-08-15
2013-0273-CHN,Flood,China,43,,255000,,255000,2013,2013-08-18,2013-08-21
2013-0274-PHL,Flood,Philippines,31,30,3096392,,3096422,2013,2013-08-13,2013-08-21
2013-0276-PAK,Flood,Pakistan,234,855,1496870,,1497725,2013,2013-08-07,2013-08-21
2013-0277-USA,Flood,United States of America,3,,6000,,6000,2013,2013-08-05,2013-08-12
2013-0278-RUS,Flood,Russian Federation,,,34135,,34135,2013,2013-08-01,2013-08-07
2013-0279-AFG,Flood,Afghanistan,52,2,2595,,2597,2013,2013-08-01,2013-08-07
2013-0280-SDN,Flood,Sudan,76,133,500000,,500133,2013,2013-08-01,2013-08-21
2013-0281-KEN,Flood,Kenya,,,5000,,5000,2013,2013-08-05,2013-08-07
2013-0282-IND,Flood,India,80,,2000000,,2000000,2013,2013-06-23,2013-07-15
2013-0286-USA,Flood,United States of America,3,,300,,300,2013,2013-05-25,2013-05-28
2013-0288-SOM,Flood,Somalia,7,,50000,,50000,2013,2013-05-01,2013-05-16
2013-0291-USA,Flood,United States of America,5,,300,,300,2013,2013-04-22,2013-04-29
2013-0303-RUS,Flood,Russian Federation,4,,1500,,1500,2013,2013-02-20,2013-03-04
2013-0305-KEN,Flood,Kenya,18,,10780,,10780,2013,2013-01-13,2013-01-17
2013-0306-CHN,Storm,China,,,189800,,189800,2013,2013-08-22,2013-08-22
2013-0306-TWN,Storm,Taiwan (Province of China),2,,,,,2013,2013-08-22,2013-08-22
2013-0307-GTM,Epidemic,Guatemala,8,,1977,,1977,2013,,2013-11-23
2013-0309-GEO,Flood,Georgia,,,1000,,1000,2013,2013-08-17,2013-08-18
2013-0310-MLI,Flood,Mali,37,,34700,,34700,2013,2013-08-29,2013-08-29
2013-0314-CHN,Earthquake,China,3,50,538000,,538050,2013,2013-08-31,2013-08-31
2013-0315-USA,Wildfire,United States of America,,3,,33,36,2013,2013-08-03,2013-09-01
2013-0316-JPN,Extreme temperature,Japan,338,54000,,,54000,2013,,
2013-0317-CHN,Flood,China,118,,1075000,,1075000,2013,2013-08-12,2013-09-05
2013-0319-YEM,Flood,Yemen,40,10,49082,,49092,2013,2013-08-16,2013-08-17
2013-0326-JPN,Storm,Japan,,67,3864,,3931,2013,2013-09-02,2013-09-04
2013-0329-ETH,Epidemic,Ethiopia,55,,141,,141,2013,,2013-07-22
2013-0330-BFA,Flood,Burkina Faso,2,13,11383,,11396,2013,2013-08-15,2013-08-17
2013-0331-PRT,Wildfire,Portugal,9,,,,,2013,,
2013-0333-VNM,Flood,Viet Nam,23,,,,,2013,,
2013-0334-USA,Storm,United States of America,,,,,,2013,2013-08-02,2013-08-03
2013-0335-MEX,Storm,Mexico,14,,5000,,5000,2013,2013-08-25,2013-08-26
2013-0336-NER,Flood,Niger,32,,165943,,165943,2013,2013-07-15,2013-08-15
2013-0338-LAO,Flood,Lao People's Democratic Republic,20,77,350000,,350077,2013,,
2013-0340-PHL,Flood,Philippines,11,21,100000,,100021,2013,2013-08-01,2013-08-09
2013-0341-CHN,Storm,China,,,5000,,5000,2013,2013-08-02,2013-08-03
2013-0341-VNM,Storm,Viet Nam,7,11,5000,,5011,2013,2013-08-02,2013-08-03
2013-0343-AFG,Flood,Afghanistan,31,,,,,2013,2013-08-10,2013-08-14
2013-0345-IND,Flood,India,73,,40000,,40000,2013,2013-08-22,2013-08-27
2013-0347-ROU,Flood,Romania,9,,5400,,5400,2013,2013-09-11,2013-09-15
2013-0348-MEX,Flood,Mexico,13,,,,,2013,2013-09-05,2013-09-08
2013-0354-USA,Flood,United States of America,9,,16500,5400,21900,2013,2013-09-12,2013-09-19
2013-0355-PER,Volcanic activity,Peru,,,1040,,1040,2013,2013-09-12,2014-05-23
2013-0357-PER,Extreme temperature,Peru,1,,87454,5247,92701,2013,2013-08-23,2013-09-12
2013-0358-MEX,Storm,Mexico,169,,105000,,105000,2013,2013-09-13,2013-09-20
2013-0364-IDN,Flood,Indonesia,,,23640,,23640,2013,2013-09-12,2013-09-12
2013-0365-BOL,Extreme temperature,Bolivia (Plurinational State of),18,,17490,,17490,2013,,
2013-0366-MLI,Flood,Mali,,,11300,,11300,2013,2013-08-09,2013-08-12
2013-0367-LAO,Epidemic,Lao People's Democratic Republic,77,,36000,,36000,2013,,
2013-0368-SEN,Flood,Senegal,8,94,163212,,163306,2013,2013-09-13,2013-09-13
2013-0370-NIC,Flood,Nicaragua,27,,14149,,14149,2013,2013-05-26,2013-07-25
2013-0371-ETH,Epidemic,Ethiopia,55,,141,,141,2013,,2013-07-22
2013-0372-ECU,Flood,Ecuador,,,25567,,25567,2013,,
2013-0373-CHN,Storm,China,20,,506000,,506000,2013,2013-09-22,2013-09-22
2013-0373-PHL,Storm,Philippines,5,,72696,,72696,2013,2013-09-21,2013-09-22
2013-0373-TWN,Storm,Taiwan (Province of China),,,,,,2013,2013-09-22,2013-09-22
2013-0374-MRT,Flood,Mauritania,8,,4225,2305,6530,2013,2013-08-05,2013-09-25
2013-0375-BEN,Flood,Benin,,,32735,,32735,2013,2013-09-05,2013-09-20
2013-0376-BEN,Wildfire,Benin,1,,,2759,2759,2013,2013-01-06,2013-01-06
2013-0377-ZMB,Flood,Zambia,,,1800,,1800,2013,,
2013-0378-PHL,Storm,Philippines,6,4,262880,,262884,2013,2013-02-20,2013-02-21
2013-0379-SRB,Flood,Serbia,,,2670,,2670,2013,2013-03-14,2013-03-14
2013-0380-KHM,Flood,Cambodia,200,,1500000,,1500000,2013,2013-09-24,2013-10-14
2013-0380-VNM,Flood,Viet Nam,30,,,,,2013,2013-09-24,2013-09-24
2013-0381-PAK,Earthquake,Pakistan,399,599,185150,,185749,2013,2013-09-24,2013-09-24
2013-0383-BOL,Mass movement (wet),Bolivia (Plurinational State of),19,29,,,29,2013,2013-09-23,2013-09-23
2013-0384-GMB,Flood,Gambia,2,,3300,,3300,2013,2013-08-12,2013-08-13
2013-0385-GIN,Flood,Guinea,,,11106,,11106,2013,2013-08-01,2013-08-17
2013-0386-NGA,Flood,Nigeria,19,,81506,,81506,2013,2013-04-14,2013-08-17
2013-0395-PHL,Earthquake,Philippines,230,976,3221248,,3222224,2013,2013-10-15,2013-10-15
2013-0396-JPN,Storm,Japan,39,107,19182,,19289,2013,2013-10-14,2013-10-16
2013-0398-DEU,Storm,Germany,7,2,,,2,2013,2013-10-27,2013-10-28
2013-0398-DNK,Storm,Denmark,1,,,,,2013,2013-10-27,2013-10-28
2013-0398-FRA,Storm,France,1,,,,,2013,2013-10-27,2013-10-28
2013-0398-GBR,Storm,United Kingdom of Great Britain and Northern Ireland,4,,,,,2013,2013-10-27,2013-10-28
2013-0398-NLD,Storm,Netherlands (Kingdom of the),2,,,,,2013,2013-10-27,2013-10-28
2013-0399-ETH,Epidemic,Ethiopia,,,6,,6,2013,2013-10-14,
2013-0399-SSD,Epidemic,South Sudan,,,3,,3,2013,2013-10-14,
2013-0400-IND,Flood,India,72,,375000,,375000,2013,2013-10-21,2013-10-26
2013-0401-IND,Storm,India,47,,13230000,,13230000,2013,2013-10-12,2013-10-14
2013-0402-AUS,Wildfire,Australia,2,,990,,990,2013,2013-10-18,2013-10-31
2013-0404-USA,Wildfire,United States of America,1,6,15,204,225,2013,2013-09-09,2013-09-15
2013-0405-GTM,Earthquake,Guatemala,1,52,520,,572,2013,2013-09-07,2013-09-07
2013-0406-MEX,Storm,Mexico,23,,50000,,50000,2013,2013-09-12,2013-09-17
2013-0407-CHL,Extreme temperature,Chile,,,,,,2013,2013-09-10,2013-09-30
2013-0408-BRA,Storm,Brazil,2,64,13800,,13864,2013,2013-09-21,2013-09-22
2013-0408-PRY,Storm,Paraguay,,,50000,,50000,2013,2013-09-21,2013-09-22
2013-0409-PER,Earthquake,Peru,,29,7055,,7084,2013,2013-09-25,2013-09-25
2013-0410-UKR,Flood,Ukraine,2,,265,1995,2260,2013,2013-09-14,2013-09-15
2013-0412-VNM,Flood,Viet Nam,29,,1000,,1000,2013,2013-09-03,2013-09-04
2013-0413-JPN,Storm,Japan,1,19,4317,,4336,2013,2013-09-04,2013-09-04
2013-0414-AFG,Mass movement (wet),Afghanistan,24,,1000,,1000,2013,2013-09-10,2013-09-10
2013-0415-JPN,Storm,Japan,6,141,30147,,30288,2013,2013-09-16,2013-09-16
2013-0416-CHN,Flood,China,17,30,150000,,150030,2013,2013-09-16,2013-09-18
2013-0417-LAO,Flood,Lao People's Democratic Republic,3,,224176,,224176,2013,2013-09-16,2013-09-18
2013-0417-VNM,Flood,Viet Nam,7,,25000,,25000,2013,2013-09-16,2013-09-18
2013-0418-PHL,Flood,Philippines,33,8,588147,,588155,2013,2013-09-23,2013-09-27
2013-0419-CHN,Storm,China,74,,,,,2013,2013-09-30,2013-09-30
2013-0419-VNM,Storm,Viet Nam,31,330,1835255,,1835585,2013,2013-09-30,2013-10-15
2013-0420-SLB,Flood,Solomon Islands,,,10227,,10227,2013,2013-08-29,2013-09-02
2013-0421-NZL,Storm,New Zealand,,,,,,2013,2013-09-10,2013-09-11
2013-0425-SSD,Flood,South Sudan,1,,156000,,156000,2013,2013-10-23,2013-10-23
2013-0428-IDN,Flood,Indonesia,,,16000,,16000,2013,2013-10-07,2013-10-14
2013-0429-CHN,Storm,China,8,,475000,,475000,2013,2013-10-07,2013-10-08
2013-0429-JPN,Storm,Japan,,,4392,,4392,2013,2013-10-07,2013-10-07
2013-0430-PHL,Storm,Philippines,20,154,871601,,871755,2013,2013-10-12,2013-10-14
2013-0430-VNM,Storm,Viet Nam,20,154,109600,,109754,2013,2013-10-10,2013-10-15
2013-0431-THA,Flood,Thailand,61,,3500000,,3500000,2013,2013-09-30,2013-10-14
2013-0433-CHN,Storm,China,5,,1800,50000,51800,2013,2013-11-11,2013-11-11
2013-0433-PHL,Storm,Philippines,7354,28689,16078181,,16106870,2013,2013-11-08,2013-11-08
2013-0433-PLW,Storm,Palau,,,,,,2013,2013-11-07,2013-11-07
2013-0433-VNM,Storm,Viet Nam,16,89,12630,375,13094,2013,2013-11-11,2013-11-11
2013-0434-PHL,Flood,Philippines,20,,207971,,207971,2013,2013-10-04,2013-10-10
2013-0436-IDN,Earthquake,Indonesia,1,3,2735,,2738,2013,2013-10-22,2013-10-22
2013-0437-PHL,Storm,Philippines,4,,220443,,220443,2013,2013-10-31,2013-10-31
2013-0438-SOM,Storm,Somalia,162,,142380,,142380,2013,2013-11-08,2013-11-19
2013-0439-USA,Storm,United States of America,11,185,,,185,2013,2013-11-16,2013-11-18
2013-0441-ITA,Flood,Italy,18,,2700,,2700,2013,2013-11-18,2013-11-19
2013-0443-VNM,Flood,Viet Nam,47,66,2127865,2070,2130001,2013,2013-11-14,2013-11-20
2013-0445-SAU,Flood,Saudi Arabia,15,,121,,121,2013,2013-11-16,2013-11-19
2013-0453-SSD,Flood,South Sudan,98,,425000,,425000,2013,,
2013-0456-NPL,Flood,Nepal,76,29,12474,,12503,2013,2013-05-25,2013-07-18
2013-0457-TGO,Epidemic,Togo,7,,168,,168,2013,2013-08-30,2013-10-28
2013-0458-UGA,Epidemic,Uganda,2,,129,,129,2013,,
2013-0470-CHN,Earthquake,China,,,58300,,58300,2013,2013-11-22,2013-11-23
2013-0472-USA,Storm,United States of America,14,,,,,2013,2013-11-24,2013-11-24
2013-0473-SOM,Flood,Somalia,,,55000,,55000,2013,,
2013-0482-IND,Storm,India,32,,,,,2013,2013-10-05,2013-10-06
2013-0484-PAK,Earthquake,Pakistan,22,50,,,50,2013,2013-09-28,2013-09-28
2013-0487-BEN,Epidemic,Benin,6,,486,,486,2013,,2013-12-31
2013-0488-CMR,Flood,Cameroon,,,805,,805,2013,2013-09-17,2013-09-18
2013-0489-CAF,Flood,Central African Republic,,,32993,,32993,2013,2013-09-03,2013-09-04
2013-0493-CRI,Epidemic,Costa Rica,3,,12000,,12000,2013,,
2013-0493-HND,Epidemic,Honduras,27,,34128,,34128,2013,,
2013-0493-NIC,Epidemic,Nicaragua,3,,1310,,1310,2013,,
2013-0500-COL,Epidemic,Colombia,91,,1171,,1171,2013,,
2013-0501-HUN,Storm,Hungary,,,14000,,14000,2013,2013-03-15,2013-03-15
2013-0502-GEO,Storm,Georgia,,,1750,,1750,2013,2013-03-24,2013-03-24
2013-0504-IRQ,Flood,Iraq,11,,,,,2013,2013-11-18,2013-11-19
2013-0508-COG,Epidemic,Congo,16,,1071,,1071,2013,,
2013-0509-SLB,Epidemic,Solomon Islands,8,,6700,,6700,2013,,
2013-0510-USA,Flood,United States of America,4,,4800,,4800,2013,2013-10-31,2013-11-10
2013-0511-CUB,Flood,Cuba,2,,227,,227,2013,2013-12-01,2013-12-08
2013-0513-COL,Flood,Colombia,7,,51781,,51781,2013,2013-09-15,2013-12-01
2013-0515-IND,Storm,India,10,,,,,2013,2013-11-22,2013-11-22
2013-0516-IRN,Earthquake,Iran (Islamic Republic of),8,120,,1500,1620,2013,2013-11-28,2013-11-28
2013-0517-BEL,Storm,Belgium,,,,,,2013,2013-12-04,2013-12-07
2013-0517-DEU,Storm,Germany,,,,,,2013,2013-12-04,2013-12-07
2013-0517-DNK,Storm,Denmark,1,,,,,2013,2013-12-07,2013-12-07
2013-0517-GBR,Storm,United Kingdom of Great Britain and Northern Ireland,2,,4200,,4200,2013,2013-12-06,2013-12-07
2013-0517-NLD,Storm,Netherlands (Kingdom of the),,,,,,2013,2013-12-04,2013-12-07
2013-0517-POL,Storm,Poland,4,53,,,53,2013,2013-12-07,2013-12-07
2013-0517-SWE,Storm,Sweden,7,,,,,2013,2013-12-07,2013-12-07
2013-0519-BRA,Flood,Brazil,19,,600,,600,2013,2013-12-07,2013-12-10
2013-0521-BRA,Flood,Brazil,2,,2000,,2000,2013,2013-12-12,2013-12-12
2013-0524-ISR,Storm,Israel,4,3000,2000000,,2003000,2013,2013-12-02,2013-12-15
2013-0524-PSE,Storm,State of Palestine,1,100,49971,,50071,2013,2013-12-09,2013-12-19
2013-0528-CAN,Extreme temperature,Canada,10,,,,,2013,2013-12-21,2013-12-22
2013-0528-USA,Extreme temperature,United States of America,19,,,,,2013,2013-12-19,2013-12-22
2013-0530-BEL,Storm,Belgium,,,,,,2013,2013-12-26,2013-12-26
2013-0530-CHE,Storm,Switzerland,,,,,,2013,2013-12-24,2013-12-24
2013-0530-ESP,Storm,Spain,,,,,,2013,2013-12-24,2013-12-25
2013-0530-FRA,Storm,France,1,,,,,2013,2013-12-23,2013-12-25
2013-0530-GBR,Storm,United Kingdom of Great Britain and Northern Ireland,5,,,,,2013,2013-12-26,2013-12-26
2013-0530-NLD,Storm,Netherlands (Kingdom of the),,,,,,2013,2013-12-24,2013-12-24
2013-0530-PRT,Storm,Portugal,,,,,,2013,2013-12-24,2013-12-25
2013-0531-DOM,Flood,Dominican Republic,,,,,,2013,2013-12-23,2013-12-25
2013-0531-LCA,Flood,Saint Lucia,6,,19984,,19984,2013,2013-12-23,2013-12-25
2013-0531-VCT,Flood,Saint Vincent and the Grenadines,12,37,16885,500,17422,2013,2013-12-23,2013-12-25
2013-0533-THA,Flood,Thailand,23,,,15254,15254,2013,2013-11-20,2013-12-08
2013-0534-NER,Flood,Niger,,,15086,,15086,2013,2013-11-03,2013-12-08
2013-0535-MYS,Flood,Malaysia,4,,75000,,75000,2013,2013-12-01,2013-12-08
2013-0541-IDN,Flood,Indonesia,,,22500,,22500,2013,2013-12-28,2013-12-30
2013-0542-IDN,Volcanic activity,Indonesia,,,29727,,29727,2013,,
2013-0543-SLV,Volcanic activity,El Salvador,,,63079,,63079,2013,2013-12-29,2013-12-29
2013-0544-BOL,Flood,Bolivia (Plurinational State of),74,,338995,,338995,2013,,
2013-0545-KEN,Flood,Kenya,14,,,,,2013,,
2013-0546-LBY,Flood,Libya,16,,2000,,2000,2013,2013-11-30,2013-12-07
2013-0547-DEU,Storm,Germany,,,,,,2013,2013-07-27,2013-07-28
2013-0548-USA,Storm,United States of America,2,,,,,2013,2013-03-18,2013-03-19
2013-0549-GBR,Extreme temperature,United Kingdom of Great Britain and Northern Ireland,760,,,,,2013,,
2013-0550-USA,Storm,United States of America,20,,,,,2013,2013-12-01,2013-12-09
2013-0551-ARG,Storm,Argentina,4,12,,,12,2013,2013-12-03,2013-12-03
2013-0552-BRA,Flood,Brazil,64,100,,43200,43300,2013,2013-12-17,2014-01-04
2013-0553-IDN,Flood,Indonesia,4,,84250,,84250,2013,2013-12-14,2013-12-15
2013-0554-CHN,Flood,China,,,,90000,90000,2013,2013-12-14,2013-12-16
2013-0555-CHN,Earthquake,China,,,90500,,90500,2013,2013-12-16,2013-12-16
2013-0558-USA,Flood,United States of America,5,,,,,2013,2013-12-22,2013-12-31
2013-0559-MDG,Epidemic,Madagascar,113,660,,,660,2013,2013-10-05,2014-01-13
2013-0560-IDN,Flood,Indonesia,3,,13860,,13860,2013,2013-02-26,2013-02-28
2013-0561-TWN,Earthquake,Taiwan (Province of China),1,97,,,97,2013,2013-03-27,2013-03-27
2013-0563-CHN,Earthquake,China,,10,80545,,80555,2013,2013-04-17,2013-04-17
2013-0565-CHN,Mass movement (wet),China,11,2,,,2,2013,2013-04-22,2013-04-22
2013-0567-CHN,Storm,China,12,,217000,,217000,2013,2013-04-28,2013-05-02
2013-0568-ARM,Extreme temperature,Armenia,,,12000,,12000,2013,,
2013-0570-GIN,Epidemic,Guinea,,,143,,143,2013,,
2013-0571-UGA,Epidemic,Uganda,19,656,,,656,2013,,
2013-0572-GBR,Flood,United Kingdom of Great Britain and Northern Ireland,2,,600,,600,2013,2013-12-27,
2013-0573-NAM,Epidemic,Namibia,17,518,,,518,2013,,
2013-0576-NPL,Flood,Nepal,119,6,,4314,4320,2013,2013-07-10,2013-08-31
2013-0578-PER,Flood,Peru,1,355,,,355,2013,2013-10-19,2013-10-22
2013-0579-USA,Storm,United States of America,1,,,,,2013,2013-02-24,2013-02-25
2013-0580-CAN,Storm,Canada,,,,,,2013,2013-07-08,2013-07-09
2013-0581-CHN,Earthquake,China,,,,2000,2000,2013,2013-12-01,2013-12-01
2013-0582-CHN,Extreme temperature,China,40,,,,,2013,2013-07-01,2013-08-15
2013-9062-CHN,Drought,China,,,5000000,,5000000,2013,,
2013-9146-NAM,Drought,Namibia,,,780000,,780000,2013,,
2013-9150-MHL,Drought,Marshall Islands,,,6384,,6384,2013,,
2013-9185-PAN,Drought,Panama,,,,,,2013,,
2013-9203-NZL,Drought,New Zealand,,,,,,2013,,
2013-9308-ECU,Drought,Ecuador,,,3165,,3165,2013,,
2013-9369-BOL,Drought,Bolivia (Plurinational State of),,,340355,,340355,2013,,
2013-9478-ZWE,Drought,Zimbabwe,,,4300000,,4300000,2013,,
2013-9496-PRY,Drought,Paraguay,,,75000,,75000,2013,,
2014-0001-TON,Storm,Tonga,1,14,4000,,4014,2014,2014-01-06,2014-01-11
2014-0002-BRA,Flood,Brazil,20,,600,,600,2014,2014-01-12,2014-01-13
2014-0004-AUS,Wildfire,Australia,2,,,168,168,2014,2014-01-13,2014-01-13
2014-0007-HND,Flood,Honduras,,,20000,,20000,2014,2014-01-08,2014-01-08
2014-0008-ESP,Storm,Spain,3,,,,,2014,2014-01-07,2014-01-07
2014-0008-FRA,Storm,France,2,,,,,2014,2014-01-07,2014-01-07
2014-0008-MAR,Storm,Morocco,,,,,,2014,2014-01-07,2014-01-07
2014-0008-PRT,Storm,Portugal,,4,50,,54,2014,2014-01-04,2014-01-07
2014-0009-CAN,Extreme temperature,Canada,,,,,,2014,2014-01-01,2014-01-09
2014-0009-USA,Extreme temperature,United States of America,21,,,,,2014,2014-01-05,2014-01-08
2014-0010-AUS,Extreme temperature,Australia,139,,,,,2014,2014-01-13,2014-01-18
2014-0016-REU,Storm,Réunion,1,15,250,,265,2014,2014-01-02,2014-01-02
2014-0018-IDN,Flood,Indonesia,20,,128182,,128182,2014,2014-01-14,2014-01-17
2014-0019-COL,Flood,Colombia,,,8978,,8978,2014,2014-01-06,2014-01-06
2014-0020-PHL,Storm,Philippines,79,86,1148621,,1148707,2014,2014-01-19,2014-01-20
2014-0021-ARG,Mass movement (wet),Argentina,24,,350,,350,2014,2014-01-25,2014-01-25
2014-0026-ITA,Flood,Italy,2,1,600,1000,1601,2014,2014-01-18,2014-01-31
2014-0027-FRA,Flood,France,4,,1000,,1000,2014,2014-01-19,2014-02-07
2014-0028-COD,Mass movement (wet),Democratic Republic of the Congo,11,,,,,2014,2014-01-18,2014-01-19
2014-0029-BLR,Extreme temperature,Belarus,2,1500,30000,,31500,2014,2014-01-18,2014-01-29
2014-0030-POL,Extreme temperature,Poland,78,,,,,2014,2014-01-23,2014-01-27
2014-0030-ROU,Extreme temperature,Romania,13,,,,,2014,2014-01-26,2014-01-31
2014-0034-IDN,Mass movement (wet),Indonesia,19,,,,,2014,2014-01-28,2014-01-28
2014-0035-BOL,Mass movement (wet),Bolivia (Plurinational State of),74,,6600,4800,11400,2014,2014-01-01,2014-02-28
2014-0038-IDN,Flood,Indonesia,,,259100,1250,260350,2014,2014-01-24,2014-01-28
2014-0039-GBR,Flood,United Kingdom of Great Britain and Northern Ireland,,,540,,540,2014,,
2014-0040-PER,Flood,Peru,,,6300,2700,9000,2014,2014-01-24,2014-01-27
2014-0042-TZA,Flood,United Republic of Tanzania,3,,20000,,20000,2014,2014-01-22,2014-01-23
2014-0044-IDN,Volcanic activity,Indonesia,32,2,32000,,32002,2014,2014-02-01,2014-02-01
2014-0045-ITA,Flood,Italy,4,,80,,80,2014,2014-01-31,2014-02-01
2014-0046-SVN,Extreme temperature,Slovenia,1,,50000,,50000,2014,2014-01-31,2014-02-02
2014-0047-IND,Extreme temperature,India,24,,,,,2014,2014-01-20,2014-01-24
2014-0048-USA,Storm,United States of America,9,,,,,2014,2014-02-02,2014-02-06
2014-0049-GRC,Earthquake,Greece,,23,2000,,2023,2014,2014-01-26,2014-02-03
2014-0052-USA,Storm,United States of America,16,,,,,2014,2014-01-01,2014-01-05
2014-0053-USA,Storm,United States of America,13,,,,,2014,2014-01-26,2014-01-29
2014-0054-IRN,Earthquake,Iran (Islamic Republic of),1,30,300,,330,2014,2014-01-02,2014-01-02
2014-0055-PHL,Storm,Philippines,6,,47740,,47740,2014,2014-01-31,2014-02-01
2014-0056-IDN,Flood,Indonesia,32,,20000,,20000,2014,2014-01-08,2014-02-07
2014-0057-IDN,Flood,Indonesia,11,,,4000,4000,2014,2014-01-19,2014-01-22
2014-0058-SYC,Flood,Seychelles,,,4435,,4435,2014,2014-01-24,2014-01-24
2014-0061-JPN,Storm,Japan,37,2800,,,2800,2014,2014-02-08,2014-02-09
2014-0062-AUS,Wildfire,Australia,,20,,102,122,2014,2014-02-07,2014-02-28
2014-0063-BDI,Flood,Burundi,96,182,,12500,12682,2014,2014-02-19,2014-03-10
2014-0064-IDN,Volcanic activity,Indonesia,7,70,83088,,83158,2014,2014-02-14,2014-02-14
2014-0065-TLS,Epidemic,Timor-Leste,2,197,,,197,2014,,
2014-0066-ZWE,Flood,Zimbabwe,3,2,1000,,1002,2014,2014-01-20,2014-02-10
2014-0067-FRA,Storm,France,,,,,,2014,2014-02-14,2014-02-14
2014-0067-GBR,Storm,United Kingdom of Great Britain and Northern Ireland,5,,18000,,18000,2014,2014-02-14,2014-02-15
2014-0067-IRL,Storm,Ireland,1,,,,,2014,2014-02-12,2014-02-14
2014-0067-PRT,Storm,Portugal,1,,,,,2014,2014-02-15,2014-02-16
2014-0068-JPN,Storm,Japan,24,1600,,,1600,2014,2014-02-14,2014-02-17
2014-0072-USA,Storm,United States of America,25,,,,,2014,2014-02-11,2014-02-14
2014-0077-KOR,Storm,Republic of Korea,10,101,,,101,2014,2014-02-17,2014-02-17
2014-0080-SRB,Extreme temperature,Serbia,,,3000,,3000,2014,2014-01-28,2014-02-02
2014-0081-IDN,Flood,Indonesia,13,,275,,275,2014,2014-02-25,2014-02-25
2014-0084-AFG,Storm,Afghanistan,63,,,,,2014,2014-02-01,2014-02-07
2014-0084-KGZ,Storm,Kyrgyzstan,,,,,,2014,2014-02-01,2014-02-07
2014-0085-CHN,Storm,China,10,90,100000,,100090,2014,2014-02-07,2014-02-14
2014-0086-CHN,Earthquake,China,,,450000,,450000,2014,2014-02-12,2014-02-12
2014-0089-THA,Extreme temperature,Thailand,63,,1000000,,1000000,2014,,
2014-0090-GIN,Epidemic,Guinea,2544,3814,,,3814,2014,,2015-12-29
2014-0090-GMB,Epidemic,Gambia,,,,,,2014,,2014-12-22
2014-0090-LBR,Epidemic,Liberia,4810,10682,,,10682,2014,2014-03-21,2016-01-14
2014-0090-MLI,Epidemic,Mali,6,7,,,7,2014,2014-10-24,2015-01-18
2014-0090-NGA,Epidemic,Nigeria,8,21,,,21,2014,,2015-04-20
2014-0090-SEN,Epidemic,Senegal,,1,,,1,2014,2014-03-08,2014-10-13
2014-0090-SLE,Epidemic,Sierra Leone,3956,14124,,,14124,2014,2014-03-10,
2014-0091-SLB,Flood,Solomon Islands,47,,52000,,52000,2014,2014-04-01,2014-04-08
2014-0092-COM,Storm,Comoros,,,9511,,9511,2014,2014-03-27,2014-03-29
2014-0092-MDG,Storm,Madagascar,17,,,1736,1736,2014,2014-03-29,2014-04-01
2014-0094-CHL,Earthquake,Chile,6,,513387,,513387,2014,2014-04-01,2014-04-01
2014-0095-USA,Mass movement (wet),United States of America,43,,,150,150,2014,2014-03-22,2014-03-22
2014-0096-VUT,Storm,Vanuatu,12,6,20000,,20006,2014,2014-03-09,2014-03-12
2014-0097-KIR,Flood,Kiribati,,,220,,220,2014,2014-03-03,2014-03-03
2014-0097-MHL,Flood,Marshall Islands,,,360,,360,2014,2014-03-03,2014-03-10
2014-0099-ZAF,Flood,South Africa,32,,7185,,7185,2014,2014-03-01,2014-03-18
2014-0100-USA,Storm,United States of America,12,,,,,2014,2014-02-28,2014-03-04
2014-0103-BRA,Flood,Brazil,,,,67500,67500,2014,2014-02-15,
2014-0106-IND,Storm,India,17,,9610,,9610,2014,2014-03-10,2014-03-12
2014-0107-CHN,Storm,China,1,,10000,,10000,2014,2014-03-12,2014-03-14
2014-0110-CHN,Storm,China,21,,400000,,400000,2014,2014-03-27,2014-04-04
2014-0111-NIC,Earthquake,Nicaragua,2,266,12015,,12281,2014,2014-04-11,2014-04-11
2014-0118-CHL,Wildfire,Chile,12,500,12500,,13000,2014,2014-04-12,2014-04-21
2014-0119-TZA,Flood,United Republic of Tanzania,28,,20000,,20000,2014,2014-04-18,2014-05-01
2014-0122-TJK,Flood,Tajikistan,20,38,7400,,7438,2014,2014-04-22,2014-04-30
2014-0123-KAZ,Flood,Kazakhstan,5,9,2700,,2709,2014,2014-03-23,2014-04-15
2014-0124-NPL,Mass movement (wet),Nepal,16,,,,,2014,2014-04-18,2014-04-18
2014-0126-USA,Storm,United States of America,40,15,,,15,2014,2014-04-27,2014-05-01
2014-0127-MEX,Earthquake,Mexico,,,381,,381,2014,2014-04-18,2014-04-18
2014-0128-BGR,Flood,Bulgaria,,,,,,2014,2014-04-17,2014-05-01
2014-0128-BIH,Flood,Bosnia and Herzegovina,,,,,,2014,2014-04-19,2014-04-24
2014-0128-ROU,Flood,Romania,,,525,,525,2014,2014-04-19,2014-04-22
2014-0128-SRB,Flood,Serbia,,,3000,,3000,2014,2014-04-16,2014-04-17
2014-0129-CHN,Earthquake,China,,21,75000,,75021,2014,2014-04-04,2014-04-04
2014-0132-CHN,Storm,China,3,,100000,,100000,2014,2014-04-16,2014-04-20
2014-0133-CHN,Storm,China,9,,25000,,25000,2014,2014-04-22,2014-04-28
2014-0134-AFG,Flood,Afghanistan,431,100,140000,,140100,2014,2014-04-24,2014-05-02
2014-0135-BGD,Storm,Bangladesh,16,12,,4000,4012,2014,2014-04-27,2014-04-28
2014-0139-ARG,Flood,Argentina,,,2000,,2000,2014,2014-04-01,2014-04-08
2014-0142-PRY,Flood,Paraguay,,,2000,,2000,2014,2014-02-25,2014-03-10
2014-0159-THA,Earthquake,Thailand,1,23,17500,,17523,2014,2014-05-05,2014-05-05
2014-0164-BIH,Flood,Bosnia and Herzegovina,25,,1000000,,1000000,2014,2014-05-13,2014-05-20
2014-0164-HRV,Flood,Croatia,3,,7116,,7116,2014,2014-05-15,2014-05-20
2014-0164-SRB,Flood,Serbia,51,,49600,,49600,2014,2014-05-13,2014-05-20
2014-0165-USA,Wildfire,United States of America,2,,429,,429,2014,2014-05-11,2014-05-20
2014-0171-IRN,Flood,Iran (Islamic Republic of),37,,440000,,440000,2014,2014-06-01,2014-06-10
2014-0173-CHN,Earthquake,China,,15,225000,,225015,2014,2014-05-24,2014-05-24
2014-0174-GRC,Earthquake,Greece,3,2,75000,,75002,2014,2014-05-24,2014-05-24
2014-0174-TUR,Earthquake,Türkiye,,324,,,324,2014,2014-05-24,2014-05-24
2014-0177-CHN,Earthquake,China,,45,184678,,184723,2014,2014-05-30,2014-05-30
2014-0180-CHN,Flood,China,37,,5500000,,5500000,2014,2014-05-24,2014-06-03
2014-0181-LKA,Flood,Sri Lanka,27,9,104000,,104009,2014,2014-06-04,2014-06-10
2014-0182-IND,Storm,India,15,26,,,26,2014,2014-05-30,2014-05-31
2014-0183-GTM,Storm,Guatemala,5,,100000,,100000,2014,2014-05-30,2014-06-06
2014-0183-MEX,Storm,Mexico,,,,,,2014,2014-05-30,2014-06-06
2014-0185-AFG,Flood,Afghanistan,81,35,20,1900,1955,2014,2014-06-03,2014-06-10
2014-0188-ARG,Flood,Argentina,,,,,,2014,2014-06-07,2014-06-30
2014-0188-BRA,Flood,Brazil,11,52,500000,,500052,2014,2014-06-07,2014-06-30
2014-0188-PRY,Flood,Paraguay,,,231360,,231360,2014,,2014-07-01
2014-0191-SSD,Epidemic,South Sudan,22,586,,,586,2014,2014-04-29,2014-06-03
2014-0192-USA,Storm,United States of America,,,,,,2014,2014-05-18,2014-05-23
2014-0193-RUS,Flood,Russian Federation,6,2000,22545,,24545,2014,2014-05-29,2014-06-10
2014-0200-HTI,Epidemic,Haiti,,,39343,,39343,2014,2014-05-31,2014-08-16
2014-0204-TJK,Flood,Tajikistan,,,5360,425,5785,2014,2014-05-10,2014-05-16
2014-0209-BEL,Storm,Belgium,,,,,,2014,2014-06-08,2014-06-10
2014-0209-DEU,Storm,Germany,6,,,,,2014,2014-06-08,2014-06-10
2014-0209-FRA,Storm,France,,,,,,2014,2014-06-08,2014-06-10
2014-0210-BGR,Flood,Bulgaria,15,,,1260,1260,2014,2014-06-19,2014-06-25
2014-0211-NGA,Flood,Nigeria,15,,10000,,10000,2014,2014-06-28,2014-06-28
2014-0212-CHN,Flood,China,33,,350000,370000,720000,2014,2014-06-01,2014-06-07
2014-0213-CHN,Storm,China,,,5000,,5000,2014,2014-06-14,2014-06-16
2014-0214-CHN,Storm,China,11,,,25000,25000,2014,2014-06-17,2014-06-21
2014-0215-CHN,Flood,China,24,,15000000,,15000000,2014,2014-06-17,2014-06-21
2014-0217-CHN,Flood,China,24,,150000,,150000,2014,2014-06-25,2014-06-30
2014-0218-IND,Flood,India,27,,18500,,18500,2014,2014-06-26,2014-06-28
2014-0227-CHN,Storm,China,71,99,9960000,,9960099,2014,2014-07-18,2014-07-19
2014-0227-PHL,Storm,Philippines,111,1250,4653716,,4654966,2014,2014-07-15,2014-07-15
2014-0227-VNM,Storm,Viet Nam,27,,36000,,36000,2014,2014-07-19,2014-07-20
2014-0234-GTM,Earthquake,Guatemala,1,274,84679,9830,94783,2014,2014-07-07,2014-07-07
2014-0234-MEX,Earthquake,Mexico,3,,27000,,27000,2014,2014-07-07,2014-07-07
2014-0235-SSD,Epidemic,South Sudan,127,,5900,,5900,2014,2014-04-23,2014-08-17
2014-0236-JPN,Storm,Japan,7,66,600,,666,2014,2014-07-07,2014-07-10
2014-0237-CIV,Flood,Côte d’Ivoire,23,,,,,2014,2014-06-19,2014-07-11
2014-0240-CHN,Storm,China,14,,,,,2014,2014-07-22,2014-07-24
2014-0240-PHL,Storm,Philippines,2,,683,,683,2014,2014-07-22,2014-07-23
2014-0240-TWN,Storm,Taiwan (Province of China),,,,,,2014,2014-07-22,2014-08-24
2014-0244-BGD,Storm,Bangladesh,4,,1250,,1250,2014,2014-06-11,2014-06-11
2014-0245-BRA,Flood,Brazil,10,,50000,,50000,2014,2014-07-03,2014-07-14
2014-0246-NPL,Flood,Nepal,16,,2400,,2400,2014,2014-07-01,2014-07-14
2014-0250-PHL,Flood,Philippines,,,99185,,99185,2014,2014-06-13,2014-07-03
2014-0252-ITA,Flood,Italy,3,,8010,,8010,2014,2014-05-02,2014-05-10
2014-0258-COM,Earthquake,Comoros,,,10000,,10000,2014,2014-03-12,2014-03-12
2014-0260-KHM,Flood,Cambodia,45,,472500,57950,530450,2014,2014-07-30,2014-08-31
2014-0263-USA,Storm,United States of America,,,300,,300,2014,2014-07-26,2014-07-27
2014-0264-SDN,Flood,Sudan,39,204,266000,,266204,2014,2014-07-25,
2014-0266-CHN,Flood,China,23,,,25000,25000,2014,2014-07-03,2014-07-07
2014-0267-CHN,Flood,China,66,,81500,29000,110500,2014,2014-07-13,2014-07-18
2014-0268-IND,Flood,India,26,,,,,2014,2014-07-16,2014-07-22
2014-0268-NPL,Flood,Nepal,8,,,,,2014,2014-07-16,2014-07-22
2014-0269-CHN,Storm,China,5,,25000,25000,50000,2014,2014-07-19,2014-07-20
2014-0270-IND,Mass movement (wet),India,151,,,200,200,2014,2014-07-30,2014-07-30
2014-0271-JPN,Mass movement (wet),Japan,82,67,,,67,2014,2014-08-20,2014-08-20
2014-0272-NPL,Flood,Nepal,294,149,184745,,184894,2014,2014-08-11,2014-08-25
2014-0278-PAN,Flood,Panama,9,,116,,116,2014,2014-08-18,2014-09-04
2014-0280-BGR,Flood,Bulgaria,2,,7247,,7247,2014,2014-07-31,2014-08-02
2014-0280-ROU,Flood,Romania,4,,,,,2014,2014-07-31,2014-07-31
2014-0281-CHN,Earthquake,China,731,3413,1117100,,1120513,2014,2014-08-03,2014-08-03
2014-0282-GHA,Epidemic,Ghana,249,29611,26858,,56469,2014,,
2014-0287-IRN,Earthquake,Iran (Islamic Republic of),,250,,12000,12250,2014,2014-08-18,2014-08-18
2014-0289-NER,Flood,Niger,36,,165578,,165578,2014,,2014-10-03
2014-0290-BGD,Flood,Bangladesh,59,447,2800000,,2800447,2014,2014-08-11,2014-09-10
2014-0292-CHN,Storm,China,27,,125000,11255,136255,2014,2014-09-02,2014-09-02
2014-0296-NPL,Mass movement (wet),Nepal,156,,476,,476,2014,2014-08-02,2014-08-02
2014-0298-DZA,Earthquake,Algeria,6,420,,,420,2014,2014-08-01,2014-08-01
2014-0306-BIH,Flood,Bosnia and Herzegovina,1,,600,,600,2014,2014-08-06,2014-08-06
2014-0306-SRB,Flood,Serbia,1,,,,,2014,2014-08-06,2014-08-06
2014-0310-USA,Storm,United States of America,1,,834,,834,2014,2014-08-08,2014-08-10
2014-0311-ZAF,Earthquake,South Africa,1,2,2000,,2002,2014,2014-08-05,2014-08-05
2014-0313-IND,Flood,India,35,,179000,,179000,2014,2014-08-03,2014-08-04
2014-0314-JPN,Storm,Japan,,,4401,,4401,2014,2014-08-03,2014-08-06
2014-0314-KOR,Storm,Republic of Korea,14,,,,,2014,2014-08-03,2014-08-06
2014-0316-JPN,Storm,Japan,10,96,21654,,21750,2014,2014-08-10,2014-08-12
2014-0317-USA,Flood,United States of America,2,,102000,,102000,2014,2014-08-11,2014-08-13
2014-0318-USA,Earthquake,United States of America,1,250,3000,,3250,2014,2014-08-24,2014-08-24
2014-0319-CAN,Flood,Canada,,4,6900,,6904,2014,2014-08-04,2014-08-04
2014-0321-CHN,Flood,China,27,,150000,,150000,2014,2014-08-11,2014-08-19
2014-0322-PAK,Storm,Pakistan,16,82,,,82,2014,2014-08-15,2014-08-24
2014-0323-CHN,Flood,China,10,,50000,,50000,2014,2014-08-22,2014-08-28
2014-0324-KOR,Flood,Republic of Korea,17,,,,,2014,2014-08-25,2014-09-04
2014-0325-MEX,Storm,Mexico,3,,30000,,30000,2014,2014-08-22,2014-09-02
2014-0326-HUN,Flood,Hungary,,,6500,,6500,2014,2014-09-14,2014-09-26
2014-0329-BIH,Flood,Bosnia and Herzegovina,,,,,,2014,2014-09-14,2014-09-15
2014-0329-HRV,Flood,Croatia,,,2000,,2000,2014,2014-09-14,2014-09-15
2014-0329-SRB,Flood,Serbia,4,,7000,,7000,2014,2014-09-15,2014-09-16
2014-0330-CHN,Storm,China,,,1250,,1250,2014,2014-09-18,2014-09-24
2014-0330-PHL,Storm,Philippines,22,16,2052141,,2052157,2014,2014-09-17,2014-09-22
2014-0330-TWN,Storm,Taiwan (Province of China),,,,,,2014,2014-09-18,2014-09-24
2014-0331-PHL,Volcanic activity,Philippines,,,60545,,60545,2014,2014-09-16,2014-12-03
2014-0333-MEX,Storm,Mexico,6,135,75000,,75135,2014,2014-09-10,2014-09-17
2014-0334-PER,Earthquake,Peru,8,4,600,,604,2014,2014-09-27,2014-09-27
2014-0336-JPN,Volcanic activity,Japan,63,69,,,69,2014,2014-09-27,2014-09-30
2014-0337-CHN,Mass movement (wet),China,25,22,,385,407,2014,2014-08-27,2014-08-27
2014-0343-IND,Flood,India,298,,275000,,275000,2014,,
2014-0343-PAK,Flood,Pakistan,255,673,2530000,,2530673,2014,2014-09-01,2014-10-11
2014-0344-CHN,Flood,China,65,,300000,,300000,2014,2014-09-01,2014-09-08
2014-0345-THA,Flood,Thailand,10,,73260,,73260,2014,2014-09-01,2014-09-08
2014-0359-SVN,Flood,Slovenia,3,,2550,,2550,2014,2014-09-13,2014-09-13
2014-0365-GEO,Flood,Georgia,,,12000,,12000,2014,2014-09-21,2014-09-24
2014-0368-BGR,Flood,Bulgaria,3,,,,,2014,2014-09-04,2014-09-06
2014-0371-CMR,Epidemic,Cameroon,77,,1680,,1680,2014,2014-04-24,2014-08-12
2014-0378-COL,Storm,Colombia,11,18,,,18,2014,2014-10-06,2014-10-06
2014-0381-DEU,Storm,Germany,2,1,,,1,2014,2014-07-28,2014-07-29
2014-0385-MEX,Storm,Mexico,1,,1500,,1500,2014,2014-09-04,2014-09-08
2014-0386-MEX,Storm,Mexico,3,,7500,,7500,2014,2014-09-02,2014-09-11
2014-0388-FRA,Storm,France,6,,,,,2014,2014-09-18,2014-09-18
2014-0389-CHN,Flood,China,50,,1065000,,1065000,2014,2014-09-10,2014-09-17
2014-0390-CHN,Storm,China,9,,394000,,394000,2014,2014-09-10,2014-09-16
2014-0390-PHL,Storm,Philippines,4,1,431085,,431086,2014,2014-09-10,2014-09-16
2014-0390-VNM,Storm,Viet Nam,11,,11325,,11325,2014,2014-09-16,2014-09-16
2014-0391-IND,Flood,India,95,,,650000,650000,2014,2014-09-24,2014-10-11
2014-0392-IND,Storm,India,53,,920000,,920000,2014,2014-10-12,2014-10-12
2014-0396-JPN,Storm,Japan,9,94,1104,,1198,2014,2014-10-12,2014-10-13
2014-0397-JPN,Storm,Japan,7,60,8706,,8766,2014,2014-10-06,2014-10-06
2014-0400-CMR,Flood,Cameroon,,,250000,,250000,2014,2014-08-21,2014-08-21
2014-0401-CMR,Epidemic,Cameroon,34,,376,,376,2014,2014-08-18,2014-08-28
2014-0402-LKA,Mass movement (wet),Sri Lanka,7,,400,,400,2014,2014-10-02,2014-10-02
2014-0404-BGR,Storm,Bulgaria,1,40,,,40,2014,2014-07-08,2014-07-08
2014-0405-PNG,Flood,Papua New Guinea,,,27000,,27000,2014,,
2014-0406-CHN,Flood,China,24,,61000,,61000,2014,2014-07-10,2014-07-10
2014-0408-IND,Flood,India,94,,500000,,500000,2014,2014-08-16,2014-09-01
2014-0409-IND,Flood,India,47,,3600000,,3600000,2014,2014-08-09,2014-08-16
2014-0410-PNG,Volcanic activity,Papua New Guinea,,,1380,,1380,2014,2014-08-09,2014-08-09
2014-0411-LAO,Flood,Lao People's Democratic Republic,,,750,,750,2014,2014-08-12,2014-08-18
2014-0412-MMR,Flood,Myanmar,,,4600,,4600,2014,2014-09-17,2014-09-17
2014-0413-MMR,Flood,Myanmar,,,35400,,35400,2014,,
2014-0414-PHL,Flood,Philippines,4,,3770,,3770,2014,2014-08-30,2014-09-05
2014-0416-NPL,Storm,Nepal,83,175,,,175,2014,2014-10-14,2014-10-14
2014-0417-MEX,Storm,Mexico,6,,30000,,30000,2014,2014-10-18,2014-10-20
2014-0419-GRC,Flood,Greece,,,,,,2014,2014-10-24,2014-10-24
2014-0422-SLV,Epidemic,El Salvador,4,,12783,,12783,2014,,
2014-0423-PNG,Storm,Papua New Guinea,,,12346,,12346,2014,2014-04-07,2014-04-09
2014-0425-MOZ,Flood,Mozambique,17,76,75910,,75986,2014,,
2014-0426-ZMB,Flood,Zambia,,,,20000,20000,2014,,
2014-0430-COL,Flood,Colombia,33,,41151,,41151,2014,2014-03-15,2014-05-15
2014-0431-COL,Flood,Colombia,,,4085,,4085,2014,2014-06-14,2014-06-14
2014-0432-COD,Flood,Democratic Republic of the Congo,154,1000,,3750,4750,2014,2014-10-25,2014-10-28
2014-0434-LKA,Mass movement (wet),Sri Lanka,38,,,330,330,2014,2014-10-28,2014-10-29
2014-0438-LSO,Storm,Lesotho,,,,2600,2600,2014,2014-10-11,2014-10-11
2014-0439-NGA,Epidemic,Nigeria,755,,35996,,35996,2014,,
2014-0442-ARG,Flood,Argentina,3,,5203,,5203,2014,2014-10-30,2014-11-04
2014-0444-USA,Storm,United States of America,2,,,,,2014,2014-10-12,2014-10-14
2014-0447-GTM,Flood,Guatemala,6,,87500,,87500,2014,2014-10-15,2014-10-17
2014-0447-HND,Flood,Honduras,4,,3000,,3000,2014,2014-10-15,2014-10-17
2014-0447-NIC,Flood,Nicaragua,,,60345,,60345,2014,2014-10-15,2014-10-17
2014-0448-ITA,Flood,Italy,1,,,,,2014,2014-10-08,2014-10-11
2014-0449-CHN,Earthquake,China,1,324,255000,,255324,2014,2014-10-07,2014-10-07
2014-0453-DOM,Flood,Dominican Republic,1,,300,,300,2014,2014-11-03,2014-11-05
2014-0453-HTI,Flood,Haiti,12,,30000,,30000,2014,2014-11-03,2014-11-05
2014-0453-PRI,Flood,Puerto Rico,1,,,,,2014,2014-11-03,2014-11-05
2014-0456-SOM,Flood,Somalia,,,90000,,90000,2014,2014-10-24,2014-11-16
2014-0458-CHE,Storm,Switzerland,2,,,,,2014,2014-11-15,2014-11-15
2014-0458-ITA,Storm,Italy,5,,,,,2014,2014-11-12,2014-11-16
2014-0459-USA,Storm,United States of America,13,,,,,2014,2014-11-15,2014-11-19
2014-0461-NER,Animal incident,Niger,12,,5,,5,2014,2014-11-17,2014-11-17
2014-0462-FRA,Flood,France,5,,,,,2014,2014-11-13,2014-11-16
2014-0463-MAR,Storm,Morocco,49,,117000,,117000,2014,2014-11-21,2014-11-24
2014-0464-CHN,Earthquake,China,5,65,82200,90,82355,2014,2014-11-22,2014-11-22
2014-0465-JPN,Earthquake,Japan,,41,2466,150,2657,2014,2014-11-22,2014-11-22
2014-0471-THA,Flood,Thailand,,,12000,,12000,2014,2014-11-07,2014-11-16
2014-0473-IDN,Flood,Indonesia,1,,10420,,10420,2014,2014-11-22,2014-11-24
2014-0474-PHL,Storm,Philippines,12,,4695,,4695,2014,2014-11-27,2014-11-28
2014-0474-VNM,Storm,Viet Nam,,,750,,750,2014,2014-11-30,2014-11-30
2014-0475-AUS,Storm,Australia,,12,52527,,52539,2014,2014-11-22,2014-11-30
2014-0478-CPV,Volcanic activity,Cabo Verde,,,2500,,2500,2014,2014-11-23,2015-01-31
2014-0479-PHL,Storm,Philippines,18,916,4149484,,4150400,2014,2014-12-12,2014-12-12
2014-0482-USA,Storm,United States of America,3,,,30,30,2014,2014-12-10,2014-12-17
2014-0483-IDN,Mass movement (wet),Indonesia,108,,1900,2000,3900,2014,2014-12-12,2014-12-20
2014-0487-JPN,Storm,Japan,11,,,,,2014,2014-12-17,2014-12-18
2014-0488-FRA,Flood,France,5,,3000,,3000,2014,2014-11-29,2014-12-05
2014-0490-MAR,Flood,Morocco,11,,,,,2014,2014-11-28,2014-11-30
2014-0491-USA,Flood,United States of America,,,40,,40,2014,2014-12-02,2014-12-05
2014-0493-THA,Flood,Thailand,4,,27140,,27140,2014,,
2014-0494-MYS,Flood,Malaysia,17,,230000,,230000,2014,2014-12-16,2014-12-30
2014-0495-LKA,Flood,Sri Lanka,41,20,1100000,,1100020,2014,2014-12-01,2015-01-05
2014-0496-MKD,Extreme temperature,North Macedonia,,,8800,,8800,2014,2014-12-28,2015-01-03
2014-0497-PHL,Storm,Philippines,72,,578549,,578549,2014,2014-12-28,2014-12-31
2014-0505-COL,Flood,Colombia,44,,18000,,18000,2014,2014-11-01,2014-12-20
2014-0514-ZWE,Flood,Zimbabwe,11,,1500,,1500,2014,,
2014-0515-NER,Epidemic,Niger,8,183,,,183,2014,2014-12-12,2014-12-20
2014-0518-MOZ,Flood,Mozambique,5,,300,,300,2014,2014-12-16,2014-12-18
2014-0518-SWZ,Flood,Eswatini,11,,400,,400,2014,2014-12-16,2014-12-18
2014-0519-CHN,Storm,China,,,,3000,3000,2014,2014-12-02,2014-12-09
2014-0519-JPN,Storm,Japan,24,101,,,101,2014,2014-12-02,2014-12-09
2014-0520-IND,Extreme temperature,India,16,,,,,2014,2014-12-07,2014-12-09
2014-0522-THA,Flood,Thailand,15,8,18880,,18888,2014,2014-12-13,2014-12-31
2014-0523-IND,Extreme temperature,India,140,,,,,2014,2014-12-17,2014-12-18
2014-0525-CHL,Flood,Chile,,,10917,1638,12555,2014,2014-06-11,2014-06-11
2014-0526-COD,Epidemic,Democratic Republic of the Congo,49,17,,,17,2014,2014-08-11,2014-11-05
2014-0528-GTM,Extreme temperature,Guatemala,,,8141,,8141,2014,,
2014-0529-BOL,Flood,Bolivia (Plurinational State of),25,,92890,,92890,2015,2015-01-15,2015-01-31
2014-0529-PER,Flood,Peru,20,,83878,,83878,2014,,2015-01-31
2014-0530-MOZ,Epidemic,Mozambique,43,5118,,,5118,2014,2014-12-25,2015-03-02
2014-0530-MWI,Epidemic,Malawi,11,693,,,693,2015,,
2014-0530-ZWE,Epidemic,Zimbabwe,,11,,,11,2015,,
2014-0532-BOL,Flood,Bolivia (Plurinational State of),38,,185120,,185120,2014,,
2014-0534-PER,Flood,Peru,21,,,,,2014,2014-01-01,2014-01-20
2014-0535-LKA,Flood,Sri Lanka,27,,,,,2014,2014-02-06,2014-02-06
2014-0536-CIV,Flood,Côte d’Ivoire,23,,,,,2014,2014-06-02,2014-06-07
2014-0537-THA,Storm,Thailand,,,,2000,2000,2014,2014-03-16,2014-03-16
2014-0538-IND,Storm,India,27,,,,,2014,2014-04-17,2014-04-20
2014-0540-USA,Storm,United States of America,2,36,,,36,2014,2014-06-03,2014-06-06
2014-0544-CHN,Earthquake,China,1,22,,2000,2022,2014,2014-12-06,2014-12-06
2014-0546-PAK,Extreme temperature,Pakistan,139,,,,,2014,,2014-04-30
2014-0547-PER,Extreme temperature,Peru,505,,109257,,109257,2014,2014-04-13,2014-09-27
2014-0548-LKA,Mass movement (wet),Sri Lanka,196,,1067,,1067,2014,2014-10-29,2014-10-29
2014-0549-CHN,Flood,China,53,,,,,2014,2014-05-12,2014-05-16
2014-0550-CHN,Flood,China,37,,450000,,450000,2014,2014-06-04,2014-06-28
2014-0551-IND,Storm,India,7,58,1870,,1928,2014,2014-03-06,2014-03-07
2014-0552-CHN,Storm,China,128,,,,,2014,2014-04-07,2014-04-16
2014-0555-CHN,Storm,China,20,,,,,2014,2014-08-10,2014-08-11
2014-0571-PHL,Flood,Philippines,1,,42175,,42175,2014,2014-08-25,2014-09-01
2014-0572-CHN,Mass movement (wet),China,10,,,,,2014,2014-09-14,2014-09-14
2014-0573-NER,Epidemic,Niger,145,1456,,,1456,2014,2014-12-31,2015-05-02
2014-0578-JPN,Extreme temperature,Japan,27,17000,,,17000,2014,2014-07-14,2014-07-29
2014-0581-BGD,Flood,Bangladesh,,,400000,,400000,2014,,
2014-0582-KEN,Epidemic,Kenya,72,3459,,,3459,2014,2014-12-26,
2014-9023-USA,Drought,United States of America,,,,,,2014,,
2014-9025-BRA,Drought,Brazil,,,27000000,,27000000,2014,,
2014-9102-HTI,Drought,Haiti,,,1000000,,1000000,2014,,
2014-9196-BFA,Drought,Burkina Faso,,,4000000,,4000000,2014,,
2014-9231-SOM,Drought,Somalia,,,535624,,535624,2014,,
2014-9265-CHN,Drought,China,,,226000,,226000,2014,,
2014-9277-GTM,Drought,Guatemala,,,1300000,,1300000,2014,,
2014-9332-HND,Drought,Honduras,,,2023000,,2023000,2014,,
2014-9393-LKA,Drought,Sri Lanka,,,1800000,,1800000,2014,,
2014-9404-KEN,Drought,Kenya,,,1600000,,1600000,2014,,
2014-9408-CHN,Drought,China,,,27500000,,27500000,2014,,
2014-9428-THA,Drought,Thailand,,,,,,2014,,
2014-9429-MYS,Drought,Malaysia,,,2200000,,2200000,2014,,
2014-9457-BOL,Drought,Bolivia (Plurinational State of),,,51180,,51180,2014,,
2014-9469-JAM,Drought,Jamaica,,,91545,,91545,2014,,
2014-9533-MDG,Drought,Madagascar,,,20000,,20000,2014,,
2014-9573-SEN,Drought,Senegal,,,639702,,639702,2014,,
2014-9580-CRI,Drought,Costa Rica,,,,,,2015,,
2014-9580-NIC,Drought,Nicaragua,,,460000,,460000,2014,,
2014-9580-SLV,Drought,El Salvador,,,700000,,700000,2015,,
2015-0002-LBN,Storm,Lebanon,2,,1000000,,1000000,2015,2015-01-06,2015-01-10
2015-0002-PSE,Storm,State of Palestine,4,,30000,,30000,2015,2015-01-07,2015-01-10
2015-0002-SYR,Storm,Syrian Arab Republic,4,,,,,2015,2015-01-07,2015-01-11
2015-0010-AUS,Wildfire,Australia,,134,,,134,2015,2015-01-03,2015-01-08
2015-0011-MOZ,Flood,Mozambique,160,,177645,,177645,2015,2015-01-01,2015-02-09
2015-0011-MWI,Flood,Malawi,278,645,638000,,638645,2015,2015-01-01,2015-01-21
2015-0016-MDG,Storm,Madagascar,89,37,,173970,174007,2015,2015-01-16,2015-01-17
2015-0017-PHL,Storm,Philippines,2,,21687,,21687,2015,2015-01-19,2015-01-19
2015-0021-MYS,Flood,Malaysia,1,,3000,,3000,2015,2015-01-14,2015-01-20
2015-0023-ALB,Flood,Albania,,,42000,,42000,2015,2015-02-01,2015-02-02
2015-0023-MKD,Flood,North Macedonia,,,100000,,100000,2015,2015-01-31,2015-02-03
2015-0025-USA,Storm,United States of America,15,,,,,2015,2015-01-06,2015-01-11
2015-0026-USA,Storm,United States of America,2,,,,,2015,2015-01-26,2015-01-28
2015-0030-MWI,Storm,Malawi,5,,,350,350,2015,2015-01-02,2015-01-04
2015-0030-ZWE,Storm,Zimbabwe,10,,,475,475,2015,2015-01-02,2015-01-04
2015-0035-OMN,Storm,Oman,,,6000,,6000,2015,2015-01-19,2015-01-19
2015-0036-IDN,Flood,Indonesia,1,,8244,15,8259,2015,2015-01-23,2015-01-25
2015-0038-ALB,Flood,Albania,1,,8000,,8000,2015,2015-01-31,2015-02-02
2015-0038-BGR,Flood,Bulgaria,5,,,,,2015,2015-02-01,2015-02-04
2015-0038-GRC,Flood,Greece,,,,,,2015,2015-01-30,2015-02-01
2015-0038-TUR,Flood,Türkiye,8,,5000,1500,6500,2015,2015-01-30,2015-02-02
2015-0044-ARG,Storm,Argentina,8,,4500,,4500,2015,2015-02-15,2015-02-24
2015-0046-USA,Storm,United States of America,10,,,,,2015,2015-02-16,2015-02-22
2015-0053-AUS,Storm,Australia,,,390,48,438,2015,2015-02-20,2015-02-20
2015-0054-AFG,Mass movement (wet),Afghanistan,254,72,26425,6560,33057,2015,2015-02-15,2015-02-27
2015-0056-IDN,Flood,Indonesia,,,300,,300,2015,2015-02-05,2015-02-09
2015-0057-MDG,Flood,Madagascar,26,,,24000,24000,2015,2015-02-27,2015-02-27
2015-0058-AFG,Mass movement (wet),Afghanistan,12,,50,,50,2015,2015-02-21,2015-02-21
2015-0059-AFG,Mass movement (wet),Afghanistan,6,,100,,100,2015,2015-02-15,2015-02-15
2015-0060-DOM,Flood,Dominican Republic,2,,20850,100,20950,2015,2015-02-20,2015-02-24
2015-0069-TZA,Storm,United Republic of Tanzania,47,112,5000,,5112,2015,2015-03-03,2015-03-04
2015-0070-ARG,Flood,Argentina,2,,15000,,15000,2015,2015-03-04,2015-03-04
2015-0072-USA,Storm,United States of America,22,,,,,2015,2015-01-31,2015-02-04
2015-0073-USA,Storm,United States of America,30,,,,,2015,2015-02-16,2015-02-22
2015-0074-MDG,Storm,Madagascar,6,,28450,8430,36880,2015,2015-02-07,2015-02-08
2015-0075-AGO,Flood,Angola,5,,,2000,2000,2015,2015-02-13,2015-02-14
2015-0076-IDN,Flood,Indonesia,2,,25000,,25000,2015,2015-01-30,2015-02-02
2015-0077-IDN,Flood,Indonesia,6,,,,,2015,2015-02-08,2015-02-13
2015-0078-CHN,Earthquake,China,,,8640,,8640,2015,2015-02-22,2015-02-22
2015-0079-AUS,Storm,Australia,1,,,6000,6000,2015,2015-02-22,2015-02-24
2015-0081-ITA,Storm,Italy,3,,,,,2015,2015-03-02,2015-03-09
2015-0086-COL,Earthquake,Colombia,,1,40835,400,41236,2015,2015-03-10,2015-03-10
2015-0088-IRN,Flood,Iran (Islamic Republic of),3,,,2000,2000,2015,2015-03-10,2015-03-11
2015-0090-AGO,Flood,Angola,1,,2000,,2000,2015,2015-03-09,2015-03-23
2015-0091-AGO,Flood,Angola,69,,1000,,1000,2015,2015-03-09,2015-03-23
2015-0092-CHL,Wildfire,Chile,1,32,,,32,2015,2015-03-13,2015-03-21
2015-0093-KIR,Storm,Kiribati,,,1500,,1500,2015,2015-03-12,2015-03-13
2015-0093-PNG,Storm,Papua New Guinea,,,9199,,9199,2015,2015-03-13,2015-03-13
2015-0093-SLB,Storm,Solomon Islands,,,44096,,44096,2015,2015-03-06,2015-03-06
2015-0093-TUV,Storm,Tuvalu,,,4613,,4613,2015,2015-03-10,2015-03-11
2015-0093-VUT,Storm,Vanuatu,11,,188000,,188000,2015,2015-03-12,2015-03-14
2015-0097-PNG,Flood,Papua New Guinea,,,20000,,20000,2015,2015-03-04,2015-03-18
2015-0104-CRI,Volcanic activity,Costa Rica,,,18450,,18450,2015,2015-03-12,2015-03-12
2015-0105-CHN,Storm,China,6,,12000,,12000,2015,2015-04-04,2015-04-15
2015-0105-FSM,Storm,Micronesia (Federated States of),5,,35000,,35000,2015,2015-03-27,2015-03-30
2015-0105-PHL,Storm,Philippines,,,2761,,2761,2015,2015-04-06,2015-04-06
2015-0106-CHL,Flood,Chile,178,,164140,29741,193881,2015,2015-03-25,2015-04-08
2015-0107-IND,Flood,India,44,25,,2097,2122,2015,2015-03-20,2015-03-31
2015-0109-BDI,Mass movement (wet),Burundi,20,,3000,,3000,2015,2015-03-29,2015-03-29
2015-0112-IDN,Mass movement (wet),Indonesia,12,,,55,55,2015,2015-03-28,2015-03-28
2015-0113-PSE,Storm,State of Palestine,,,1050,,1050,2015,2015-02-19,2015-02-22
2015-0114-ECU,Flood,Ecuador,12,,1185,,1185,2015,2015-03-23,2015-03-23
2015-0116-HTI,Flood,Haiti,6,,45000,,45000,2015,2015-04-04,2015-04-06
2015-0118-BGD,Storm,Bangladesh,53,200,20000,,20200,2015,2015-04-01,2015-04-07
2015-0118-IND,Storm,India,1,,10000,,10000,2015,2015-04-04,2015-04-05
2015-0118-MMR,Storm,Myanmar,3,,,,,2015,2015-04-04,2015-04-05
2015-0119-TJK,Mass movement (wet),Tajikistan,10,,,,,2015,2015-04-03,2015-04-03
2015-0121-MEX,Storm,Mexico,14,229,1242,,1471,2015,2015-03-26,2015-03-28
2015-0122-USA,Storm,United States of America,13,,,,,2015,2015-03-03,2015-03-05
2015-0123-USA,Storm,United States of America,1,12,3300,,3312,2015,2015-03-25,2015-03-26
2015-0124-PAK,Flood,Pakistan,32,,,,,2015,2015-02-24,2015-03-03
2015-0125-CHN,Earthquake,China,,32,,2000,2032,2015,2015-03-01,2015-03-01
2015-0126-IND,Storm,India,27,,,,,2015,2015-03-06,2015-03-18
2015-0127-IRN,Flood,Iran (Islamic Republic of),3,,2700,,2700,2015,2015-03-11,2015-03-15
2015-0129-IDN,Flood,Indonesia,,,8000,,8000,2015,2015-03-15,2015-03-23
2015-0130-SAU,Flood,Saudi Arabia,11,,,,,2015,2015-03-23,2015-03-27
2015-0131-CHN,Storm,China,34,148,5000,,5148,2015,2015-03-24,2015-03-25
2015-0132-CHN,Storm,China,,,5000,,5000,2015,2015-03-29,2015-03-31
2015-0135-AUS,Storm,Australia,,,600,,600,2015,2015-03-12,2015-03-15
2015-0137-RUS,Wildfire,Russian Federation,30,977,5000,,5977,2015,2015-04-12,2015-04-15
2015-0138-USA,Storm,United States of America,3,12,,,12,2015,2015-04-07,2015-04-10
2015-0142-ARG,Volcanic activity,Argentina,,,,,,2015,2015-04-24,2015-04-24
2015-0142-CHL,Volcanic activity,Chile,,,4000,,4000,2015,2015-04-24,2015-04-30
2015-0143-CHL,Volcanic activity,Chile,,,3600,,3600,2015,,
2015-0144-BGD,Earthquake,Bangladesh,4,200,,,200,2015,2015-04-25,2015-04-25
2015-0144-CHN,Earthquake,China,29,383,200000,7500,207883,2015,2015-04-25,2015-04-25
2015-0144-IND,Earthquake,India,78,560,,,560,2015,2015-04-25,2015-04-25
2015-0144-NPL,Earthquake,Nepal,8831,17932,5621790,,5639722,2015,2015-04-25,2015-04-25
2015-0145-PAK,Flood,Pakistan,49,267,4800,,5067,2015,2015-04-26,2015-04-28
2015-0148-AUS,Storm,Australia,7,,1000,,1000,2015,2015-04-20,2015-04-28
2015-0151-AFG,Mass movement (wet),Afghanistan,52,,,500,500,2015,2015-04-27,2015-05-02
2015-0153-RWA,Flood,Rwanda,2,6,3425,,3431,2015,2015-04-03,2015-04-03
2015-0154-KAZ,Flood,Kazakhstan,2,,12670,,12670,2015,2015-04-08,2015-04-12
2015-0155-USA,Storm,United States of America,4,12,,,12,2015,2015-04-24,2015-04-28
2015-0156-BRA,Storm,Brazil,2,97,10940,,11037,2015,2015-04-20,2015-04-20
2015-0157-BRA,Mass movement (wet),Brazil,15,,,,,2015,2015-04-27,2015-04-27
2015-0158-KEN,Flood,Kenya,13,,1500,,1500,2015,2015-04-04,2015-04-10
2015-0159-KEN,Flood,Kenya,13,,3000,,3000,2015,2015-04-27,2015-05-02
2015-0160-CHN,Storm,China,7,37,,2500,2537,2015,2015-04-04,2015-04-05
2015-0162-CHN,Storm,China,1,,25000,,25000,2015,2015-04-06,2015-04-09
2015-0163-CHN,Storm,China,2,,10000,,10000,2015,2015-04-19,2015-04-21
2015-0164-IND,Storm,India,100,100,125000,,125100,2015,2015-04-21,2015-04-21
2015-0168-CUB,Flood,Cuba,3,,10089,,10089,2015,2015-04-30,2015-04-30
2015-0171-COL,Mass movement (wet),Colombia,93,48,,300,348,2015,2015-05-17,2015-05-18
2015-0175-CHN,Earthquake,China,1,,,,,2015,2015-05-12,2015-05-12
2015-0175-IND,Earthquake,India,20,,,,,2015,2015-05-12,2015-05-12
2015-0175-NPL,Earthquake,Nepal,138,2428,,,2428,2015,2015-05-12,2015-05-12
2015-0176-JPN,Storm,Japan,,6,39,,45,2015,2015-05-12,2015-05-12
2015-0176-PHL,Storm,Philippines,2,,523,,523,2015,2015-05-11,2015-05-11
2015-0177-USA,Storm,United States of America,6,,,,,2015,2015-05-06,2015-05-13
2015-0180-USA,Storm,United States of America,1,40,,,40,2015,2015-05-03,2015-05-05
2015-0181-IDN,Mass movement (wet),Indonesia,13,,,,,2015,2015-05-06,2015-05-06
2015-0184-PRY,Storm,Paraguay,2,25,10000,,10025,2015,2015-04-04,2015-04-04
2015-0185-CHN,Flood,China,58,21,82000,,82021,2015,2015-05-13,2015-06-01
2015-0186-USA,Flood,United States of America,16,,12000,,12000,2015,2015-05-24,2015-05-24
2015-0187-MEX,Storm,Mexico,14,229,1350,741,2320,2015,2015-05-25,2015-05-26
2015-0189-IND,Extreme temperature,India,2248,,,,,2015,2015-05-20,2015-05-31
2015-0194-TJK,Flood,Tajikistan,,,5401,,5401,2015,2015-05-11,2015-05-13
2015-0198-SLV,Storm,El Salvador,12,,20000,,20000,2015,2015-05-02,2015-05-04
2015-0199-PER,Flood,Peru,,,147405,,147405,2015,2015-04-09,2015-04-09
2015-0200-NER,Epidemic,Niger,6,3370,,,3370,2015,,
2015-0203-ROU,Flood,Romania,1,,1500,,1500,2015,2015-05-27,2015-06-02
2015-0204-CHL,Flood,Chile,,16,100,,116,2015,2015-05-17,2015-05-21
2015-0205-TZA,Flood,United Republic of Tanzania,12,,,5000,5000,2015,2015-05-07,2015-05-21
2015-0206-NZL,Flood,New Zealand,1,,100,,100,2015,2015-05-13,2015-05-21
2015-0207-IND,Flood,India,8,,200,,200,2015,2015-05-17,2015-05-21
2015-0208-BRA,Flood,Brazil,5,,1000,,1000,2015,2015-04-01,2015-05-02
2015-0211-USA,Storm,United States of America,4,,,,,2015,2015-05-06,2015-05-13
2015-0212-USA,Flood,United States of America,32,,12000,,12000,2015,2015-05-23,2015-05-30
2015-0213-BGD,Storm,Bangladesh,13,,,,,2015,2015-05-02,2015-05-03
2015-0214-CHN,Storm,China,7,,76200,3600,79800,2015,2015-05-07,2015-05-12
2015-0215-PAK,Flood,Pakistan,20,,,,,2015,2015-06-04,2015-06-05
2015-0216-MYS,Earthquake,Malaysia,24,10,,,10,2015,2015-06-05,2015-06-05
2015-0217-GHA,Flood,Ghana,25,,,5000,5000,2015,2015-06-02,2015-06-15
2015-0219-CHN,Flood,China,20,,60000,,60000,2015,2015-05-13,2015-05-17
2015-0220-CHN,Flood,China,17,,60000,,60000,2015,2015-05-28,2015-06-01
2015-0225-NGA,Epidemic,Nigeria,97,,2108,,2108,2015,,
2015-0226-IND,Mass movement (wet),India,3,,9000,,9000,2015,2015-06-02,2015-06-29
2015-0226-NPL,Mass movement (wet),Nepal,36,18,,,18,2015,2015-06-06,2015-06-11
2015-0227-GEO,Flood,Georgia,40,,10320,,10320,2015,2015-06-07,2015-06-15
2015-0231-CIV,Flood,Côte d’Ivoire,16,,,,,2015,2015-06-07,2015-06-21
2015-0232-PAK,Extreme temperature,Pakistan,1229,,80000,,80000,2015,2015-06-18,2015-06-24
2015-0235-RUS,Flood,Russian Federation,1,,1500,,1500,2015,2015-06-25,2015-06-25
2015-0237-CRI,Flood,Costa Rica,,,9666,,9666,2015,2015-06-27,2015-07-09
2015-0240-CHN,Flood,China,15,,,2400,2400,2015,2015-06-16,2015-06-17
2015-0244-CHN,Storm,China,,,10800,3000,13800,2015,2015-07-11,2015-07-12
2015-0244-JPN,Storm,Japan,1,27,,,27,2015,2015-07-09,2015-07-11
2015-0244-PHL,Storm,Philippines,5,,10800,3300,14100,2015,2015-07-12,2015-07-12
2015-0244-TWN,Storm,Taiwan (Province of China),,6,,,6,2015,2015-07-12,2015-07-12
2015-0245-USA,Storm,United States of America,,,,,,2015,2015-06-03,2015-06-08
2015-0247-CHN,Flood,China,9,,60000,,60000,2015,2015-06-01,2015-06-06
2015-0248-CHN,Flood,China,16,,60000,,60000,2015,2015-06-07,2015-06-11
2015-0249-IND,Flood,India,81,,9000,,9000,2015,2015-06-19,2015-06-20
2015-0251-CHN,Storm,China,,,300,,300,2015,2015-06-21,2015-06-23
2015-0252-CHN,Storm,China,,,193000,,193000,2015,2015-06-22,2015-06-22
2015-0252-VNM,Storm,Viet Nam,7,,,115,115,2015,2015-06-24,2015-06-29
2015-0253-BGD,Flood,Bangladesh,20,20651,1381250,,1401901,2015,2015-06-23,2015-06-30
2015-0253-IND,Flood,India,40,,,1000,1000,2015,2015-06-23,2015-06-30
2015-0253-MMR,Flood,Myanmar,7,,14000,,14000,2015,2015-06-23,2015-06-30
2015-0255-CHN,Flood,China,35,,128700,16200,144900,2015,2015-06-26,2015-07-02
2015-0256-NZL,Flood,New Zealand,,,400,,400,2015,2015-06-22,2015-06-29
2015-0258-IRN,Flood,Iran (Islamic Republic of),23,30,4000,,4030,2015,2015-07-14,2015-07-21
2015-0261-JPN,Storm,Japan,2,56,789,,845,2015,2015-07-16,2015-07-17
2015-0263-POL,Storm,Poland,1,17,1200,,1217,2015,2015-07-19,2015-07-19
2015-0271-CHN,Earthquake,China,4,48,3000,,3048,2015,2015-07-03,2015-07-03
2015-0275-CAN,Wildfire,Canada,,,13000,36,13036,2015,2015-07-01,2015-07-10
2015-0278-CHN,Storm,China,,,56000,,56000,2015,2015-07-09,2015-07-09
2015-0278-PHL,Storm,Philippines,,,55567,,55567,2015,2015-07-04,2015-07-05
2015-0279-PHL,Flood,Philippines,8,,122000,,122000,2015,2015-07-02,2015-07-02
2015-0281-SLB,Storm,Solomon Islands,9,,,400,400,2015,2015-07-05,2015-07-06
2015-0283-PHL,Flood,Philippines,23,,42500,,42500,2015,2015-07-07,2015-07-10
2015-0284-PHL,Flood,Philippines,4,,3000,,3000,2015,2015-07-12,2015-07-21
2015-0285-BRA,Flood,Brazil,3,,283140,,283140,2015,2015-07-10,2015-07-21
2015-0286-TJK,Flood,Tajikistan,,,5401,,5401,2015,2015-07-15,2015-07-21
2015-0287-CMR,Flood,Cameroon,4,,30000,,30000,2015,2015-06-22,2015-06-29
2015-0288-PAK,Flood,Pakistan,10,,,,,2015,2015-06-25,2015-06-29
2015-0291-PAK,Flood,Pakistan,238,232,1572191,,1572423,2015,2015-07-15,2015-08-19
2015-0292-VNM,Flood,Viet Nam,32,,15000,,15000,2015,2015-07-25,2015-08-05
2015-0293-BGD,Flood,Bangladesh,11,,10000,,10000,2015,2015-07-25,2015-07-27
2015-0296-VEN,Flood,Venezuela (Bolivarian Republic of),,,45297,,45297,2015,2015-06-29,2015-07-07
2015-0301-SSD,Epidemic,South Sudan,47,,1818,,1818,2015,2015-05-28,2015-09-05
2015-0302-YEM,Epidemic,Yemen,3,,3026,,3026,2015,2015-03-27,2015-06-04
2015-0303-CHN,Flood,China,28,,105300,23310,128610,2015,2015-07-20,2015-07-29
2015-0306-NPL,Mass movement (wet),Nepal,29,18,,,18,2015,2015-07-29,
2015-0308-MMR,Flood,Myanmar,149,,1621703,,1621703,2015,2015-07-15,2015-08-19
2015-0309-BGD,Storm,Bangladesh,45,,2600000,,2600000,2015,2015-07-29,2015-07-30
2015-0310-PRY,Flood,Paraguay,,,3700,,3700,2015,2015-07-25,2015-08-05
2015-0312-USA,Wildfire,United States of America,1,,,129,129,2015,2015-07-22,2015-08-13
2015-0313-GUY,Flood,Guyana,,,199000,,199000,2015,2015-07-15,2015-07-21
2015-0315-PER,Extreme temperature,Peru,21,,200620,,200620,2015,,
2015-0317-IND,Flood,India,293,,13709887,,13709887,2015,2015-07-15,2015-08-19
2015-0318-MKD,Flood,North Macedonia,7,30,5000,,5030,2015,2015-08-03,2015-08-05
2015-0323-PHL,Flood,Philippines,9,,880,,880,2015,2015-08-05,2015-08-05
2015-0324-LAO,Flood,Lao People's Democratic Republic,,,47800,,47800,2015,2015-08-01,2015-08-15
2015-0325-COL,Flood,Colombia,,,8105,,8105,2015,2015-07-22,2015-08-06
2015-0326-USA,Storm,United States of America,4,,,,,2015,2015-07-12,2015-07-14
2015-0333-IND,Flood,India,25,,,,,2015,2015-07-07,2015-07-13
2015-0333-PAK,Flood,Pakistan,18,,,,,2015,2015-07-07,2015-07-13
2015-0334-CHN,Storm,China,6,,110000,,110000,2015,2015-07-13,2015-07-14
2015-0336-COD,Earthquake,Democratic Republic of the Congo,3,30,260,100,390,2015,2015-08-06,2015-08-07
2015-0337-MLI,Flood,Mali,5,,2000,,2000,2015,2015-08-08,2015-08-09
2015-0338-CHL,Storm,Chile,6,4,934,,938,2015,2015-08-08,2015-08-09
2015-0339-CHN,Storm,China,18,,1580000,,1580000,2015,2015-08-09,2015-08-09
2015-0339-MNP,Storm,Northern Mariana Islands,,10,350,,360,2015,2015-08-01,2015-08-02
2015-0339-PHL,Storm,Philippines,,,3843,,3843,2015,2015-08-05,2015-08-05
2015-0339-TWN,Storm,Taiwan (Province of China),6,380,,,380,2015,2015-08-08,2015-08-09
2015-0342-EGY,Extreme temperature,Egypt,110,66,,,66,2015,2015-08-09,2015-08-09
2015-0345-PRK,Flood,Democratic People's Republic of Korea,33,,3541,,3541,2015,2015-08-01,2015-08-05
2015-0346-BFA,Flood,Burkina Faso,8,54,28871,,28925,2015,2015-08-04,2015-08-07
2015-0349-ARG,Flood,Argentina,3,,50000,,50000,2015,2015-08-05,2015-08-12
2015-0352-CAF,Storm,Central African Republic,1,7,1109,,1116,2015,2015-04-24,2015-04-24
2015-0353-GTM,Flood,Guatemala,6,,8291,,8291,2015,2015-08-10,2015-08-10
2015-0355-GTM,Epidemic,Guatemala,,15211,,,15211,2015,,
2015-0359-PHL,Flood,Philippines,9,,62929,,62929,2015,2015-07-30,2015-08-05
2015-0361-ECU,Volcanic activity,Ecuador,,,800000,,800000,2015,2015-08-14,2015-08-22
2015-0363-URY,Flood,Uruguay,,,2326,,2326,2015,2015-08-17,2015-08-19
2015-0366-HTI,Epidemic,Haiti,170,,20000,,20000,2015,,
2015-0368-NER,Flood,Niger,27,,87037,,87037,2015,2015-07-25,
2015-0371-JPN,Storm,Japan,,70,,,70,2015,2015-08-25,2015-08-25
2015-0371-PHL,Storm,Philippines,40,24,318359,,318383,2015,2015-08-22,2015-08-22
2015-0374-IND,Flood,India,5,,18000,,18000,2015,2015-08-13,2015-08-19
2015-0375-DMA,Storm,Dominica,30,20,28000,574,28594,2015,2015-08-27,2015-08-27
2015-0375-DOM,Storm,Dominican Republic,,,33,2100,2133,2015,2015-08-28,2015-08-28
2015-0375-HTI,Storm,Haiti,5,3,,1966,1969,2015,2015-08-29,2015-08-30
2015-0382-MEX,Flood,Mexico,,,3000,,3000,2015,2015-03-13,2015-03-23
2015-0383-BOL,Flood,Bolivia (Plurinational State of),,,4000,,4000,2015,2015-02-20,2015-02-24
2015-0384-GRC,Flood,Greece,3,,500,,500,2015,2015-02-01,2015-02-09
2015-0385-COD,Wildfire,Democratic Republic of the Congo,3,,57003,,57003,2015,2015-08-24,2015-08-28
2015-0391-LBN,Storm,Lebanon,,,942,,942,2015,2015-02-10,2015-02-17
2015-0392-SDN,Flood,Sudan,20,,,,,2015,2015-08-08,2015-08-09
2015-0393-SDN,Extreme temperature,Sudan,16,,,,,2015,2015-08-13,2015-08-15
2015-0395-CHN,Flood,China,19,,45000,,45000,2015,2015-08-02,2015-08-04
2015-0397-CHN,Flood,China,41,,77440,,77440,2015,2015-08-16,2015-08-19
2015-0399-USA,Flood,United States of America,,,600,,600,2015,2015-07-24,2015-08-05
2015-0400-USA,Storm,United States of America,4,40,,,40,2015,2015-08-02,2015-08-04
2015-0401-USA,Wildfire,United States of America,4,8,600,3900,4508,2015,2015-08-13,2015-08-31
2015-0406-IND,Flood,India,18,,736000,51000,787000,2015,2015-08-28,2015-08-30
2015-0409-KOR,Epidemic,Republic of Korea,36,185,,,185,2015,,
2015-0410-BEL,Extreme temperature,Belgium,410,,,,,2015,2015-06-30,2015-07-05
2015-0410-FRA,Extreme temperature,France,3275,,,,,2015,2015-06-29,2015-08-09
2015-0411-BGD,Mass movement (wet),Bangladesh,7,3,1000,,1003,2015,2015-07-18,2015-07-18
2015-0412-IDN,Flood,Indonesia,,,25750,,25750,2015,2015-07-15,
2015-0413-IND,Flood,India,,,85250,,85250,2015,2015-07-14,2015-07-16
2015-0415-IDN,Earthquake,Indonesia,,62,12185,,12247,2015,2015-09-24,2015-09-24
2015-0418-JPN,Flood,Japan,21,46,45000,,45046,2015,2015-09-09,2015-09-11
2015-0421-USA,Wildfire,United States of America,4,,,7302,7302,2015,2015-09-13,2015-09-20
2015-0427-ISR,Storm,Israel,,200,,,200,2015,2015-09-08,2015-09-10
2015-0427-LBN,Storm,Lebanon,3,750,,,750,2015,2015-09-08,2015-09-08
2015-0427-SYR,Storm,Syrian Arab Republic,9,3500,,,3500,2015,2015-09-08,2015-09-08
2015-0428-GIN,Mass movement (wet),Guinea,7,12,480,,492,2015,2015-09-06,2015-09-07
2015-0429-IDN,Wildfire,Indonesia,19,,409664,,409664,2015,,
2015-0431-USA,Flood,United States of America,19,,,,,2015,2015-09-14,2015-09-14
2015-0434-FRA,Storm,France,3,,750,,750,2015,2015-09-16,2015-09-16
2015-0435-CHL,Earthquake,Chile,19,15,681484,,681499,2015,2015-09-16,2015-09-16
2015-0436-SLE,Flood,Sierra Leone,10,,24303,,24303,2015,2015-09-05,2015-09-06
2015-0437-DZA,Flood,Algeria,12,,,,,2015,2015-09-16,2015-09-17
2015-0438-IRN,Flood,Iran (Islamic Republic of),14,,,,,2015,2015-09-18,2015-09-18
2015-0444-GTM,Mass movement (wet),Guatemala,350,26,1086,,1112,2015,2015-10-02,2015-10-03
2015-0446-DOM,Flood,Dominican Republic,,,,250,250,2015,2015-09-22,2015-09-29
2015-0446-GTM,Flood,Guatemala,2,,56845,,56845,2015,2015-09-27,2015-09-28
2015-0446-NIC,Flood,Nicaragua,2,,3750,,3750,2015,2015-09-22,2015-09-29
2015-0446-PAN,Flood,Panama,,,3500,,3500,2015,2015-09-22,2015-09-29
2015-0446-SLV,Flood,El Salvador,1,,,,,2015,2015-09-22,2015-09-29
2015-0447-ESP,Flood,Spain,4,,150,,150,2015,2015-09-07,2015-09-07
2015-0448-NGA,Flood,Nigeria,53,,100420,,100420,2015,2015-09-05,2015-09-24
2015-0449-MMR,Mass movement (wet),Myanmar,21,,,900,900,2015,2015-10-09,2015-10-09
2015-0450-IND,Storm,India,32,,,,,2015,2015-09-06,2015-09-06
2015-0451-FRA,Flood,France,20,,,,,2015,2015-10-03,2015-10-04
2015-0454-PAK,Mass movement (dry),Pakistan,13,,,,,2015,2015-10-13,2015-10-13
2015-0455-MMR,Mass movement (wet),Myanmar,17,,,300,300,2015,2015-10-11,2015-10-11
2015-0456-JPN,Storm,Japan,8,46,60000,,60046,2015,2015-09-08,2015-09-10
2015-0457-CHN,Flood,China,14,,15000,,15000,2015,2015-09-15,2015-09-23
2015-0458-CHN,Storm,China,,,,,,2015,2015-09-28,2015-09-28
2015-0458-JPN,Storm,Japan,,,,,,2015,2015-09-28,2015-09-28
2015-0458-TWN,Storm,Taiwan (Province of China),3,376,,,376,2015,2015-09-28,2015-09-28
2015-0459-USA,Storm,United States of America,25,,800,,800,2015,2015-10-01,2015-10-13
2015-0460-LAO,Flood,Lao People's Democratic Republic,4,,95,45,140,2015,2015-09-07,2015-09-11
2015-0460-VNM,Flood,Viet Nam,2,,100,,100,2015,2015-09-07,2015-09-11
2015-0462-PHL,Storm,Philippines,51,83,2898507,,2898590,2015,2015-10-14,2015-10-20
2015-0465-BIH,Flood,Bosnia and Herzegovina,,,,,,2015,2015-10-14,2015-10-16
2015-0465-HRV,Flood,Croatia,,,1200,,1200,2015,2015-10-14,2015-10-16
2015-0465-ITA,Flood,Italy,4,,50,,50,2015,2015-10-14,2015-10-16
2015-0470-MEX,Storm,Mexico,14,,15000,,15000,2015,2015-10-22,2015-10-28
2015-0473-CPV,Storm,Cabo Verde,9,,,,,2015,2015-08-31,2015-08-31
2015-0476-AFG,Earthquake,Afghanistan,115,58080,,34645,92725,2015,2015-10-26,2015-10-26
2015-0476-IND,Earthquake,India,,10,,,10,2015,2015-10-26,2015-10-26
2015-0476-PAK,Earthquake,Pakistan,280,1745,366945,133900,502590,2015,2015-10-25,2015-10-25
2015-0477-SOM,Flood,Somalia,,,900000,,900000,2015,2015-10-27,2015-10-27
2015-0479-BHS,Storm,Bahamas,33,,6710,,6710,2015,2015-10-01,2015-10-04
2015-0480-GIN,Flood,Guinea,9,29,29599,,29628,2015,2015-07-24,2015-08-03
2015-0481-IRQ,Epidemic,Iraq,,2217,,,2217,2015,2015-09-15,2015-10-31
2015-0482-DZA,Flood,Algeria,,,35000,,35000,2015,2015-10-16,2015-10-28
2015-0484-SOM,Storm,Somalia,,,4000,,4000,2015,2015-11-02,2015-11-02
2015-0484-YEM,Storm,Yemen,8,65,110000,,110065,2015,2015-11-03,2015-11-04
2015-0485-IRQ,Flood,Iraq,58,,65000,,65000,2015,2015-10-28,2015-10-30
2015-0488-USA,Storm,United States of America,6,,,,,2015,2015-10-29,2015-11-03
2015-0489-BRA,Flood,Brazil,3,,5370,,5370,2015,2015-10-08,2015-10-20
2015-0490-CHN,Storm,China,20,,52500,25800,78300,2015,2015-10-04,2015-10-04
2015-0490-PHL,Storm,Philippines,2,,3500,,3500,2015,2015-10-02,2015-10-02
2015-0491-CHN,Storm,China,14,,14700,900,15600,2015,2015-10-06,2015-10-11
2015-0492-MMR,Flood,Myanmar,16,,,,,2015,2015-10-08,2015-10-08
2015-0494-SOM,Storm,Somalia,,,,,,2015,2015-11-08,2015-11-08
2015-0494-YEM,Storm,Yemen,18,,15000,,15000,2015,2015-11-08,2015-11-10
2015-0498-URY,Flood,Uruguay,,,10000,,10000,2015,2015-10-14,2015-10-28
2015-0499-IRN,Flood,Iran (Islamic Republic of),9,,17700,,17700,2015,2015-11-12,2015-11-12
2015-0504-IND,Flood,India,325,1000,1800000,,1801000,2015,2015-11-08,2015-12-04
2015-0507-SAU,Flood,Saudi Arabia,12,,,,,2015,2015-11-17,2015-11-18
2015-0509-CMR,Epidemic,Cameroon,,858,,,858,2015,2015-01-01,
2015-0510-CHN,Mass movement (wet),China,38,,300,,300,2015,2015-11-13,2015-11-13
2015-0511-BLZ,Flood,Belize,,,20000,,20000,2015,2015-10-15,2015-10-19
2015-0512-KGZ,Earthquake,Kyrgyzstan,,,11490,5290,16780,2015,2015-11-17,2015-11-17
2015-0514-AUS,Wildfire,Australia,2,30,126,105,261,2015,2015-11-25,2015-11-28
2015-0522-PER,Flood,Peru,9,55,3180,,3235,2015,2015-03-23,2015-03-23
2015-0524-IDN,Mass movement (wet),Indonesia,20,,,105,105,2015,2015-12-03,2015-12-03
2015-0525-GBR,Storm,United Kingdom of Great Britain and Northern Ireland,3,,15600,,15600,2015,2015-12-04,2015-12-06
2015-0525-IRL,Storm,Ireland,1,,,,,2015,2015-12-06,2015-12-06
2015-0528-TJK,Earthquake,Tajikistan,2,14,7962,,7976,2015,2015-12-07,2015-12-07
2015-0529-MNG,Extreme temperature,Mongolia,,,965000,,965000,2015,,
2015-0530-LKA,Flood,Sri Lanka,2,,20000,,20000,2015,2015-11-15,2015-12-04
2015-0531-USA,Storm,United States of America,18,,300,,300,2015,2015-11-25,2015-12-04
2015-0532-ESP,Flood,Spain,4,,,,,2015,2015-11-01,2015-11-03
2015-0532-ITA,Flood,Italy,2,,,,,2015,2015-11-01,2015-11-13
2015-0532-PRT,Flood,Portugal,1,,,,,2015,2015-11-01,2015-11-03
2015-0533-CHN,Flood,China,38,,639000,,639000,2015,2015-11-10,2015-11-16
2015-0534-CHN,Storm,China,4,,3000,,3000,2015,2015-11-22,2015-11-25
2015-0535-COD,Flood,Democratic Republic of the Congo,18,,,,,2015,2015-12-11,2015-12-12
2015-0536-COD,Flood,Democratic Republic of the Congo,31,,10560,,10560,2015,2015-11-19,2015-12-17
2015-0540-TZA,Epidemic,United Republic of Tanzania,542,32879,,,32879,2015,2015-08-15,2018-01-07
2015-0541-TZA,Epidemic,United Republic of Tanzania,40,4833,,,4833,2015,,
2015-0542-ALB,Flood,Albania,1,,300,,300,2015,2015-11-21,2015-12-04
2015-0543-PHL,Storm,Philippines,46,24,287227,,287251,2015,2015-12-14,2015-12-15
2015-0544-SOM,Flood,Somalia,,,16296,,16296,2015,,
2015-0547-LKA,Flood,Sri Lanka,8,9,7300,,7309,2015,2015-09-15,2015-10-05
2015-0548-ETH,Flood,Ethiopia,,,210600,,210600,2015,,
2015-0549-COD,Flood,Democratic Republic of the Congo,,,180000,,180000,2015,2015-11-07,2015-11-23
2015-0550-ECU,Volcanic activity,Ecuador,,,130042,,130042,2015,2015-11-17,
2015-0551-ARG,Flood,Argentina,6,,76133,,76133,2015,2015-12-20,2016-01-11
2015-0551-BRA,Flood,Brazil,,,9000,,9000,2015,2015-12-20,2015-12-26
2015-0551-PRY,Flood,Paraguay,12,,136450,,136450,2015,,2016-01-27
2015-0551-URY,Flood,Uruguay,2,,23000,,23000,2015,2015-12-20,2015-12-26
2015-0558-USA,Storm,United States of America,50,60,,,60,2015,2015-12-26,2015-12-30
2015-0560-AUS,Wildfire,Australia,,,,348,348,2015,2015-12-19,2015-12-26
2015-0561-GBR,Flood,United Kingdom of Great Britain and Northern Ireland,,,48000,,48000,2015,2015-12-26,2015-12-26
2015-0564-KEN,Flood,Kenya,112,73,240726,,240799,2015,2015-12-01,2016-01-06
2015-0565-USA,Flood,United States of America,31,50,4000,,4050,2015,2015-12-15,2016-01-06
2015-0571-AFG,Earthquake,Afghanistan,,12,,395,407,2015,2015-12-25,2015-12-25
2015-0571-PAK,Earthquake,Pakistan,3,85,,,85,2015,2015-12-25,2015-12-25
2015-0575-JPN,Extreme temperature,Japan,32,11187,,,11187,2015,2015-08-03,2015-08-09
2015-0576-AUS,Flood,Australia,6,,,,,2015,2015-04-30,2015-05-03
2015-0577-POL,Extreme temperature,Poland,77,,,,,2015,,
2015-0578-BDI,Flood,Burundi,52,,4179,,4179,2015,,2016-02-01
2015-0579-AGO,Epidemic,Angola,384,4599,,,4599,2015,2015-12-05,2016-10-20
2015-0580-GHA,Epidemic,Ghana,85,465,,,465,2015,,2016-02-10
2015-0580-TGO,Epidemic,Togo,24,324,,,324,2015,,
2015-0581-AFG,Flood,Afghanistan,7,10,,3000,3010,2015,2015-05-09,2015-05-09
2015-0598-ITA,Flood,Italy,,,500,,500,2015,2015-08-11,2015-08-12
2015-0600-IND,Storm,India,23,,,,,2015,2015-05-19,2015-05-19
2015-0601-BGD,Storm,Bangladesh,6,50,40000,,40050,2015,2015-05-23,2015-05-23
2015-0604-IND,Storm,India,29,,,,,2015,2015-10-03,2015-10-04
2015-0606-EGY,Storm,Egypt,25,35,100,,135,2015,2015-11-03,2015-11-04
2015-0608-TLS,Earthquake,Timor-Leste,,3,,2000,2003,2015,2015-11-04,2015-11-04
2015-0610-JPN,Extreme temperature,Japan,2,480,,,480,2015,2015-05-11,
2015-0611-JPN,Extreme temperature,Japan,5,3200,,,3200,2015,2015-07-12,2015-07-15
2015-0613-USA,Wildfire,United States of America,3,,,1425,1425,2015,2015-09-09,2015-09-14
2015-0619-KHM,Flood,Cambodia,,,22000,,22000,2015,2015-09-16,2015-09-16
2015-0620-KHM,Storm,Cambodia,,,6300,,6300,2015,2015-09-19,2015-09-20
2015-0620-THA,Storm,Thailand,3,,1440,,1440,2015,2015-09-15,2015-09-21
2015-0620-VNM,Storm,Viet Nam,11,,,,,2015,2015-09-14,2015-09-14
2015-0621-COL,Wildfire,Colombia,11,,119000,,119000,2015,,
2015-9166-NER,Drought,Niger,,,2588128,,2588128,2015,,
2015-9210-USA,Drought,United States of America,,,,,,2015,,
2015-9257-PRK,Drought,Democratic People's Republic of Korea,,,18000000,,18000000,2015,,
2015-9307-BWA,Drought,Botswana,,,,,,2015,,
2015-9328-CHN,Drought,China,,,,,,2015,,
2015-9353-PAN,Drought,Panama,,,,,,2015,,
2015-9364-PHL,Drought,Philippines,,,181687,,181687,2015,,
2015-9372-COL,Drought,Colombia,,,,,,2015,,
2015-9372-CUB,Drought,Cuba,,,100000,,100000,2015,,
2015-9373-SDN,Drought,Sudan,,,800000,,800000,2015,,
2015-9410-PNG,Drought,Papua New Guinea,24,,2520000,,2520000,2015,,
2015-9411-IDN,Drought,Indonesia,11,,,,,2015,,
2015-9444-MWI,Drought,Malawi,,,6700000,,6700000,2015,,
2015-9483-FJI,Drought,Fiji,,,67000,,67000,2015,,
2015-9483-SLB,Drought,Solomon Islands,,,,,,2015,,
2015-9483-TON,Drought,Tonga,,,,,,2015,,
2015-9483-WSM,Drought,Samoa,,,,,,2015,,
2015-9496-MHL,Drought,Marshall Islands,,,21000,,21000,2015,,
2015-9500-ZAF,Drought,South Africa,,,2700000,,2700000,2015,,
2015-9505-NAM,Drought,Namibia,,,580000,,580000,2015,,
2015-9545-ETH,Drought,Ethiopia,,,10200000,,10200000,2015,,
2015-9574-THA,Drought,Thailand,,,,,,2015,,
2015-9575-GMB,Drought,Gambia,,,63100,,63100,2015,,
2015-9616-SOM,Drought,Somalia,,,6700000,,6700000,2015,,
2015-9617-VNM,Drought,Viet Nam,,,1750000,,1750000,2015,,
2015-9618-IND,Drought,India,,,330000000,,330000000,2015,,
2015-9621-PLW,Drought,Palau,,,14200,,14200,2015,,
2016-0001-POL,Extreme temperature,Poland,21,,,,,2016,2016-01-02,2016-01-04
2016-0001-UKR,Extreme temperature,Ukraine,37,,,,,2016,2016-01-01,2016-01-12
2016-0002-BGD,Earthquake,Bangladesh,5,70,,,70,2016,2016-01-03,2016-01-03
2016-0002-IND,Earthquake,India,8,308,10500,,10808,2016,2016-01-03,2016-01-03
2016-0004-TON,Storm,Tonga,,,392,,392,2016,2016-01-02,2016-01-02
2016-0010-USA,Storm,United States of America,50,12,85000000,,85000012,2016,2016-01-23,2016-01-26
2016-0012-USA,Storm,United States of America,,,,,,2016,2016-01-04,2016-01-08
2016-0014-AUS,Wildfire,Australia,2,,,540,540,2016,2016-01-05,2016-01-10
2016-0019-IDN,Earthquake,Indonesia,,8,360,,368,2016,2016-01-16,2016-01-16
2016-0023-CHN,Extreme temperature,China,5,,,,,2016,2016-01-20,2016-01-26
2016-0023-JPN,Extreme temperature,Japan,8,610,,,610,2016,2016-01-20,2016-01-26
2016-0023-KOR,Extreme temperature,Republic of Korea,6,,,,,2016,2016-01-20,2016-01-26
2016-0023-THA,Extreme temperature,Thailand,14,,,,,2016,2016-01-20,2016-01-26
2016-0023-TWN,Extreme temperature,Taiwan (Province of China),85,,,,,2016,2016-01-20,2016-01-26
2016-0028-TZA,Flood,United Republic of Tanzania,3,,58896,,58896,2016,2016-01-17,2016-01-18
2016-0032-ECU,Flood,Ecuador,9,,10000,,10000,2016,2016-01-01,2016-01-25
2016-0033-BRA,Flood,Brazil,3,,50500,,50500,2016,2016-01-09,2016-01-15
2016-0036-ZAF,Extreme temperature,South Africa,11,20,,,20,2016,2016-01-01,2016-01-10
2016-0038-CHN,Flood,China,11,,,3000,3000,2016,2016-01-26,2016-01-29
2016-0039-ECU,Flood,Ecuador,,,23955,,23955,2016,2016-01-24,2016-01-26
2016-0040-IDN,Flood,Indonesia,8,,80313,,80313,2016,2016-02-07,2016-02-12
2016-0041-FJI,Storm,Fiji,45,144,540414,,540558,2016,2016-02-20,2016-02-21
2016-0041-TON,Storm,Tonga,,,,,,2016,2016-02-19,2016-02-19
2016-0043-TWN,Earthquake,Taiwan (Province of China),117,525,,,525,2016,2016-02-06,2016-02-06
2016-0049-IND,Mass movement (wet),India,10,,,,,2016,2016-02-03,2016-02-03
2016-0051-USA,Storm,United States of America,10,12,,,12,2016,2016-02-22,2016-02-25
2016-0053-HTI,Flood,Haiti,5,7660,40620,,48280,2016,2016-02-28,2016-02-28
2016-0054-PER,Flood,Peru,2,,10000,,10000,2016,2016-02-20,2016-02-25
2016-0056-AGO,Flood,Angola,54,,,,,2016,2016-02-29,2016-03-01
2016-0057-IDN,Flood,Indonesia,,,30000,,30000,2016,2016-02-19,2016-02-24
2016-0057-MYS,Flood,Malaysia,,,6000,,6000,2016,2016-02-19,2016-02-24
2016-0060-TZA,Flood,United Republic of Tanzania,,,53446,,53446,2016,2016-02-10,2016-02-15
2016-0061-MAR,Extreme temperature,Morocco,,,750000,,750000,2016,2016-02-27,2016-02-27
2016-0076-SRB,Flood,Serbia,,,7000,,7000,2016,2016-03-06,2016-03-07
2016-0077-BRA,Flood,Brazil,30,,,,,2016,2016-03-10,2016-03-11
2016-0085-USA,Storm,United States of America,7,,,,,2016,2016-03-04,2016-03-12
2016-0086-USA,Storm,United States of America,1,,,,,2016,2016-03-17,2016-03-18
2016-0087-USA,Storm,United States of America,,,300,,300,2016,2016-03-22,2016-03-25
2016-0088-AGO,Flood,Angola,6,,,2755,2755,2016,2016-03-03,2016-03-06
2016-0089-KEN,Flood,Kenya,3,,,1000,1000,2016,2016-03-10,2016-03-10
2016-0092-IDN,Flood,Indonesia,6,,12500,,12500,2016,2016-03-07,2016-03-08
2016-0094-IDN,Flood,Indonesia,5,,24000,,24000,2016,2016-03-08,2016-03-13
2016-0095-CHN,Flood,China,5,,216000,3300,219300,2016,2016-03-19,2016-03-22
2016-0096-NZL,Flood,New Zealand,,,300,,300,2016,2016-03-23,2016-03-24
2016-0100-PAK,Earthquake,Pakistan,6,42,100,,142,2016,2016-04-10,2016-04-10
2016-0101-ETH,Flood,Ethiopia,28,80,2000,1000,3080,2016,2016-04-02,2016-04-07
2016-0105-SAU,Flood,Saudi Arabia,18,,915,,915,2016,2016-04-08,2016-04-15
2016-0107-JPN,Earthquake,Japan,9,800,120000,,120800,2016,2016-04-14,2016-04-14
2016-0112-AFG,Flood,Afghanistan,30,,,,,2016,2016-04-02,2016-04-08
2016-0112-PAK,Flood,Pakistan,92,77,,,77,2016,2016-04-02,2016-04-08
2016-0115-URY,Flood,Uruguay,8,250,10355,,10605,2016,2016-04-12,2016-05-11
2016-0117-ECU,Earthquake,Ecuador,672,6274,383090,,389364,2016,2016-04-16,2016-04-16
2016-0118-CHL,Flood,Chile,12,100,,,100,2016,2016-04-15,2016-04-18
2016-0120-OMN,Flood,Oman,2,,,,,2016,2016-04-08,2016-04-15
2016-0120-SAU,Flood,Saudi Arabia,3,,,,,2016,2016-04-08,2016-04-10
2016-0120-YEM,Flood,Yemen,20,,29750,,29750,2016,2016-04-13,2016-04-14
2016-0121-JPN,Earthquake,Japan,49,1684,272763,23985,298432,2016,2016-04-16,2016-04-16
2016-0123-USA,Storm,United States of America,1,,3000,,3000,2016,2016-04-10,2016-04-15
2016-0124-USA,Flood,United States of America,9,,21000,,21000,2016,2016-04-16,2016-04-19
2016-0125-USA,Storm,United States of America,6,,,,,2016,2016-04-25,2016-05-04
2016-0126-HTI,Flood,Haiti,6,10,22060,,22070,2016,2016-04-23,2016-04-24
2016-0127-ARG,Flood,Argentina,,,72119,,72119,2016,2016-04-04,2016-04-15
2016-0128-RUS,Flood,Russian Federation,,,3200,,3200,2016,2016-04-16,2016-04-22
2016-0129-MWI,Flood,Malawi,12,,,2800,2800,2016,2016-04-06,2016-04-11
2016-0129-SOM,Flood,Somalia,9,,,,,2016,2016-04-06,2016-04-11
2016-0130-UGA,Flood,Uganda,,,10000,,10000,2016,2016-04-13,2016-04-18
2016-0131-AGO,Flood,Angola,23,,3200,2400,5600,2016,2016-04-16,2016-04-22
2016-0133-IND,Extreme temperature,India,300,,,,,2016,2016-04-01,2016-05-20
2016-0135-AFG,Flood,Afghanistan,31,,,,,2016,2016-04-16,2016-04-17
2016-0137-CHN,Flood,China,20,,48000,,48000,2016,2016-04-20,2016-04-28
2016-0138-MMR,Storm,Myanmar,14,12,,12000,12012,2016,2016-04-21,2016-04-23
2016-0139-IND,Flood,India,18,,100000,,100000,2016,2016-04-22,2016-04-25
2016-0140-CHN,Storm,China,,49,6000,,6049,2016,2016-04-24,2016-04-27
2016-0141-FJI,Storm,Fiji,2,,5000,,5000,2016,2016-04-04,2016-04-07
2016-0141-TON,Storm,Tonga,,,,,,2016,2016-04-07,2016-04-07
2016-0148-UGA,Mass movement (wet),Uganda,15,,,1000,1000,2016,2016-05-10,2016-05-10
2016-0149-RWA,Flood,Rwanda,67,,,,,2016,,
2016-0150-USA,Storm,United States of America,2,10,,,10,2016,2016-05-08,2016-05-11
2016-0151-ECU,Earthquake,Ecuador,1,87,60,,147,2016,2016-05-18,2016-05-18
2016-0153-LKA,Flood,Sri Lanka,203,,301602,,301602,2016,2016-05-14,2016-05-15
2016-0154-BGD,Storm,Bangladesh,59,,,,,2016,2016-05-13,2016-05-15
2016-0156-IDN,Mass movement (wet),Indonesia,15,,,,,2016,2016-05-15,2016-05-15
2016-0161-KEN,Flood,Kenya,39,,10000,,10000,2016,2016-04-29,2016-05-02
2016-0162-CHN,Mass movement (wet),China,66,,237600,,237600,2016,2016-05-04,2016-05-11
2016-0164-RWA,Mass movement (wet),Rwanda,50,30,30000,,30030,2016,2016-05-07,2016-05-08
2016-0165-HTI,Flood,Haiti,23,,,,,2016,2016-05-02,2016-05-02
2016-0170-USA,Flood,United States of America,11,,,,,2016,2016-04-30,2016-04-30
2016-0172-CAN,Wildfire,Canada,,,88000,,88000,2016,2016-05-01,2016-07-04
2016-0175-BGD,Storm,Bangladesh,28,,1083855,119700,1203555,2016,2016-05-21,2016-05-21
2016-0179-AUT,Flood,Austria,,,,,,2016,2016-06-01,2016-06-01
2016-0179-BEL,Flood,Belgium,1,,,,,2016,2016-06-02,2016-06-08
2016-0179-DEU,Flood,Germany,7,,,,,2016,2016-05-31,2016-06-07
2016-0179-FRA,Flood,France,5,24,,,24,2016,2016-05-31,2016-06-05
2016-0179-POL,Flood,Poland,2,3,,,3,2016,2016-05-28,2016-05-28
2016-0179-ROU,Flood,Romania,2,,,,,2016,2016-06-02,2016-06-02
2016-0181-USA,Storm,United States of America,9,12,,,12,2016,2016-05-21,2016-05-28
2016-0183-USA,Flood,United States of America,15,,,,,2016,2016-05-27,2016-06-02
2016-0184-DOM,Flood,Dominican Republic,,,3400,,3400,2016,2016-05-07,2016-05-08
2016-0184-HTI,Flood,Haiti,5,,3000,,3000,2016,2016-05-07,2016-05-08
2016-0185-HTI,Flood,Haiti,1,3,18370,,18373,2016,2016-05-26,2016-05-31
2016-0186-ETH,Flood,Ethiopia,100,,490000,,490000,2016,2016-05-09,2016-05-20
2016-0187-IND,Wildfire,India,7,,,,,2016,2016-02-01,2016-05-02
2016-0187-NPL,Wildfire,Nepal,11,,,,,2016,2016-02-01,2016-05-02
2016-0189-MMR,Storm,Myanmar,18,24,87920,,87944,2016,2016-04-29,2016-05-03
2016-0191-AFG,Flood,Afghanistan,6,,,,,2016,2016-05-09,2016-05-12
2016-0191-TJK,Flood,Tajikistan,4,,12750,,12750,2016,2016-05-09,2016-05-12
2016-0194-CHN,Flood,China,12,,35400,8700,44100,2016,2016-05-18,2016-05-21
2016-0195-IND,Mass movement (wet),India,10,5,,,5,2016,2016-05-22,2016-05-22
2016-0196-YEM,Mass movement (wet),Yemen,20,20,,,20,2016,2016-05-22,2016-05-23
2016-0198-CHN,Flood,China,17,,,,,2016,2016-05-21,2016-05-29
2016-0201-AUS,Storm,Australia,5,,,,,2016,2016-06-04,2016-06-05
2016-0203-USA,Storm,United States of America,25,,2000,,2000,2016,2016-06-22,2016-06-24
2016-0206-USA,Wildfire,United States of America,,,36,855,891,2016,2016-06-25,2016-06-26
2016-0209-CHN,Storm,China,102,1000,45000,,46000,2016,2016-06-24,2016-06-24
2016-0211-BEL,Storm,Belgium,1,,,,,2016,2016-06-23,2016-06-24
2016-0211-NLD,Storm,Netherlands (Kingdom of the),,,,,,2016,2016-06-23,2016-06-24
2016-0212-GHA,Flood,Ghana,10,,,,,2016,2016-06-10,2016-06-14
2016-0216-IDN,Mass movement (wet),Indonesia,62,,,,,2016,2016-06-17,2016-06-21
2016-0219-NER,Flood,Niger,50,27,123239,,123266,2016,2016-06-20,
2016-0221-JPN,Flood,Japan,7,,6000,,6000,2016,2016-06-20,2016-06-23
2016-0224-MMR,Mass movement (wet),Myanmar,42,15,,,15,2016,2016-05-23,2016-05-23
2016-0227-RUS,Flood,Russian Federation,,,8196,,8196,2016,2016-06-04,2016-06-10
2016-0229-PAK,Storm,Pakistan,34,191,,,191,2016,2016-06-01,2016-06-02
2016-0230-CHN,Storm,China,12,,150000,,150000,2016,2016-06-02,2016-06-08
2016-0232-MMR,Flood,Myanmar,14,,377667,,377667,2016,2016-06-01,2016-06-24
2016-0233-CHN,Flood,China,25,,215400,39000,254400,2016,2016-06-09,2016-06-16
2016-0234-IND,Storm,India,11,,,,,2016,2016-06-12,2016-06-12
2016-0235-CHN,Storm,China,99,846,45000,,45846,2016,2016-06-16,2016-06-23
2016-0236-CHN,Flood,China,68,,165000,,165000,2016,2016-06-18,2016-06-23
2016-0237-IND,Storm,India,93,,,,,2016,2016-06-20,2016-06-21
2016-0238-CHN,Flood,China,34,,150000,,150000,2016,2016-06-23,2016-06-30
2016-0239-IND,Flood,India,61,,,,,2016,2016-06-25,2016-07-01
2016-0240-PAK,Flood,Pakistan,46,,235,175,410,2016,2016-07-03,2016-07-06
2016-0241-CHN,Flood,China,289,,60000000,,60000000,2016,2016-06-28,2016-07-13
2016-0243-CAN,Flood,Canada,,,300,,300,2016,2016-06-14,2016-06-21
2016-0244-TZA,Flood,United Republic of Tanzania,13,,14000,13933,27933,2016,2016-04-22,2016-04-24
2016-0246-BOL,Flood,Bolivia (Plurinational State of),,,120,,120,2016,2016-02-28,2016-03-03
2016-0247-AGO,Flood,Angola,30,,1544,,1544,2016,2016-03-01,2016-03-10
2016-0248-MOZ,Flood,Mozambique,16,,6600,,6600,2016,2016-01-05,2016-01-29
2016-0250-CHN,Mass movement (wet),China,22,7,,,7,2016,2016-07-01,2016-07-01
2016-0251-TJK,Earthquake,Tajikistan,,,155,,155,2016,2016-07-01,2016-07-01
2016-0255-CHN,Mass movement (wet),China,35,,,,,2016,2016-07-07,2016-07-07
2016-0256-CHN,Storm,China,69,,,24900,24900,2016,2016-07-09,2016-07-09
2016-0256-PHL,Storm,Philippines,2,2,3357,,3359,2016,2016-07-08,2016-07-08
2016-0256-TWN,Storm,Taiwan (Province of China),3,300,,,300,2016,2016-07-09,2016-07-09
2016-0257-CHN,Flood,China,289,,375000,,375000,2016,2016-07-18,2016-07-25
2016-0264-USA,Wildfire,United States of America,2,,420,,420,2016,2016-07-24,2016-08-01
2016-0267-IND,Flood,India,50,,,2000000,2000000,2016,2016-07-28,2016-07-30
2016-0267-NPL,Flood,Nepal,138,51,10500,,10551,2016,2016-07-25,2016-07-27
2016-0268-VNM,Storm,Viet Nam,1,5,191745,,191750,2016,2016-07-28,2016-07-28
2016-0269-NER,Flood,Niger,11,,,3000,3000,2016,2016-06-01,2016-09-07
2016-0270-PAK,Flood,Pakistan,26,3,,,3,2016,2016-07-30,2016-07-30
2016-0271-IND,Flood,India,254,,1600000,,1600000,2016,2016-07-15,2016-09-12
2016-0272-MLI,Flood,Mali,13,,9500,,9500,2016,2016-07-11,2016-07-23
2016-0274-SDN,Flood,Sudan,171,4,90000,110000,200004,2016,,2016-09-08
2016-0275-NPL,Flood,Nepal,25,23,10000,,10023,2016,2016-06-29,2016-07-05
2016-0276-IND,Flood,India,184,,100000,,100000,2016,2016-07-09,2016-08-22
2016-0282-MKD,Flood,North Macedonia,22,60,33522,,33582,2016,2016-08-06,2016-08-07
2016-0284-BLZ,Storm,Belize,,,10355,,10355,2016,2016-08-04,2016-08-04
2016-0284-GTM,Storm,Guatemala,,,55,,55,2016,2016-08-06,2016-08-06
2016-0284-HND,Storm,Honduras,1,,151,,151,2016,2016-08-06,2016-08-06
2016-0284-MEX,Storm,Mexico,54,,11000,,11000,2016,2016-08-06,2016-08-07
2016-0285-PRT,Wildfire,Portugal,4,200,699,462,1361,2016,2016-08-08,2016-08-13
2016-0287-BFA,Flood,Burkina Faso,15,35,27826,7032,34893,2016,2016-06-21,2016-07-16
2016-0288-BGD,Flood,Bangladesh,106,,1900000,,1900000,2016,2016-07-19,2016-08-02
2016-0289-SSD,Epidemic,South Sudan,68,3826,,,3826,2016,,2017-01-20
2016-0292-USA,Flood,United States of America,13,,70000,,70000,2016,2016-08-09,2016-08-16
2016-0295-RUS,Flood,Russian Federation,,,300,,300,2016,2016-08-15,2016-08-15
2016-0297-USA,Wildfire,United States of America,,,,567,567,2016,2016-08-13,2016-08-16
2016-0298-PER,Earthquake,Peru,4,67,11115,,11182,2016,2016-08-14,2016-08-14
2016-0300-CAF,Epidemic,Central African Republic,21,266,,,266,2016,2016-07-05,2016-09-20
2016-0301-LBR,Flood,Liberia,,,15431,,15431,2016,2016-06-29,2016-07-12
2016-0302-SYC,Epidemic,Seychelles,,253,,,253,2016,,2016-07-12
2016-0304-IND,Flood,India,37,,3000,,3000,2016,2016-08-01,2016-08-03
2016-0305-ZAF,Flood,South Africa,7,,6900,,6900,2016,2016-07-25,2016-08-03
2016-0306-IDN,Flood,Indonesia,,,1354,,1354,2016,2016-07-11,2016-07-19
2016-0307-MYS,Flood,Malaysia,,,441,,441,2016,2016-07-18,2016-07-19
2016-0309-AFG,Flood,Afghanistan,17,,,,,2016,2016-07-19,2016-07-19
2016-0313-ITA,Earthquake,Italy,296,400,4454,,4854,2016,2016-08-24,2016-08-24
2016-0316-LAO,Flood,Lao People's Democratic Republic,5,,26328,,26328,2016,2016-08-11,2016-08-20
2016-0318-GTM,Mass movement (wet),Guatemala,10,1,45,,46,2016,2016-09-06,2016-09-07
2016-0319-MEX,Storm,Mexico,11,,10500,,10500,2016,2016-09-06,2016-09-07
2016-0321-PRK,Flood,Democratic People's Republic of Korea,538,,667715,,667715,2016,2016-08-29,2016-09-06
2016-0322-USA,Storm,United States of America,3,,13500,570,14070,2016,2016-09-01,2016-09-06
2016-0324-JPN,Storm,Japan,22,,,,,2016,2016-09-04,2016-09-04
2016-0325-MEX,Flood,Mexico,3,,6000,,6000,2016,2016-09-03,2016-09-06
2016-0327-SSD,Flood,South Sudan,,,22000,,22000,2016,2016-07-01,2016-08-31
2016-0329-TZA,Earthquake,United Republic of Tanzania,17,440,139161,,139601,2016,2016-09-10,2016-09-10
2016-0329-UGA,Earthquake,Uganda,4,,,590,590,2016,2016-09-10,2016-09-10
2016-0331-USA,Flood,United States of America,1,,,,,2016,2016-09-19,2016-09-23
2016-0332-MEX,Flood,Mexico,13,,6000,,6000,2016,2016-09-14,2016-09-22
2016-0333-MEX,Flood,Mexico,5,,3000,,3000,2016,2016-09-29,2016-10-05
2016-0334-GRC,Flood,Greece,4,,200,,200,2016,2016-09-05,2016-09-08
2016-0335-MKD,Earthquake,North Macedonia,,100,,,100,2016,2016-09-11,2016-09-11
2016-0336-NGA,Storm,Nigeria,28,,1000,,1000,2016,2016-08-14,2016-09-07
2016-0337-NGA,Flood,Nigeria,18,,,12000,12000,2016,2016-09-01,2016-09-20
2016-0340-CHN,Storm,China,,,6000,,6000,2016,2016-09-08,2016-09-13
2016-0341-KOR,Earthquake,Republic of Korea,,32,29800,,29832,2016,2016-09-12,2016-09-12
2016-0342-CHN,Storm,China,,,205500,,205500,2016,2016-09-15,2016-09-15
2016-0342-PHL,Storm,Philippines,,,16648,,16648,2016,2016-09-16,2016-09-16
2016-0342-TWN,Storm,Taiwan (Province of China),,,,,,2016,2016-09-14,2016-09-14
2016-0344-SDN,Epidemic,Sudan,19,632,,,632,2016,2016-09-19,2016-09-19
2016-0345-IDN,Flood,Indonesia,53,,,8920,8920,2016,2016-09-20,2016-09-22
2016-0350-CHN,Storm,China,35,,36000,,36000,2016,2016-09-28,2016-09-28
2016-0350-TWN,Storm,Taiwan (Province of China),7,160,,,160,2016,2016-09-27,2016-09-27
2016-0352-CIV,Flood,Côte d’Ivoire,20,,,,,2016,2016-09-28,2016-09-28
2016-0355-BHS,Storm,Bahamas,,,,,,2016,2016-09-28,2016-10-10
2016-0355-CUB,Storm,Cuba,,,190000,,190000,2016,2016-09-28,2016-10-07
2016-0355-DOM,Storm,Dominican Republic,6,,39,9,48,2016,2016-10-03,2016-10-04
2016-0355-HTI,Storm,Haiti,546,439,2100000,,2100439,2016,2016-09-28,2016-10-07
2016-0355-JAM,Storm,Jamaica,,,125000,,125000,2016,2016-09-27,2016-10-03
2016-0355-LCA,Storm,Saint Lucia,,,25000,,25000,2016,2016-09-28,2016-09-28
2016-0355-USA,Storm,United States of America,49,,,,,2016,2016-10-08,2016-10-12
2016-0355-VCT,Storm,Saint Vincent and the Grenadines,1,,,,,2016,2016-09-28,2016-09-29
2016-0356-HND,Flood,Honduras,6,,450000,,450000,2016,2016-10-18,2016-10-20
2016-0357-ITA,Earthquake,Italy,1,24,3003,,3027,2016,2016-10-26,2016-10-26
2016-0358-ITA,Earthquake,Italy,,20,22272,,22292,2016,2016-10-30,2016-10-30
2016-0359-EGY,Storm,Egypt,26,72,32500,,32572,2016,2016-10-27,2016-10-29
2016-0360-THA,Flood,Thailand,4,,204000,,204000,2016,2016-10-06,2016-10-16
2016-0361-JPN,Storm,Japan,,,,,,2016,2016-10-05,2016-10-06
2016-0361-KOR,Storm,Republic of Korea,9,,1500,,1500,2016,2016-10-05,2016-10-12
2016-0362-VNM,Storm,Viet Nam,34,,610000,,610000,2016,2016-10-13,2016-10-15
2016-0363-CHN,Storm,China,,,,,,2016,2016-10-16,2016-10-19
2016-0363-PHL,Storm,Philippines,,,52270,,52270,2016,2016-10-16,2016-10-19
2016-0364-CHN,Storm,China,,,12000,,12000,2016,2016-10-19,2016-10-21
2016-0364-PHL,Storm,Philippines,8,,981154,,981154,2016,2016-10-19,2016-10-21
2016-0369-MMR,Flood,Myanmar,5,,474560,,474560,2016,,
2016-0371-CHN,Storm,China,,,18000,,18000,2016,2016-08-02,2016-08-02
2016-0371-PHL,Storm,Philippines,,,8809,,8809,2016,2016-07-29,2016-07-29
2016-0371-VNM,Storm,Viet Nam,25,,180000,2500,182500,2016,2016-08-02,2016-08-02
2016-0373-CHN,Storm,China,23,,14400,,14400,2016,2016-08-04,2016-08-07
2016-0375-PAK,Flood,Pakistan,32,,,2900,2900,2016,2016-08-05,2016-08-08
2016-0376-CHN,Flood,China,23,,36900,,36900,2016,2016-08-05,2016-08-10
2016-0377-PHL,Flood,Philippines,26,,1263098,,1263098,2016,2016-08-08,2016-08-16
2016-0378-THA,Flood,Thailand,3,,22500,,22500,2016,2016-08-15,2016-08-16
2016-0379-CHN,Storm,China,,,40000,,40000,2016,2016-08-18,2016-08-19
2016-0379-VNM,Storm,Viet Nam,11,15,11075,,11090,2016,2016-08-18,2016-08-21
2016-0382-JPN,Storm,Japan,2,70,3633,,3703,2016,2016-08-22,2016-08-22
2016-0383-MMR,Earthquake,Myanmar,4,2,1150,,1152,2016,2016-08-24,2016-08-24
2016-0387-PAK,Flood,Pakistan,10,,,,,2016,2016-08-27,2016-08-28
2016-0389-CHN,Flood,China,23,,10800,1500,12300,2016,2016-09-18,2016-09-22
2016-0390-JPN,Storm,Japan,1,,6000,,6000,2016,2016-09-20,2016-09-20
2016-0391-IND,Flood,India,28,,3000,,3000,2016,2016-09-21,2016-09-29
2016-0392-SLB,Epidemic,Solomon Islands,15,1212,12030,,13242,2016,2016-10-08,
2016-0394-GHA,Epidemic,Ghana,,172,,,172,2016,2016-10-21,
2016-0395-NZL,Earthquake,New Zealand,2,50,,,50,2016,2016-11-14,2016-11-14
2016-0400-VNM,Flood,Viet Nam,35,30,659390,195,659615,2016,2016-10-09,2016-10-16
2016-0404-HTI,Epidemic,Haiti,,6096,,,6096,2016,,
2016-0418-HTI,Flood,Haiti,13,2,,2780,2782,2016,2016-11-05,2016-11-10
2016-0419-COD,Epidemic,Democratic Republic of the Congo,,551,,,551,2016,,2016-05-11
2016-0420-ALB,Flood,Albania,2,,4500,,4500,2016,2016-11-07,2016-11-10
2016-0423-DOM,Flood,Dominican Republic,15,,2792000,,2792000,2016,2016-11-07,2016-11-10
2016-0424-MEX,Flood,Mexico,2,,35000,,35000,2016,2016-11-03,2016-11-10
2016-0425-IDN,Flood,Indonesia,2,,4500,,4500,2016,2016-10-23,2016-11-10
2016-0426-ROU,Flood,Romania,1,,300,,300,2016,2016-10-09,2016-10-16
2016-0427-UKR,Flood,Ukraine,3,,200,,200,2016,2016-10-12,2016-10-16
2016-0428-AUS,Flood,Australia,1,,280,,280,2016,2016-09-10,2016-09-22
2016-0433-CRI,Storm,Costa Rica,9,,50000,,50000,2016,2016-11-23,2016-11-25
2016-0433-NIC,Storm,Nicaragua,,,10570,,10570,2016,2016-11-17,2016-11-17
2016-0433-PAN,Storm,Panama,7,,12000,,12000,2016,2016-11-21,2016-11-22
2016-0439-COD,Epidemic,Democratic Republic of the Congo,55,2087,,,2087,2016,,2016-10-31
2016-0440-YEM,Epidemic,Yemen,11,180,,,180,2016,2016-10-06,2017-01-11
2016-0442-ISR,Wildfire,Israel,,137,60000,,60137,2016,2016-11-18,2016-11-26
2016-0444-MMR,Epidemic,Myanmar,34,,,,,2016,2016-08-22,2016-08-22
2016-0445-PHL,Flood,Philippines,19,,1300000,,1300000,2016,2016-08-18,2016-08-22
2016-0446-SRB,Flood,Serbia,,,1655,,1655,2016,2016-11-07,2016-11-07
2016-0447-NER,Epidemic,Niger,23,78,,,78,2016,,2016-11-21
2016-0448-BEN,Epidemic,Benin,13,678,,,678,2016,2016-08-16,2016-09-03
2016-0449-SEN,Flood,Senegal,5,106,10540,,10646,2016,,2016-09-11
2016-0451-COD,Flood,Democratic Republic of the Congo,,7,2628,,2635,2016,2016-11-09,2016-11-09
2016-0453-ITA,Flood,Italy,2,,400,,400,2016,2016-11-23,2016-11-25
2016-0456-PHL,Storm,Philippines,,,14309,,14309,2016,2016-11-23,2016-11-25
2016-0458-IDN,Earthquake,Indonesia,,,3410,,3410,2016,2016-08-01,2016-08-01
2016-0460-BDI,Epidemic,Burundi,1,193,,,193,2016,2016-08-03,2016-09-08
2016-0461-HUN,Flood,Hungary,,,2282,,2282,2016,2016-06-21,2016-06-21
2016-0463-USA,Wildfire,United States of America,14,191,,6383,6574,2016,,2016-12-31
2016-0464-PER,Earthquake,Peru,1,17,200,40,257,2016,2016-12-01,2016-12-01
2016-0472-THA,Flood,Thailand,14,,582343,,582343,2016,2016-12-01,2016-12-10
2016-0475-IDN,Earthquake,Indonesia,104,857,85161,,86018,2016,2016-12-07,2016-12-07
2016-0477-USA,Storm,United States of America,8,33,,,33,2016,2016-11-26,2016-12-01
2016-0478-ZAF,Flood,South Africa,6,,600,,600,2016,2016-11-09,2016-11-09
2016-0479-IDN,Flood,Indonesia,5,,19669,,19669,2016,2016-11-13,2016-11-15
2016-0480-CHN,Earthquake,China,1,,37200,,37200,2016,2016-11-25,2016-11-25
2016-0481-SAU,Storm,Saudi Arabia,3,2,120,,122,2016,2016-11-28,2016-11-29
2016-0482-ARM,Mass movement (wet),Armenia,,,750,,750,2016,2016-06-24,2016-06-24
2016-0483-SLB,Earthquake,Solomon Islands,,1,9769,,9770,2016,2016-12-08,2016-12-08
2016-0485-IND,Storm,India,24,,,,,2016,2016-12-12,2016-12-14
2016-0489-MYS,Flood,Malaysia,,,400,,400,2016,2016-11-28,2016-12-07
2016-0490-PHL,Storm,Philippines,,,1559,,1559,2016,2016-09-28,2016-09-28
2016-0492-JPN,Earthquake,Japan,,7,480,6,493,2016,2016-10-21,2016-10-21
2016-0493-USA,Earthquake,United States of America,,,120,,120,2016,2016-11-07,2016-11-07
2016-0494-VCT,Flood,Saint Vincent and the Grenadines,,,25000,,25000,2016,2016-11-29,2016-11-29
2016-0496-ESP,Flood,Spain,5,,150,,150,2016,2016-12-17,2016-12-19
2016-0497-VNM,Flood,Viet Nam,27,16,559255,2850,562121,2016,2016-12-12,2016-12-20
2016-0503-PHL,Storm,Philippines,24,,1893404,,1893404,2016,2016-12-25,2016-12-26
2016-0507-COD,Flood,Democratic Republic of the Congo,50,,,10000,10000,2016,2016-12-27,2016-12-28
2016-0509-MNG,Extreme temperature,Mongolia,,,157000,,157000,2016,2016-12-23,2017-01-04
2016-0513-SGP,Epidemic,Singapore,,13051,,,13051,2016,2016-01-01,2016-01-31
2016-0514-VNM,Epidemic,Viet Nam,27,79204,,,79204,2016,2016-01-01,2016-09-30
2016-0515-AUS,Epidemic,Australia,,2016,,,2016,2016,2016-01-01,2016-01-30
2016-0516-MYS,Flood,Malaysia,,,25000,,25000,2016,2016-12-26,2017-01-23
2016-0517-VNM,Flood,Viet Nam,21,,205205,1135,206340,2016,2016-10-30,2016-11-05
2016-0518-BRA,Epidemic,Brazil,261,777,,,777,2016,2016-12-18,2017-04-01
2016-0518-COL,Epidemic,Colombia,,12,,,12,2016,,2017-01-10
2016-0518-PER,Epidemic,Peru,26,54,,,54,2016,,2017-01-04
2016-0519-ARG,Flood,Argentina,,,13650,,13650,2016,2016-12-25,2016-12-26
2016-0521-USA,Storm,United States of America,22,,,,,2016,2016-12-13,2016-12-19
2016-0522-BOL,Flood,Bolivia (Plurinational State of),4,,5300,,5300,2016,2016-11-26,2016-12-05
2016-0522-COL,Flood,Colombia,6,,,72,72,2016,2016-11-26,2016-12-05
2016-0522-VEN,Flood,Venezuela (Bolivarian Republic of),,,,,,2016,2016-11-26,2016-12-05
2016-0523-ZWE,Storm,Zimbabwe,31,,2000,,2000,2016,2016-12-09,2016-12-14
2016-0525-IDN,Flood,Indonesia,10,,105000,,105000,2016,2016-11-30,2016-12-07
2016-0526-CHN,Earthquake,China,,,9000,120,9120,2016,2016-12-08,2016-12-08
2016-0527-IDN,Flood,Indonesia,,,105753,,105753,2016,2016-12-21,2016-12-26
2016-0528-VUT,Epidemic,Vanuatu,,351,,,351,2016,2016-11-30,2017-03-19
2016-0529-MOZ,Flood,Mozambique,47,,165000,,165000,2016,,
2016-0531-PRK,Flood,Democratic People's Republic of Korea,14,,,,,2016,2016-07-22,2016-07-24
2016-0532-MEX,Flood,Mexico,2,,,3000,3000,2016,2016-02-03,2016-02-06
2016-0533-COL,Flood,Colombia,4,,,2200,2200,2016,2016-10-18,2016-10-22
2016-0536-CHN,Earthquake,China,2,,,5000,5000,2016,2016-05-18,2016-05-18
2016-0537-PHL,Earthquake,Philippines,8,202,,,202,2016,2016-03-30,2016-03-30
2016-0538-JPN,Extreme temperature,Japan,3,490,,,490,2016,2016-08-06,2016-08-08
2016-0544-IRN,Storm,Iran (Islamic Republic of),4,,,2000,2000,2016,2016-09-01,2016-09-02
2016-0546-MOZ,Storm,Mozambique,12,200,,1500,1700,2016,2016-10-24,2016-10-24
2016-0547-NGA,Epidemic,Nigeria,1166,14518,,,14518,2016,,2017-07-17
2016-0548-SOM,Epidemic,Somalia,497,14165,,,14165,2016,,
2016-0550-USA,Storm,United States of America,6,19,,,19,2016,2016-04-24,2016-04-28
2016-0552-USA,Flood,United States of America,5,,,,,2016,2016-03-08,2016-03-13
2016-0553-PAK,Flood,Pakistan,141,127,,4285,4412,2016,2016-03-09,2016-03-29
2016-0554-IND,Flood,India,34,,,,,2016,2016-07-17,2016-07-19
2016-0554-PAK,Flood,Pakistan,22,60,2900,,2960,2016,2016-08-06,2016-08-07
2016-0573-VNM,Flood,Viet Nam,8,4,410,95,509,2016,2016-08-12,2016-08-14
2016-0575-SSD,Epidemic,South Sudan,15,,,,,2016,2016-08-15,2016-08-15
2016-0576-NGA,Epidemic,Nigeria,121,914,,,914,2016,2016-12-04,2017-11-10
2016-0579-PNG,Flood,Papua New Guinea,,,6600,,6600,2016,,
2016-9020-MDG,Drought,Madagascar,,,1140000,,1140000,2016,,
2016-9050-LSO,Drought,Lesotho,,,709000,,709000,2016,,
2016-9052-HTI,Drought,Haiti,,,3600000,,3600000,2016,,
2016-9065-SSD,Drought,South Sudan,,,3600000,,3600000,2016,,
2016-9119-TLS,Drought,Timor-Leste,,,120000,,120000,2016,,
2016-9122-MOZ,Drought,Mozambique,,,2300000,,2300000,2016,,
2016-9225-KHM,Drought,Cambodia,,,2500000,,2500000,2016,,
2016-9249-PRY,Drought,Paraguay,,,,,,2016,,
2016-9291-SWZ,Drought,Eswatini,,,492000,,492000,2016,,
2016-9369-CHN,Drought,China,,,10000000,,10000000,2016,,
2016-9435-BOL,Drought,Bolivia (Plurinational State of),,,665000,,665000,2016,,
2016-9452-KEN,Drought,Kenya,,,3400000,,3400000,2016,,
2016-9495-FSM,Drought,Micronesia (Federated States of),,,100000,,100000,2016,,
2016-9529-LKA,Drought,Sri Lanka,,,900000,,900000,2016,,
2017-0002-CHL,Wildfire,Chile,11,16,13592,6000,19608,2017,2017-01-15,2017-03-16
2017-0006-THA,Flood,Thailand,96,,1800000,,1800000,2017,2017-01-01,2017-01-31
2017-0010-ALB,Extreme temperature,Albania,6,,,,,2017,2017-01-20,2017-01-20
2017-0010-BLR,Extreme temperature,Belarus,43,539,50000,,50539,2017,2017-01-05,2017-01-20
2017-0010-GRC,Extreme temperature,Greece,,,,,,2017,2017-01-20,2017-01-20
2017-0010-MKD,Extreme temperature,North Macedonia,3,,2220,,2220,2017,2017-01-05,2017-01-20
2017-0010-SRB,Extreme temperature,Serbia,6,,,,,2017,2017-01-20,2017-01-20
2017-0010-UKR,Extreme temperature,Ukraine,37,,,,,2017,,2017-01-13
2017-0015-ITA,Earthquake,Italy,29,11,,,11,2017,2017-01-18,2017-01-19
2017-0022-USA,Storm,United States of America,24,200,,,200,2017,2017-01-18,2017-01-23
2017-0025-PAK,Mass movement (wet),Pakistan,9,3,110,,113,2017,2017-02-04,2017-02-04
2017-0026-AFG,Mass movement (wet),Afghanistan,50,13,,350,363,2017,2017-02-05,2017-02-05
2017-0027-AFG,Mass movement (wet),Afghanistan,73,,,,,2017,2017-02-05,2017-02-05
2017-0028-PHL,Flood,Philippines,9,,1500000,,1500000,2017,2017-01-16,2017-01-31
2017-0031-ARG,Mass movement (wet),Argentina,,,2666,,2666,2017,2017-01-10,2017-01-10
2017-0032-MAR,Extreme temperature,Morocco,,,900000,,900000,2017,2017-01-15,2017-02-26
2017-0033-DZA,Extreme temperature,Algeria,,,125000,,125000,2017,2017-01-16,2017-01-20
2017-0034-TJK,Mass movement (wet),Tajikistan,13,,,,,2017,2017-01-27,2017-01-28
2017-0036-PER,Flood,Peru,15,,376000,,376000,2017,2017-01-14,2017-02-01
2017-0038-AFG,Storm,Afghanistan,31,,,,,2017,2017-01-24,2017-01-25
2017-0039-USA,Storm,United States of America,3,,,,,2017,2017-01-06,2017-01-13
2017-0044-CHN,Mass movement (wet),China,12,,,,,2017,2017-01-20,2017-01-20
2017-0045-PAK,Flood,Pakistan,13,650,60000,,60650,2017,2017-01-17,2017-01-22
2017-0046-IND,Mass movement (wet),India,28,,,,,2017,2017-01-25,2017-01-26
2017-0049-PYF,Flood,French Polynesia,,4,4500,500,5004,2017,2017-01-20,2017-01-23
2017-0050-PHL,Earthquake,Philippines,8,202,16655,,16857,2017,2017-02-10,2017-02-10
2017-0051-MOZ,Storm,Mozambique,7,102,750000,,750102,2017,2017-02-15,2017-02-15
2017-0052-PER,Flood,Peru,1,,12000,,12000,2017,2017-02-01,2017-02-07
2017-0053-GIN,Epidemic,Guinea,,122,,,122,2017,,
2017-0054-MAR,Extreme temperature,Morocco,,,750000,,750000,2017,2017-02-27,2017-02-27
2017-0055-CHL,Flood,Chile,3,,1200,,1200,2017,2017-02-24,2017-03-03
2017-0058-USA,Flood,United States of America,,,300,,300,2017,2017-02-22,2017-02-22
2017-0059-IDN,Flood,Indonesia,2,,400,,400,2017,2017-02-21,2017-02-21
2017-0062-USA,Storm,United States of America,5,,200000,,200000,2017,2017-02-08,2017-02-21
2017-0068-IDN,Mass movement (wet),Indonesia,12,,50500,,50500,2017,2017-02-09,2017-02-12
2017-0070-USA,Storm,United States of America,4,12,600,,612,2017,2017-02-27,2017-03-02
2017-0071-AFG,Storm,Afghanistan,36,10,9045,,9055,2017,2017-02-17,2017-02-19
2017-0072-AUS,Wildfire,Australia,,2,27,114,143,2017,2017-02-09,2017-02-13
2017-0075-MDG,Storm,Madagascar,81,253,434000,,434253,2017,2017-03-07,2017-03-10
2017-0079-BWA,Flood,Botswana,,,3250,,3250,2017,2017-02-18,2017-02-23
2017-0080-BDI,Mass movement (wet),Burundi,6,,,810,810,2017,2017-03-16,2017-03-22
2017-0083-GHA,Storm,Ghana,20,12,,,12,2017,2017-03-19,2017-03-19
2017-0084-PER,Flood,Peru,184,505,1800000,,1800505,2017,2017-03-15,2017-03-19
2017-0086-FRA,Storm,France,2,11,,,11,2017,2017-03-06,2017-03-07
2017-0087-RWA,Storm,Rwanda,,4,675,,679,2017,2017-04-01,2017-04-01
2017-0090-COL,Mass movement (wet),Colombia,329,360,45000,,45360,2017,2017-03-31,2017-04-01
2017-0091-ZWE,Storm,Zimbabwe,251,128,100000,12895,113023,2017,,
2017-0093-SOM,Epidemic,Somalia,302,13126,,,13126,2017,,
2017-0094-CAF,Storm,Central African Republic,,,3690,,3690,2017,,2017-04-03
2017-0096-IRN,Flood,Iran (Islamic Republic of),42,,,,,2017,2017-04-15,2017-04-16
2017-0102-IDN,Mass movement (wet),Indonesia,28,17,,160,177,2017,2017-04-01,2017-04-01
2017-0104-ARG,Flood,Argentina,,,39777,,39777,2017,2017-03-27,2017-04-07
2017-0105-AUS,Storm,Australia,12,,45000,,45000,2017,2017-03-27,2017-04-06
2017-0106-NAM,Flood,Namibia,,,2502,,2502,2017,,
2017-0108-USA,Storm,United States of America,11,12,,,12,2017,2017-03-13,2017-03-15
2017-0109-AGO,Flood,Angola,11,,26500,3750,30250,2017,2017-03-21,2017-04-08
2017-0110-CHN,Storm,China,7,33,41100,,41133,2017,2017-03-01,2017-03-01
2017-0111-IDN,Flood,Indonesia,8,,17410,,17410,2017,2017-03-03,2017-03-03
2017-0113-CHN,Earthquake,China,,1,,2105,2106,2017,2017-03-26,2017-03-26
2017-0118-NER,Epidemic,Niger,84,1294,,,1294,2017,2017-01-01,2017-03-31
2017-0119-COL,Mass movement (wet),Colombia,20,23,489,,512,2017,2017-04-17,2017-04-21
2017-0123-MWI,Flood,Malawi,,,55921,,55921,2017,2017-04-19,2017-05-03
2017-0124-CHN,Earthquake,China,8,23,,4560,4583,2017,2017-05-11,2017-05-11
2017-0126-CAN,Flood,Canada,2,,16113,,16113,2017,2017-05-05,2017-05-20
2017-0136-USA,Flood,United States of America,20,70,,,70,2017,2017-04-28,2017-05-01
2017-0137-DOM,Storm,Dominican Republic,,,10260,27,10287,2017,2017-04-20,2017-04-23
2017-0137-HTI,Storm,Haiti,,,,,,2017,2017-04-20,2017-04-23
2017-0137-JAM,Storm,Jamaica,,,5000,,5000,2017,2017-04-20,2017-04-23
2017-0138-BGD,Flood,Bangladesh,,,76725,9300,86025,2017,2017-03-28,2017-04-15
2017-0139-BGD,Storm,Bangladesh,12,,,,,2017,2017-05-01,2017-05-01
2017-0140-PHL,Earthquake,Philippines,,,25000,,25000,2017,2017-04-08,2017-04-08
2017-0142-PHL,Storm,Philippines,10,10,850,,860,2017,2017-04-15,2017-04-15
2017-0143-CHN,Storm,China,,,5000,,5000,2017,2017-04-15,2017-04-17
2017-0144-IND,Extreme temperature,India,264,,,,,2017,2017-04-12,2017-06-15
2017-0145-PAK,Storm,Pakistan,11,,,,,2017,2017-04-22,2017-04-22
2017-0146-KGZ,Mass movement (wet),Kyrgyzstan,24,,,55,55,2017,2017-04-29,2017-04-29
2017-0147-IDN,Flood,Indonesia,12,4,355,,359,2017,2017-04-29,2017-04-29
2017-0151-RUS,Storm,Russian Federation,16,201,,,201,2017,2017-05-29,2017-05-29
2017-0152-BGD,Storm,Bangladesh,7,12,3300000,,3300012,2017,2017-05-30,2017-05-30
2017-0152-IND,Storm,India,,,1970,,1970,2017,2017-05-30,2017-05-31
2017-0152-MMR,Storm,Myanmar,,,107520,,107520,2017,2017-06-01,2017-06-09
2017-0153-LKA,Flood,Sri Lanka,293,154,879778,,879932,2017,2017-05-25,2017-05-31
2017-0168-MEX,Storm,Mexico,6,,,600,600,2017,2017-06-01,2017-06-03
2017-0169-CHN,Flood,China,1,,25200,3300,28500,2017,2017-05-31,2017-06-05
2017-0169-TWN,Flood,Taiwan (Province of China),5,35,4000,39,4074,2017,2017-05-31,2017-06-05
2017-0174-BGD,Mass movement (wet),Bangladesh,160,187,80000,,80187,2017,2017-06-12,2017-06-14
2017-0176-PRT,Wildfire,Portugal,64,204,500,,704,2017,2017-06-17,2017-06-21
2017-0177-IDN,Flood,Indonesia,4,,282345,75,282420,2017,2017-06-01,2017-06-03
2017-0178-ZAF,Storm,South Africa,9,,6918,,6918,2017,2017-06-07,2017-06-08
2017-0180-IND,Flood,India,6,,100000,,100000,2017,2017-06-04,2017-06-06
2017-0181-PAK,Storm,Pakistan,15,113,,,113,2017,2017-06-10,2017-06-10
2017-0182-GRC,Earthquake,Greece,1,11,720,,731,2017,2017-06-12,2017-06-12
2017-0184-CIV,Flood,Côte d’Ivoire,15,25,200,,225,2017,2017-06-10,2017-06-21
2017-0185-CHL,Flood,Chile,4,24,,3000,3024,2017,2017-06-16,2017-06-17
2017-0186-NER,Flood,Niger,16,,3000,,3000,2017,2017-06-13,2017-06-19
2017-0187-CHN,Flood,China,10,,,,,2017,2017-06-15,2017-06-21
2017-0190-GTM,Mass movement (wet),Guatemala,11,,,,,2017,2017-06-20,2017-06-20
2017-0195-ARG,Flood,Argentina,,,3000,,3000,2017,2017-05-29,2017-06-14
2017-0195-URY,Flood,Uruguay,,,6639,,6639,2017,2017-05-29,2017-06-14
2017-0196-GTM,Flood,Guatemala,1,,160,,160,2017,2017-06-10,2017-06-11
2017-0196-HND,Flood,Honduras,3,,595,50,645,2017,2017-06-10,2017-06-11
2017-0201-CHN,Mass movement (wet),China,83,,400,,400,2017,2017-06-23,2017-06-23
2017-0202-BRA,Flood,Brazil,14,,104140,,104140,2017,2017-05-26,2017-06-10
2017-0203-USA,Storm,United States of America,,,,,,2017,2017-05-09,2017-05-11
2017-0204-IRN,Earthquake,Iran (Islamic Republic of),3,417,,1845,2262,2017,2017-05-13,2017-05-13
2017-0205-KEN,Flood,Kenya,26,,25000,,25000,2017,2017-05-08,2017-05-16
2017-0205-TZA,Flood,United Republic of Tanzania,7,,,,,2017,2017-05-08,2017-05-16
2017-0206-IDN,Flood,Indonesia,7,11,25000,,25011,2017,2017-05-12,2017-05-15
2017-0209-HTI,Flood,Haiti,26,,,342,342,2017,2017-05-17,2017-05-19
2017-0214-CHN,Storm,China,9,,,6000,6000,2017,2017-05-20,2017-05-24
2017-0215-COL,Flood,Colombia,12,,3000,,3000,2017,2017-03-17,2017-03-27
2017-0216-GUY,Flood,Guyana,,,3274,,3274,2017,2017-05-20,2017-05-25
2017-0217-ZAF,Flood,South Africa,3,,200,,200,2017,2017-05-14,2017-05-19
2017-0218-CHL,Flood,Chile,2,,3000,,3000,2017,2017-05-11,2017-05-15
2017-0220-KAZ,Flood,Kazakhstan,,,7000,,7000,2017,2017-04-14,2017-04-21
2017-0221-ARG,Flood,Argentina,1,,9000,,9000,2017,2017-04-05,2017-04-21
2017-0222-NZL,Flood,New Zealand,,,2200,,2200,2017,2017-04-05,2017-04-21
2017-0223-COL,Flood,Colombia,1,,2000,,2000,2017,2017-02-23,2017-03-03
2017-0224-MYS,Flood,Malaysia,,,5481,,5481,2017,2017-01-23,2017-02-07
2017-0225-COL,Flood,Colombia,,,25646,15,25661,2017,2017-01-05,2017-02-07
2017-0226-PHL,Flood,Philippines,13,,334000,,334000,2017,2017-02-01,2017-02-07
2017-0227-HND,Flood,Honduras,7,,400,,400,2017,2017-01-07,2017-01-21
2017-0228-ESP,Wildfire,Spain,,,1500,,1500,2017,2017-06-24,2017-06-28
2017-0230-HUN,Storm,Hungary,,,1298,,1298,2017,2017-06-21,2017-06-21
2017-0231-VUT,Storm,Vanuatu,,,2564,,2564,2017,2017-05-07,2017-05-12
2017-0232-RUS,Flood,Russian Federation,,,15721,,15721,2017,2017-05-10,2017-05-23
2017-0234-USA,Storm,United States of America,2,16,90,,106,2017,2017-06-25,2017-06-29
2017-0243-PAK,Flood,Pakistan,167,167,2200,,2367,2017,2017-06-26,2017-09-11
2017-0245-CHN,Flood,China,78,8,12000000,,12000008,2017,2017-06-22,2017-07-07
2017-0246-JPN,Flood,Japan,37,34,2610,300,2944,2017,2017-07-06,2017-07-07
2017-0247-PHL,Earthquake,Philippines,3,448,16052,,16500,2017,2017-07-06,2017-07-06
2017-0251-TJK,Flood,Tajikistan,,,700,,700,2017,2017-06-26,2017-06-26
2017-0252-USA,Wildfire,United States of America,,,9,147,156,2017,2017-07-06,2017-07-10
2017-0253-USA,Storm,United States of America,,2,,,2,2017,2017-06-09,2017-06-12
2017-0254-CHN,Flood,China,11,,23700,10800,34500,2017,2017-06-08,2017-06-12
2017-0256-NPL,Mass movement (wet),Nepal,11,,7500,,7500,2017,2017-06-30,2017-07-05
2017-0257-IND,Flood,India,31,,,,,2017,2017-06-01,2017-06-30
2017-0259-VNM,Flood,Viet Nam,1,4,4100,,4104,2017,2017-06-27,2017-07-05
2017-0261-CHN,Flood,China,1,,2700,,2700,2017,2017-07-06,2017-07-09
2017-0264-CHN,Flood,China,13,,19200,2400,21600,2017,2017-07-08,2017-07-11
2017-0265-IND,Storm,India,23,12,,,12,2017,2017-07-08,2017-07-11
2017-0266-IND,Mass movement (wet),India,22,,,,,2017,2017-07-11,2017-07-11
2017-0270-VNM,Flood,Viet Nam,14,,400,,400,2017,2017-07-07,2017-07-10
2017-0271-CAN,Wildfire,Canada,,,43441,,43441,2017,2017-07-07,2017-09-15
2017-0272-NGA,Flood,Nigeria,20,,,500,500,2017,2017-07-08,2017-07-09
2017-0279-YEM,Epidemic,Yemen,,,,,,2017,2017-04-27,2017-06-03
2017-0280-GRC,Earthquake,Greece,2,120,,,120,2017,2017-07-21,2017-07-21
2017-0280-TUR,Earthquake,Türkiye,,360,,,360,2017,2017-07-21,2017-07-21
2017-0281-CHN,Storm,China,,,30000,,30000,2017,2017-07-16,2017-07-17
2017-0281-LAO,Storm,Lao People's Democratic Republic,,,,,,2017,2017-07-17,2017-07-19
2017-0281-THA,Storm,Thailand,,,60,,60,2017,2017-07-17,2017-07-19
2017-0281-VNM,Storm,Viet Nam,9,,21000,,21000,2017,2017-07-17,2017-07-18
2017-0282-USA,Flood,United States of America,10,,,,,2017,2017-07-15,2017-07-15
2017-0284-CHN,Storm,China,36,,174300,,174300,2017,2017-07-13,2017-07-17
2017-0286-CHN,Storm,China,19,,13500,900,14400,2017,2017-07-14,2017-07-21
2017-0287-CHN,Flood,China,12,,9600,,9600,2017,2017-07-17,2017-07-20
2017-0288-AFG,Flood,Afghanistan,36,22,500,1300,1822,2017,2017-07-17,2017-07-17
2017-0289-IND,Flood,India,75,,1735000,,1735000,2017,2017-06-25,2017-07-24
2017-0290-IND,Flood,India,,,12831,,12831,2017,,
2017-0292-FRA,Wildfire,France,,12,12000,,12012,2017,2017-07-24,2017-07-25
2017-0294-IND,Flood,India,284,,520000,,520000,2017,,
2017-0297-HRV,Wildfire,Croatia,,80,,,80,2017,2017-07-16,2017-07-18
2017-0297-MNE,Wildfire,Montenegro,,,200,,200,2017,2017-07-16,2017-07-18
2017-0304-GIN,Flood,Guinea,,13,3274,,3287,2017,2017-07-04,2017-07-04
2017-0305-NER,Epidemic,Niger,34,1096,,,1096,2017,2017-06-29,2017-06-29
2017-0306-GHA,Flood,Ghana,,,1000000,,1000000,2017,2017-04-01,2017-07-21
2017-0307-LKA,Epidemic,Sri Lanka,320,155715,,,155715,2017,2017-01-01,2017-10-09
2017-0310-DEU,Flood,Germany,,,600,,600,2017,2017-07-24,2017-07-27
2017-0311-MMR,Flood,Myanmar,3,,92000,,92000,2017,2017-07-02,2017-07-25
2017-0315-NGA,Epidemic,Nigeria,,146,,,146,2017,2017-05-03,2017-07-02
2017-0316-THA,Flood,Thailand,23,,1000000,,1000000,2017,2017-07-05,2017-08-02
2017-0318-NGA,Epidemic,Nigeria,11,1558,,,1558,2017,2017-06-07,2017-08-03
2017-0319-NZL,Storm,New Zealand,,,171,12,183,2017,2017-07-21,2017-07-23
2017-0320-FRA,Flood,France,1,,160,,160,2017,2017-06-13,2017-06-15
2017-0321-NPL,Flood,Nepal,11,,6000,,6000,2017,2017-06-30,2017-07-03
2017-0326-CHN,Storm,China,,,13200,600,13800,2017,2017-08-03,2017-08-03
2017-0326-PHL,Storm,Philippines,,,7339,,7339,2017,2017-07-25,2017-07-27
2017-0326-TWN,Storm,Taiwan (Province of China),1,131,,,131,2017,2017-07-29,2017-07-31
2017-0327-JPN,Storm,Japan,2,51,1338,,1389,2017,2017-08-05,2017-08-07
2017-0328-AUT,Storm,Austria,3,,210,,210,2017,2017-08-05,2017-08-09
2017-0328-ITA,Storm,Italy,4,,,,,2017,2017-08-05,2017-08-06
2017-0329-TUN,Wildfire,Tunisia,,,2000,,2000,2017,2017-07-29,2017-08-07
2017-0331-CHN,Earthquake,China,29,525,217500,300,218325,2017,2017-08-08,2017-08-08
2017-0332-CHN,Mass movement (wet),China,25,4,,,4,2017,2017-08-07,2017-08-07
2017-0334-MEX,Storm,Mexico,,,300,,300,2017,2017-08-07,2017-08-07
2017-0336-USA,Storm,United States of America,,30,600,,630,2017,2017-08-05,2017-08-08
2017-0337-VNM,Flood,Viet Nam,39,21,3000,1140,4161,2017,2017-08-03,2017-08-03
2017-0340-COD,Mass movement (wet),Democratic Republic of the Congo,174,10,,,10,2017,2017-08-16,2017-08-16
2017-0341-CZE,Storm,Czechia,,,600,,600,2017,2017-08-10,2017-08-11
2017-0341-POL,Storm,Poland,6,45,5799,,5844,2017,2017-08-10,2017-08-11
2017-0341-SVK,Storm,Slovakia,,,,,,2017,2017-08-10,2017-08-11
2017-0342-BGD,Flood,Bangladesh,144,,8000000,,8000000,2017,2017-08-10,2017-08-31
2017-0342-IND,Flood,India,514,,17200000,,17200000,2017,2017-08-11,2017-08-31
2017-0342-NPL,Flood,Nepal,176,134,1700000,,1700134,2017,2017-08-10,2017-09-07
2017-0343-SLE,Mass movement (wet),Sierra Leone,1102,100,11816,,11916,2017,2017-08-14,2017-08-14
2017-0349-ITA,Earthquake,Italy,2,42,2600,,2642,2017,2017-08-23,2017-08-23
2017-0350-CHE,Mass movement (dry),Switzerland,8,,200,,200,2017,2017-08-23,2017-08-23
2017-0352-CHN,Storm,China,8,373,,21900,22273,2017,2017-08-24,2017-08-24
2017-0352-HKG,Storm,"China, Hong Kong Special Administrative Region",,129,27,,156,2017,2017-08-24,2017-08-24
2017-0352-MAC,Storm,"China, Macao Special Administrative Region",10,200,,,200,2017,2017-08-24,2017-08-24
2017-0352-VNM,Storm,Viet Nam,1,1,,,1,2017,2017-08-24,2017-08-24
2017-0360-AUT,Storm,Austria,2,120,,,120,2017,2017-08-19,2017-08-19
2017-0360-DEU,Storm,Germany,3,24,,,24,2017,2017-08-18,2017-08-19
2017-0362-USA,Storm,United States of America,88,24,555000,27000,582024,2017,2017-08-25,2017-08-29
2017-0363-CHN,Mass movement (wet),China,35,8,,750,758,2017,2017-08-28,2017-08-28
2017-0364-IND,Flood,India,14,12,,,12,2017,2017-08-29,2017-08-29
2017-0365-YEM,Flood,Yemen,50,8,,,8,2017,2017-08-29,2017-08-30
2017-0367-CMR,Flood,Cameroon,3,,12890,,12890,2017,2017-08-04,2017-08-29
2017-0368-BFA,Flood,Burkina Faso,2,,882,,882,2017,,
2017-0370-NER,Flood,Niger,56,,206513,,206513,2017,2017-08-26,2017-09-15
2017-0372-CHN,Flood,China,40,,45000,,45000,2017,2017-08-08,2017-08-09
2017-0376-MEX,Storm,Mexico,20,,,1000,1000,2017,2017-08-30,2017-09-02
2017-0378-NGA,Flood,Nigeria,,,10000,,10000,2017,2017-08-15,2017-09-19
2017-0379-SDN,Epidemic,Sudan,657,30762,,,30762,2017,2017-09-18,2017-09-18
2017-0380-MRT,Storm,Mauritania,18,40,2000,,2040,2017,2017-09-04,2017-09-04
2017-0381-AIA,Storm,Anguilla,4,,15000,,15000,2017,2017-09-06,2017-09-06
2017-0381-ATG,Storm,Antigua and Barbuda,1,,1800,,1800,2017,2017-09-06,2017-09-06
2017-0381-BHS,Storm,Bahamas,,,,,,2017,2017-09-08,2017-09-09
2017-0381-BLM,Storm,Saint Barthélemy,4,,,,,2017,2017-09-08,2017-09-09
2017-0381-BRB,Storm,Barbados,1,,,,,2017,2017-09-08,2017-09-09
2017-0381-CUB,Storm,Cuba,10,,10000000,,10000000,2017,2017-09-08,2017-09-10
2017-0381-DOM,Storm,Dominican Republic,,,6300,,6300,2017,2017-09-06,2017-09-06
2017-0381-HTI,Storm,Haiti,1,17,40075,,40092,2017,2017-09-07,2017-09-08
2017-0381-KNA,Storm,Saint Kitts and Nevis,,,500,,500,2017,2017-09-06,2017-09-06
2017-0381-MAF,Storm,Saint Martin (French Part),12,110,,,110,2017,2017-09-08,2017-09-09
2017-0381-PRI,Storm,Puerto Rico,2,,,,,2017,2017-09-06,2017-09-07
2017-0381-SXM,Storm,Sint Maarten (Dutch part),4,40,5000,,5040,2017,2017-09-08,2017-09-09
2017-0381-TCA,Storm,Turks and Caicos Islands,,,,,,2017,2017-09-08,2017-09-09
2017-0381-USA,Storm,United States of America,97,,,70000,70000,2017,2017-09-10,2017-09-28
2017-0381-VGB,Storm,British Virgin Islands,9,,,,,2017,2017-09-08,2017-09-09
2017-0381-VIR,Storm,United States Virgin Islands,4,,,,,2017,2017-09-07,2017-09-07
2017-0382-GTM,Earthquake,Guatemala,,2,3518,81,3601,2017,2017-09-08,2017-09-08
2017-0382-MEX,Earthquake,Mexico,98,250,1200000,,1200250,2017,2017-09-08,2017-09-08
2017-0383-DMA,Storm,Dominica,64,100,71293,,71393,2017,2017-09-18,2017-09-19
2017-0383-DOM,Storm,Dominican Republic,5,,26000,,26000,2017,2017-09-20,2017-09-20
2017-0383-GLP,Storm,Guadeloupe,4,2,80000,,80002,2017,2017-09-20,2017-09-20
2017-0383-HTI,Storm,Haiti,3,,,,,2017,2017-09-21,2017-09-21
2017-0383-MTQ,Storm,Martinique,,2,,,2,2017,2017-09-18,2017-09-18
2017-0383-PRI,Storm,Puerto Rico,64,,540000,210000,750000,2017,2017-09-19,2017-09-21
2017-0383-USA,Storm,United States of America,4,,,,,2017,2017-09-26,2017-09-27
2017-0383-VGB,Storm,British Virgin Islands,,,,,,2017,2017-09-20,2017-09-20
2017-0383-VIR,Storm,United States Virgin Islands,3,,,,,2017,2017-09-20,2017-09-20
2017-0384-CAF,Flood,Central African Republic,,,3500,,3500,2017,2017-08-23,2017-08-31
2017-0385-PAK,Epidemic,Pakistan,25,2492,,,2492,2017,2017-08-15,2017-09-14
2017-0387-MEX,Earthquake,Mexico,369,6000,250000,,256000,2017,2017-09-17,2017-09-17
2017-0391-COD,Flood,Democratic Republic of the Congo,105,,,500,500,2017,2017-09-19,2017-09-20
2017-0392-MEX,Storm,Mexico,3,,1110,,1110,2017,2017-09-07,2017-09-08
2017-0393-IDN,Volcanic activity,Indonesia,,,133349,,133349,2017,2017-09-22,2017-11-28
2017-0394-VUT,Volcanic activity,Vanuatu,,,11000,,11000,2017,2017-09-23,2017-10-02
2017-0395-UGA,Flood,Uganda,17,14,,,14,2017,2017-09-20,2017-09-27
2017-0398-CHN,Flood,China,16,,53100,8400,61500,2017,2017-09-24,2017-10-07
2017-0406-PHL,Storm,Philippines,26,,7465,1645,9110,2017,2017-09-11,2017-09-15
2017-0406-THA,Storm,Thailand,,,28500,,28500,2017,2017-09-17,2017-09-17
2017-0406-VNM,Storm,Viet Nam,14,112,691900,,692012,2017,2017-09-15,2017-09-16
2017-0407-ROU,Storm,Romania,9,137,,,137,2017,2017-09-17,2017-09-17
2017-0408-HRV,Storm,Croatia,,,3500,,3500,2017,2017-09-11,2017-09-11
2017-0408-ITA,Storm,Italy,9,,1000,,1000,2017,2017-09-09,2017-09-10
2017-0410-COL,Storm,Colombia,,,,,,2017,2017-10-04,2017-10-04
2017-0410-CRI,Storm,Costa Rica,13,,11500,,11500,2017,2017-09-04,2017-10-06
2017-0410-GTM,Storm,Guatemala,8,,2762,413,3175,2017,2017-10-05,2017-10-05
2017-0410-HND,Storm,Honduras,3,,120,,120,2017,2017-10-05,2017-10-06
2017-0410-NIC,Storm,Nicaragua,15,,39200,,39200,2017,2017-10-05,2017-10-06
2017-0410-PAN,Storm,Panama,7,,12000,,12000,2017,2017-10-06,2017-10-06
2017-0410-SLV,Storm,El Salvador,10,4,530,50,584,2017,2017-10-05,2017-10-06
2017-0410-USA,Storm,United States of America,,,60,,60,2017,2017-10-07,2017-10-08
2017-0411-MDG,Epidemic,Madagascar,207,2384,,,2384,2017,2017-08-19,2017-11-26
2017-0415-RWA,Storm,Rwanda,3,24,5850,,5874,2017,2017-09-17,2017-09-17
2017-0416-GTM,Flood,Guatemala,,,10080,,10080,2017,2017-09-18,2017-09-18
2017-0417-ESP,Wildfire,Spain,4,,,,,2017,2017-10-17,2017-10-17
2017-0417-PRT,Wildfire,Portugal,45,71,,2700,2771,2017,2017-10-15,2017-10-16
2017-0421-TCD,Epidemic,Chad,58,652,,,652,2017,2017-08-14,2017-10-11
2017-0422-PHL,Storm,Philippines,6,,305,,305,2017,2017-11-01,2017-11-03
2017-0422-VNM,Storm,Viet Nam,123,,4330000,,4330000,2017,2017-11-04,2017-11-05
2017-0428-VNM,Flood,Viet Nam,75,38,40000,,40038,2017,2017-10-08,2017-10-16
2017-0432-JPN,Storm,Japan,8,210,18600,,18810,2017,2017-10-22,2017-10-22
2017-0432-PHL,Storm,Philippines,9,,163349,,163349,2017,2017-10-18,2017-10-20
2017-0434-USA,Wildfire,United States of America,43,185,,9000,9185,2017,2017-06-01,2017-12-31
2017-0443-KOR,Earthquake,Republic of Korea,,57,5000,,5057,2017,2017-11-15,2017-11-15
2017-0444-GRC,Flood,Greece,23,24,6000,,6024,2017,2017-11-11,2017-11-20
2017-0446-IRN,Earthquake,Iran (Islamic Republic of),444,9000,200000,,209000,2017,2017-11-12,2017-11-12
2017-0446-IRQ,Earthquake,Iraq,10,469,5500,,5969,2017,2017-11-12,2017-11-12
2017-0448-TJK,Epidemic,Tajikistan,,,345,,345,2017,,
2017-0449-GTM,Flood,Guatemala,,,1000,,1000,2017,2017-10-23,2017-10-26
2017-0449-HND,Flood,Honduras,8,,46975,,46975,2017,2017-10-23,2017-10-29
2017-0449-NIC,Flood,Nicaragua,7,,13565,150,13715,2017,2017-10-27,2017-10-27
2017-0450-GTM,Flood,Guatemala,,,31319,,31319,2017,,2017-10-28
2017-0451-KGZ,Earthquake,Kyrgyzstan,,,5000,,5000,2017,2017-05-03,2017-05-03
2017-0452-HTI,Flood,Haiti,5,,50000,,50000,2017,2017-11-14,2017-11-18
2017-0462-ZAF,Storm,South Africa,11,18,,500,518,2017,2017-10-09,2017-10-10
2017-0463-CHN,Flood,China,23,,,15600,15600,2017,2017-10-01,2017-10-10
2017-0465-THA,Flood,Thailand,9,,605000,,605000,2017,2017-10-10,2017-11-08
2017-0466-MNG,Mass movement (wet),Mongolia,17,,,,,2017,2017-10-22,2017-10-22
2017-0468-JPN,Storm,Japan,2,56,21600,,21656,2017,2017-09-17,2017-09-19
2017-0471-CAN,Flood,Canada,,,3000,,3000,2017,2017-08-28,2017-08-29
2017-0472-IRN,Flood,Iran (Islamic Republic of),18,,2000,,2000,2017,2017-08-10,2017-08-15
2017-0476-CHN,Flood,China,18,,34200,3600,37800,2017,2017-08-11,2017-08-16
2017-0477-MYS,Flood,Malaysia,7,,3500,,3500,2017,2017-11-03,2017-11-08
2017-0478-COL,Flood,Colombia,22,30,51,111,192,2017,2017-11-09,2017-11-09
2017-0480-BFA,Epidemic,Burkina Faso,18,9029,,,9029,2017,,2017-11-11
2017-0481-TGO,Flood,Togo,,,16060,,16060,2017,,
2017-0483-IND,Mass movement (wet),India,46,,,100,100,2017,2017-08-13,2017-08-13
2017-0485-CHN,Storm,China,12,,300,,300,2017,2017-08-27,2017-08-27
2017-0485-HKG,Storm,"China, Hong Kong Special Administrative Region",1,,,,,2017,2017-08-27,2017-08-27
2017-0485-MAC,Storm,"China, Macao Special Administrative Region",,,,,,2017,2017-08-27,2017-08-27
2017-0485-PHL,Storm,Philippines,,,3400,,3400,2017,2017-08-25,2017-08-26
2017-0490-GBR,Flood,United Kingdom of Great Britain and Northern Ireland,,,70,,70,2017,2017-11-22,2017-11-26
2017-0490-IRL,Flood,Ireland,,,300,,300,2017,2017-11-22,2017-11-23
2017-0491-SAU,Flood,Saudi Arabia,4,,481,,481,2017,2017-11-21,2017-11-22
2017-0492-VNM,Flood,Viet Nam,8,,41500,,41500,2017,2017-11-19,2017-11-24
2017-0493-LKA,Flood,Sri Lanka,9,,13197,,13197,2017,2017-11-03,2017-11-13
2017-0494-IDN,Flood,Indonesia,9,,12000,,12000,2017,2017-11-03,2017-11-17
2017-0495-IND,Flood,India,21,,4000,,4000,2017,2017-10-30,2017-11-08
2017-0497-PHL,Flood,Philippines,,,8000,,8000,2017,2017-09-22,2017-09-24
2017-0498-MEX,Flood,Mexico,2,,800,,800,2017,2017-09-26,2017-10-07
2017-0504-ALB,Flood,Albania,1,2,21000,,21002,2017,2017-11-30,2017-12-04
2017-0508-IND,Storm,India,884,,60000,,60000,2017,2017-12-02,2017-12-02
2017-0508-LKA,Storm,Sri Lanka,27,77,160000,,160077,2017,2017-11-29,2017-12-01
2017-0511-USA,Wildfire,United States of America,2,2,,2961,2963,2017,2017-12-04,2017-12-31
2017-0512-USA,Storm,United States of America,,8,120,12,140,2017,2017-11-05,2017-11-06
2017-0513-CHN,Earthquake,China,,3,23400,,23403,2017,2017-11-18,2017-11-18
2017-0515-IDN,Storm,Indonesia,11,35,,2000,2035,2017,2017-11-28,2017-11-29
2017-0516-MYS,Flood,Malaysia,2,,13000,,13000,2017,2017-11-25,2017-12-03
2017-0516-THA,Flood,Thailand,22,,385498,,385498,2017,2017-11-25,2017-12-03
2017-0517-IND,Flood,India,101,,2700000,,2700000,2017,2017-08-16,2017-08-23
2017-0521-IRN,Earthquake,Iran (Islamic Republic of),2,120,,,120,2017,2017-12-20,2017-12-20
2017-0524-PHL,Storm,Philippines,58,,871757,52000,923757,2017,2017-12-21,2017-12-26
2017-0525-MYS,Storm,Malaysia,,,426,,426,2017,2017-12-18,2017-12-20
2017-0525-PHL,Storm,Philippines,91,78,1861250,,1861328,2017,2017-12-16,2017-12-18
2017-0529-CHL,Mass movement (wet),Chile,22,12,,130,142,2017,2017-12-17,2017-12-18
2017-0530-IDN,Earthquake,Indonesia,4,36,8859,,8895,2017,2017-12-15,2017-12-15
2017-0542-USA,Storm,United States of America,22,,,,,2017,2017-12-31,2018-01-05
2017-0543-COD,Epidemic,Democratic Republic of the Congo,43,1022,,,1022,2017,2017-11-25,2018-02-13
2017-0544-ITA,Flood,Italy,,,1000,,1000,2017,2017-12-11,2017-12-12
2017-0546-PRK,Epidemic,Democratic People's Republic of Korea,,,126574,,126574,2017,2017-12-01,2018-01-23
2017-0547-ZAF,Wildfire,South Africa,9,,,5500,5500,2017,2017-06-07,2017-06-13
2017-0548-ARE,Flood,United Arab Emirates,,,188,,188,2017,2017-12-16,2017-12-16
2017-0548-OMN,Flood,Oman,3,,200,,200,2017,2017-12-16,2017-12-17
2017-0549-MWI,Epidemic,Malawi,6,,450,,450,2017,2017-11-24,2018-02-11
2017-0551-BRA,Epidemic,Brazil,154,310,,,310,2017,2017-07-01,2018-02-16
2017-0552-KEN,Epidemic,Kenya,,453,,,453,2017,2017-12-15,2018-02-03
2017-0553-MOZ,Epidemic,Mozambique,1,1799,,,1799,2017,2017-08-14,2018-02-11
2017-0555-YEM,Epidemic,Yemen,35,298,,,298,2017,2017-10-29,2017-12-21
2017-0556-BGD,Epidemic,Bangladesh,15,789,,,789,2017,2017-11-03,2017-12-12
2017-0557-KEN,Epidemic,Kenya,76,3967,,,3967,2017,2017-01-01,2017-11-29
2017-0558-ZMB,Epidemic,Zambia,89,4371,,,4371,2017,2017-09-28,2018-02-27
2017-0560-CIV,Epidemic,Côte d’Ivoire,2,621,,,621,2017,2017-04-22,2017-07-11
2017-0562-AUS,Storm,Australia,,,6000,,6000,2017,2017-03-06,2017-03-09
2017-0563-USA,Storm,United States of America,2,15,600,,615,2017,2017-03-06,2017-03-09
2017-0564-USA,Storm,United States of America,1,,,,,2017,2017-03-25,2017-03-28
2017-0565-DEU,Storm,Germany,2,,,,,2017,2017-06-22,2017-06-23
2017-0566-TUR,Storm,Türkiye,,,270,,270,2017,2017-07-27,2017-07-27
2017-0568-CHN,Flood,China,8,,76800,,76800,2017,2017-04-26,2017-04-29
2017-0569-IND,Storm,India,29,,1250,,1250,2017,2017-05-28,2017-05-28
2017-0570-IND,Storm,India,4,20,,60000,60020,2017,2017-03-25,2017-03-25
2017-0573-SDN,Flood,Sudan,25,112,29935,25600,55647,2017,2017-06-30,2017-08-14
2017-0576-IDN,Flood,Indonesia,2,,2280,,2280,2017,2017-11-19,2017-11-24
2017-0581-GMB,Flood,Gambia,6,,20000,,20000,2017,,
2017-9088-ZWE,Drought,Zimbabwe,,,6900000,,6900000,2017,,
2017-9206-CHN,Drought,China,,,2000000,,2000000,2017,,
2017-9207-AGO,Drought,Angola,,,1420000,,1420000,2017,,
2017-9208-NER,Drought,Niger,,,1131300,,1131300,2017,,
2017-9211-ZAF,Drought,South Africa,,,,,,2017,,
2017-9296-ITA,Drought,Italy,,,,,,2017,,
2017-9342-TCD,Drought,Chad,,,1886800,,1886800,2017,,
2017-9343-MRT,Drought,Mauritania,,,3893774,,3893774,2017,,
2017-9468-MDG,Drought,Madagascar,,,1260000,,1260000,2017,,
2017-9550-USA,Drought,United States of America,,,,,,2017,2017-03-01,2017-12-31
2017-9580-CPV,Drought,Cabo Verde,,,70000,,70000,2017,,
2018-0002-CHE,Storm,Switzerland,,16,,,16,2018,2018-01-03,2018-01-04
2018-0002-ESP,Storm,Spain,2,,,,,2018,2018-01-03,2018-01-04
2018-0002-FRA,Storm,France,6,30,,,30,2018,2018-01-03,2018-01-04
2018-0002-GBR,Storm,United Kingdom of Great Britain and Northern Ireland,,4,,,4,2018,2018-01-02,2018-01-03
2018-0002-IRL,Storm,Ireland,2,,,,,2018,2018-01-02,2018-01-03
2018-0004-PHL,Storm,Philippines,3,9,83908,,83917,2018,2018-01-01,2018-01-03
2018-0005-COD,Flood,Democratic Republic of the Congo,51,17,,15743,15760,2018,2018-01-03,2018-01-07
2018-0008-MDG,Storm,Madagascar,73,,161318,,161318,2018,2018-01-05,2018-01-08
2018-0010-USA,Mass movement (wet),United States of America,21,28,1338,,1366,2018,2018-01-08,2018-01-14
2018-0011-PER,Earthquake,Peru,2,139,7885,1295,9319,2018,2018-01-14,2018-01-14
2018-0014-PHL,Volcanic activity,Philippines,,,86056,,86056,2018,2018-01-13,2018-03-06
2018-0016-IDN,Volcanic activity,Indonesia,,,50000,,50000,2018,2018-01-14,2018-01-14
2018-0017-PNG,Volcanic activity,Papua New Guinea,,,736,,736,2018,2018-01-05,2018-01-06
2018-0018-BGD,Extreme temperature,Bangladesh,34,,,,,2018,2018-01-01,2018-01-10
2018-0025-BEL,Storm,Belgium,1,,,,,2018,2018-01-17,2018-01-18
2018-0025-DEU,Storm,Germany,5,12,,,12,2018,2018-01-17,2018-01-18
2018-0025-FRA,Storm,France,,,,,,2018,2018-01-17,2018-01-18
2018-0025-NLD,Storm,Netherlands (Kingdom of the),3,,,,,2018,2018-01-17,2018-01-18
2018-0029-MUS,Storm,Mauritius,,,30000,,30000,2018,2018-01-15,2018-01-21
2018-0029-REU,Storm,Réunion,,,200,,200,2018,2018-01-18,2018-01-18
2018-0030-MAR,Extreme temperature,Morocco,,,70000,,70000,2018,2018-01-05,2018-01-09
2018-0031-IDN,Earthquake,Indonesia,1,11,13800,,13811,2018,2018-01-23,2018-01-23
2018-0037-FRA,Flood,France,,,2750,,2750,2018,2018-01-24,2018-01-29
2018-0038-ARG,Flood,Argentina,,,17000,,17000,2018,2018-01-31,2018-02-21
2018-0039-MOZ,Mass movement (wet),Mozambique,17,,300,,300,2018,2018-02-18,2018-02-19
2018-0040-BRA,Flood,Brazil,4,,250,,250,2018,2018-02-14,2018-02-16
2018-0042-TON,Storm,Tonga,,,87000,,87000,2018,2018-02-12,2018-02-13
2018-0042-WSM,Storm,Samoa,,,,,,2018,2018-02-12,2018-02-12
2018-0044-PHL,Storm,Philippines,,,254859,,254859,2018,2018-02-12,2018-02-16
2018-0045-USA,Storm,United States of America,22,,,,,2018,2018-01-03,2018-01-05
2018-0046-USA,Storm,United States of America,10,,,,,2018,2018-01-21,2018-01-24
2018-0047-LBN,Storm,Lebanon,15,,,,,2018,2018-01-19,2018-01-20
2018-0048-MOZ,Flood,Mozambique,11,,,77150,77150,2018,2018-01-16,2018-01-22
2018-0049-IND,Extreme temperature,India,44,,,,,2018,2018-01-01,2018-02-07
2018-0049-NPL,Extreme temperature,Nepal,50,,,,,2018,2018-01-01,2018-01-07
2018-0050-CHN,Storm,China,21,,2500000,3700,2503700,2018,2018-01-02,2018-01-05
2018-0051-PHL,Flood,Philippines,11,,180000,,180000,2018,2018-01-13,2018-01-17
2018-0053-CHN,Storm,China,2,,7500,,7500,2018,2018-01-24,2018-01-29
2018-0055-PNG,Earthquake,Papua New Guinea,145,300,544000,,544300,2018,2018-02-26,2018-02-26
2018-0056-IDN,Mass movement (wet),Indonesia,15,14,50000,,50014,2018,2018-02-22,2018-02-22
2018-0059-TWN,Earthquake,Taiwan (Province of China),84,285,,,285,2018,2018-02-06,2018-02-06
2018-0061-CZE,Extreme temperature,Czechia,3,,,,,2018,2018-02-23,2018-02-28
2018-0061-EST,Extreme temperature,Estonia,7,,,,,2018,2018-02-01,2018-02-28
2018-0061-FRA,Extreme temperature,France,3,,,,,2018,2018-02-23,2018-02-28
2018-0061-ITA,Extreme temperature,Italy,1,,,,,2018,2018-02-23,2018-02-28
2018-0061-LTU,Extreme temperature,Lithuania,5,,,,,2018,2018-02-23,2018-02-28
2018-0061-POL,Extreme temperature,Poland,9,,,,,2018,2018-02-23,2018-02-28
2018-0061-ROU,Extreme temperature,Romania,2,,,,,2018,2018-02-23,2018-02-28
2018-0062-BOL,Flood,Bolivia (Plurinational State of),6,186,12000,,12186,2018,2018-02-10,2018-02-21
2018-0063-MYS,Flood,Malaysia,,,4900,,4900,2018,2018-02-03,2018-02-12
2018-0064-MWI,Flood,Malawi,1,,300,,300,2018,2018-02-01,2018-02-14
2018-0065-BDI,Flood,Burundi,,,12000,,12000,2018,2018-01-14,2018-01-24
2018-0066-PRY,Flood,Paraguay,,,5000,,5000,2018,2018-01-13,2018-01-22
2018-0068-MYS,Flood,Malaysia,2,,12000,,12000,2018,2018-01-01,2018-01-05
2018-0073-MNG,Extreme temperature,Mongolia,,,264000,,264000,2018,,
2018-0074-ARG,Flood,Argentina,,,45000,,45000,2018,2018-01-20,2018-01-20
2018-0076-UGA,Epidemic,Uganda,31,,1000,,1000,2018,2018-02-15,2018-02-28
2018-0077-NGA,Epidemic,Nigeria,90,1081,,,1081,2018,2018-01-01,2018-07-08
2018-0082-ALB,Flood,Albania,,,800,,800,2018,2018-03-05,2018-03-09
2018-0086-MDG,Storm,Madagascar,21,,50872,,50872,2018,2018-03-14,2018-03-20
2018-0087-HRV,Flood,Croatia,,,450,21,471,2018,2018-03-18,2018-03-18
2018-0097-BLR,Flood,Belarus,,,50000,,50000,2018,2018-03-19,2018-04-19
2018-0101-FJI,Storm,Fiji,7,,89950,,89950,2018,2018-04-02,2018-04-02
2018-0103-BWA,Flood,Botswana,,,4225,,4225,2018,2018-02-23,2018-03-22
2018-0104-AGO,Flood,Angola,8,,3000,,3000,2018,2018-02-22,2018-03-03
2018-0104-MWI,Flood,Malawi,,,200,,200,2018,2018-02-22,2018-03-07
2018-0104-RWA,Flood,Rwanda,24,51,26000,,26051,2018,2018-03-03,2018-03-05
2018-0111-USA,Storm,United States of America,9,,,,,2018,2018-03-01,2018-03-03
2018-0112-BRA,Flood,Brazil,3,,1000,,1000,2018,2018-03-20,2018-03-21
2018-0113-RUS,Flood,Russian Federation,2,,3672,,3672,2018,2018-03-25,2018-04-16
2018-0116-KEN,Flood,Kenya,15,,,,,2018,2018-03-14,2018-03-20
2018-0118-CHN,Storm,China,14,,177000,,177000,2018,2018-03-03,2018-03-03
2018-0119-IND,Wildfire,India,17,,,,,2018,2018-03-10,2018-03-10
2018-0121-IDN,Flood,Indonesia,3,1,12000,,12001,2018,2018-03-22,2018-03-26
2018-0123-AUS,Flood,Australia,,,600,,600,2018,2018-03-09,2018-03-11
2018-0125-TZA,Flood,United Republic of Tanzania,15,11,15862,,15873,2018,2018-04-14,2018-04-18
2018-0128-ISR,Flood,Israel,12,,,,,2018,2018-04-24,2018-04-27
2018-0129-USA,Storm,United States of America,3,,,,,2018,2018-04-13,2018-04-15
2018-0130-USA,Flood,United States of America,,,1596,,1596,2018,2018-04-14,2018-04-15
2018-0131-COL,Flood,Colombia,14,,,,,2018,2018-03-12,2018-04-17
2018-0132-KEN,Flood,Kenya,72,33,211155,,211188,2018,2018-03-14,2018-05-31
2018-0133-SOM,Flood,Somalia,5,,700000,,700000,2018,2018-04-01,2018-05-31
2018-0135-RWA,Flood,Rwanda,24,,360,,360,2018,2018-04-23,2018-04-24
2018-0137-IND,Storm,India,42,200,,,200,2018,2018-04-11,2018-04-11
2018-0138-IND,Storm,India,18,50,22000,,22050,2018,2018-04-17,2018-04-17
2018-0140-BGD,Storm,Bangladesh,33,,,,,2018,2018-04-29,2018-04-30
2018-0143-PAK,Extreme temperature,Pakistan,180,,,,,2018,2018-05-18,2018-05-22
2018-0145-DJI,Storm,Djibouti,2,,25000,,25000,2018,2018-05-20,2018-05-21
2018-0145-SOM,Storm,Somalia,53,,228000,,228000,2018,2018-05-21,2018-05-21
2018-0146-USA,Volcanic activity,United States of America,,,2500,,2500,2018,2018-05-03,2018-05-30
2018-0147-VUT,Volcanic activity,Vanuatu,,,6300,,6300,2018,,
2018-0148-KEN,Flood,Kenya,47,,,,,2018,2018-05-09,2018-05-10
2018-0149-IND,Storm,India,95,,,,,2018,2018-05-13,2018-05-16
2018-0150-IND,Storm,India,143,200,,,200,2018,2018-05-01,2018-05-10
2018-0154-MMR,Mass movement (dry),Myanmar,17,,,,,2018,2018-05-04,2018-05-04
2018-0156-AFG,Flood,Afghanistan,72,,4000,,4000,2018,2018-05-09,2018-05-22
2018-0157-GTM,Flood,Guatemala,2,,76845,,76845,2018,2018-05-18,2018-05-22
2018-0158-BGD,Flood,Bangladesh,21,,14000,,14000,2018,2018-05-20,2018-05-22
2018-0159-CHN,Flood,China,5,,70000,,70000,2018,2018-05-07,2018-05-16
2018-0160-CAN,Flood,Canada,,,4000,,4000,2018,2018-05-10,2018-05-14
2018-0161-ARG,Storm,Argentina,2,,1200,,1200,2018,2018-04-28,2018-04-29
2018-0162-DZA,Flood,Algeria,6,,200,,200,2018,2018-04-24,2018-04-28
2018-0163-BDI,Flood,Burundi,,,23000,,23000,2018,2018-04-28,2018-05-01
2018-0164-MWI,Flood,Malawi,4,,9113,,9113,2018,2018-04-11,2018-04-17
2018-0165-ROU,Flood,Romania,,,1500,,1500,2018,2018-03-14,2018-03-16
2018-0166-IDN,Flood,Indonesia,,,3000,,3000,2018,2018-03-05,2018-03-06
2018-0167-KAZ,Flood,Kazakhstan,,,400,,400,2018,2018-03-09,2018-03-14
2018-0168-GTM,Volcanic activity,Guatemala,461,27,1714387,,1714414,2018,2018-06-03,2018-06-03
2018-0170-CUB,Storm,Cuba,9,,40000,,40000,2018,2018-05-29,2018-06-02
2018-0170-USA,Storm,United States of America,5,,,,,2018,2018-05-27,2018-05-30
2018-0177-OMN,Storm,Oman,6,,,,,2018,2018-05-23,2018-05-23
2018-0177-YEM,Storm,Yemen,24,,750,,750,2018,2018-05-23,2018-05-23
2018-0180-ETH,Mass movement (wet),Ethiopia,32,17,,,17,2018,2018-05-20,2018-05-26
2018-0183-JPN,Earthquake,Japan,5,417,20298,,20715,2018,2018-06-18,2018-06-18
2018-0185-CIV,Flood,Côte d’Ivoire,20,,25000,,25000,2018,2018-06-18,2018-06-19
2018-0189-AFG,Mass movement (wet),Afghanistan,12,,,,,2018,2018-07-12,2018-07-12
2018-0190-JPN,Flood,Japan,246,102,1500000,,1500102,2018,2018-06-29,2018-07-08
2018-0191-GNB,Storm,Guinea-Bissau,3,,11541,,11541,2018,2018-06-27,2018-06-27
2018-0194-FJI,Storm,Fiji,,,89250,,89250,2018,2018-04-09,2018-04-11
2018-0195-CAN,Extreme temperature,Canada,70,,,,,2018,2018-06-29,2018-07-05
2018-0198-CHN,Flood,China,112,,450000,,450000,2018,2018-05-05,2018-07-31
2018-0199-IND,Storm,India,42,,,,,2018,2018-06-01,2018-06-06
2018-0201-CHN,Storm,China,14,,16200,,16200,2018,2018-07-19,2018-07-19
2018-0201-VNM,Storm,Viet Nam,1,,,,,2018,2018-06-06,2018-06-19
2018-0202-IND,Storm,India,61,,,,,2018,2018-06-08,2018-06-12
2018-0203-BGD,Flood,Bangladesh,14,,,,,2018,2018-06-05,2018-06-14
2018-0203-MMR,Flood,Myanmar,12,,,,,2018,2018-06-05,2018-06-14
2018-0204-VNM,Flood,Viet Nam,33,18,16710,,16728,2018,2018-06-23,2018-06-27
2018-0205-IND,Flood,India,52,,,,,2018,2018-06-22,2018-07-03
2018-0206-USA,Storm,United States of America,5,,75,,75,2018,2018-05-13,2018-05-15
2018-0207-TJK,Flood,Tajikistan,6,,5725,,5725,2018,2018-05-16,2018-05-21
2018-0208-RWA,Mass movement (wet),Rwanda,18,12,,,12,2018,2018-05-06,2018-05-06
2018-0209-IND,Storm,India,32,,21000,,21000,2018,2018-05-06,2018-05-09
2018-0210-CHN,Flood,China,77,,225000,,225000,2018,2018-05-07,2018-05-30
2018-0211-CHN,Flood,China,2,,6000,,6000,2018,2018-05-07,2018-05-14
2018-0212-AFG,Flood,Afghanistan,18,,,,,2018,2018-05-07,2018-05-15
2018-0212-PAK,Flood,Pakistan,60,,5000,,5000,2018,2018-05-07,2018-05-15
2018-0213-IND,Flood,India,15,24,11704,,11728,2018,2018-05-17,2018-05-20
2018-0214-IND,Storm,India,54,,,,,2018,2018-05-28,2018-05-28
2018-0215-CHN,Earthquake,China,,,12000,,12000,2018,2018-05-28,2018-05-28
2018-0216-IND,Flood,India,12,,4945,,4945,2018,2018-05-29,2018-05-31
2018-0218-DOM,Flood,Dominican Republic,,,7390,,7390,2018,2018-07-09,2018-07-11
2018-0218-PRI,Flood,Puerto Rico,,,400,,400,2018,2018-07-09,2018-07-11
2018-0219-NPL,Flood,Nepal,15,6,1400,,1406,2018,2018-07-01,2018-07-11
2018-0220-BGR,Flood,Bulgaria,,,600,,600,2018,2018-06-28,2018-07-02
2018-0221-SDN,Flood,Sudan,,,350,2400,2750,2018,2018-06-18,2018-06-27
2018-0222-KHM,Flood,Cambodia,,,5817,,5817,2018,2018-07-23,2018-07-23
2018-0222-LAO,Flood,Lao People's Democratic Republic,136,,13100,,13100,2018,2018-07-23,2018-07-23
2018-0223-GRC,Wildfire,Greece,100,600,4118,,4718,2018,2018-07-23,2018-07-24
2018-0224-LVA,Wildfire,Latvia,,,,,,2018,2018-07-18,2018-07-22
2018-0224-SWE,Wildfire,Sweden,,,,,,2018,2018-07-08,2018-07-25
2018-0226-JPN,Extreme temperature,Japan,119,49000,,,49000,2018,2018-07-01,2018-07-15
2018-0226-KOR,Extreme temperature,Republic of Korea,,,,,,2018,,
2018-0227-LAO,Storm,Lao People's Democratic Republic,,,120000,,120000,2018,2018-07-18,2018-07-19
2018-0227-PHL,Storm,Philippines,16,,2231101,,2231101,2018,2018-07-17,2018-07-31
2018-0227-VNM,Storm,Viet Nam,34,,96000,,96000,2018,2018-07-18,2018-07-22
2018-0232-NER,Flood,Niger,36,,130468,,130468,2018,,2018-08-31
2018-0235-BEL,Extreme temperature,Belgium,,,,,,2018,,
2018-0235-DEU,Extreme temperature,Germany,,,,,,2018,,
2018-0235-ESP,Extreme temperature,Spain,9,,,,,2018,,
2018-0235-FRA,Extreme temperature,France,,,,,,2018,,
2018-0235-GBR,Extreme temperature,United Kingdom of Great Britain and Northern Ireland,820,,,,,2018,2018-06-30,2018-07-10
2018-0235-ITA,Extreme temperature,Italy,,,,,,2018,,
2018-0235-NLD,Extreme temperature,Netherlands (Kingdom of the),100,,,,,2018,,
2018-0235-PRT,Extreme temperature,Portugal,,,,,,2018,,
2018-0238-NGA,Flood,Nigeria,101,171,15701,,15872,2018,2018-07-13,2018-07-16
2018-0240-MMR,Mass movement (wet),Myanmar,15,45,,,45,2018,2018-07-15,2018-07-15
2018-0244-GEO,Flood,Georgia,,,1143,,1143,2018,2018-07-05,2018-07-05
2018-0246-SRB,Flood,Serbia,,,231,,231,2018,2018-06-25,2018-06-30
2018-0247-ROU,Flood,Romania,,,1200,,1200,2018,2018-06-29,2018-07-02
2018-0248-UKR,Storm,Ukraine,,,600,,600,2018,2018-06-28,2018-06-30
2018-0249-MNG,Flood,Mongolia,,,8301,,8301,2018,2018-07-03,2018-07-05
2018-0250-CHN,Flood,China,3,,1381000,,1381000,2018,2018-07-07,2018-07-07
2018-0252-CHN,Flood,China,16,,1519000,,1519000,2018,2018-07-10,2018-07-11
2018-0253-COD,Epidemic,Democratic Republic of the Congo,33,10,,,10,2018,2018-05-08,2018-08-03
2018-0254-IDN,Earthquake,Indonesia,14,135,102717,,102852,2018,2018-07-29,2018-07-29
2018-0255-MMR,Flood,Myanmar,16,,109650,,109650,2018,2018-07-15,2018-08-10
2018-0256-PRK,Extreme temperature,Democratic People's Republic of Korea,,,13768,,13768,2018,2018-07-11,2018-08-03
2018-0257-IDN,Earthquake,Indonesia,564,1584,445343,70000,516927,2018,2018-08-05,2018-08-05
2018-0258-USA,Wildfire,United States of America,14,,,3237,3237,2018,2018-07-27,2018-08-31
2018-0259-ESP,Wildfire,Spain,,,,,,2018,2018-08-06,2018-08-09
2018-0259-PRT,Wildfire,Portugal,,79,250,,329,2018,2018-08-03,2018-08-08
2018-0267-IND,Flood,India,33,45,1500,,1545,2018,2018-07-26,2018-07-28
2018-0272-TUR,Mass movement (wet),Türkiye,24,100,,,100,2018,2018-07-08,2018-07-08
2018-0278-LKA,Flood,Sri Lanka,20,,153712,,153712,2018,2018-05-19,2018-05-26
2018-0279-USA,Storm,United States of America,,,,,,2018,2018-07-19,2018-07-22
2018-0280-DOM,Storm,Dominican Republic,,,,8000,8000,2018,2018-07-09,2018-07-11
2018-0280-PRI,Storm,Puerto Rico,,,,,,2018,2018-07-09,2018-07-11
2018-0281-IRN,Earthquake,Iran (Islamic Republic of),,287,4755,,5042,2018,2018-07-22,2018-07-22
2018-0282-CHN,Flood,China,11,,36000,,36000,2018,2018-06-28,2018-07-05
2018-0285-CHN,Storm,China,,,45000,,45000,2018,2018-07-10,2018-07-11
2018-0286-IND,Flood,India,20,,41430,,41430,2018,2018-07-20,2018-07-23
2018-0287-CHN,Storm,China,1,,18000,,18000,2018,2018-07-22,2018-07-22
2018-0290-VEN,Flood,Venezuela (Bolivarian Republic of),,,9700,,9700,2018,2018-08-01,2018-08-10
2018-0292-SDN,Flood,Sudan,23,61,45705,8900,54666,2018,2018-07-23,2018-07-30
2018-0295-IND,Flood,India,504,,23000000,220000,23220000,2018,2018-08-07,2018-08-20
2018-0298-NER,Epidemic,Niger,78,3824,,,3824,2018,2018-07-05,2018-10-01
2018-0299-CAN,Wildfire,Canada,,,3000,,3000,2018,,
2018-0302-IDN,Earthquake,Indonesia,10,24,755,,779,2018,2018-08-19,2018-08-19
2018-0305-CHN,Storm,China,2,,,300,300,2018,2018-08-15,2018-08-15
2018-0305-LAO,Storm,Lao People's Democratic Republic,,,615145,,615145,2018,2018-08-13,2018-08-16
2018-0305-VNM,Storm,Viet Nam,13,,50000,,50000,2018,2018-08-17,2018-08-19
2018-0308-ITA,Flood,Italy,10,,23,,23,2018,2018-08-21,2018-08-21
2018-0309-CHN,Storm,China,,,,,,2018,2018-08-22,2018-08-23
2018-0309-PRK,Storm,Democratic People's Republic of Korea,86,,58143,,58143,2018,2018-08-23,2018-08-24
2018-0310-IRN,Earthquake,Iran (Islamic Republic of),2,255,10000,3000,13255,2018,2018-08-26,2018-08-26
2018-0313-TWN,Storm,Taiwan (Province of China),7,140,6000,,6140,2018,2018-08-23,2018-08-26
2018-0314-MMR,Flood,Myanmar,7,,63400,,63400,2018,2018-08-29,2018-08-31
2018-0315-MEX,Earthquake,Mexico,,4,3000,,3004,2018,2018-02-16,2018-02-16
2018-0316-PNG,Earthquake,Papua New Guinea,11,,,,,2018,2018-03-05,2018-03-05
2018-0317-PNG,Earthquake,Papua New Guinea,25,,,,,2018,2018-03-07,2018-03-07
2018-0321-SLV,Earthquake,El Salvador,,,2499,,2499,2018,2018-05-06,2018-05-06
2018-0323-CHN,Earthquake,China,,24,18000,,18024,2018,2018-08-13,2018-08-13
2018-0326-JPN,Storm,Japan,17,600,3300,,3900,2018,2018-09-04,2018-09-05
2018-0328-ETH,Mass movement (wet),Ethiopia,12,4,,,4,2018,2018-09-04,2018-09-04
2018-0329-PRK,Flood,Democratic People's Republic of Korea,148,,581268,,581268,2018,2018-08-24,2018-09-06
2018-0330-JPN,Earthquake,Japan,41,680,5600,,6280,2018,2018-09-06,2018-09-06
2018-0331-USA,Flood,United States of America,2,,,,,2018,2018-09-03,2018-09-11
2018-0341-CHN,Storm,China,,,,,,2018,2018-09-10,2018-09-18
2018-0341-HKG,Storm,"China, Hong Kong Special Administrative Region",,300,,,300,2018,2018-09-17,2018-09-17
2018-0341-PHL,Storm,Philippines,84,138,3800000,,3800138,2018,2018-09-16,2018-09-16
2018-0342-USA,Storm,United States of America,53,,1500000,,1500000,2018,2018-09-12,2018-09-18
2018-0344-USA,Storm,United States of America,,18,,,18,2018,2018-08-06,2018-08-07
2018-0345-IND,Flood,India,3,,25000,,25000,2018,2018-08-02,2018-08-06
2018-0347-CHN,Storm,China,3,,2400,,2400,2018,2018-08-12,2018-08-12
2018-0347-PHL,Storm,Philippines,5,,1709511,,1709511,2018,2018-09-19,2018-09-19
2018-0348-CHN,Storm,China,53,,39600,,39600,2018,2018-08-15,2018-08-17
2018-0350-AFG,Flood,Afghanistan,11,,,,,2018,2018-08-24,2018-08-24
2018-0352-IDN,Earthquake,Indonesia,4140,,2000000,,2000000,2018,2018-09-28,2018-09-28
2018-0353-JPN,Storm,Japan,4,200,18000,,18200,2018,2018-09-28,2018-10-01
2018-0360-HTI,Earthquake,Haiti,17,421,38915,,39336,2018,2018-10-06,2018-10-06
2018-0361-ESP,Flood,Spain,13,,200,,200,2018,2018-10-09,2018-10-11
2018-0363-COD,Epidemic,Democratic Republic of the Congo,2287,3470,,,3470,2018,2018-08-01,2019-12-13
2018-0364-TUN,Flood,Tunisia,6,,30000,,30000,2018,2018-09-21,2018-09-23
2018-0365-NGA,Flood,Nigeria,199,1306,1921026,,1922332,2018,2018-09-20,2018-10-02
2018-0366-CAN,Storm,Canada,,30,900,,930,2018,2018-09-21,2018-09-21
2018-0367-MEX,Flood,Mexico,20,,,120,120,2018,2018-09-20,2018-09-23
2018-0368-GHA,Flood,Ghana,34,,100000,,100000,2018,2018-08-31,2018-10-02
2018-0369-CHN,Flood,China,18,,11400,,11400,2018,2018-08-29,2018-09-05
2018-0369-VNM,Flood,Viet Nam,20,,6000,,6000,2018,2018-08-29,2018-09-05
2018-0370-IND,Flood,India,46,,,3050,3050,2018,2018-09-01,2018-10-06
2018-0372-IND,Flood,India,25,,,,,2018,2018-09-23,2018-09-24
2018-0373-CUB,Storm,Cuba,,,540,,540,2018,2018-10-10,2018-10-11
2018-0373-USA,Storm,United States of America,49,,5000,,5000,2018,2018-10-10,2018-10-11
2018-0374-CRI,Flood,Costa Rica,1,,125190,,125190,2018,2018-10-02,2018-10-11
2018-0374-GTM,Flood,Guatemala,,,100,,100,2018,2018-10-01,2018-10-18
2018-0374-HND,Flood,Honduras,6,,6948,,6948,2018,2018-10-11,2018-10-11
2018-0374-NIC,Flood,Nicaragua,4,,13000,,13000,2018,2018-10-01,2018-10-19
2018-0374-SLV,Flood,El Salvador,4,14,7085,,7099,2018,2018-10-06,2018-10-11
2018-0375-FRA,Flood,France,14,76,1400,,1476,2018,2018-10-14,2018-10-15
2018-0376-PRT,Storm,Portugal,2,28,60,,88,2018,2018-10-14,2018-10-16
2018-0383-IRN,Flood,Iran (Islamic Republic of),9,145,6990,,7135,2018,2018-10-05,2018-10-06
2018-0384-LKA,Flood,Sri Lanka,12,,75000,,75000,2018,2018-10-06,2018-10-12
2018-0385-IND,Storm,India,85,200,300000,,300200,2018,2018-10-11,2018-10-12
2018-0386-VEN,Flood,Venezuela (Bolivarian Republic of),2,,1000,,1000,2018,2018-09-25,2018-09-28
2018-0387-SDN,Flood,Sudan,23,60,70000,,70060,2018,2018-08-01,2018-09-04
2018-0390-QAT,Flood,Qatar,,,1500,,1500,2018,2018-10-20,2018-10-20
2018-0394-OMN,Storm,Oman,,,,,,2018,2018-10-14,2018-10-14
2018-0394-YEM,Storm,Yemen,25,124,15000,,15124,2018,2018-10-14,2018-10-15
2018-0395-TTO,Flood,Trinidad and Tobago,,,150000,,150000,2018,2018-10-19,2018-10-23
2018-0396-COL,Flood,Colombia,12,,60000,,60000,2018,2018-10-01,2018-10-17
2018-0397-FRA,Storm,France,,,,,,2018,2018-10-30,2018-10-30
2018-0397-ITA,Storm,Italy,12,,2200,,2200,2018,2018-10-29,2018-11-04
2018-0399-MNP,Storm,Northern Mariana Islands,2,,,,,2018,2018-10-25,2018-10-25
2018-0399-PHL,Storm,Philippines,12,2,253298,,253300,2018,2018-10-30,2018-10-30
2018-0403-JOR,Flood,Jordan,21,35,,,35,2018,2018-10-25,2018-10-26
2018-0406-MEX,Storm,Mexico,6,,10000,,10000,2018,2018-10-23,2018-10-23
2018-0407-RUS,Flood,Russian Federation,8,3,11300,,11303,2018,2018-10-24,2018-10-26
2018-0409-USA,Wildfire,United States of America,88,,250000,,250000,2018,2018-06-01,2018-12-31
2018-0414-JOR,Flood,Jordan,13,29,,,29,2018,2018-11-09,2018-11-09
2018-0414-KWT,Flood,Kuwait,1,,,,,2018,2018-11-09,2018-11-09
2018-0415-BRA,Mass movement (wet),Brazil,15,,,300,300,2018,2018-11-10,2018-11-10
2018-0419-USA,Flood,United States of America,5,,,,,2018,2018-10-15,2018-10-20
2018-0421-MEX,Storm,Mexico,14,,,,,2018,2018-10-19,2018-10-23
2018-0423-UGA,Mass movement (wet),Uganda,51,,,,,2018,2018-10-11,2018-10-11
2018-0424-JPN,Storm,Japan,3,,4200,,4200,2018,2018-10-06,2018-10-07
2018-0425-IDN,Flood,Indonesia,35,,20000,,20000,2018,2018-10-11,2018-10-12
2018-0426-IRN,Earthquake,Iran (Islamic Republic of),,716,,,716,2018,2018-11-25,2018-11-25
2018-0427-IRQ,Flood,Iraq,21,,25000,,25000,2018,2018-11-22,2018-11-23
2018-0431-IND,Storm,India,45,,500000,,500000,2018,2018-11-16,2018-11-16
2018-0433-MDG,Epidemic,Madagascar,,98415,,,98415,2018,2018-10-04,2019-01-07
2018-0434-ZWE,Epidemic,Zimbabwe,12,5164,,,5164,2018,2018-08-07,2018-11-16
2018-0435-CMR,Epidemic,Cameroon,57,942,,,942,2018,2018-05-18,2018-11-23
2018-0436-AGO,Epidemic,Angola,2,,139,,139,2018,2018-10-09,2018-11-12
2018-0437-CAF,Epidemic,Central African Republic,1,119,,,119,2018,2018-09-10,2018-11-18
2018-0438-TCD,Epidemic,Chad,90,4227,,,4227,2018,2018-05-30,2019-04-12
2018-0439-ARG,Flood,Argentina,,,1420,,1420,2018,2018-11-12,2018-11-12
2018-0441-MLI,Flood,Mali,,,13150,,13150,2018,2018-08-07,2018-08-19
2018-0442-PRY,Flood,Paraguay,,,41300,,41300,2018,2018-11-01,2018-11-19
2018-0443-MNG,Storm,Mongolia,,,,,,2018,2018-11-25,2018-11-28
2018-0448-VNM,Flood,Viet Nam,14,,105000,,105000,2018,2018-12-08,2018-12-10
2018-0454-IDN,Mass movement (wet),Indonesia,33,,,,,2018,2018-12-31,2019-01-01
2018-0455-PHL,Storm,Philippines,182,105,1015958,,1016063,2018,2018-12-28,2018-12-31
2018-0456-VUT,Volcanic activity,Vanuatu,,,7286,,7286,2018,2018-12-15,2018-12-18
2018-0457-USA,Storm,United States of America,2,,,,,2018,2018-12-26,2018-12-28
2018-0458-IDN,Volcanic activity,Indonesia,453,14059,33719,,47778,2018,2018-12-22,2018-12-22
2018-0459-AUS,Extreme temperature,Australia,,,,,,2018,,
2018-0461-ITA,Volcanic activity,Italy,,28,300,,328,2018,2018-12-24,2018-12-26
2018-0467-LKA,Flood,Sri Lanka,2,,75000,,75000,2018,2018-12-22,2018-12-25
2018-0468-USA,Wildfire,United States of America,2,3,,,3,2018,2018-11-08,2018-11-21
2018-0469-MHL,Storm,Marshall Islands,,,,,,2019,2019-01-05,2019-01-05
2018-0469-SLB,Storm,Solomon Islands,,,1000,,1000,2018,2018-12-29,2018-12-29
2018-0471-IDN,Flood,Indonesia,13,,3000,,3000,2018,2018-11-26,2018-12-04
2018-0472-IDN,Flood,Indonesia,9,,5463,,5463,2018,2018-12-06,2018-12-10
2018-0473-IND,Storm,India,8,,10000,,10000,2018,2018-12-17,2018-12-19
2018-0474-CHN,Storm,China,,,1800000,,1800000,2018,2018-12-27,2018-12-31
2018-0477-RWA,Flood,Rwanda,10,,,,,2018,2018-04-01,2018-04-16
2018-0478-BOL,Epidemic,Bolivia (Plurinational State of),23,1428,,,1428,2018,2018-04-15,2019-06-02
2018-0479-BDI,Flood,Burundi,,,12956,,12956,2018,2018-05-04,2018-05-09
2018-0480-ARM,Storm,Armenia,,,9900,,9900,2018,2018-08-17,2018-08-18
2018-0481-PLW,Epidemic,Palau,,124,,,124,2018,2018-12-07,2019-03-17
2018-0483-IDN,Flood,Indonesia,20,,100000,,100000,2018,2018-02-21,2018-02-23
2018-0484-VNM,Storm,Viet Nam,19,28,10000,,10028,2018,2018-11-17,2018-11-18
2018-0485-NZL,Flood,New Zealand,,,100,,100,2018,2018-06-11,2018-06-11
2018-0486-PHL,Epidemic,Philippines,202,21812,,,21812,2018,,
2018-0487-ETH,Epidemic,Ethiopia,,4000,,,4000,2018,,
2018-0488-ZWE,Epidemic,Zimbabwe,69,10730,,,10730,2018,2018-09-05,2019-03-12
2018-0489-PHL,Epidemic,Philippines,317,57564,,,57564,2018,2018-01-01,2019-06-29
2018-0490-HUN,Extreme temperature,Hungary,179,,,,,2018,,
2018-9075-ARG,Drought,Argentina,,,,,,2018,,
2018-9103-URY,Drought,Uruguay,,,75000,,75000,2018,,
2018-9187-LTU,Drought,Lithuania,,,,,,2018,,
2018-9187-POL,Drought,Poland,,,,,,2018,,
2018-9191-NAM,Drought,Namibia,,,556000,,556000,2018,,
2018-9258-AUS,Drought,Australia,,,,,,2018,,
2018-9277-CRI,Drought,Costa Rica,,,,,,2019,,
2018-9277-GTM,Drought,Guatemala,,,1500000,,1500000,2018,,
2018-9277-HND,Drought,Honduras,,,360000,,360000,2018,,
2018-9277-NIC,Drought,Nicaragua,,,300000,,300000,2018,,
2018-9277-PAN,Drought,Panama,,,,,,2018,,
2018-9277-SLV,Drought,El Salvador,,,386610,,386610,2018,,
2018-9278-AFG,Drought,Afghanistan,,,13500000,,13500000,2018,,
2018-9372-IND,Drought,India,,,8200000,,8200000,2018,,
2018-9469-MRT,Drought,Mauritania,,,350600,,350600,2018,,
2018-9476-USA,Drought,United States of America,,,,,,2018,,
2018-9491-SEN,Drought,Senegal,,,320000,,320000,2018,,
2019-0001-AUT,Storm,Austria,11,,,,,2019,2019-01-05,2019-01-16
2019-0001-CHE,Storm,Switzerland,4,,,,,2019,2019-01-13,2019-01-15
2019-0001-DEU,Storm,Germany,1,,,,,2019,2019-01-05,2019-01-17
2019-0005-LBN,Storm,Lebanon,3,9,11000,,11009,2019,2019-01-11,2019-01-17
2019-0007-USA,Storm,United States of America,13,57,,,57,2019,2019-01-11,2019-01-15
2019-0008-ARG,Flood,Argentina,4,,31451,,31451,2019,2019-01-11,2019-01-17
2019-0008-BRA,Flood,Brazil,4,,10000,,10000,2019,2019-01-11,2019-01-11
2019-0009-THA,Storm,Thailand,7,,720885,,720885,2019,2019-01-04,2019-01-04
2019-0013-IDN,Mass movement (wet),Indonesia,84,47,6596,,6643,2019,2019-01-21,2019-01-23
2019-0015-ESP,Flood,Spain,4,,,,,2019,2019-01-22,2019-01-25
2019-0020-MDG,Flood,Madagascar,9,,,,,2019,2019-01-19,2019-01-20
2019-0021-PHL,Storm,Philippines,,,13160,,13160,2019,2019-01-18,2019-01-25
2019-0022-IDN,Flood,Indonesia,2,,2650,,2650,2019,2019-01-17,2019-01-17
2019-0023-CHL,Earthquake,Chile,2,,780,,780,2019,2019-01-19,2019-01-19
2019-0025-CUB,Storm,Cuba,6,195,9916,,10111,2019,2019-01-27,2019-01-28
2019-0027-PER,Mass movement (wet),Peru,15,28,,,28,2019,2019-01-25,2019-01-26
2019-0028-AUS,Flood,Australia,3,,9900,,9900,2019,2019-01-27,2019-02-09
2019-0033-SAU,Flood,Saudi Arabia,12,,271,,271,2019,2019-01-27,2019-01-30
2019-0037-BOL,Flood,Bolivia (Plurinational State of),,,14000,,14000,2019,2019-01-16,2019-01-16
2019-0040-URY,Flood,Uruguay,,,5427,,5427,2019,2019-01-10,2019-01-23
2019-0044-DZA,Extreme temperature,Algeria,8,25,125000,,125025,2019,2019-01-11,2019-03-22
2019-0045-USA,Storm,United States of America,10,,,,,2019,2019-01-18,2019-01-21
2019-0046-USA,Storm,United States of America,22,,,,,2019,2019-01-29,2019-01-31
2019-0048-MOZ,Flood,Mozambique,18,,,,,2019,2019-01-01,2019-01-31
2019-0048-MWI,Flood,Malawi,,,15974,,15974,2019,2019-01-01,2019-01-31
2019-0048-ZMB,Flood,Zambia,4,,,,,2019,2019-01-01,2019-01-31
2019-0049-BDI,Flood,Burundi,10,,,,,2019,2019-01-17,2019-01-21
2019-0050-AFG,Flood,Afghanistan,30,,,,,2019,2019-01-06,2019-01-06
2019-0055-MDA,Extreme temperature,Republic of Moldova,,,5460,,5460,2019,2019-01-11,2019-01-30
2019-0056-MNG,Extreme temperature,Mongolia,,,2000,,2000,2019,2019-01-11,2019-02-20
2019-0070-AGO,Flood,Angola,11,,,4255,4255,2019,2019-02-20,2019-02-28
2019-0072-PER,Flood,Peru,51,79,8300,,8379,2019,2019-02-21,2019-02-28
2019-0073-BOL,Flood,Bolivia (Plurinational State of),60,,335540,,335540,2019,2019-02-24,2019-04-10
2019-0075-COL,Flood,Colombia,,,9000,,9000,2019,2019-02-20,2019-02-26
2019-0078-ECU,Flood,Ecuador,14,,3000,,3000,2019,2019-02-21,2019-03-05
2019-0079-COG,Epidemic,Congo,,,16246,,16246,2019,,
2019-0080-PHL,Epidemic,Philippines,333,22967,,,22967,2019,2019-01-01,2019-04-27
2019-0081-USA,Storm,United States of America,28,90,,,90,2019,2019-03-03,2019-03-04
2019-0082-AFG,Flood,Afghanistan,63,,122600,6500,129100,2019,2019-03-02,
2019-0082-IRN,Flood,Iran (Islamic Republic of),5,20,,,20,2019,2019-03-09,2019-03-10
2019-0082-PAK,Flood,Pakistan,25,22,,,22,2019,2019-02-20,
2019-0084-AUS,Wildfire,Australia,,,600,27,627,2019,2019-03-01,2019-03-20
2019-0085-IDN,Earthquake,Indonesia,,48,1715,,1763,2019,2019-02-28,2019-02-28
2019-0086-USA,Flood,United States of America,1,,6000,,6000,2019,2019-02-25,2019-03-01
2019-0089-USA,Storm,United States of America,2,12,,,12,2019,2019-02-23,2019-02-25
2019-0090-USA,Flood,United States of America,1,,8000,,8000,2019,2019-02-26,2019-03-04
2019-0091-CHL,Flood,Chile,6,,600,,600,2019,2019-02-01,2019-02-10
2019-0092-BOL,Mass movement (wet),Bolivia (Plurinational State of),23,,,,,2019,2019-02-02,2019-02-04
2019-0093-PER,Flood,Peru,10,,,,,2019,2019-02-07,2019-02-07
2019-0094-ZWE,Flood,Zimbabwe,26,,300,,300,2019,2019-02-11,2019-02-18
2019-0096-CHN,Earthquake,China,2,12,32733,27,32772,2019,2019-02-25,2019-02-25
2019-0098-PNG,Flood,Papua New Guinea,2,,,350,350,2019,2019-02-11,2019-02-25
2019-0099-MOZ,Flood,Mozambique,10,,63000,,63000,2019,2019-03-09,2019-03-11
2019-0100-BRA,Flood,Brazil,12,6,1300,,1306,2019,2019-03-10,2019-03-11
2019-0101-MWI,Flood,Malawi,60,672,975000,,975672,2019,2019-03-04,2019-03-10
2019-0106-ZAF,Flood,South Africa,10,,,,,2019,2019-03-08,2019-03-12
2019-0107-IDN,Flood,Indonesia,9,4,168393,,168397,2019,2019-03-06,2019-03-08
2019-0109-IDN,Earthquake,Indonesia,9,45,1250,,1295,2019,2019-03-17,2019-03-17
2019-0110-MDG,Storm,Madagascar,3,,1100,,1100,2019,2019-03-15,2019-03-15
2019-0110-MOZ,Storm,Mozambique,603,1500,1500000,,1501500,2019,2019-03-14,2019-03-15
2019-0110-ZWE,Storm,Zimbabwe,628,186,270000,,270186,2019,2019-03-14,2019-03-14
2019-0111-IDN,Flood,Indonesia,206,915,58625,,59540,2019,2019-03-16,2019-03-18
2019-0115-NGA,Epidemic,Nigeria,72,22000,,,22000,2019,,
2019-0116-USA,Flood,United States of America,5,,2000,,2000,2019,2019-03-14,2019-03-31
2019-0117-IDN,Mass movement (wet),Indonesia,5,,860,,860,2019,2019-03-20,2019-03-20
2019-0122-YEM,Epidemic,Yemen,713,461542,,,461542,2019,2019-01-01,2019-07-05
2019-0123-AGO,Flood,Angola,19,,795,280,1075,2019,2019-03-16,2019-03-22
2019-0124-FSM,Storm,Micronesia (Federated States of),,,10000,,10000,2019,2019-02-19,2019-02-22
2019-0125-AFG,Flood,Afghanistan,35,,,,,2019,2019-03-18,2019-03-26
2019-0125-IRN,Flood,Iran (Islamic Republic of),70,1076,10000000,,10001076,2019,2019-03-19,2019-04-10
2019-0131-MOZ,Epidemic,Mozambique,,3577,,,3577,2019,,2019-04-18
2019-0134-CHN,Wildfire,China,30,,,,,2019,2019-04-01,2019-04-01
2019-0135-NPL,Storm,Nepal,28,612,14242,,14854,2019,2019-03-30,2019-03-31
2019-0137-SYR,Flood,Syrian Arab Republic,2,,235000,,235000,2019,2019-03-30,2019-04-03
2019-0141-IRQ,Flood,Iraq,10,,5865,,5865,2019,2019-03-24,2019-04-02
2019-0143-AFG,Flood,Afghanistan,16,6,,1275,1281,2019,2019-03-30,2019-04-15
2019-0144-BGD,Storm,Bangladesh,15,,,,,2019,2019-03-31,2019-03-31
2019-0146-BRA,Flood,Brazil,10,,4500,,4500,2019,2019-04-08,2019-04-09
2019-0149-KOR,Wildfire,Republic of Korea,1,35,3000,,3035,2019,2019-04-04,2019-04-05
2019-0150-PRY,Flood,Paraguay,1,,2000,,2000,2019,2019-03-15,2019-04-04
2019-0155-IND,Storm,India,50,,,,,2019,2019-04-16,2019-04-17
2019-0155-PAK,Storm,Pakistan,39,135,,,135,2019,2019-04-15,2019-04-18
2019-0158-PNG,Mass movement (wet),Papua New Guinea,10,,,,,2019,2019-04-15,2019-04-15
2019-0159-COL,Flood,Colombia,14,,1647,,1647,2019,2019-04-07,2019-04-15
2019-0160-USA,Storm,United States of America,8,12,,165,177,2019,2019-04-13,2019-04-14
2019-0161-CHN,Flood,China,11,,,,,2019,2019-04-11,2019-04-12
2019-0162-PHL,Earthquake,Philippines,25,282,15273,,15555,2019,2019-04-22,2019-04-22
2019-0164-BGD,Storm,Bangladesh,39,45,,10000,10045,2019,2019-05-04,2019-05-04
2019-0164-IND,Storm,India,50,,20000000,,20000000,2019,2019-05-03,2019-05-03
2019-0165-COM,Storm,Comoros,8,180,345131,,345311,2019,2019-04-24,2019-04-25
2019-0165-MOZ,Storm,Mozambique,45,94,400000,,400094,2019,2019-04-25,2019-04-25
2019-0165-TZA,Storm,United Republic of Tanzania,,,2000000,,2000000,2019,2019-04-26,2019-04-26
2019-0167-IDN,Flood,Indonesia,2,,2258,,2258,2019,2019-04-25,2019-04-26
2019-0168-IDN,Flood,Indonesia,18,2,13000,,13002,2019,2019-04-25,2019-05-27
2019-0170-COD,Mass movement (wet),Democratic Republic of the Congo,13,,,450,450,2019,2019-04-26,2019-04-29
2019-0171-CAN,Flood,Canada,1,,19500,,19500,2019,2019-04-27,2019-05-05
2019-0175-COL,Mass movement (wet),Colombia,32,,,,,2019,2019-04-21,2019-04-21
2019-0176-ZAF,Flood,South Africa,73,,1000,,1000,2019,2019-04-21,2019-04-25
2019-0179-UGA,Flood,Uganda,15,,100,,100,2019,2019-04-22,2019-04-23
2019-0182-ZAF,Flood,South Africa,13,,,,,2019,2019-05-02,2019-05-02
2019-0184-USA,Storm,United States of America,5,,,,,2019,2019-04-24,2019-04-26
2019-0185-ARG,Flood,Argentina,2,,1800,,1800,2019,2019-04-23,2019-04-23
2019-0186-ESP,Storm,Spain,,,320,,320,2019,2019-04-18,2019-04-22
2019-0187-MWI,Mass movement (wet),Malawi,8,9,100,,109,2019,2019-04-20,2019-04-20
2019-0188-SSD,Epidemic,South Sudan,7,937,,,937,2019,,
2019-0189-SSD,Wildfire,South Sudan,50,12,,,12,2019,2019-05-08,2019-05-08
2019-0192-KEN,Epidemic,Kenya,26,3847,,,3847,2019,,2019-05-02
2019-0193-TZA,Epidemic,United Republic of Tanzania,3,216,,,216,2019,,2019-05-02
2019-0194-BIH,Flood,Bosnia and Herzegovina,1,,600,,600,2019,2019-05-12,2019-05-13
2019-0194-HRV,Flood,Croatia,1,5,60,,65,2019,2019-05-12,2019-05-15
2019-0195-ITA,Flood,Italy,,,1200,,1200,2019,2019-05-15,2019-05-15
2019-0197-PRY,Flood,Paraguay,16,,310595,,310595,2019,2019-04-01,2019-05-13
2019-0199-MNG,Storm,Mongolia,,,500,,500,2019,2019-05-10,2019-05-11
2019-0200-MLI,Flood,Mali,15,2,505,,507,2019,2019-05-16,2019-05-16
2019-0201-PAK,Flood,Pakistan,20,,,,,2019,2019-04-13,2019-04-14
2019-0203-TZA,Flood,United Republic of Tanzania,5,,5000,,5000,2019,2019-05-13,2019-05-17
2019-0206-ARG,Flood,Argentina,,,2100,,2100,2019,2019-05-10,2019-05-20
2019-0209-CHN,Flood,China,300,,4500000,,4500000,2019,2019-06-13,2019-07-01
2019-0210-IDN,Flood,Indonesia,1,,52000,,52000,2019,2019-06-09,2019-06-14
2019-0211-COG,Epidemic,Congo,260,12000,,,12000,2019,,
2019-0212-COG,Epidemic,Congo,3559,180000,,,180000,2019,,
2019-0213-YEM,Flood,Yemen,8,,80000,,80000,2019,2019-06-11,2019-06-14
2019-0215-HTI,Flood,Haiti,8,3,3105,,3108,2019,2019-06-03,2019-06-06
2019-0216-AFG,Flood,Afghanistan,3,,,,,2019,2019-06-11,2019-06-11
2019-0216-TJK,Flood,Tajikistan,4,,6750,,6750,2019,2019-06-01,2019-06-07
2019-0217-IND,Extreme temperature,India,90,,,,,2019,,
2019-0218-IND,Epidemic,India,121,418,,,418,2019,2019-01-01,2019-06-17
2019-0219-MNG,Flood,Mongolia,12,,500,,500,2019,2019-06-15,2019-06-19
2019-0220-MDV,Flood,Maldives,,,1800,,1800,2019,2019-05-30,2019-06-08
2019-0221-LKA,Epidemic,Sri Lanka,28,18760,,,18760,2019,,
2019-0222-ROU,Flood,Romania,4,,362,,362,2019,2019-05-31,2019-06-07
2019-0223-IND,Extreme temperature,India,22,450,,,450,2019,,
2019-0224-LBY,Flood,Libya,4,30,20000,,20030,2019,2019-05-28,2019-06-05
2019-0225-MEX,Flood,Mexico,7,,,3000,3000,2019,2019-06-02,2019-06-06
2019-0226-MYS,Flood,Malaysia,,,1000,,1000,2019,2019-06-02,2019-06-06
2019-0227-UGA,Mass movement (wet),Uganda,61,25,129928,,129953,2019,2019-06-04,2019-06-08
2019-0228-GHA,Flood,Ghana,13,,,,,2019,2019-06-04,2019-06-04
2019-0232-ALB,Earthquake,Albania,,4,300,,304,2019,2019-06-01,2019-06-01
2019-0233-SLV,Earthquake,El Salvador,1,,160,,160,2019,2019-05-30,2019-05-30
2019-0243-ECU,Earthquake,Ecuador,,15,,,15,2019,2019-05-26,2019-05-26
2019-0243-PER,Earthquake,Peru,2,15,4257,,4272,2019,2019-05-26,2019-05-26
2019-0245-PRY,Flood,Paraguay,23,,208602,,208602,2019,,
2019-0250-USA,Storm,United States of America,3,150,,,150,2019,2019-05-23,2019-05-31
2019-0252-OMN,Flood,Oman,6,,,,,2019,2019-05-18,2019-05-18
2019-0252-SAU,Flood,Saudi Arabia,1,,36,,36,2019,2019-05-22,2019-05-27
2019-0252-YEM,Flood,Yemen,6,,,,,2019,2019-05-17,2019-05-27
2019-0254-UGA,Flood,Uganda,8,,2500,,2500,2019,2019-05-26,2019-05-29
2019-0255-AFG,Flood,Afghanistan,24,11,550,,561,2019,2019-05-22,2019-05-27
2019-0259-CHN,Earthquake,China,13,220,244000,,244220,2019,2019-06-17,2019-06-17
2019-0264-PHL,Flood,Philippines,,,45000,,45000,2019,2019-06-03,2019-06-23
2019-0265-VNM,Flood,Viet Nam,3,,,265,265,2019,2019-05-27,2019-05-30
2019-0271-PNG,Earthquake,Papua New Guinea,,1,650,,651,2019,2019-05-14,2019-05-14
2019-0273-URY,Flood,Uruguay,,,7406,,7406,2019,2019-06-11,2019-06-24
2019-0274-TUR,Flood,Türkiye,10,,70,,70,2019,2019-06-18,2019-06-20
2019-0275-SRB,Flood,Serbia,,,11650,,11650,2019,2019-06-02,2019-06-07
2019-0280-SDN,Flood,Sudan,,,6198,,6198,2019,2019-06-08,2019-06-18
2019-0281-IDN,Flood,Indonesia,2,,55495,,55495,2019,2019-06-03,2019-06-09
2019-0283-ECU,Mass movement (wet),Ecuador,2,,145,,145,2019,2019-06-22,2019-06-22
2019-0285-SSD,Flood,South Sudan,3,,234800,,234800,2019,2019-06-05,2019-06-07
2019-0286-GEO,Flood,Georgia,,,5088,,5088,2019,2019-05-12,2019-05-12
2019-0287-BIH,Flood,Bosnia and Herzegovina,,,159,,159,2019,2019-06-01,2019-06-25
2019-0288-IND,Flood,India,52,60,,,60,2019,2019-06-28,2019-07-04
2019-0289-JPN,Flood,Japan,2,,600,,600,2019,2019-06-29,2019-07-04
2019-0291-CHN,Storm,China,6,120,45000,,45120,2019,2019-07-03,2019-07-03
2019-0294-RUS,Flood,Russian Federation,31,190,33000,,33190,2019,2019-06-28,2019-07-03
2019-0296-BEL,Extreme temperature,Belgium,128,,,,,2019,2019-06-21,2019-07-01
2019-0296-DEU,Extreme temperature,Germany,4,,,,,2019,2019-06-24,2019-06-30
2019-0296-ESP,Extreme temperature,Spain,2,,,,,2019,2019-06-26,2019-06-30
2019-0296-FRA,Extreme temperature,France,567,,,,,2019,2019-06-24,2019-07-07
2019-0296-GBR,Extreme temperature,United Kingdom of Great Britain and Northern Ireland,5,,,,,2019,2019-06-26,2019-06-30
2019-0296-ITA,Extreme temperature,Italy,3,,,,,2019,2019-06-26,2019-06-30
2019-0297-MEX,Flood,Mexico,2,,142,,142,2019,2019-06-28,2019-06-28
2019-0298-PNG,Volcanic activity,Papua New Guinea,,,15800,,15800,2019,2019-06-28,2019-06-28
2019-0299-IRN,Earthquake,Iran (Islamic Republic of),1,100,,2000,2100,2019,2019-07-08,2019-07-08
2019-0301-ESP,Flood,Spain,1,,,,,2019,2019-07-08,2019-07-08
2019-0304-BGD,Mass movement (wet),Bangladesh,2,16,18000,,18016,2019,2019-07-02,2019-07-08
2019-0306-USA,Earthquake,United States of America,,,150,,150,2019,2019-07-05,2019-07-05
2019-0307-USA,Flood,United States of America,3,,600,,600,2019,2019-06-06,2019-06-09
2019-0309-BRA,Flood,Brazil,7,,30000,,30000,2019,2019-06-13,2019-06-13
2019-0311-IND,Storm,India,10,,,,,2019,2019-06-01,2019-06-03
2019-0315-GRC,Storm,Greece,7,123,,,123,2019,2019-07-10,2019-07-10
2019-0318-HUN,Storm,Hungary,,,150000,,150000,2019,2019-06-27,2019-06-27
2019-0319-ARM,Storm,Armenia,,,11700,,11700,2019,2019-06-27,2019-06-27
2019-0321-IND,Storm,India,50,,,,,2019,2019-06-06,2019-06-14
2019-0322-JPN,Earthquake,Japan,,28,432,,460,2019,2019-06-18,2019-06-18
2019-0331-IND,Flood,India,1900,,3000000,,3000000,2019,2019-07-14,2019-09-30
2019-0332-NPL,Flood,Nepal,119,41,82500,,82541,2019,2019-07-08,2019-07-29
2019-0333-CHN,Flood,China,17,,360000,,360000,2019,2019-07-15,2019-07-15
2019-0334-IDN,Earthquake,Indonesia,8,134,5790,5880,11804,2019,2019-07-14,2019-07-14
2019-0335-USA,Storm,United States of America,1,,,,,2019,2019-07-13,2019-07-15
2019-0337-BGD,Flood,Bangladesh,114,,7600000,,7600000,2019,,2019-07-28
2019-0338-CRI,Epidemic,Costa Rica,,4852,,,4852,2019,,2019-08-09
2019-0338-HND,Epidemic,Honduras,128,,71216,,71216,2019,,2019-08-09
2019-0338-NIC,Epidemic,Nicaragua,15,94513,,,94513,2019,,2019-08-02
2019-0338-SLV,Epidemic,El Salvador,5,16573,,,16573,2019,,2019-09-18
2019-0346-PAK,Flood,Pakistan,64,71,800,,871,2019,2019-07-16,2019-07-28
2019-0347-MMR,Flood,Myanmar,,,6200,,6200,2019,2019-07-14,2019-07-14
2019-0349-PHL,Storm,Philippines,4,,2000,,2000,2019,2019-07-18,2019-07-18
2019-0352-ETH,Epidemic,Ethiopia,15,,871,,871,2019,2019-04-25,2019-06-23
2019-0355-PHL,Epidemic,Philippines,492,106630,,,106630,2019,2019-01-01,2019-06-29
2019-0356-PHL,Earthquake,Philippines,,52,9525,,9577,2019,2019-07-13,2019-07-13
2019-0357-TUR,Flood,Türkiye,7,,220,,220,2019,2019-07-17,2019-07-18
2019-0358-BOL,Volcanic activity,Bolivia (Plurinational State of),,,3000,,3000,2019,2019-07-19,2019-07-23
2019-0358-PER,Volcanic activity,Peru,,,30000,,30000,2019,2019-07-19,2019-07-22
2019-0360-GTM,Epidemic,Guatemala,17,6264,,,6264,2019,2019-06-29,2019-08-08
2019-0362-PHL,Earthquake,Philippines,9,64,2963,,3027,2019,2019-07-27,2019-07-27
2019-0366-AUT,Extreme temperature,Austria,1,,,,,2019,2019-07-24,2019-07-26
2019-0366-BEL,Extreme temperature,Belgium,400,,,,,2019,2019-07-19,2019-07-27
2019-0366-DEU,Extreme temperature,Germany,,,,,,2019,2019-07-24,2019-07-25
2019-0366-FRA,Extreme temperature,France,868,,,,,2019,2019-07-21,2019-07-27
2019-0366-NLD,Extreme temperature,Netherlands (Kingdom of the),400,,,,,2019,2019-07-22,2019-07-27
2019-0367-CHN,Mass movement (wet),China,51,,40,,40,2019,2019-07-23,2019-07-23
2019-0368-BRA,Flood,Brazil,12,,,,,2019,2019-07-23,2019-07-24
2019-0369-MMR,Mass movement (wet),Myanmar,13,,,,,2019,2019-07-28,2019-07-28
2019-0370-MAR,Mass movement (wet),Morocco,15,,,,,2019,2019-07-24,2019-07-24
2019-0372-PAK,Flood,Pakistan,16,,,,,2019,2019-07-29,2019-07-31
2019-0375-NOR,Mass movement (wet),Norway,1,,150,,150,2019,2019-07-30,2019-07-30
2019-0377-IDN,Earthquake,Indonesia,6,4,2100,,2104,2019,2019-08-02,2019-08-02
2019-0378-RUS,Wildfire,Russian Federation,,,,,,2019,,
2019-0380-VNM,Flood,Viet Nam,19,,1000,500,1500,2019,2019-08-05,2019-08-05
2019-0381-CHN,Flood,China,13,61,15800,,15861,2019,2019-08-04,2019-08-05
2019-0382-SLE,Flood,Sierra Leone,7,,5000,,5000,2019,2019-08-02,2019-08-03
2019-0383-IND,Flood,India,32,,17500,,17500,2019,2019-08-12,2019-08-15
2019-0385-MMR,Flood,Myanmar,115,,,1875,1875,2019,2019-08-08,2019-08-16
2019-0386-PAK,Flood,Pakistan,26,4,,,4,2019,2019-08-09,2019-08-12
2019-0387-CHN,Storm,China,72,,108000,,108000,2019,2019-08-10,2019-08-12
2019-0387-TWN,Storm,Taiwan (Province of China),2,,,,,2019,2019-08-10,2019-08-10
2019-0388-FRA,Storm,France,,,90,,90,2019,2019-08-09,2019-08-09
2019-0388-LUX,Storm,Luxembourg,,19,1500,,1519,2019,2019-08-09,2019-08-09
2019-0389-SLE,Flood,Sierra Leone,,,5381,,5381,2019,,
2019-0392-SDN,Flood,Sudan,78,,346300,,346300,2019,,2019-09-06
2019-0393-VNM,Flood,Viet Nam,12,5,61535,,61540,2019,2019-08-08,2019-08-10
2019-0395-GTM,Storm,Guatemala,2,104,63349,,63453,2019,2019-08-17,2019-08-23
2019-0396-POL,Storm,Poland,4,157,,,157,2019,2019-08-22,2019-08-22
2019-0396-SVK,Storm,Slovakia,1,,,,,2019,2019-08-22,2019-08-22
2019-0397-NGA,Epidemic,Nigeria,4,665,,,665,2019,,2019-08-21
2019-0400-CHN,Mass movement (wet),China,38,6,6600,,6606,2019,2019-08-19,2019-08-20
2019-0409-JPN,Flood,Japan,1,2,300,,302,2019,2019-08-27,2019-08-29
2019-0412-BHS,Storm,Bahamas,356,,14940,,14940,2019,2019-09-01,2019-09-04
2019-0412-USA,Storm,United States of America,10,,,,,2019,2019-08-28,2019-09-06
2019-0413-ESP,Flood,Spain,7,,3500,,3500,2019,2019-09-11,2019-09-16
2019-0415-NER,Flood,Niger,52,,200000,,200000,2019,2019-09-01,2019-09-15
2019-0415-NGA,Flood,Nigeria,12,,18640,,18640,2019,2019-09-21,2019-09-27
2019-0415-TCD,Flood,Chad,,,423,,423,2019,,
2019-0417-USA,Storm,United States of America,5,,1000,,1000,2019,2019-09-17,2019-09-21
2019-0418-MEX,Storm,Mexico,1,,200,,200,2019,2019-09-20,2019-09-20
2019-0419-KHM,Flood,Cambodia,12,,435000,,435000,2019,2019-09-11,2019-09-20
2019-0419-LAO,Flood,Lao People's Democratic Republic,19,,507500,,507500,2019,2019-08-29,2019-09-03
2019-0419-THA,Flood,Thailand,19,,158000,,158000,2019,2019-09-11,2019-09-11
2019-0419-VNM,Flood,Viet Nam,10,,36450,,36450,2019,2019-09-11,2019-09-11
2019-0420-MLI,Flood,Mali,,,6474,,6474,2019,2019-08-24,2019-09-12
2019-0424-CHN,Storm,China,,,,,,2019,2019-09-05,2019-09-08
2019-0424-JPN,Storm,Japan,,,,,,2019,2019-09-05,2019-09-08
2019-0424-KOR,Storm,Republic of Korea,3,33,38,,71,2019,2019-09-06,2019-09-07
2019-0424-PRK,Storm,Democratic People's Republic of Korea,5,,5300000,,5300000,2019,2019-09-06,2019-09-07
2019-0426-MAR,Flood,Morocco,17,29,,,29,2019,2019-09-08,2019-09-09
2019-0427-MAR,Flood,Morocco,7,,200,,200,2019,2019-08-28,2019-08-28
2019-0428-BOL,Wildfire,Bolivia (Plurinational State of),,,36000,,36000,2019,,
2019-0428-BRA,Wildfire,Brazil,,2195,10000000,,10002195,2019,,
2019-0428-PER,Wildfire,Peru,,,,,,2019,,
2019-0428-PRY,Wildfire,Paraguay,,,4000,,4000,2019,,
2019-0430-UGA,Mass movement (wet),Uganda,20,,,,,2019,2019-08-31,2019-09-03
2019-0432-RUS,Flood,Russian Federation,,,10000,,10000,2019,2019-08-28,2019-08-31
2019-0433-MRT,Flood,Mauritania,3,,33600,,33600,2019,2019-08-26,2019-08-27
2019-0434-PHL,Storm,Philippines,2,2,61500,,61502,2019,2019-08-27,2019-08-28
2019-0435-NGA,Flood,Nigeria,12,,52500,,52500,2019,2019-08-20,2019-08-25
2019-0443-JPN,Storm,Japan,,21,2000,,2021,2019,2019-09-24,2019-09-24
2019-0443-KOR,Storm,Republic of Korea,2,,83370,,83370,2019,2019-09-24,2019-09-24
2019-0444-ALB,Earthquake,Albania,,108,4500,,4608,2019,2019-09-21,2019-09-21
2019-0445-HTI,Flood,Haiti,6,,1175,150,1325,2019,2019-09-18,2019-09-21
2019-0450-MEX,Storm,Mexico,2,,1000,,1000,2019,2019-09-30,2019-09-30
2019-0451-IDN,Earthquake,Indonesia,31,179,247239,,247418,2019,2019-09-26,2019-09-26
2019-0452-LKA,Flood,Sri Lanka,1,,136607,,136607,2019,2019-09-23,2019-09-27
2019-0453-TCD,Mass movement (wet),Chad,52,37,,,37,2019,2019-09-27,2019-09-27
2019-0454-NGA,Epidemic,Nigeria,22,169,,,169,2019,,2019-09-30
2019-0455-COL,Epidemic,Colombia,169,79639,,,79639,2019,,2019-08-31
2019-0456-DOM,Epidemic,Dominican Republic,34,16907,,,16907,2019,2019-09-30,2019-09-30
2019-0460-PAK,Earthquake,Pakistan,39,746,129652,,130398,2019,2019-09-24,2019-09-24
2019-0461-YEM,Flood,Yemen,12,,500,,500,2019,2019-07-31,2019-08-06
2019-0462-TUR,Flood,Türkiye,1,,15000,,15000,2019,2019-08-17,2019-08-17
2019-0463-JPN,Extreme temperature,Japan,162,18347,,,18347,2019,2019-07-29,2019-08-08
2019-0464-PAK,Flood,Pakistan,16,,,,,2019,2019-08-16,2019-08-20
2019-0467-JPN,Extreme temperature,Japan,11,5600,,,5600,2019,2019-07-22,2019-07-30
2019-0468-RUS,Flood,Russian Federation,,,7000,,7000,2019,2019-07-25,2019-07-31
2019-0469-CHN,Flood,China,,,11400,,11400,2019,2019-07-29,2019-08-01
2019-0470-PAK,Flood,Pakistan,28,,,,,2019,2019-07-15,2019-07-15
2019-0471-PAK,Flood,Pakistan,11,,,,,2019,2019-09-30,2019-10-03
2019-0472-CHN,Storm,China,3,,,,,2019,2019-10-02,2019-10-02
2019-0472-KOR,Storm,Republic of Korea,15,11,1400,,1411,2019,2019-10-02,2019-10-02
2019-0475-ECU,Earthquake,Ecuador,,9,225,15,249,2019,2019-02-22,2019-02-22
2019-0479-TUR,Earthquake,Türkiye,1,34,1419,,1453,2019,2019-09-26,2019-09-26
2019-0480-IND,Epidemic,India,,900,,,900,2019,,
2019-0482-VNM,Flood,Viet Nam,3,5,26250,,26255,2019,2019-10-15,2019-10-22
2019-0484-USA,Storm,United States of America,4,,,,,2019,2019-10-20,2019-10-21
2019-0486-SSD,Flood,South Sudan,,,700000,,700000,2019,2019-10-01,2019-10-18
2019-0487-RUS,Flood,Russian Federation,28,14,,,14,2019,2019-10-19,2019-10-19
2019-0488-GHA,Flood,Ghana,19,19,26083,,26102,2019,2019-10-06,2019-10-09
2019-0489-PHL,Earthquake,Philippines,7,215,3068,,3283,2019,2019-10-16,2019-10-16
2019-0490-GTM,Storm,Guatemala,2,,15000,,15000,2019,2019-10-16,2019-10-17
2019-0492-JPN,Storm,Japan,99,470,390000,,390470,2019,2019-10-12,2019-10-17
2019-0494-ETH,Mass movement (wet),Ethiopia,23,,,,,2019,2019-10-15,2019-10-15
2019-0495-IRN,Flood,Iran (Islamic Republic of),1,6,100,,106,2019,2019-10-12,2019-10-14
2019-0496-TZA,Flood,United Republic of Tanzania,18,,,,,2019,2019-10-02,2019-10-16
2019-0497-ESP,Flood,Spain,5,3,70,,73,2019,2019-10-22,2019-10-23
2019-0499-IND,Flood,India,12,,27500,,27500,2019,2019-10-19,2019-10-23
2019-0499-LKA,Flood,Sri Lanka,5,,8200,,8200,2019,2019-10-24,2019-10-24
2019-0500-ETH,Flood,Ethiopia,,,200000,,200000,2019,2019-10-01,2019-10-13
2019-0500-KEN,Flood,Kenya,90,,233339,,233339,2019,2019-10-10,2019-12-13
2019-0500-SOM,Flood,Somalia,17,,500000,,500000,2019,,
2019-0504-NER,Flood,Niger,,,23000,,23000,2019,2019-10-24,2019-10-24
2019-0505-FRA,Flood,France,3,,1000,,1000,2019,2019-10-21,2019-10-24
2019-0513-USA,Wildfire,United States of America,3,12,312,279,603,2019,2019-10-10,2019-10-17
2019-0514-CIV,Flood,Côte d’Ivoire,12,32,14002,612,14646,2019,2019-10-11,2019-10-13
2019-0515-TZA,Flood,United Republic of Tanzania,14,,,,,2019,2019-10-15,2019-10-28
2019-0516-JPN,Flood,Japan,10,,270,,270,2019,2019-10-25,2019-10-26
2019-0517-USA,Wildfire,United States of America,,2,660,,662,2019,2019-10-26,2019-10-31
2019-0518-SAU,Flood,Saudi Arabia,7,11,1100,,1111,2019,2019-10-28,2019-10-28
2019-0519-MEX,Storm,Mexico,1,,,,,2019,2019-09-05,2019-09-06
2019-0520-CHN,Earthquake,China,1,63,15123,396,15582,2019,2019-09-08,2019-09-08
2019-0521-JPN,Storm,Japan,3,150,120000,,120150,2019,2019-10-08,2019-10-08
2019-0522-PHL,Earthquake,Philippines,10,395,25630,,26025,2019,2019-10-29,2019-10-29
2019-0523-IDN,Flood,Indonesia,,,9435,,9435,2019,2019-10-26,2019-10-27
2019-0523-MYS,Flood,Malaysia,,,2412,,2412,2019,2019-10-26,2019-10-27
2019-0524-CAF,Flood,Central African Republic,,,44918,,44918,2019,,2019-11-13
2019-0525-SDN,Epidemic,Sudan,24,,510,,510,2019,2019-08-29,2019-12-05
2019-0526-SEN,Flood,Senegal,6,49,8919,,8968,2019,2019-09-10,2019-09-20
2019-0527-CMR,Mass movement (wet),Cameroon,54,,,,,2019,2019-10-28,2019-10-28
2019-0528-TON,Epidemic,Tonga,,107,,,107,2019,,2019-10-28
2019-0529-PHL,Earthquake,Philippines,23,417,260286,,260703,2019,2019-10-31,2019-10-31
2019-0531-FJI,Epidemic,Fiji,,14,,,14,2019,,
2019-0531-TON,Epidemic,Tonga,,394,,,394,2019,2019-10-22,2019-11-19
2019-0531-WSM,Epidemic,Samoa,83,5617,,,5617,2019,,
2019-0532-CAN,Storm,Canada,1,,,,,2019,2019-10-31,2019-11-02
2019-0533-ESP,Storm,Spain,1,,,,,2019,2019-10-28,2019-11-03
2019-0533-FRA,Storm,France,1,4,50,,54,2019,2019-10-28,2019-11-03
2019-0533-ITA,Storm,Italy,,,12,,12,2019,2019-11-03,2019-11-03
2019-0534-VNM,Storm,Viet Nam,1,14,20000,,20014,2019,2019-11-03,2019-11-03
2019-0540-UGA,Flood,Uganda,3,,4750,,4750,2019,2019-10-15,2019-11-06
2019-0541-PHL,Storm,Philippines,,,3000,,3000,2019,2019-11-17,2019-11-17
2019-0542-BRA,Flood,Brazil,2,12,660,,672,2019,2019-11-16,2019-11-17
2019-0543-ITA,Storm,Italy,2,,200,,200,2019,2019-11-12,2019-11-18
2019-0545-AUS,Wildfire,Australia,32,24,1959,6900,8883,2019,2019-09-01,
2019-0548-ZAF,Storm,South Africa,4,20,,,20,2019,2019-11-11,2019-11-12
2019-0549-PHL,Storm,Philippines,19,3,670,,673,2019,2019-11-10,2019-11-10
2019-0549-VNM,Storm,Viet Nam,3,,2150,,2150,2019,2019-11-12,2019-11-13
2019-0550-BGD,Storm,Bangladesh,40,71,251435,,251506,2019,2019-11-09,2019-11-10
2019-0550-IND,Storm,India,12,,130000,,130000,2019,2019-11-09,2019-11-10
2019-0551-FRA,Earthquake,France,,4,750,,754,2019,2019-11-11,2019-11-11
2019-0553-IRN,Earthquake,Iran (Islamic Republic of),6,584,22500,,23084,2019,2019-11-08,2019-11-08
2019-0557-KEN,Mass movement (wet),Kenya,97,,,120,120,2019,2019-11-23,2019-11-23
2019-0558-FRA,Storm,France,5,,625,,625,2019,2019-11-23,2019-11-24
2019-0558-ITA,Storm,Italy,,,,,,2019,2019-11-23,2019-11-24
2019-0561-COD,Flood,Democratic Republic of the Congo,43,54,399840,,399894,2019,2019-11-19,2019-11-26
2019-0561-COG,Flood,Congo,,,40000,,40000,2019,2019-11-20,2019-11-25
2019-0562-TZA,Flood,United Republic of Tanzania,10,,,,,2019,2019-11-20,2019-11-25
2019-0568-GBR,Flood,United Kingdom of Great Britain and Northern Ireland,1,,100,,100,2019,2019-11-07,2019-11-08
2019-0572-ALB,Earthquake,Albania,51,913,202000,,202913,2019,2019-11-26,2019-11-26
2019-0573-PHL,Storm,Philippines,4,318,2305075,342165,2647558,2019,2019-12-02,2019-12-03
2019-0574-IND,Flood,India,27,,25000,,25000,2019,2019-11-29,2019-12-04
2019-0576-FRA,Flood,France,5,2,100,,102,2019,2019-11-30,2019-12-02
2019-0577-LKA,Flood,Sri Lanka,12,9,155000,,155009,2019,2019-11-29,2019-12-10
2019-0578-MYS,Flood,Malaysia,2,,15000,,15000,2019,2019-11-30,2019-12-06
2019-0579-DJI,Flood,Djibouti,11,,250000,,250000,2019,2019-11-21,2019-11-28
2019-0580-BRA,Flood,Brazil,,,300,,300,2019,2019-11-25,2019-11-27
2019-0585-BDI,Mass movement (wet),Burundi,37,7,9935,,9942,2019,2019-12-05,2019-12-05
2019-0593-USA,Storm,United States of America,10,,,,,2019,2019-11-27,2019-12-03
2019-0595-COL,Flood,Colombia,20,,23035,215,23250,2019,2019-10-27,2019-11-17
2019-0596-MEX,Flood,Mexico,3,,500,,500,2019,2019-11-27,2019-12-04
2019-0598-NZL,Volcanic activity,New Zealand,21,23,,,23,2019,2019-12-09,2019-12-09
2019-0599-UGA,Flood,Uganda,36,,6000,,6000,2019,2019-11-29,2019-12-07
2019-0600-SOM,Storm,Somalia,6,,30000,,30000,2019,2019-12-07,2019-12-10
2019-0601-COM,Storm,Comoros,,,,,,2019,2019-12-05,2019-12-08
2019-0601-MDG,Storm,Madagascar,5,6293,14000,,20293,2019,2019-12-09,2019-12-10
2019-0606-COL,Flood,Colombia,,,6000,,6000,2019,2019-12-06,2019-12-11
2019-0607-ZAF,Flood,South Africa,2,,3500,,3500,2019,2019-12-02,2019-12-11
2019-0608-URY,Flood,Uruguay,,,270,,270,2019,2019-10-12,2019-10-18
2019-0609-VEN,Flood,Venezuela (Bolivarian Republic of),6,,2000,,2000,2019,2019-10-05,2019-10-15
2019-0611-CHN,Flood,China,14,,,,,2019,2019-10-15,2019-10-25
2019-0613-AFG,Mass movement (wet),Afghanistan,40,,,,,2019,2019-12-11,2019-12-11
2019-0614-COD,Epidemic,Democratic Republic of the Congo,3667,,183837,,183837,2019,,
2019-0615-COD,Epidemic,Democratic Republic of the Congo,472,27000,,,27000,2019,,
2019-0619-PHL,Earthquake,Philippines,14,210,394355,,394565,2019,2019-12-15,2019-12-15
2019-0620-IDN,Flood,Indonesia,14,,5000,,5000,2019,2019-12-12,2019-12-17
2019-0621-FRA,Storm,France,2,13,600,,613,2019,2019-12-12,2019-12-17
2019-0623-COD,Mass movement (wet),Democratic Republic of the Congo,24,,,,,2019,2019-12-13,2019-12-14
2019-0623-UGA,Mass movement (wet),Uganda,7,,1000,,1000,2019,2019-12-13,2019-12-14
2019-0624-USA,Storm,United States of America,18,,,,,2019,2019-12-16,2019-12-18
2019-0625-UGA,Flood,Uganda,65,,65250,,65250,2019,2019-12-18,2019-12-18
2019-0626-ESP,Storm,Spain,7,,,,,2019,2019-12-19,2019-12-22
2019-0626-FRA,Storm,France,,4,,,4,2019,2019-12-19,2019-12-22
2019-0626-PRT,Storm,Portugal,3,,51,,51,2019,2019-12-19,2019-12-22
2019-0629-LKA,Flood,Sri Lanka,3,6,65316,,65322,2019,2019-12-18,2019-12-23
2019-0630-DJI,Infestation,Djibouti,,,,,,2020,,
2019-0630-ERI,Infestation,Eritrea,,,,,,2020,,
2019-0630-ETH,Infestation,Ethiopia,,,,,,2019,,
2019-0630-KEN,Infestation,Kenya,,,,,,2020,,
2019-0630-SDN,Infestation,Sudan,,,,,,2020,,
2019-0630-SOM,Infestation,Somalia,,,,,,2019,,
2019-0630-TZA,Infestation,United Republic of Tanzania,,,,,,2020,2020-02-03,
2019-0630-UGA,Infestation,Uganda,,,,,,2020,,
2019-0631-MYS,Flood,Malaysia,,,4065,,4065,2019,2019-12-18,2019-12-19
2019-0632-IDN,Flood,Indonesia,66,110,501000,,501110,2019,2019-12-31,2020-01-03
2019-0633-MOZ,Flood,Mozambique,28,66,58000,,58066,2019,2019-12-27,2020-01-23
2019-0634-PHL,Storm,Philippines,63,369,3296877,,3297246,2019,2019-12-24,2019-12-28
2019-0640-CHL,Wildfire,Chile,,12,,735,747,2019,2019-12-24,2019-12-26
2019-0642-FJI,Storm,Fiji,1,,7780,,7780,2019,2019-12-26,2019-12-26
2019-0643-RWA,Flood,Rwanda,16,33,5360,,5393,2019,,
2019-0644-YEM,Epidemic,Yemen,219,59486,,,59486,2019,,
2019-0645-BDI,Flood,Burundi,14,33,3740,,3773,2019,2019-12-21,2019-12-28
2019-0646-IDN,Wildfire,Indonesia,,,,,,2019,,
2019-0647-PER,Flood,Peru,,,900,,900,2019,2019-12-15,2020-01-10
2019-0650-BEL,Extreme temperature,Belgium,188,,,,,2019,2019-08-23,2019-08-29
2019-0650-GBR,Extreme temperature,United Kingdom of Great Britain and Northern Ireland,161,,,,,2019,2019-07-21,2019-08-28
2019-0653-COL,Flood,Colombia,18,,,,,2019,2019-12-26,2019-12-26
2019-0654-RWA,Flood,Rwanda,12,,,565,565,2019,2019-12-25,2019-12-25
2019-0655-BGD,Extreme temperature,Bangladesh,50,4500,,,4500,2019,,
2019-0656-LKA,Flood,Sri Lanka,9,,167436,,167436,2019,2019-12-02,2019-12-07
2019-0657-IDN,Flood,Indonesia,6,,60000,,60000,2019,2019-12-19,2019-12-21
2019-0658-ETH,Epidemic,Ethiopia,55,930,,,930,2019,,2020-01-22
2019-0659-PAK,Epidemic,Pakistan,95,53834,,,53834,2019,2019-01-01,2020-12-21
2019-0660-CAF,Epidemic,Central African Republic,53,3600,,,3600,2019,2019-01-01,2020-02-02
2019-0663-BEN,Epidemic,Benin,13,24,,,24,2019,2019-01-06,2020-01-22
2019-0664-COG,Flood,Congo,,,213000,,213000,2019,,
2019-0665-GMB,Storm,Gambia,4,101,15000,,15101,2019,2019-06-19,2019-06-19
2019-0666-AGO,Flood,Angola,41,,11190,,11190,2019,,2020-01-10
2019-0667-SDN,Epidemic,Sudan,29,2098,,,2098,2019,,
2019-9023-PAK,Drought,Pakistan,77,,4680912,,4680912,2019,,
2019-9076-PRK,Drought,Democratic People's Republic of Korea,,,10100000,,10100000,2019,,
2019-9109-SOM,Drought,Somalia,,,1500000,,1500000,2019,,
2019-9137-PHL,Drought,Philippines,,,16000,,16000,2019,,
2019-9145-KEN,Drought,Kenya,,,2600000,,2600000,2019,,
2019-9359-LAO,Drought,Lao People's Democratic Republic,,,,,,2019,,
2019-9359-THA,Drought,Thailand,,,,,,2019,,
2019-9359-VNM,Drought,Viet Nam,,,685558,,685558,2019,,
2019-9389-LKA,Drought,Sri Lanka,,,222091,,222091,2019,,
2019-9598-ZAF,Drought,South Africa,,,750000,,750000,2019,2019-01-01,2019-12-31
2019-9619-BWA,Drought,Botswana,,,38000,,38000,2019,,
2019-9619-LSO,Drought,Lesotho,,,433000,,433000,2019,,
2019-9619-SWZ,Drought,Eswatini,,,232000,,232000,2019,,
2019-9666-ARG,Drought,Argentina,8,32,35000,,35032,2019,,
2019-9667-ZMB,Drought,Zambia,,,1430000,,1430000,2019,,
2020-0001-ISR,Flood,Israel,7,,,,,2020,2020-01-04,2020-01-09
2020-0005-TUR,Storm,Türkiye,2,,300,,300,2020,2020-01-07,2020-01-09
2020-0007-PRI,Earthquake,Puerto Rico,4,8,4170,900,5078,2020,2020-01-07,2020-01-07
2020-0008-PHL,Volcanic activity,Philippines,1,,736802,,736802,2020,2020-01-12,2020-01-22
2020-0009-AFG,Storm,Afghanistan,13,40,7441,,7481,2020,2020-01-12,2020-01-15
2020-0010-PAK,Storm,Pakistan,107,104,1000000,,1000104,2020,2020-01-11,2020-01-13
2020-0011-USA,Storm,United States of America,10,,,,,2020,2020-01-10,2020-01-12
2020-0014-IDN,Flood,Indonesia,,,7213,,7213,2020,2020-01-14,2020-01-15
2020-0015-FJI,Storm,Fiji,2,,3115,,3115,2020,2020-01-17,2020-01-18
2020-0015-TUV,Storm,Tuvalu,,,5500,,5500,2020,2020-01-18,2020-01-18
2020-0016-MDG,Flood,Madagascar,40,,106846,,106846,2020,2020-01-01,2020-01-24
2020-0017-IRN,Flood,Iran (Islamic Republic of),4,12,196140,,196152,2020,2020-01-09,2020-01-22
2020-0018-IDN,Flood,Indonesia,10,,,,,2020,2020-01-19,2020-01-22
2020-0019-AUS,Storm,Australia,,,,,,2020,2020-01-19,2020-01-21
2020-0020-ESP,Storm,Spain,17,,2000,,2000,2020,2020-01-19,2020-01-21
2020-0020-FRA,Storm,France,,,1750,,1750,2020,2020-01-21,2020-01-23
2020-0022-BRA,Flood,Brazil,61,12,11000,,11012,2020,2020-01-17,2020-01-27
2020-0030-MNG,Storm,Mongolia,,,22000,,22000,2020,,
2020-0031-ZMB,Flood,Zambia,,,1500,,1500,2020,,
2020-0032-PER,Flood,Peru,,,240,,240,2020,2020-01-23,2020-01-24
2020-0033-IDN,Flood,Indonesia,10,,75000,,75000,2020,2020-01-23,2020-01-28
2020-0034-TUR,Earthquake,Türkiye,41,1607,69000,,70607,2020,2020-01-24,2020-01-24
2020-0036-IDN,Flood,Indonesia,9,22,2100,,2122,2020,2020-01-28,2020-01-29
2020-0037-TZA,Flood,United Republic of Tanzania,29,,28258,,28258,2020,2020-01-27,2020-02-03
2020-0039-NGA,Epidemic,Nigeria,47,365,,,365,2020,2020-01-01,2020-02-17
2020-0041-RWA,Flood,Rwanda,19,8,,490,498,2020,2020-02-02,2020-02-04
2020-0043-NZL,Flood,New Zealand,,,2400,,2400,2020,2020-02-01,2020-02-05
2020-0044-TUR,Mass movement (wet),Türkiye,41,84,,,84,2020,2020-02-04,2020-02-05
2020-0045-PSE,Extreme temperature,State of Palestine,3,,30000,,30000,2020,2020-01-18,2020-02-05
2020-0046-MWI,Flood,Malawi,1,,2250,,2250,2020,2020-02-04,2020-02-06
2020-0047-PNG,Flood,Papua New Guinea,7,,200,,200,2020,2020-02-05,2020-02-06
2020-0050-ZAF,Flood,South Africa,3,,200,,200,2020,2020-02-07,2020-02-10
2020-0051-BEL,Storm,Belgium,,,,,,2020,2020-02-09,2020-02-09
2020-0051-CZE,Storm,Czechia,1,5,,,5,2020,2020-02-07,2020-02-08
2020-0051-DEU,Storm,Germany,,33,,,33,2020,2020-02-09,2020-02-09
2020-0051-FRA,Storm,France,,31,,,31,2020,2020-02-08,2020-02-08
2020-0051-GBR,Storm,United Kingdom of Great Britain and Northern Ireland,2,,,,,2020,2020-02-08,2020-02-08
2020-0051-IRL,Storm,Ireland,,,,,,2021,2021-05-22,2021-05-22
2020-0051-ITA,Storm,Italy,1,,,,,2020,2020-02-08,2020-02-09
2020-0051-POL,Storm,Poland,3,6,,,6,2020,2020-02-08,2020-02-09
2020-0051-SVN,Storm,Slovenia,1,,,,,2020,2020-02-07,2020-02-09
2020-0051-SWE,Storm,Sweden,1,,,,,2020,2020-02-07,2020-02-09
2020-0052-IDN,Flood,Indonesia,,,10905,,10905,2020,2020-02-11,2020-02-11
2020-0053-AUS,Flood,Australia,1,,,,,2020,2020-02-04,2020-02-11
2020-0055-BDI,Flood,Burundi,3,19,9743,,9762,2020,2020-01-28,2020-02-13
2020-0056-BRA,Flood,Brazil,5,,658,,658,2020,2020-02-09,2020-02-11
2020-0057-IND,Storm,India,11,,,,,2020,2020-01-11,2020-01-14
2020-0058-BOL,Flood,Bolivia (Plurinational State of),8,11,2500,,2511,2020,2020-02-13,2020-02-13
2020-0059-IDN,Flood,Indonesia,6,,115000,,115000,2020,2020-02-13,2020-02-26
2020-0060-ARG,Storm,Argentina,,,250,,250,2020,2020-01-15,2020-01-16
2020-0062-MOZ,Flood,Mozambique,2,,8700,,8700,2020,2020-02-11,2020-02-17
2020-0063-AFG,Mass movement (wet),Afghanistan,22,10,,250,260,2020,2020-02-13,2020-02-14
2020-0068-IDN,Flood,Indonesia,10,,112000,,112000,2020,2020-02-26,2020-02-28
2020-0069-GBR,Flood,United Kingdom of Great Britain and Northern Ireland,,,480,,480,2020,2020-02-28,2020-02-28
2020-0070-PER,Mass movement (wet),Peru,15,13,,,13,2020,2020-02-23,2020-02-23
2020-0071-COL,Flood,Colombia,14,7,150,,157,2020,2020-02-26,2020-02-27
2020-0072-ECU,Flood,Ecuador,,,290,,290,2020,2020-02-22,2020-02-24
2020-0073-IRN,Earthquake,Iran (Islamic Republic of),,75,15000,,15075,2020,2020-02-23,2020-02-23
2020-0073-TUR,Earthquake,Türkiye,9,50,,3000,3050,2020,2020-02-23,2020-02-23
2020-0075-HND,Flood,Honduras,3,,17700,,17700,2020,2020-02-28,2020-03-02
2020-0076-IRN,Flood,Iran (Islamic Republic of),,,24000,,24000,2020,2020-02-24,2020-03-12
2020-0077-BRA,Flood,Brazil,4,2,150,,152,2020,2020-02-29,2020-03-02
2020-0080-PRY,Epidemic,Paraguay,20,,106127,,106127,2020,2020-02-15,2020-03-03
2020-0082-USA,Storm,United States of America,25,300,12000,,12300,2020,2020-03-02,2020-03-05
2020-0083-BRA,Flood,Brazil,60,,,5000,5000,2020,2020-03-02,2020-03-03
2020-0085-NAM,Flood,Namibia,,,1000,,1000,2020,2020-03-06,2020-03-06
2020-0086-IDN,Flood,Indonesia,2,,40000,,40000,2020,2020-03-04,2020-03-06
2020-0088-VNM,Storm,Viet Nam,5,17,4635,,4652,2020,2020-03-02,2020-03-10
2020-0089-USA,Flood,United States of America,,,3000,,3000,2020,2020-02-10,2020-02-17
2020-0091-BOL,Flood,Bolivia (Plurinational State of),18,,35100,,35100,2020,2020-02-08,2020-02-29
2020-0092-ARG,Flood,Argentina,3,,3000,,3000,2020,2020-02-11,2020-02-19
2020-0094-PER,Flood,Peru,15,23,6438,,6461,2020,2020-02-17,2020-02-25
2020-0095-PAK,Flood,Pakistan,66,141,4000,695,4836,2020,2020-03-04,2020-03-26
2020-0098-RWA,Flood,Rwanda,3,22,5220,,5242,2020,2020-03-02,2020-03-10
2020-0102-EGY,Flood,Egypt,40,400,20000,,20400,2020,2020-03-11,2020-03-15
2020-0103-MDG,Storm,Madagascar,4,,3200,,3200,2020,2020-03-13,2020-03-17
2020-0104-AGO,Flood,Angola,3,,10000,,10000,2020,2020-03-16,2020-03-17
2020-0106-HRV,Earthquake,Croatia,1,27,60000,18915,78942,2020,2020-03-22,2020-03-22
2020-0108-YEM,Flood,Yemen,2,4,23125,,23129,2020,2020-03-25,2020-03-26
2020-0109-BDI,Storm,Burundi,2,,5000,,5000,2020,2020-03-16,2020-03-22
2020-0110-ZMB,Flood,Zambia,,,700000,,700000,2020,2020-03-20,2020-03-26
2020-0111-PNG,Flood,Papua New Guinea,12,,700,,700,2020,2020-03-21,2020-03-24
2020-0115-IDN,Flood,Indonesia,,,84609,,84609,2020,2020-03-20,2020-03-21
2020-0116-IRQ,Flood,Iraq,8,,1500,,1500,2020,2020-03-18,2020-03-21
2020-0118-IRN,Flood,Iran (Islamic Republic of),21,22,,,22,2020,2020-02-24,2020-04-30
2020-0119-CHN,Wildfire,China,19,,1200,,1200,2020,2020-03-30,2020-03-31
2020-0121-IDN,Flood,Indonesia,1,,56488,,56488,2020,2020-03-29,2020-04-01
2020-0122-PER,Flood,Peru,,,550,,550,2020,2020-03-28,2020-04-02
2020-0123-COD,Flood,Democratic Republic of the Congo,,,30000,,30000,2020,2020-03-17,2020-04-01
2020-0124-AFG,Flood,Afghanistan,56,31,15000,3000,18031,2020,2020-03-28,2020-04-21
2020-0125-COG,Flood,Congo,20,,,,,2020,2020-03-30,2020-04-02
2020-0126-IRN,Infestation,Iran (Islamic Republic of),,,,,,2020,,
2020-0128-COD,Flood,Democratic Republic of the Congo,,,73000,,73000,2020,2020-03-14,2020-03-18
2020-0130-PAK,Infestation,Pakistan,,,,,,2020,,
2020-0131-TLS,Flood,Timor-Leste,3,7,9124,,9131,2020,2020-03-13,2020-03-13
2020-0132-FJI,Storm,Fiji,1,,180000,,180000,2020,2020-04-08,2020-04-09
2020-0132-SLB,Storm,Solomon Islands,48,,150000,,150000,2020,2020-04-02,2020-04-03
2020-0132-TON,Storm,Tonga,,,25000,,25000,2020,2020-04-06,2020-04-09
2020-0132-VUT,Storm,Vanuatu,3,120,130000,,130120,2020,2020-04-06,2020-04-06
2020-0133-PAK,Flood,Pakistan,24,24,155,,179,2020,2020-03-31,2020-04-06
2020-0134-IDN,Flood,Indonesia,4,,100,,100,2020,2020-04-04,2020-04-05
2020-0138-PNG,Flood,Papua New Guinea,,,60000,,60000,2020,2020-04-04,2020-04-07
2020-0142-AFG,Flood,Afghanistan,5,,,,,2020,2020-04-13,2020-04-16
2020-0142-IRN,Flood,Iran (Islamic Republic of),8,1,2500,,2501,2020,2020-04-10,2020-04-16
2020-0144-IDN,Flood,Indonesia,,,25000,,25000,2020,2020-04-09,2020-04-16
2020-0146-PNG,Mass movement (wet),Papua New Guinea,10,,100,,100,2020,2020-04-10,2020-04-10
2020-0148-USA,Storm,United States of America,38,200,,,200,2020,2020-04-10,2020-04-14
2020-0150-DJI,Flood,Djibouti,8,,110000,,110000,2020,2020-04-20,2020-04-26
2020-0151-IDN,Flood,Indonesia,2,,110000,,110000,2020,2020-04-30,2020-05-05
2020-0152-COD,Flood,Democratic Republic of the Congo,,,500,,500,2020,2020-05-05,2020-05-05
2020-0153-AFG,Flood,Afghanistan,4,,5500,,5500,2020,2020-05-02,2020-05-05
2020-0155-GUF,Flood,French Guiana,,,139,,139,2020,2020-05-05,2020-05-05
2020-0156-RWA,Flood,Rwanda,8,5,500,,505,2020,2020-05-01,2020-05-04
2020-0157-KAZ,Flood,Kazakhstan,,,33000,,33000,2020,2020-05-01,2020-05-04
2020-0157-UZB,Flood,Uzbekistan,4,60,70000,,70060,2020,2020-05-01,2020-05-11
2020-0158-PRI,Earthquake,Puerto Rico,,,150,,150,2020,2020-05-02,2020-05-02
2020-0159-ETH,Flood,Ethiopia,12,,219000,,219000,2020,2020-04-20,2020-05-08
2020-0159-SOM,Flood,Somalia,26,20,1000000,,1000020,2020,2020-04-20,2020-04-28
2020-0160-MYS,Flood,Malaysia,,,2000,,2000,2020,2020-04-25,2020-04-29
2020-0161-IDN,Flood,Indonesia,,,2000,,2000,2020,2020-04-20,2020-04-28
2020-0164-KEN,Flood,Kenya,285,,810655,,810655,2020,2020-04-18,2020-06-01
2020-0164-UGA,Flood,Uganda,5,,200,,200,2020,2020-04-17,2020-05-05
2020-0165-VNM,Storm,Viet Nam,3,13,30000,,30013,2020,2020-04-22,2020-04-27
2020-0166-TZA,Flood,United Republic of Tanzania,2,,19323,,19323,2020,2020-04-22,2020-04-26
2020-0167-USA,Storm,United States of America,3,31,,,31,2020,2020-04-21,2020-04-24
2020-0168-YEM,Flood,Yemen,10,30,150000,,150030,2020,2020-04-15,2020-04-30
2020-0169-BFA,Flood,Burkina Faso,,,21000,,21000,2020,2020-04-19,2020-04-26
2020-0171-RWA,Flood,Rwanda,9,,,,,2020,2020-04-17,2020-04-25
2020-0172-BDI,Flood,Burundi,,,27000,,27000,2020,2020-04-13,2020-04-19
2020-0173-AGO,Flood,Angola,30,,10600,,10600,2020,2020-04-18,2020-04-24
2020-0175-COD,Flood,Democratic Republic of the Congo,52,80,92500,,92580,2020,2020-04-16,2020-05-18
2020-0182-UGA,Flood,Uganda,3,,100000,,100000,2020,2020-05-08,2020-05-08
2020-0183-GTM,Flood,Guatemala,3,,16000,,16000,2020,2020-05-09,2020-05-11
2020-0185-IDN,Flood,Indonesia,7,,3805,,3805,2020,2020-05-08,2020-05-08
2020-0188-RWA,Flood,Rwanda,72,,16210,,16210,2020,2020-04-17,2020-05-10
2020-0190-USA,Storm,United States of America,,,,,,2020,2020-04-06,2020-04-09
2020-0191-CAN,Flood,Canada,1,,12936,,12936,2020,2020-04-26,2020-04-30
2020-0194-TZA,Flood,United Republic of Tanzania,,,,17500,17500,2020,2020-03-10,2020-03-17
2020-0198-IND,Flood,India,29,,,,,2020,2020-05-10,2020-05-13
2020-0199-THA,Storm,Thailand,2,2,50500,,50502,2020,2020-04-29,2020-05-09
2020-0202-FRA,Flood,France,,1,284,,285,2020,2020-05-11,2020-05-11
2020-0203-PHL,Storm,Philippines,5,169,578571,,578740,2020,2020-05-15,2020-05-17
2020-0206-IND,Flood,India,1,2,30000,,30002,2020,2020-05-24,2020-05-26
2020-0207-CUB,Storm,Cuba,,3,3830,,3833,2020,2020-05-25,2020-05-26
2020-0211-BGD,Storm,Bangladesh,26,,2600000,,2600000,2020,2020-05-20,2020-05-20
2020-0211-IND,Storm,India,90,,18000000,,18000000,2020,2020-05-20,2020-05-20
2020-0211-LKA,Storm,Sri Lanka,4,,1100,,1100,2020,2020-05-17,2020-05-20
2020-0212-USA,Flood,United States of America,1,,10000,,10000,2020,2020-05-17,2020-05-20
2020-0213-UGA,Flood,Uganda,11,,25000,,25000,2020,2020-05-21,2020-05-25
2020-0216-YEM,Flood,Yemen,16,85,130,,215,2020,2020-06-03,2020-06-04
2020-0217-IND,Storm,India,6,,7500,,7500,2020,2020-06-03,2020-06-03
2020-0218-GTM,Storm,Guatemala,2,,306000,886,306886,2020,2020-05-30,2020-05-31
2020-0218-HND,Storm,Honduras,5,,1200,,1200,2020,2020-05-30,2020-05-31
2020-0218-SLV,Storm,El Salvador,32,,149840,,149840,2020,2020-05-31,2020-05-31
2020-0219-MEX,Storm,Mexico,,,606,,606,2020,2020-06-03,2020-06-03
2020-0219-USA,Storm,United States of America,1,,,,,2020,2020-06-07,2020-06-07
2020-0220-IND,Mass movement (wet),India,21,,155850,,155850,2020,2020-05-27,2020-06-02
2020-0221-OMN,Flood,Oman,3,,100,,100,2020,2020-05-27,2020-05-31
2020-0222-ETH,Mass movement (wet),Ethiopia,10,,,,,2020,2020-05-28,2020-05-28
2020-0224-IDN,Flood,Indonesia,,,1835,,1835,2020,2020-06-03,2020-06-05
2020-0225-IDN,Earthquake,Indonesia,,,1490,70,1560,2020,2020-06-04,2020-06-04
2020-0228-GHA,Flood,Ghana,3,,200,,200,2020,2020-06-08,2020-06-10
2020-0238-USA,Storm,United States of America,2,,,,,2020,2020-05-02,2020-05-03
2020-0240-ETH,Mass movement (wet),Ethiopia,12,,,,,2020,2020-05-09,2020-05-09
2020-0241-CHN,Storm,China,20,,600000,,600000,2020,2020-05-01,2020-05-31
2020-0244-CHN,Earthquake,China,4,24,3300,,3324,2020,2020-05-18,2020-05-18
2020-0245-IDN,Flood,Indonesia,4,,41837,,41837,2020,2020-05-22,2020-06-04
2020-0248-BFA,Flood,Burkina Faso,,24,14500,3500,18024,2020,2020-06-05,2020-06-11
2020-0249-IND,Flood,India,,,5000,,5000,2020,2020-06-01,2020-06-09
2020-0249-PAK,Flood,Pakistan,7,,5000,,5000,2020,2020-06-01,2020-06-11
2020-0250-IDN,Flood,Indonesia,7,3,12000,,12003,2020,2020-06-11,2020-06-15
2020-0251-TUR,Earthquake,Türkiye,1,35,6600,,6635,2020,2020-06-14,2020-06-14
2020-0253-TUR,Flood,Türkiye,1,,750,,750,2020,2020-06-11,2020-06-12
2020-0254-FRA,Flood,France,,,200,,200,2020,2020-06-10,2020-06-11
2020-0257-NGA,Flood,Nigeria,4,,300,,300,2020,2020-06-14,2020-06-16
2020-0259-CIV,Flood,Côte d’Ivoire,24,32,16525,2100,18657,2020,2020-06-15,2020-06-17
2020-0260-CHN,Mass movement (wet),China,4,,20000,,20000,2020,2020-06-17,2020-06-18
2020-0264-GTM,Flood,Guatemala,,,4070,,4070,2020,2020-06-17,2020-06-17
2020-0265-IDN,Flood,Indonesia,,,10000,,10000,2020,2020-06-18,2020-06-19
2020-0266-CAN,Storm,Canada,,,60000,,60000,2020,2020-06-13,2020-06-14
2020-0269-MMR,Mass movement (wet),Myanmar,174,54,1500,,1554,2020,2020-07-01,2020-07-02
2020-0270-BRA,Storm,Brazil,12,,1119,,1119,2020,2020-06-30,2020-07-01
2020-0272-MYS,Flood,Malaysia,,,9000,,9000,2020,2020-06-27,2020-07-01
2020-0273-POL,Flood,Poland,,,390,,390,2020,2020-06-29,2020-07-05
2020-0276-CHN,Flood,China,22,,10000000,,10000000,2020,2020-06-30,2020-07-05
2020-0279-TUR,Earthquake,Türkiye,,5,273,,278,2020,2020-06-25,2020-06-25
2020-0280-URY,Storm,Uruguay,,,360,,360,2020,2020-06-22,2020-06-26
2020-0281-MEX,Earthquake,Mexico,10,24,24369,,24393,2020,2020-06-23,2020-06-23
2020-0282-CHN,Flood,China,3,,74000,,74000,2020,2020-06-22,2020-06-24
2020-0283-UKR,Flood,Ukraine,3,,55000,,55000,2020,2020-06-22,2020-06-29
2020-0284-MNG,Flood,Mongolia,2,,1230,,1230,2020,2020-06-21,2020-06-25
2020-0285-BIH,Flood,Bosnia and Herzegovina,,,15000,,15000,2020,2020-06-22,2020-06-23
2020-0285-SRB,Flood,Serbia,,,2100,,2100,2020,2020-06-22,2020-06-23
2020-0286-ROU,Flood,Romania,3,,1161,,1161,2020,2020-06-10,2020-06-26
2020-0287-TUR,Flood,Türkiye,7,,72,,72,2020,2020-06-21,2020-06-23
2020-0289-MYS,Flood,Malaysia,,,1210,,1210,2020,2020-06-20,2020-06-25
2020-0296-JPN,Flood,Japan,82,114,250000,,250114,2020,2020-06-29,2020-07-10
2020-0297-NPL,Flood,Nepal,448,287,117390,,117677,2020,,
2020-0301-URY,Flood,Uruguay,,,360,,360,2020,2020-06-22,2020-06-24
2020-0302-TCD,Flood,Chad,,,2062,,2062,2020,2020-04-20,2020-04-21
2020-0304-IND,Flood,India,1922,,1300000,,1300000,2020,,2020-08-16
2020-0305-SDN,Flood,Sudan,155,13,875000,,875013,2020,,2020-09-09
2020-0306-ARM,Storm,Armenia,,,2836,,2836,2020,2020-07-13,2020-07-13
2020-0307-LAO,Storm,Lao People's Democratic Republic,,,1000,,1000,2020,2020-08-01,2020-08-03
2020-0307-THA,Storm,Thailand,4,,,,,2020,2020-08-01,2020-08-03
2020-0307-VNM,Storm,Viet Nam,2,,10000,,10000,2020,2020-07-29,2020-07-30
2020-0308-CHN,Storm,China,,,15100,,15100,2020,2020-08-05,2020-08-05
2020-0308-KOR,Storm,Republic of Korea,26,7,1000,,1007,2020,2020-08-03,2020-08-04
2020-0308-TWN,Storm,Taiwan (Province of China),1,1,,,1,2020,2020-08-03,2020-08-04
2020-0310-IDN,Flood,Indonesia,,,23461,,23461,2020,2020-08-01,2020-08-01
2020-0311-AFG,Flood,Afghanistan,16,,,100,100,2020,2020-07-31,2020-08-01
2020-0312-CUB,Storm,Cuba,,,500,,500,2020,2020-07-31,2020-08-02
2020-0312-DOM,Storm,Dominican Republic,2,,5595,,5595,2020,2020-07-31,2020-08-02
2020-0312-PRI,Storm,Puerto Rico,1,,,,,2020,2020-08-02,2020-08-02
2020-0312-USA,Storm,United States of America,16,,,,,2020,2020-07-31,2020-08-02
2020-0316-MEX,Storm,Mexico,5,,,,,2020,2020-07-25,2020-07-26
2020-0316-USA,Storm,United States of America,,,,,,2020,2020-07-25,2020-07-25
2020-0317-COL,Flood,Colombia,11,,30000,,30000,2020,2020-07-01,2020-07-15
2020-0318-UKR,Wildfire,Ukraine,5,,300,,300,2020,2020-07-06,2020-07-06
2020-0320-SOM,Flood,Somalia,6,,191000,,191000,2020,2020-06-15,2020-07-20
2020-0321-NGA,Flood,Nigeria,30,,,,,2020,2020-06-24,2020-07-31
2020-0322-CHN,Flood,China,280,,4200000,,4200000,2020,2020-05-21,2020-07-30
2020-0323-BGD,Flood,Bangladesh,257,,5448271,,5448271,2020,2020-06-15,2020-09-30
2020-0324-MNG,Flood,Mongolia,8,,12000,,12000,2020,2020-07-02,2020-07-04
2020-0325-IDN,Flood,Indonesia,105,51,14483,,14534,2020,2020-07-03,2020-07-31
2020-0327-KOR,Flood,Republic of Korea,10,,9000,,9000,2020,2020-07-13,2020-07-30
2020-0328-VNM,Flood,Viet Nam,5,1,2620,,2621,2020,2020-07-18,2020-07-21
2020-0329-MMR,Flood,Myanmar,,,25000,,25000,2020,2020-07-19,2020-07-30
2020-0330-PAN,Flood,Panama,11,,150,,150,2020,2020-08-09,2020-08-09
2020-0331-GRC,Flood,Greece,8,,600,,600,2020,2020-08-08,2020-08-09
2020-0332-IND,Mass movement (wet),India,70,,,,,2020,2020-08-07,2020-08-07
2020-0333-KOR,Flood,Republic of Korea,42,,6000,,6000,2020,2020-08-01,2020-08-12
2020-0336-NER,Flood,Niger,73,,,632608,632608,2020,2020-07-01,2020-09-10
2020-0349-UKR,Wildfire,Ukraine,11,18,1650,,1668,2020,2020-09-30,2020-10-08
2020-0353-MEX,Flood,Mexico,3,,5100,,5100,2020,2020-08-08,2020-08-10
2020-0355-CHN,Storm,China,,,12235,,12235,2020,2020-08-10,2020-08-11
2020-0357-PAK,Flood,Pakistan,410,170,1550000,,1550170,2020,2020-08-01,
2020-0362-SSD,Flood,South Sudan,,,1042000,,1042000,2020,,
2020-0363-PRK,Flood,Democratic People's Republic of Korea,22,,85000,,85000,2020,2020-08-04,2020-08-10
2020-0365-ITA,Mass movement (wet),Italy,3,2,180,,182,2020,2020-08-12,2020-08-12
2020-0369-SAU,Flood,Saudi Arabia,3,,600,,600,2020,,2020-08-09
2020-0370-PHL,Earthquake,Philippines,1,20,4255,705,4980,2020,2020-08-18,2020-08-18
2020-0372-GEO,Flood,Georgia,,,5133,,5133,2020,2020-07-29,2020-08-03
2020-0376-DOM,Storm,Dominican Republic,4,,10000,,10000,2020,2020-08-26,2020-08-27
2020-0376-HTI,Storm,Haiti,39,,44175,,44175,2020,2020-08-23,2020-08-23
2020-0376-USA,Storm,United States of America,33,,6500,,6500,2020,2020-08-27,2020-08-28
2020-0377-AFG,Flood,Afghanistan,212,170,15000,5275,20445,2020,2020-08-25,2020-09-04
2020-0382-TCD,Flood,Chad,3,,34872,,34872,2020,2020-08-01,2020-10-12
2020-0384-THA,Flood,Thailand,1,,40000,,40000,2020,2020-08-22,2020-08-23
2020-0385-UGA,Flood,Uganda,1,,4000,,4000,2020,2020-08-19,2020-08-19
2020-0387-NER,Flood,Niger,10,12,50000,,50012,2020,,2020-09-10
2020-0388-UGA,Storm,Uganda,8,,8700,,8700,2020,2020-08-25,2020-08-31
2020-0397-SEN,Flood,Senegal,11,,17000,,17000,2020,2020-09-05,2020-09-06
2020-0399-BFA,Flood,Burkina Faso,13,87,71341,20000,91428,2020,2020-08-25,2020-09-10
2020-0399-GHA,Flood,Ghana,4,,,,,2020,2020-09-05,2020-09-06
2020-0400-JPN,Storm,Japan,2,52,,,52,2020,2020-09-07,2020-09-07
2020-0400-KOR,Storm,Republic of Korea,2,,,,,2020,2020-09-06,2020-09-08
2020-0403-JPN,Storm,Japan,,8,,,8,2020,2020-09-02,2020-09-02
2020-0403-KOR,Storm,Republic of Korea,1,,2400,,2400,2020,2020-09-03,2020-09-04
2020-0406-ITA,Storm,Italy,3,20,900,,920,2020,2020-08-29,2020-08-30
2020-0411-KHM,Storm,Cambodia,44,,759360,,759360,2020,2020-10-01,2020-10-24
2020-0411-LAO,Storm,Lao People's Democratic Republic,2,,69764,,69764,2020,2020-10-06,2020-10-20
2020-0411-THA,Storm,Thailand,6,,274923,,274923,2020,2020-10-09,2020-10-31
2020-0411-VNM,Storm,Viet Nam,243,,1500000,,1500000,2020,2020-10-06,2020-11-03
2020-0412-USA,Storm,United States of America,4,,9400,,9400,2020,2020-10-07,2020-10-11
2020-0414-MYS,Flood,Malaysia,,,400,,400,2020,2020-10-09,2020-10-09
2020-0416-MEX,Storm,Mexico,6,,3500,,3500,2020,2020-10-02,2020-10-06
2020-0418-CHE,Storm,Switzerland,,,13,,13,2020,2020-10-02,2020-10-03
2020-0418-FRA,Storm,France,18,,12980,,12980,2020,2020-10-02,2020-10-04
2020-0418-ITA,Storm,Italy,7,2,92,,94,2020,2020-10-02,2020-10-04
2020-0419-COD,Flood,Democratic Republic of the Congo,13,,35422,,35422,2020,2020-10-01,2020-10-03
2020-0421-BEN,Flood,Benin,6,,7000,,7000,2020,2020-10-01,2020-10-02
2020-0425-CHN,Storm,China,6,,,,,2020,2020-10-13,2020-10-14
2020-0425-VNM,Storm,Viet Nam,2,,67855,2925,70780,2020,2020-10-13,2020-10-14
2020-0426-TGO,Flood,Togo,11,,57000,,57000,2020,2020-09-01,2020-10-31
2020-0427-BOL,Wildfire,Bolivia (Plurinational State of),5,,126000,,126000,2020,,
2020-0428-NZL,Wildfire,New Zealand,,,195,,195,2020,2020-10-04,2020-10-05
2020-0429-IDN,Mass movement (wet),Indonesia,11,,170,,170,2020,2020-09-28,2020-09-28
2020-0436-MRT,Flood,Mauritania,9,,10000,700,10700,2020,2020-09-01,2020-09-15
2020-0438-USA,Storm,United States of America,8,,,,,2020,2020-09-11,2020-09-18
2020-0440-TUN,Flood,Tunisia,6,,40000,,40000,2020,2020-09-05,2020-09-12
2020-0441-USA,Wildfire,United States of America,32,,,,,2020,2020-08-16,2020-10-01
2020-0446-IND,Flood,India,152,,150000,,150000,2020,2020-10-01,2020-10-26
2020-0447-ISR,Wildfire,Israel,,,21,,21,2020,2020-10-09,2020-10-09
2020-0447-LBN,Wildfire,Lebanon,,,,,,2020,2020-10-08,2020-10-10
2020-0447-SYR,Wildfire,Syrian Arab Republic,3,79,140000,,140079,2020,2020-09-01,2020-10-15
2020-0452-PHL,Storm,Philippines,3,,250,,250,2020,2020-10-13,2020-10-14
2020-0454-SVK,Flood,Slovakia,1,,250,,250,2020,2020-10-13,2020-10-16
2020-0455-NGA,Flood,Nigeria,155,825,192600,,193425,2020,2020-06-24,2020-10-31
2020-0457-PAK,Mass movement (wet),Pakistan,16,,,,,2020,2020-10-18,2020-10-18
2020-0458-TZA,Flood,United Republic of Tanzania,12,,,,,2020,2020-10-13,2020-10-15
2020-0459-FRA,Flood,France,2,,421,,421,2020,2020-09-18,2020-09-19
2020-0461-LKA,Flood,Sri Lanka,3,,40000,,40000,2020,2020-09-01,2020-09-22
2020-0462-KHM,Storm,Cambodia,,,,,,2020,2020-09-18,2020-09-21
2020-0462-THA,Storm,Thailand,1,,,,,2020,2020-09-18,2020-09-21
2020-0462-VNM,Storm,Viet Nam,6,,125000,,125000,2020,2020-09-18,2020-09-21
2020-0463-PHL,Storm,Philippines,31,399,3355995,,3356394,2020,2020-10-31,2020-11-01
2020-0464-SLV,Mass movement (wet),El Salvador,42,,525,,525,2020,2020-10-29,2020-10-29
2020-0466-GRC,Earthquake,Greece,2,19,900,,919,2020,2020-10-30,2020-10-30
2020-0466-TUR,Earthquake,Türkiye,115,1034,,5000,6034,2020,2020-10-30,2020-10-30
2020-0470-PHL,Storm,Philippines,31,40,888375,,888415,2020,2020-10-28,2020-10-28
2020-0470-VNM,Storm,Viet Nam,41,,450000,,450000,2020,2020-10-29,2020-10-29
2020-0474-BLZ,Storm,Belize,,,60000,,60000,2020,2020-11-04,2020-11-04
2020-0474-COL,Storm,Colombia,,,49800,,49800,2020,2020-11-02,2020-11-04
2020-0474-CRI,Storm,Costa Rica,,,25000,,25000,2020,2020-11-03,2020-11-04
2020-0474-GTM,Storm,Guatemala,160,30,2415858,,2415888,2020,2020-11-03,2020-11-04
2020-0474-HND,Storm,Honduras,110,,4566584,,4566584,2020,2020-11-03,2020-11-04
2020-0474-MEX,Storm,Mexico,31,,,,,2020,2020-11-02,2020-11-04
2020-0474-NIC,Storm,Nicaragua,2,,30000,,30000,2020,2020-11-03,2020-11-04
2020-0474-PAN,Storm,Panama,79,,5000,,5000,2020,2020-11-03,2020-11-04
2020-0474-SLV,Storm,El Salvador,,,,,,2020,2020-11-02,2020-11-04
2020-0474-USA,Storm,United States of America,12,,,,,2020,2020-11-08,2020-11-12
2020-0477-COL,Flood,Colombia,,,26460,,26460,2020,2020-10-31,2020-11-02
2020-0478-VCT,Epidemic,Saint Vincent and the Grenadines,8,1760,,,1760,2020,,
2020-0479-ECU,Volcanic activity,Ecuador,,,18685,,18685,2020,2020-09-20,2020-09-20
2020-0480-GIN,Flood,Guinea,,5,49536,,49541,2020,2020-09-06,2020-09-07
2020-0481-MRT,Flood,Mauritania,,,9282,,9282,2020,2020-09-01,2020-09-08
2020-0482-LCA,Epidemic,Saint Lucia,3,1318,,,1318,2020,2020-08-26,2021-01-07
2020-0483-MEX,Storm,Mexico,,,,,,2020,2020-10-07,2020-10-11
2020-0483-USA,Storm,United States of America,6,,,,,2020,2020-10-24,2020-10-30
2020-0484-MOZ,Flood,Mozambique,22,,145000,,145000,2020,2020-10-01,2020-10-31
2020-0486-IDN,Flood,Indonesia,15,,10000,,10000,2020,2020-10-21,2020-10-31
2020-0487-SOM,Storm,Somalia,9,,120000,,120000,2020,2020-11-22,2020-11-23
2020-0488-COL,Mass movement (wet),Colombia,18,12,,,12,2020,2020-11-23,2020-11-23
2020-0489-ZAF,Storm,South Africa,10,,210,,210,2020,2020-11-17,2020-11-21
2020-0495-COL,Storm,Colombia,23,,228000,,228000,2020,2020-11-14,2020-11-17
2020-0495-GTM,Storm,Guatemala,2,,131298,,131298,2020,2020-11-17,2020-11-17
2020-0495-HND,Storm,Honduras,14,,578000,,578000,2020,2020-11-17,2020-11-18
2020-0495-NIC,Storm,Nicaragua,18,,900000,,900000,2020,2020-11-17,2020-11-18
2020-0495-PAN,Storm,Panama,4,,,,,2020,2020-11-17,2020-11-18
2020-0495-SLV,Storm,El Salvador,1,,,,,2020,2020-11-17,2020-11-18
2020-0496-CHN,Flood,China,13,,120,,120,2020,2020-11-11,2020-11-12
2020-0497-COD,Epidemic,Democratic Republic of the Congo,55,,,,,2020,2020-06-01,2020-11-11
2020-0498-VEN,Flood,Venezuela (Bolivarian Republic of),3,,3690,,3690,2020,2020-11-08,2020-11-17
2020-0501-PHL,Storm,Philippines,111,85,514824,,514909,2020,2020-11-11,2020-11-12
2020-0501-VNM,Storm,Viet Nam,,,,,,2020,2020-11-15,2020-11-15
2020-0503-GRC,Flood,Greece,,,570,,570,2020,2020-11-11,2020-11-12
2020-0506-MEX,Flood,Mexico,27,,90000,,90000,2020,2020-11-09,2020-11-10
2020-0509-COG,Flood,Congo,,,66000,,66000,2020,2020-11-02,2020-11-02
2020-0517-IDN,Volcanic activity,Indonesia,,,19736,,19736,2020,2020-11-29,2020-12-31
2020-0518-IDN,Volcanic activity,Indonesia,,,550,,550,2020,2020-12-01,2020-12-01
2020-0519-IRN,Flood,Iran (Islamic Republic of),,,4900,,4900,2020,2020-11-29,2020-12-01
2020-0521-ITA,Flood,Italy,3,,250,,250,2020,2020-11-27,2020-11-28
2020-0522-UGA,Flood,Uganda,7,,2300,,2300,2020,2020-11-21,2020-11-24
2020-0524-IND,Storm,India,14,,,,,2020,2020-11-25,2020-11-26
2020-0527-TJK,Flood,Tajikistan,2,,2690,,2690,2020,2020-05-14,2020-05-16
2020-0528-NGA,Epidemic,Nigeria,76,222,,,222,2020,2020-11-01,2020-12-04
2020-0529-THA,Flood,Thailand,29,,691659,,691659,2020,2020-11-25,2020-12-14
2020-0530-BEL,Extreme temperature,Belgium,1687,,,,,2020,2020-08-05,2020-08-08
2020-0530-FRA,Extreme temperature,France,1924,,,,,2020,2020-07-30,2020-08-16
2020-0530-GBR,Extreme temperature,United Kingdom of Great Britain and Northern Ireland,2556,,,,,2020,,
2020-0530-NLD,Extreme temperature,Netherlands (Kingdom of the),400,,,,,2020,2020-08-05,2020-08-16
2020-0531-COD,Flood,Democratic Republic of the Congo,18,4,,,4,2020,2020-12-02,2020-12-03
2020-0532-IDN,Flood,Indonesia,5,,110000,,110000,2020,2020-12-02,2020-12-10
2020-0533-ITA,Flood,Italy,2,,453,,453,2020,2020-12-04,2020-12-08
2020-0535-IRN,Flood,Iran (Islamic Republic of),7,,1000,,1000,2020,2020-11-24,2020-12-07
2020-0538-USA,Storm,United States of America,11,,,,,2020,2020-11-10,2020-11-10
2020-0540-ITA,Flood,Italy,,,200,,200,2020,2020-11-20,2020-11-22
2020-0542-VNM,Storm,Viet Nam,2,,5000,,5000,2020,2020-11-10,2020-11-10
2020-0543-NZL,Flood,New Zealand,,,300,,300,2020,2020-11-09,2020-11-10
2020-0544-IDN,Flood,Indonesia,2,2,1850,,1852,2020,2020-12-06,2020-12-08
2020-0548-LKA,Flood,Sri Lanka,3,6,111659,,111665,2020,2020-12-02,2020-12-05
2020-0551-IDN,Flood,Indonesia,,,18200,,18200,2020,2020-12-12,2020-12-15
2020-0554-FJI,Storm,Fiji,5,,22000,,22000,2020,2020-12-17,2020-12-18
2020-0555-JPN,Storm,Japan,21,,,,,2020,2020-12-16,2020-12-18
2020-0558-PHL,Storm,Philippines,9,2,36030,,36032,2020,2020-12-18,2020-12-21
2020-0558-VNM,Storm,Viet Nam,1,4,,,4,2020,2020-12-21,2020-12-21
2020-0559-MYS,Flood,Malaysia,,,9273,,9273,2020,2020-12-20,2020-12-21
2020-0560-BRA,Flood,Brazil,21,,339,,339,2020,2020-12-17,2020-12-21
2020-0561-THA,Flood,Thailand,1,,139000,,139000,2020,2020-12-16,2020-12-21
2020-0564-ETH,Flood,Ethiopia,,,1010854,,1010854,2020,,
2020-0568-PHL,Mass movement (wet),Philippines,10,11,,,11,2020,2020-12-21,2020-12-21
2020-0569-NOR,Mass movement (wet),Norway,10,10,1000,,1010,2020,2020-12-30,2020-12-30
2020-0571-PNG,Mass movement (wet),Papua New Guinea,13,,,,,2020,2020-12-29,2020-12-30
2020-0572-HRV,Earthquake,Croatia,8,36,149371,,149407,2020,2020-12-29,2020-12-29
2020-0574-IRN,Mass movement (wet),Iran (Islamic Republic of),12,,,,,2020,2020-12-25,2020-12-25
2020-0579-DZA,Earthquake,Algeria,,,15000,,15000,2020,2020-08-07,2020-08-07
2020-0580-USA,Storm,United States of America,4,,,,,2020,2020-08-08,2020-08-12
2020-0581-CHN,Flood,China,92,,,,,2020,,
2020-0582-USA,Storm,United States of America,,,,,,2020,2020-03-27,2020-03-28
2020-0583-USA,Storm,United States of America,2,,,,,2020,2020-05-20,2020-05-23
2020-0584-USA,Storm,United States of America,,,,,,2020,2020-05-27,2020-05-27
2020-0592-CMR,Flood,Cameroon,,,26402,,26402,2020,2020-09-11,2020-09-12
2020-0595-AUS,Storm,Australia,,,,,,2020,2020-10-31,2020-10-31
2020-0596-YEM,Flood,Yemen,174,,,,,2020,2020-07-15,
2020-0597-TUR,Flood,Türkiye,16,,,,,2020,2020-08-22,2020-08-23
2020-0602-MNG,Flood,Mongolia,,,13875,,13875,2020,2020-07-08,2020-08-15
2020-0604-ZMB,Flood,Zambia,3,,4272,,4272,2020,2020-12-22,2020-12-26
2020-0606-CPV,Flood,Cabo Verde,1,,25000,,25000,2020,2020-09-11,2020-09-13
2020-0607-SDN,Epidemic,Sudan,38,2137,,,2137,2020,,
2020-9206-AGO,Drought,Angola,,,1643316,,1643316,2020,,
2020-9235-BFA,Drought,Burkina Faso,,,2900000,,2900000,2020,,
2020-9396-LSO,Drought,Lesotho,,,766000,,766000,2020,,
2020-9424-MDG,Drought,Madagascar,,,1680000,,1680000,2020,,
2020-9538-MRT,Drought,Mauritania,,,1400000,,1400000,2020,,
2020-9569-MLI,Drought,Mali,,,6800000,,6800000,2020,,
2020-9570-NER,Drought,Niger,,,3700000,,3700000,2020,,2020-12-23
2020-9582-BRA,Drought,Brazil,,,,,,2020,,
2020-9585-USA,Drought,United States of America,45,,,,,2020,,
2020-9586-MOZ,Drought,Mozambique,,,2700000,,2700000,2020,,
2020-9609-KEN,Drought,Kenya,,,4500000,,4500000,2020,,
2020-9609-SOM,Drought,Somalia,,,7100000,,7100000,2021,,
2021-0001-BOL,Flood,Bolivia (Plurinational State of),1,,13000,,13000,2021,2021-01-16,2021-01-20
2021-0001-PRY,Flood,Paraguay,,,4000,,4000,2021,2021-01-16,2021-01-20
2021-0002-ARG,Earthquake,Argentina,,14,1800,,1814,2021,2021-01-18,2021-01-18
2021-0003-IDN,Earthquake,Indonesia,110,826,99827,,100653,2021,2021-01-15,2021-01-15
2021-0004-IDN,Volcanic activity,Indonesia,,,1329,,1329,2021,2021-01-17,2021-01-17
2021-0005-IDN,Flood,Indonesia,21,,126025,,126025,2021,2021-01-15,2021-01-21
2021-0006-PHL,Flood,Philippines,2,,261580,,261580,2021,2021-01-10,2021-01-18
2021-0008-MYS,Flood,Malaysia,6,,3000,,3000,2021,2021-01-12,2021-01-15
2021-0010-TZA,Flood,United Republic of Tanzania,1,,2000,,2000,2021,2021-01-12,2021-01-15
2021-0011-USA,Storm,United States of America,3,,,,,2021,2021-01-13,2021-01-15
2021-0013-NAM,Flood,Namibia,,,401,,401,2021,2021-01-01,2021-01-14
2021-0015-MYS,Flood,Malaysia,,,6000,,6000,2021,2021-01-11,2021-01-13
2021-0016-ESP,Storm,Spain,5,,,,,2021,2021-01-08,2021-01-12
2021-0017-TWN,Storm,Taiwan (Province of China),18,,,,,2021,2021-01-08,2021-01-12
2021-0018-JPN,Storm,Japan,23,394,,,394,2021,2021-01-07,2021-01-12
2021-0020-ALB,Flood,Albania,,,84,,84,2021,2021-01-10,2021-01-11
2021-0020-BGR,Flood,Bulgaria,,,25,,25,2021,2021-01-11,2021-01-12
2021-0020-SRB,Flood,Serbia,,,22,,22,2021,2021-01-11,2021-01-12
2021-0021-THA,Flood,Thailand,4,2,175491,,175493,2021,2021-01-05,2021-01-11
2021-0022-PHL,Flood,Philippines,2,,38160,,38160,2021,2021-01-08,2021-01-24
2021-0023-IDN,Flood,Indonesia,3,,10000,,10000,2021,2021-01-06,2021-01-08
2021-0026-LKA,Flood,Sri Lanka,,,50190,,50190,2021,2021-01-01,2021-01-05
2021-0027-BOL,Flood,Bolivia (Plurinational State of),10,7,,,7,2021,2021-01-04,2021-01-04
2021-0028-MYS,Flood,Malaysia,8,,23776,,23776,2021,2021-01-02,2021-01-08
2021-0035-BOL,Flood,Bolivia (Plurinational State of),8,,77965,,77965,2021,2021-01-17,2021-01-27
2021-0036-MDG,Storm,Madagascar,2,,1000,,1000,2021,2021-01-23,2021-01-23
2021-0036-MOZ,Storm,Mozambique,11,15,481886,,481901,2021,2021-01-23,2021-01-23
2021-0036-SWZ,Storm,Eswatini,,,,,,2021,2021-01-23,2021-01-23
2021-0036-ZAF,Storm,South Africa,4,,3200,,3200,2021,2021-01-24,2021-01-24
2021-0036-ZWE,Storm,Zimbabwe,3,,2400,,2400,2021,2021-01-23,2021-01-23
2021-0037-USA,Storm,United States of America,1,30,,,30,2021,2021-01-24,2021-01-27
2021-0039-SYR,Flood,Syrian Arab Republic,1,3,142000,,142003,2021,2021-01-14,2021-01-27
2021-0040-BRA,Flood,Brazil,2,2,105,,107,2021,2021-01-21,2021-01-24
2021-0043-USA,Storm,United States of America,2,,75,,75,2021,2021-01-24,2021-01-29
2021-0058-AUS,Wildfire,Australia,,,,243,243,2021,2021-02-01,2021-02-07
2021-0059-USA,Storm,United States of America,4,,,,,2021,2021-01-30,2021-02-02
2021-0062-IDN,Flood,Indonesia,2,,25400,,25400,2021,2021-02-03,2021-02-05
2021-0063-FRA,Flood,France,,5,300,,305,2021,2021-02-01,2021-02-10
2021-0067-PRY,Flood,Paraguay,10,,2000,,2000,2021,2021-01-31,2021-02-02
2021-0069-CHL,Storm,Chile,,,521,,521,2021,2021-01-29,2021-02-02
2021-0070-FJI,Storm,Fiji,6,,82751,,82751,2021,2021-01-30,2021-01-31
2021-0071-MAR,Flood,Morocco,24,10,,,10,2021,2021-02-01,2021-02-28
2021-0072-IND,Glacial lake outburst flood,India,234,,,,,2021,2021-02-07,2021-02-08
2021-0075-ZAF,Flood,South Africa,31,,400,,400,2021,2021-02-01,2021-02-15
2021-0077-CHE,Mass movement (wet),Switzerland,17,,,,,2021,2021-01-13,2021-01-31
2021-0079-PHL,Storm,Philippines,6,,37830,,37830,2021,2021-01-01,2021-01-04
2021-0083-MOZ,Flood,Mozambique,,,11410,,11410,2021,2021-02-12,2021-02-17
2021-0086-IDN,Mass movement (wet),Indonesia,19,16,175,,191,2021,2021-02-14,2021-02-14
2021-0087-BRA,Flood,Brazil,6,,100000,,100000,2021,2021-02-10,2021-02-22
2021-0088-IDN,Flood,Indonesia,7,,228650,,228650,2021,2021-02-19,2021-02-23
2021-0090-MDG,Flood,Madagascar,1,,1400,,1400,2021,2021-02-18,2021-02-22
2021-0091-PHL,Storm,Philippines,5,2,272451,,272453,2021,2021-02-21,2021-02-22
2021-0092-ECU,Flood,Ecuador,6,3,18000,,18003,2021,2021-02-01,2021-03-14
2021-0094-PER,Flood,Peru,10,,45,39,84,2021,2021-02-16,2021-02-19
2021-0095-IRN,Earthquake,Iran (Islamic Republic of),2,63,257661,,257724,2021,2021-02-17,2021-02-17
2021-0096-USA,Storm,United States of America,235,10,,,10,2021,2021-02-10,2021-02-20
2021-0098-PER,Flood,Peru,10,,12000,,12000,2021,2021-02-12,2021-02-20
2021-0101-PER,Flood,Peru,1,,1875,,1875,2021,2021-02-10,2021-02-11
2021-0103-AUS,Flood,Australia,,,250,,250,2021,2021-02-23,2021-02-26
2021-0104-IDN,Flood,Indonesia,1,,90590,,90590,2021,2021-02-23,2021-02-26
2021-0105-JPN,Earthquake,Japan,1,185,7647,60,7892,2021,2021-02-13,2021-02-13
2021-0108-PHL,Flood,Philippines,1,,18170,,18170,2021,2021-02-11,2021-02-12
2021-0109-BOL,Flood,Bolivia (Plurinational State of),9,,145000,,145000,2021,2021-02-09,2021-02-10
2021-0117-USA,Flood,United States of America,1,1,50,,51,2021,2021-02-25,2021-03-01
2021-0118-MAR,Flood,Morocco,,,1375,,1375,2021,2021-03-01,2021-03-02
2021-0122-MEX,Storm,Mexico,12,,,,,2021,2021-02-12,2021-02-20
2021-0125-AUS,Storm,Australia,,,6000,,6000,2021,2021-02-25,2021-03-04
2021-0125-NCL,Storm,New Caledonia,,,,,,2021,2021-03-05,2021-03-07
2021-0126-ECU,Volcanic activity,Ecuador,,,133306,,133306,2021,,2021-03-15
2021-0129-ARG,Wildfire,Argentina,15,7,1200,,1207,2021,2021-03-08,2021-03-12
2021-0132-DZA,Flood,Algeria,10,,2500,,2500,2021,2021-03-06,2021-03-07
2021-0134-GRC,Earthquake,Greece,,11,,2700,2711,2021,2021-03-03,2021-03-03
2021-0140-ARG,Flood,Argentina,,,90,,90,2021,2021-03-01,2021-03-01
2021-0142-BRA,Flood,Brazil,,,129,,129,2021,2021-03-02,2021-03-03
2021-0144-AFG,Mass movement (wet),Afghanistan,20,,,,,2021,2021-03-04,2021-03-04
2021-0145-PER,Flood,Peru,,,546,15,561,2021,2021-03-03,2021-03-04
2021-0150-USA,Flood,United States of America,1,,,,,2021,2021-03-08,2021-03-10
2021-0158-CHN,Storm,China,,,,,,2021,2021-03-14,2021-03-16
2021-0158-MNG,Storm,Mongolia,12,,8124,,8124,2021,2021-03-14,2021-03-15
2021-0164-AGO,Flood,Angola,8,,1770,,1770,2021,2021-03-15,2021-03-16
2021-0165-IDN,Flood,Indonesia,,,1974,,1974,2021,2021-03-17,2021-03-18
2021-0166-USA,Storm,United States of America,,2,90,,92,2021,2021-03-16,2021-03-18
2021-0169-AUS,Flood,Australia,2,,18000,,18000,2021,2021-03-18,2021-03-19
2021-0170-PER,Flood,Peru,1,,9000,,9000,2021,2021-03-20,2021-03-31
2021-0171-THA,Storm,Thailand,2,,,900,900,2021,2021-03-22,2021-03-23
2021-0171-VNM,Storm,Viet Nam,,,,1000,1000,2021,2021-03-22,2021-03-23
2021-0173-AUS,Storm,Australia,1,,2625,,2625,2021,2021-04-11,2021-04-11
2021-0173-IDN,Storm,Indonesia,226,21,509604,,509625,2021,2021-04-02,2021-04-06
2021-0173-TLS,Storm,Timor-Leste,41,,143670,,143670,2021,2021-04-05,2021-04-06
2021-0178-USA,Storm,United States of America,6,,,,,2021,2021-03-24,2021-03-26
2021-0182-COL,Flood,Colombia,3,5,360,,365,2021,2021-04-01,2021-04-05
2021-0184-HTI,Flood,Haiti,7,,13380,,13380,2021,2021-04-03,2021-04-12
2021-0185-IDN,Flood,Indonesia,,,75506,,75506,2021,2021-03-25,2021-03-31
2021-0193-USA,Flood,United States of America,8,,,,,2021,2021-03-27,2021-03-28
2021-0194-JPN,Earthquake,Japan,,11,600,,611,2021,2021-03-20,2021-03-20
2021-0195-VCT,Volcanic activity,Saint Vincent and the Grenadines,,,13300,,13300,2021,2021-04-09,2021-04-30
2021-0199-USA,Storm,United States of America,3,7,,,7,2021,2021-04-09,2021-04-11
2021-0200-IDN,Earthquake,Indonesia,9,39,5520,420,5979,2021,2021-04-11,2021-04-11
2021-0201-CHN,Earthquake,China,3,,195,,195,2021,2021-03-24,2021-03-24
2021-0202-BRA,Flood,Brazil,1,3,240,,243,2021,2021-03-26,2021-03-26
2021-0205-PAK,Flood,Pakistan,2,6,,250,256,2021,2021-03-22,2021-03-23
2021-0211-USA,Storm,United States of America,13,,,,,2021,2021-04-13,2021-04-15
2021-0212-PER,Flood,Peru,,,2595,,2595,2021,2021-04-01,2021-04-15
2021-0214-COL,Flood,Colombia,,,1000,,1000,2021,2021-04-14,2021-04-14
2021-0215-IRN,Earthquake,Iran (Islamic Republic of),,6,3537,,3543,2021,2021-04-18,2021-04-18
2021-0217-VNM,Flood,Viet Nam,3,,180,,180,2021,2021-04-16,2021-04-19
2021-0219-COL,Flood,Colombia,,,3274,,3274,2021,2021-04-11,2021-04-16
2021-0225-BTN,Earthquake,Bhutan,,2,500,,502,2021,2021-04-28,2021-04-28
2021-0225-IND,Earthquake,India,2,10,3000,,3010,2021,2021-04-28,2021-04-28
2021-0226-PHL,Flood,Philippines,,,3280,,3280,2021,2021-04-26,2021-04-27
2021-0227-KEN,Flood,Kenya,9,,300000,,300000,2021,2021-04-07,2021-05-30
2021-0228-BDI,Flood,Burundi,,,52182,,52182,2021,2021-04-12,2021-05-20
2021-0229-COL,Flood,Colombia,,,4800,,4800,2021,2021-04-27,2021-04-29
2021-0230-GTM,Flood,Guatemala,,,2245,,2245,2021,2021-04-18,2021-04-26
2021-0232-BRA,Flood,Brazil,,,14000,,14000,2021,2021-04-19,2021-06-05
2021-0233-BOL,Flood,Bolivia (Plurinational State of),,,7500,,7500,2021,2021-04-23,2021-04-26
2021-0234-IND,Glacial lake outburst flood,India,16,24,,,24,2021,2021-04-23,2021-04-23
2021-0235-PER,Flood,Peru,,,105,,105,2021,2021-04-20,2021-04-21
2021-0236-PHL,Storm,Philippines,9,,15000,,15000,2021,2021-04-22,2021-04-22
2021-0236-PLW,Storm,Palau,,,7288,,7288,2021,2021-04-13,2021-04-16
2021-0237-KHM,Storm,Cambodia,1,1,500,,501,2021,2021-04-16,2021-04-22
2021-0238-AGO,Flood,Angola,14,2,8165,,8167,2021,2021-04-19,2021-04-19
2021-0239-SOM,Flood,Somalia,25,,400000,,400000,2021,2021-05-01,2021-05-31
2021-0240-UGA,Flood,Uganda,1,,75000,,75000,2021,2021-05-06,2021-05-10
2021-0248-CHN,Storm,China,11,66,13600,,13666,2021,2021-04-30,2021-05-01
2021-0250-USA,Storm,United States of America,,,,,,2021,2021-04-15,2021-04-16
2021-0251-USA,Storm,United States of America,,,,,,2021,2021-04-27,2021-05-02
2021-0252-IND,Storm,India,198,153,700000,,700153,2021,2021-05-14,2021-05-19
2021-0252-LKA,Storm,Sri Lanka,,,879,,879,2021,2021-05-16,2021-05-17
2021-0252-MDV,Storm,Maldives,,,1320,,1320,2021,2021-05-16,2021-05-17
2021-0253-LKA,Flood,Sri Lanka,5,3,43701,,43704,2021,2021-05-13,2021-06-01
2021-0255-CHN,Storm,China,12,249,80052,,80301,2021,2021-05-13,2021-05-15
2021-0259-IRN,Flood,Iran (Islamic Republic of),11,,1810,,1810,2021,2021-05-01,2021-05-07
2021-0263-AFG,Flood,Afghanistan,116,33,30800,,30833,2021,2021-05-02,2021-05-06
2021-0266-USA,Storm,United States of America,4,8,,,8,2021,2021-05-02,2021-05-04
2021-0267-IDN,Mass movement (wet),Indonesia,13,,1470,,1470,2021,2021-04-29,2021-05-01
2021-0269-VEN,Flood,Venezuela (Bolivarian Republic of),,,1200,,1200,2021,2021-04-30,2021-05-04
2021-0270-YEM,Flood,Yemen,13,,22380,,22380,2021,2021-05-01,2021-05-17
2021-0272-TJK,Flood,Tajikistan,7,,25010,,25010,2021,2021-05-07,2021-05-13
2021-0273-USA,Storm,United States of America,6,,250,,250,2021,2021-05-14,2021-05-19
2021-0278-SVK,Flood,Slovakia,1,,,,,2021,2021-05-16,2021-05-17
2021-0280-ECU,Flood,Ecuador,,,461,,461,2021,2021-05-15,2021-05-16
2021-0281-KEN,Epidemic,Kenya,,,1352253,,1352253,2021,,
2021-0282-RWA,Flood,Rwanda,,,6500,,6500,2021,2021-04-28,2021-05-02
2021-0283-TZA,Storm,United Republic of Tanzania,,,30001,,30001,2021,2021-04-24,2021-04-26
2021-0284-COD,Volcanic activity,Democratic Republic of the Congo,32,,288404,,288404,2021,2021-05-22,2021-05-23
2021-0284-RWA,Volcanic activity,Rwanda,,,11625,1740,13365,2021,2021-05-22,2021-05-23
2021-0286-UGA,Flood,Uganda,3,1,133,,134,2021,2021-05-23,2021-05-23
2021-0292-CHN,Storm,China,21,8,,,8,2021,2021-05-22,2021-05-22
2021-0293-CHN,Earthquake,China,3,28,39000,,39028,2021,2021-05-21,2021-05-21
2021-0295-BGD,Storm,Bangladesh,3,,1300000,,1300000,2021,2021-05-25,2021-05-29
2021-0295-IND,Storm,India,19,,1625000,,1625000,2021,2021-05-25,2021-05-29
2021-0298-NZL,Flood,New Zealand,,,750,,750,2021,2021-05-29,2021-06-01
2021-0300-GTM,Flood,Guatemala,,1,10571,,10572,2021,2021-05-21,2021-07-25
2021-0302-IDN,Flood,Indonesia,,,59800,,59800,2021,2021-05-25,2021-05-25
2021-0303-BRA,Flood,Brazil,,5,455000,,455005,2021,2021-04-20,2021-04-23
2021-0305-USA,Storm,United States of America,14,20,324,,344,2021,2021-06-18,2021-06-21
2021-0308-BTN,Flood,Bhutan,10,,,,,2021,2021-06-16,2021-06-17
2021-0308-NPL,Flood,Nepal,46,20,800,,820,2021,2021-06-16,2021-06-17
2021-0316-IND,Flood,India,59,,1000,,1000,2021,2021-06-01,2021-06-30
2021-0317-NZL,Storm,New Zealand,1,,750,,750,2021,2021-06-19,2021-06-19
2021-0318-FRA,Flood,France,1,,600,,600,2021,2021-06-21,2021-06-21
2021-0320-UKR,Storm,Ukraine,1,,1700,,1700,2021,2021-06-17,2021-06-18
2021-0323-IDN,Earthquake,Indonesia,,,750,,750,2021,2021-06-16,2021-06-16
2021-0325-MEX,Storm,Mexico,3,,600,,600,2021,2021-06-18,2021-06-20
2021-0326-GUY,Flood,Guyana,,,34500,,34500,2021,2021-05-11,2021-06-15
2021-0327-LAO,Storm,Lao People's Democratic Republic,,,26000,,26000,2021,2021-06-13,2021-06-13
2021-0327-VNM,Storm,Viet Nam,1,,750,,750,2021,2021-06-12,2021-06-13
2021-0328-PAN,Flood,Panama,,,3001,,3001,2021,2021-06-12,2021-06-15
2021-0329-CHN,Earthquake,China,,2,8010,,8012,2021,2021-06-10,2021-06-10
2021-0332-BRA,Flood,Brazil,2,,2400,,2400,2021,2021-06-08,2021-06-09
2021-0334-AUS,Flood,Australia,2,,600,,600,2021,2021-06-09,2021-06-11
2021-0335-USA,Flood,United States of America,,,636,,636,2021,2021-06-07,2021-06-10
2021-0339-PHL,Storm,Philippines,11,,21000,,21000,2021,2021-06-01,2021-06-03
2021-0339-TWN,Storm,Taiwan (Province of China),,,,,,2021,2021-06-04,2021-06-04
2021-0340-COL,Flood,Colombia,5,,150,,150,2021,2021-06-04,2021-06-04
2021-0342-PAK,Storm,Pakistan,12,6,,,6,2021,2021-05-31,2021-06-01
2021-0343-ETH,Flood,Ethiopia,16,,,,,2021,2021-05-01,2021-05-31
2021-0348-GHA,Flood,Ghana,4,6,200,,206,2021,2021-06-26,2021-06-28
2021-0349-ROU,Flood,Romania,1,,100,,100,2021,2021-06-16,2021-06-28
2021-0351-CZE,Storm,Czechia,6,213,3600,,3813,2021,2021-06-24,2021-06-25
2021-0355-POL,Storm,Poland,,2,2000,,2002,2021,2021-06-22,2021-06-22
2021-0356-CAN,Storm,Canada,1,2,300,,302,2021,2021-06-21,2021-06-22
2021-0357-USA,Wildfire,United States of America,,25,30,123,178,2021,2021-06-06,2021-07-04
2021-0359-MEX,Storm,Mexico,2,,621,,621,2021,2021-06-25,2021-06-30
2021-0362-SDN,Storm,Sudan,,,16000,,16000,2021,,
2021-0363-CHE,Storm,Switzerland,,5,,,5,2021,2021-06-28,2021-06-29
2021-0363-DEU,Storm,Germany,,,600,,600,2021,2021-06-28,2021-06-29
2021-0366-IND,Flood,India,,,7587,,7587,2021,2021-07-01,2021-07-01
2021-0367-CAN,Wildfire,Canada,2,,250,,250,2021,2021-06-30,2021-07-02
2021-0369-CAN,Extreme temperature,Canada,815,,,,,2021,2021-06-26,
2021-0370-CYP,Wildfire,Cyprus,4,,150,,150,2021,2021-07-03,2021-07-05
2021-0372-JPN,Mass movement (wet),Japan,26,,900,,900,2021,2021-07-03,2021-07-05
2021-0373-BRB,Storm,Barbados,,,3114,186,3300,2021,2021-07-03,2021-07-03
2021-0373-CUB,Storm,Cuba,,,,,,2021,2021-07-02,2021-07-03
2021-0373-DOM,Storm,Dominican Republic,2,,153,,153,2021,2021-07-03,2021-07-03
2021-0373-HTI,Storm,Haiti,,3,,,3,2021,2021-07-03,2021-07-03
2021-0373-LCA,Storm,Saint Lucia,1,,,,,2021,2021-07-03,2021-07-03
2021-0373-USA,Storm,United States of America,1,9,,,9,2021,2021-07-02,2021-07-09
2021-0373-VCT,Storm,Saint Vincent and the Grenadines,,,129,,129,2021,2021-07-02,2021-07-03
2021-0376-PHL,Volcanic activity,Philippines,,,22433,,22433,2021,2021-07-01,2021-07-23
2021-0379-IDN,Flood,Indonesia,,,6408,,6408,2021,2021-07-05,2021-07-07
2021-0380-CHN,Flood,China,,,1080000,,1080000,2021,2021-06-28,2021-07-02
2021-0381-NPL,Flood,Nepal,74,51,2050,,2101,2021,2021-07-01,2021-07-07
2021-0382-TCD,Flood,Chad,32,329,246851,22000,269180,2021,2021-06-26,2021-08-31
2021-0390-USA,Extreme temperature,United States of America,229,,,,,2021,2021-06-26,2021-06-30
2021-0392-CHL,Flood,Chile,,10,600,,610,2021,2021-06-01,2021-06-02
2021-0397-RUS,Flood,Russian Federation,8,2,136,,138,2021,2021-07-04,2021-07-07
2021-0398-SUR,Flood,Suriname,,,10100,,10100,2021,,
2021-0400-MYS,Flood,Malaysia,,,5782,,5782,2021,2021-05-20,2021-06-03
2021-0403-TJK,Earthquake,Tajikistan,5,,100,,100,2021,2021-07-10,2021-07-10
2021-0405-JPN,Flood,Japan,,,300,,300,2021,2021-07-10,2021-07-12
2021-0410-USA,Wildfire,United States of America,,,,483,483,2021,2021-07-06,2021-07-31
2021-0411-AUT,Flood,Austria,1,,,,,2021,2021-07-17,2021-07-18
2021-0411-BEL,Flood,Belgium,39,,1950,100000,101950,2021,2021-07-14,2021-07-15
2021-0411-CHE,Flood,Switzerland,,,,,,2021,2021-07-15,2021-07-16
2021-0411-CZE,Flood,Czechia,,,,,,2021,2021-07-13,2021-07-17
2021-0411-DEU,Flood,Germany,226,1000,,,1000,2021,2021-07-12,2021-07-15
2021-0411-FRA,Flood,France,,,240,,240,2021,2021-07-15,2021-07-16
2021-0411-ITA,Flood,Italy,1,,,,,2021,2021-07-13,2021-07-13
2021-0411-LUX,Flood,Luxembourg,,,,,,2021,2021-07-14,2021-07-15
2021-0411-NLD,Flood,Netherlands (Kingdom of the),,,,,,2021,2021-07-15,2021-07-16
2021-0411-POL,Flood,Poland,,,,,,2021,2021-07-12,2021-07-18
2021-0413-KGZ,Mass movement (wet),Kyrgyzstan,15,,,,,2021,2021-07-12,2021-07-13
2021-0413-UZB,Mass movement (wet),Uzbekistan,8,6,,,6,2021,2021-07-12,2021-07-13
2021-0416-GMB,Storm,Gambia,10,100,16849,,16949,2021,2021-07-02,2021-07-08
2021-0419-IND,Mass movement (wet),India,33,,,,,2021,2021-07-17,2021-07-18
2021-0423-OMN,Storm,Oman,7,,90,,90,2021,2021-07-15,2021-07-16
2021-0428-CHN,Flood,China,352,,14500000,,14500000,2021,2021-06-01,2021-08-30
2021-0429-PAK,Storm,Pakistan,11,22,,,22,2021,2021-07-19,2021-07-22
2021-0430-IRN,Storm,Iran (Islamic Republic of),10,,2600,,2600,2021,2021-07-14,2021-07-21
2021-0432-TJK,Mass movement (wet),Tajikistan,12,,,,,2021,2021-07-19,2021-07-20
2021-0433-USA,Wildfire,United States of America,3,13,36,1212,1261,2021,2021-07-13,2021-08-11
2021-0434-ITA,Wildfire,Italy,,,11600,,11600,2021,2021-07-23,2021-07-25
2021-0435-IND,Flood,India,1282,,375000,,375000,2021,2021-06-01,2021-09-30
2021-0436-BEL,Storm,Belgium,,,,,,2021,2021-07-24,2021-07-25
2021-0436-FRA,Storm,France,,,255,,255,2021,2021-07-23,2021-07-24
2021-0442-USA,Flood,United States of America,8,,,,,2021,2021-07-16,2021-07-21
2021-0445-PAN,Flood,Panama,1,,27189,,27189,2021,2021-07-22,2021-07-28
2021-0446-CRI,Flood,Costa Rica,3,,200000,,200000,2021,2021-07-22,2021-07-28
2021-0449-YEM,Flood,Yemen,33,28,205800,,205828,2021,2021-07-16,2021-08-07
2021-0451-MMR,Flood,Myanmar,,,125000,,125000,2021,2021-07-21,2021-07-29
2021-0453-AFG,Flood,Afghanistan,260,,4200,,4200,2021,2021-07-28,2021-07-29
2021-0454-TUR,Wildfire,Türkiye,9,122,560966,,561088,2021,2021-07-28,2021-08-07
2021-0455-BGD,Flood,Bangladesh,21,,268744,,268744,2021,2021-07-27,2021-08-03
2021-0456-PAK,Flood,Pakistan,5,7,90,,97,2021,2021-07-28,2021-07-29
2021-0458-IND,Flood,India,37,17,105,,122,2021,2021-07-28,2021-07-29
2021-0459-GRC,Wildfire,Greece,2,500,7000,,7500,2021,2021-07-29,2021-08-12
2021-0461-NER,Flood,Niger,62,60,105690,,105750,2021,2021-06-15,2021-08-31
2021-0462-PER,Earthquake,Peru,,721,700,,1421,2021,2021-07-30,2021-07-30
2021-0473-SDN,Flood,Sudan,52,45,303000,,303045,2021,2021-07-20,2021-09-24
2021-0474-PRK,Flood,Democratic People's Republic of Korea,,,5000,,5000,2021,2021-08-07,2021-08-09
2021-0480-DZA,Wildfire,Algeria,90,3,42500,,42503,2021,2021-08-09,2021-08-16
2021-0481-SSD,Flood,South Sudan,7,,835000,,835000,2021,,2021-10-07
2021-0483-RUS,Flood,Russian Federation,,,24000,,24000,2021,2021-06-24,2021-08-11
2021-0487-USA,Storm,United States of America,1,,,,,2021,2021-07-08,2021-07-11
2021-0488-USA,Flood,United States of America,9,,,,,2021,2021-07-22,2021-07-28
2021-0494-TUR,Flood,Türkiye,3,,4500,,4500,2021,2021-07-21,2021-07-21
2021-0498-CHN,Storm,China,5,,72000,,72000,2021,2021-07-21,2021-07-28
2021-0499-NZL,Flood,New Zealand,,,200,,200,2021,2021-07-15,2021-07-17
2021-0500-IND,Mass movement (wet),India,35,13,,,13,2021,2021-08-11,2021-08-11
2021-0501-TUR,Flood,Türkiye,70,360,2300,,2660,2021,2021-08-10,2021-08-16
2021-0502-RUS,Wildfire,Russian Federation,,,120,,120,2021,,2021-08-26
2021-0504-TUN,Wildfire,Tunisia,,,1000,,1000,2021,2021-07-24,2021-08-10
2021-0505-BGR,Wildfire,Bulgaria,,,500,,500,2021,2021-08-02,2021-08-04
2021-0506-MKD,Wildfire,North Macedonia,1,,80000,,80000,2021,2021-07-30,
2021-0507-CHN,Flood,China,21,,286100,,286100,2021,2021-08-12,2021-08-13
2021-0508-JPN,Flood,Japan,12,,30000,,30000,2021,2021-08-11,2021-08-16
2021-0509-MNG,Flood,Mongolia,,,6356,,6356,2021,2021-06-28,2021-07-29
2021-0510-DOM,Storm,Dominican Republic,,,4025,,4025,2021,2021-08-12,2021-08-13
2021-0510-HTI,Storm,Haiti,,,,,,2021,2021-08-12,2021-08-13
2021-0511-HTI,Earthquake,Haiti,2575,12763,690000,,702763,2021,2021-08-14,2021-08-14
2021-0518-GIN,Epidemic,Guinea,1,,173,,173,2021,2021-08-06,2021-08-17
2021-0521-NGA,Flood,Nigeria,,,7500,,7500,2021,2021-07-01,2021-08-31
2021-0524-MYS,Flood,Malaysia,7,3,4825,,4828,2021,2021-08-17,2021-08-19
2021-0526-USA,Wildfire,United States of America,,,55903,,55903,2021,2021-08-13,2021-08-31
2021-0528-MEX,Storm,Mexico,13,,,,,2021,2021-08-21,2021-08-23
2021-0530-IDN,Flood,Indonesia,9,,62900,,62900,2021,2021-08-19,2021-08-30
2021-0531-USA,Storm,United States of America,,,86,,86,2021,2021-08-20,2021-08-25
2021-0532-USA,Storm,United States of America,7,,105,,105,2021,2021-08-17,2021-08-22
2021-0533-USA,Flood,United States of America,22,,89,,89,2021,2021-08-21,2021-08-22
2021-0536-NGA,Epidemic,Nigeria,3604,109089,70000,,179089,2021,,2021-12-19
2021-0538-VEN,Flood,Venezuela (Bolivarian Republic of),46,,1400100,,1400100,2021,2021-08-23,2021-08-24
2021-0542-RUS,Mass movement (wet),Russian Federation,6,,3000,3,3003,2021,2021-08-22,2021-08-23
2021-0551-CUB,Storm,Cuba,,,,,,2021,2021-08-28,2021-09-02
2021-0551-USA,Storm,United States of America,96,,14000,,14000,2021,2021-08-28,2021-09-02
2021-0552-MEX,Storm,Mexico,2,3,1500,,1503,2021,2021-08-28,2021-08-30
2021-0556-CAF,Flood,Central African Republic,,5,3952,,3957,2021,2021-08-07,2021-08-07
2021-0561-ESP,Flood,Spain,2,,150,,150,2021,2021-08-29,2021-09-02
2021-0562-USA,Flood,United States of America,1,,600,,600,2021,2021-07-30,2021-08-02
2021-0565-USA,Storm,United States of America,,,,,,2021,2021-08-10,2021-08-13
2021-0566-USA,Flood,United States of America,3,,,,,2021,2021-08-10,2021-08-16
2021-0571-RUS,Flood,Russian Federation,,,4500,,4500,2021,2021-08-12,2021-08-14
2021-0572-SWE,Flood,Sweden,,,13500,,13500,2021,2021-08-17,2021-08-18
2021-0578-KOR,Storm,Republic of Korea,,,600,,600,2021,2021-08-23,2021-08-24
2021-0583-USA,Storm,United States of America,,,,,,2021,2021-09-12,2021-09-17
2021-0584-IDN,Flood,Indonesia,,,11839,,11839,2021,2021-09-13,2021-09-14
2021-0585-IND,Flood,India,7,,850000,,850000,2021,2021-09-13,2021-09-15
2021-0586-FRA,Flood,France,,,600,,600,2021,2021-09-14,2021-09-14
2021-0587-CHN,Earthquake,China,3,88,21870,2437,24395,2021,2021-09-16,2021-09-16
2021-0588-GTM,Flood,Guatemala,2,,11799,,11799,2021,2021-09-13,2021-09-14
2021-0589-NGA,Flood,Nigeria,4,,830,,830,2021,2021-09-12,2021-09-13
2021-0590-SLV,Flood,El Salvador,5,,300,,300,2021,2021-09-10,2021-09-14
2021-0591-MYS,Flood,Malaysia,2,,255,,255,2021,2021-09-07,2021-09-17
2021-0594-KHM,Flood,Cambodia,,,500,,500,2021,2021-09-15,2021-09-17
2021-0595-PHL,Storm,Philippines,17,24,313373,,313397,2021,2021-09-06,2021-09-08
2021-0595-VNM,Storm,Viet Nam,2,,310,,310,2021,2021-09-12,2021-09-12
2021-0596-PAK,Flood,Pakistan,19,4,,,4,2021,2021-09-11,2021-09-13
2021-0599-COD,Epidemic,Democratic Republic of the Congo,205,2662,,,2662,2021,2021-09-07,2021-12-20
2021-0600-MEX,Flood,Mexico,19,,1000,,1000,2021,2021-09-02,2021-09-07
2021-0602-MEX,Earthquake,Mexico,3,,21951,,21951,2021,2021-09-08,2021-09-08
2021-0605-NPL,Flood,Nepal,13,10,1000,,1010,2021,2021-09-02,2021-09-06
2021-0607-MEX,Flood,Mexico,5,,1020,,1020,2021,2021-09-03,2021-09-04
2021-0609-THA,Flood,Thailand,,,325400,,325400,2021,2021-08-27,2021-08-31
2021-0610-GHA,Flood,Ghana,5,,120,,120,2021,2021-08-26,2021-09-28
2021-0611-NZL,Flood,New Zealand,,,180,,180,2021,2021-08-30,2021-09-01
2021-0612-THA,Flood,Thailand,10,,298900,,298900,2021,2021-09-19,2021-10-06
2021-0613-SPI,Volcanic activity,Canary Islands,1,,339,6549,6888,2021,2021-09-19,2021-12-25
2021-0615-LSO,Storm,Lesotho,,,2550,,2550,2021,2021-08-27,2021-08-31
2021-0616-GIN,Flood,Guinea,5,21,69671,1972,71664,2021,2021-08-30,2021-08-31
2021-0617-NER,Epidemic,Niger,166,5591,,,5591,2021,2021-08-09,2021-08-24
2021-0625-COL,Flood,Colombia,,,2000,,2000,2021,2021-09-22,2021-09-29
2021-0626-USA,Wildfire,United States of America,,,63,315,378,2021,2021-09-22,2021-09-30
2021-0627-GRC,Earthquake,Greece,1,20,,2316,2336,2021,2021-09-27,2021-09-27
2021-0630-IND,Storm,India,20,,,,,2021,2021-09-26,2021-09-29
2021-0632-VNM,Flood,Viet Nam,3,3,13600,,13603,2021,2021-09-23,2021-09-27
2021-0637-UGA,Flood,Uganda,1,72,41661,597,42330,2021,2021-09-17,2021-09-22
2021-0638-COL,Flood,Colombia,12,17,23700,,23717,2021,2021-09-15,2021-10-22
2021-0643-HND,Wildfire,Honduras,,3,2500,,2503,2021,2021-10-02,2021-10-03
2021-0645-IND,Storm,India,7,,179000,,179000,2021,2021-10-03,2021-10-03
2021-0645-IRN,Storm,Iran (Islamic Republic of),2,122,,,122,2021,2021-10-01,2021-10-03
2021-0645-OMN,Storm,Oman,13,,,,,2021,2021-10-03,2021-10-03
2021-0647-MEX,Flood,Mexico,6,,10500,,10500,2021,2021-10-01,2021-10-06
2021-0649-SVN,Flood,Slovenia,,,1500,,1500,2021,2021-09-29,2021-09-30
2021-0653-IDN,Flood,Indonesia,,,79095,,79095,2021,2021-10-05,2021-10-06
2021-0654-PAK,Earthquake,Pakistan,21,300,63800,,64100,2021,2021-10-07,2021-10-07
2021-0655-CHN,Storm,China,5,,,459,459,2021,2021-10-02,2021-10-05
2021-0664-HKG,Storm,"China, Hong Kong Special Administrative Region",1,14,140,,154,2021,2021-10-08,2021-10-10
2021-0664-PHL,Storm,Philippines,3,,8048,,8048,2021,2021-10-04,2021-10-06
2021-0669-CHN,Flood,China,18,,1760000,,1760000,2021,2021-10-02,2021-10-07
2021-0670-HKG,Storm,"China, Hong Kong Special Administrative Region",1,21,,,21,2021,2021-10-13,2021-10-14
2021-0670-PHL,Storm,Philippines,59,5,1140534,,1140539,2021,2021-10-11,2021-10-12
2021-0674-KHM,Flood,Cambodia,,,225,,225,2021,2021-10-12,2021-10-15
2021-0674-THA,Flood,Thailand,,1,25000,,25001,2021,2021-10-12,2021-10-15
2021-0675-GEO,Flood,Georgia,,,1780,,1780,2021,2021-09-22,2021-09-24
2021-0677-IND,Flood,India,39,,3500,450,3950,2021,2021-10-11,2021-10-20
2021-0681-IND,Flood,India,57,17,1385,,1402,2021,2021-10-18,2021-10-19
2021-0681-NPL,Flood,Nepal,118,10,,,10,2021,2021-10-16,2021-10-22
2021-0682-PHL,Flood,Philippines,,,24166,,24166,2021,2021-10-10,2021-10-10
2021-0686-MYS,Flood,Malaysia,,,1000,,1000,2021,2021-10-20,2021-10-22
2021-0687-BEL,Storm,Belgium,,,,,,2021,2021-10-21,2021-10-22
2021-0687-CZE,Storm,Czechia,,2,,,2,2021,2021-10-21,2021-10-22
2021-0687-DEU,Storm,Germany,1,4,,,4,2021,2021-10-21,2021-10-22
2021-0687-FRA,Storm,France,,,,,,2021,2021-10-21,2021-10-22
2021-0687-GBR,Storm,United Kingdom of Great Britain and Northern Ireland,1,,,,,2021,2021-10-21,2021-10-21
2021-0687-NLD,Storm,Netherlands (Kingdom of the),,4,,,4,2021,2021-10-21,2021-10-22
2021-0687-POL,Storm,Poland,4,13,,,13,2021,2021-10-21,2021-10-22
2021-0693-COL,Flood,Colombia,2,,850,,850,2021,2021-10-26,2021-10-29
2021-0695-IDN,Flood,Indonesia,,,2226,,2226,2021,2021-10-27,2021-10-28
2021-0696-KHM,Flood,Cambodia,,,12500,,12500,2021,2021-10-25,2021-10-27
2021-0698-VNM,Storm,Viet Nam,5,,82500,,82500,2021,2021-10-22,2021-10-27
2021-0700-DZA,Flood,Algeria,3,,402,18,420,2021,2021-10-23,2021-10-26
2021-0700-TUN,Flood,Tunisia,3,,,,,2021,2021-10-23,2021-10-26
2021-0701-BEN,Flood,Benin,13,,35850,,35850,2021,2021-09-15,2021-10-26
2021-0702-MEX,Storm,Mexico,,,150,,150,2021,2021-10-25,2021-10-26
2021-0705-IRQ,Flood,Iraq,2,3,3200,,3203,2021,2021-10-29,2021-10-30
2021-0709-PAK,Epidemic,Pakistan,,2728,,,2728,2021,2021-10-08,2021-10-21
2021-0711-COL,Mass movement (wet),Colombia,20,10,,,10,2021,2021-11-02,2021-11-02
2021-0712-PER,Flood,Peru,1,2,2982,,2984,2021,2021-10-31,2021-11-01
2021-0714-LKA,Flood,Sri Lanka,4,,6000,,6000,2021,2021-10-25,2021-11-04
2021-0719-IDN,Flood,Indonesia,9,,1275,,1275,2021,2021-11-04,2021-11-04
2021-0720-IDN,Earthquake,Indonesia,3,82,2620,1830,4532,2021,2021-10-16,2021-10-16
2021-0722-IND,Flood,India,14,,11000,,11000,2021,2021-11-06,2021-11-08
2021-0722-LKA,Flood,Sri Lanka,26,4,230000,,230004,2021,2021-11-06,2021-11-07
2021-0725-BIH,Flood,Bosnia and Herzegovina,,,250000,,250000,2021,2021-11-04,2021-11-05
2021-0732-CHN,Storm,China,1,,5600,,5600,2021,2021-11-05,2021-11-09
2021-0733-USA,Flood,United States of America,4,,,,,2021,2021-10-04,2021-10-07
2021-0737-EGY,Flood,Egypt,3,450,4685,1100,6235,2021,2021-11-12,2021-11-14
2021-0738-IRN,Earthquake,Iran (Islamic Republic of),1,104,36484,,36588,2021,2021-11-14,2021-11-14
2021-0741-CAN,Flood,Canada,4,,15000,,15000,2021,2021-11-13,2021-11-16
2021-0741-USA,Flood,United States of America,1,,500,,500,2021,2021-11-13,2021-11-15
2021-0747-BOL,Flood,Bolivia (Plurinational State of),7,,125,,125,2021,2021-11-11,2021-11-12
2021-0748-IND,Flood,India,62,,74500,,74500,2021,2021-11-18,2021-11-19
2021-0756-FRA,Flood,France,1,2,300,,302,2021,2021-11-27,2021-11-29
2021-0758-ECU,Earthquake,Ecuador,,,39,,39,2021,2021-11-28,2021-11-28
2021-0758-PER,Earthquake,Peru,,3,17909,,17912,2021,2021-11-28,2021-11-28
2021-0763-VNM,Flood,Viet Nam,18,,300000,,300000,2021,2021-11-27,2021-11-30
2021-0766-ESP,Flood,Spain,1,,100,,100,2021,2021-11-22,2021-12-01
2021-0768-IDN,Flood,Indonesia,,8,11020,,11028,2021,2021-11-19,2021-11-25
2021-0774-COL,Flood,Colombia,,,14000,,14000,2021,2021-11-19,2021-11-20
2021-0776-IDN,Volcanic activity,Indonesia,71,27,10965,,10992,2021,2021-12-04,2021-12-09
2021-0777-IND,Storm,India,5,400,1650,,2050,2021,2021-12-04,2021-12-06
2021-0778-COL,Flood,Colombia,,1,300,,301,2021,2021-11-30,2021-12-06
2021-0779-THA,Flood,Thailand,,,132900,,132900,2021,2021-11-29,2021-12-02
2021-0784-USA,Flood,United States of America,,,,,,2021,2021-12-03,2021-12-08
2021-0788-IDN,Flood,Indonesia,6,8,78730,,78738,2021,2021-12-05,2021-12-07
2021-0790-BRA,Flood,Brazil,51,523,1035643,,1036166,2021,2021-11-15,2022-01-16
2021-0792-FRA,Flood,France,,,100,,100,2021,2021-12-09,2021-12-10
2021-0797-USA,Storm,United States of America,93,100,,,100,2021,2021-12-10,2021-12-11
2021-0801-IDN,Earthquake,Indonesia,,7,1730,,1737,2021,2021-12-14,2021-12-14
2021-0807-AUS,Flood,Australia,2,,1000,,1000,2021,2021-11-15,2021-12-01
2021-0809-MWI,Storm,Malawi,13,51,55500,,55551,2021,,2021-11-28
2021-0810-COG,Flood,Congo,24,,46652,,46652,2021,2021-11-29,2021-12-08
2021-0811-ZAF,Storm,South Africa,23,27,8810,,8837,2021,2021-12-12,2021-12-30
2021-0813-PHL,Storm,Philippines,457,1371,10607625,,10608996,2021,2021-12-16,2021-12-17
2021-0813-VNM,Storm,Viet Nam,3,,,,,2021,2021-12-19,2021-12-19
2021-0815-USA,Storm,United States of America,5,,120,,120,2021,2021-12-15,2021-12-16
2021-0818-IRQ,Flood,Iraq,14,,7500,,7500,2021,2021-12-16,2021-12-17
2021-0821-MYS,Flood,Malaysia,56,,120000,,120000,2021,2021-12-17,2022-01-03
2021-0823-IDN,Flood,Indonesia,,,43000,,43000,2021,2021-12-18,2021-12-19
2021-0825-FRA,Extreme temperature,France,,,,,,2021,2021-04-05,2021-04-08
2021-0829-CHN,Earthquake,China,,10,19200,,19210,2021,2021-12-24,2021-12-24
2021-0829-LAO,Earthquake,Lao People's Democratic Republic,,,,,,2021,2021-12-24,2021-12-24
2021-0832-USA,Wildfire,United States of America,2,,3273,381,3654,2021,2021-12-30,2022-01-01
2021-0834-BOL,Flood,Bolivia (Plurinational State of),15,,60000,,60000,2021,2021-12-18,2022-01-05
2021-0835-IDN,Flood,Indonesia,2,,27500,,27500,2021,2021-12-31,2022-01-04
2021-0845-STP,Flood,Sao Tome and Principe,8,,219668,,219668,2021,2021-12-27,2021-12-28
2021-0846-PAK,Flood,Pakistan,194,,,,,2021,2021-07-01,2021-09-30
2021-0847-VUT,Volcanic activity,Vanuatu,,,3383,,3383,2021,2021-10-21,2021-10-22
2021-0848-SDN,Epidemic,Sudan,69,2973,,,2973,2021,,
2021-9078-CHN,Drought,China,,,,,,2021,2021-01-01,2021-12-31
2021-9116-AFG,Drought,Afghanistan,,,11000000,,11000000,2021,,
2021-9148-ZAF,Drought,South Africa,,,12000000,,12000000,2021,,
2021-9359-MOZ,Drought,Mozambique,,,1562771,,1562771,2021,,
2021-9459-KAZ,Drought,Kazakhstan,,,71000,,71000,2021,,
2021-9510-IRN,Drought,Iran (Islamic Republic of),,,4900000,,4900000,2021,,
2021-9546-ETH,Drought,Ethiopia,,,6800000,,6800000,2021,,
2021-9547-TUV,Drought,Tuvalu,,,10204,,10204,2021,,
2021-9548-IRQ,Drought,Iraq,,,7000000,,7000000,2021,,
2021-9548-SYR,Drought,Syrian Arab Republic,,,5500000,,5500000,2021,,
2021-9569-BRA,Drought,Brazil,,,,,,2021,,
2021-9639-SSD,Drought,South Sudan,,,7723670,,7723670,2021,,
2021-9786-ZWE,Drought,Zimbabwe,,,167500,,167500,2021,,
2021-9787-ZMB,Drought,Zambia,,,1580000,,1580000,2021,,
2021-9846-USA,Drought,United States of America,,,,,,2021,2021-01-01,2021-12-31
2021-9848-TZA,Drought,United Republic of Tanzania,,,2100000,,2100000,2021,,
2022-0001-CHN,Mass movement (wet),China,13,3,,,3,2022,2022-01-03,2022-01-03
2022-0002-IRN,Flood,Iran (Islamic Republic of),6,14,20000,,20014,2022,2022-01-01,2022-01-04
2022-0004-CHN,Earthquake,China,,30,29000,,29030,2022,2022-01-02,2022-01-02
2022-0007-USA,Storm,United States of America,5,,,,,2022,2022-01-02,2022-01-03
2022-0009-ZAF,Flood,South Africa,10,,,,,2022,2022-01-08,2022-01-09
2022-0011-IDN,Flood,Indonesia,10,,6500,,6500,2022,2022-01-10,2022-01-11
2022-0012-IDN,Earthquake,Indonesia,,2,300,,302,2022,2022-01-10,2022-01-10
2022-0013-FJI,Storm,Fiji,1,,69564,,69564,2022,2022-01-08,2022-01-11
2022-0014-PAK,Storm,Pakistan,22,,,,,2022,2022-01-07,2022-01-08
2022-0020-BRA,Flood,Brazil,15,32,,,32,2022,2022-01-01,2022-01-14
2022-0026-PER,Volcanic activity,Peru,2,,,,,2022,2022-01-15,2022-01-15
2022-0026-TON,Volcanic activity,Tonga,4,,84176,,84176,2022,2022-01-15,2022-01-15
2022-0027-AFG,Earthquake,Afghanistan,28,4,,4000,4004,2022,2022-01-17,2022-01-17
2022-0032-MDG,Flood,Madagascar,34,2,62112,,62114,2022,2022-01-17,2022-01-18
2022-0034-SYR,Storm,Syrian Arab Republic,2,,362700,,362700,2022,2022-01-18,2022-01-25
2022-0035-ZAF,Flood,South Africa,1,,100,,100,2022,2022-01-15,2022-01-16
2022-0037-URY,Flood,Uruguay,,,160,,160,2022,2022-01-17,2022-01-18
2022-0042-IDN,Earthquake,Indonesia,,1975,13415,,15390,2022,2022-01-14,2022-01-14
2022-0043-ZMB,Flood,Zambia,3,,21582,,21582,2022,2022-01-11,2022-02-02
2022-0043-ZWE,Flood,Zimbabwe,,,,,,2022,2022-01-13,2022-01-21
2022-0044-IRN,Flood,Iran (Islamic Republic of),,1,18000,,18001,2022,2022-01-15,2022-01-21
2022-0045-CHN,Earthquake,China,,9,26490,,26499,2022,2022-01-08,2022-01-08
2022-0046-AUS,Flood,Australia,2,,200,,200,2022,2022-01-08,2022-01-13
2022-0052-MDG,Storm,Madagascar,55,,131555,,131555,2022,2022-01-22,2022-01-25
2022-0052-MOZ,Storm,Mozambique,38,207,185429,,185636,2022,2022-01-24,2022-01-25
2022-0052-MWI,Storm,Malawi,64,206,945728,,945934,2022,2022-01-22,2022-01-25
2022-0052-ZWE,Storm,Zimbabwe,,,3000,,3000,2022,2022-01-25,2022-01-25
2022-0053-UGA,Flood,Uganda,9,,1500,,1500,2022,2022-01-24,2022-01-27
2022-0055-RWA,Flood,Rwanda,15,37,750,,787,2022,2022-01-01,2022-01-27
2022-0057-HTI,Earthquake,Haiti,2,52,15,950,1017,2022,2022-01-24,2022-01-24
2022-0058-PER,Flood,Peru,1,,500,,500,2022,2022-01-21,2022-01-23
2022-0060-AFG,Mass movement (wet),Afghanistan,19,,,,,2022,2022-02-07,2022-02-07
2022-0061-MDG,Storm,Madagascar,92,,112115,,112115,2022,2022-02-05,2022-02-07
2022-0061-MUS,Storm,Mauritius,1,,139,,139,2022,2022-02-02,2022-02-02
2022-0061-REU,Storm,Réunion,,13,,,13,2022,2022-02-05,2022-02-06
2022-0065-BRA,Flood,Brazil,35,12,3000,,3012,2022,2022-01-01,2022-02-04
2022-0068-ECU,Flood,Ecuador,29,52,7270,,7322,2022,2022-01-28,2022-02-07
2022-0069-HTI,Flood,Haiti,5,,12500,,12500,2022,2022-01-30,2022-01-31
2022-0073-COL,Mass movement (wet),Colombia,19,34,9117,,9151,2022,2022-02-01,2022-02-08
2022-0077-ZAF,Flood,South Africa,3,,,138,138,2022,2022-02-04,2022-02-05
2022-0079-PER,Earthquake,Peru,,,300,,300,2022,2022-02-03,2022-02-03
2022-0080-USA,Storm,United States of America,10,,,,,2022,2022-02-01,2022-02-05
2022-0081-CZE,Storm,Czechia,1,,,,,2022,2022-01-28,2022-01-31
2022-0081-DEU,Storm,Germany,1,2,,,2,2022,2022-01-28,2022-01-31
2022-0081-DNK,Storm,Denmark,1,3,,,3,2022,2022-01-28,2022-01-31
2022-0081-GBR,Storm,United Kingdom of Great Britain and Northern Ireland,2,,,,,2022,2022-01-28,2022-01-31
2022-0081-NOR,Storm,Norway,,,,,,2022,2022-01-28,2022-01-31
2022-0081-POL,Storm,Poland,1,12,,,12,2022,2022-01-28,2022-01-31
2022-0086-HND,Flood,Honduras,,,1800,,1800,2022,2022-02-14,2022-02-15
2022-0087-IDN,Flood,Indonesia,1,,14700,,14700,2022,2022-02-10,2022-02-15
2022-0089-BRA,Flood,Brazil,272,197,15000,886,16083,2022,2022-02-13,2022-02-16
2022-0091-DOM,Flood,Dominican Republic,,,257,,257,2022,2022-02-10,2022-02-11
2022-0091-PRI,Flood,Puerto Rico,,,,,,2022,2022-02-04,2022-02-06
2022-0092-GTM,Earthquake,Guatemala,3,2,31300,,31302,2022,2022-02-16,2022-02-16
2022-0096-PSE,Extreme temperature,State of Palestine,4,,3500,,3500,2022,2022-01-26,2022-01-31
2022-0097-CZE,Storm,Czechia,,3,,,3,2022,2022-02-16,2022-02-17
2022-0097-DEU,Storm,Germany,3,,,,,2022,2022-02-16,2022-02-17
2022-0097-GBR,Storm,United Kingdom of Great Britain and Northern Ireland,1,,,,,2022,2022-02-16,2022-02-17
2022-0097-POL,Storm,Poland,2,,1500,,1500,2022,2022-02-16,2022-02-17
2022-0099-MDG,Storm,Madagascar,14,,9900,,9900,2022,2022-02-15,2022-02-16
2022-0099-MOZ,Storm,Mozambique,14,,23733,,23733,2022,2022-02-18,2022-02-18
2022-0100-KOR,Wildfire,Republic of Korea,,,7000,1080,8080,2022,2022-02-15,2022-03-07
2022-0101-MDG,Storm,Madagascar,15,,169000,,169000,2022,2022-02-23,2022-02-24
2022-0102-BOL,Flood,Bolivia (Plurinational State of),60,,375000,,375000,2022,2022-02-20,2022-02-22
2022-0103-AUS,Flood,Australia,22,,54000,,54000,2022,2022-02-22,2022-03-03
2022-0105-ARG,Wildfire,Argentina,,,124085,,124085,2022,,2022-03-11
2022-0108-ZAF,Flood,South Africa,4,,187,,187,2022,2022-02-21,2022-02-22
2022-0109-COL,Flood,Colombia,1,,1650,,1650,2022,2022-02-18,2022-02-22
2022-0112-BEL,Storm,Belgium,2,,,,,2022,2022-02-18,2022-02-18
2022-0112-DEU,Storm,Germany,3,,,,,2022,2022-02-18,2022-02-18
2022-0112-FRA,Storm,France,,28,,,28,2022,2022-02-18,2022-02-18
2022-0112-GBR,Storm,United Kingdom of Great Britain and Northern Ireland,3,,,,,2022,2022-02-18,2022-02-18
2022-0112-IRL,Storm,Ireland,1,,,,,2022,2022-02-18,2022-02-18
2022-0112-NLD,Storm,Netherlands (Kingdom of the),4,,,,,2022,2022-02-18,2022-02-18
2022-0112-POL,Storm,Poland,4,,,,,2022,2022-02-18,2022-02-18
2022-0115-IDN,Earthquake,Indonesia,15,388,24000,515,24903,2022,2022-02-25,2022-02-25
2022-0119-MYS,Flood,Malaysia,6,,26000,,26000,2022,2022-02-25,2022-02-28
2022-0119-THA,Flood,Thailand,6,,60000,,60000,2022,2022-02-25,2022-02-28
2022-0120-IDN,Flood,Indonesia,13,,31800,,31800,2022,2022-02-26,2022-03-05
2022-0121-COL,Mass movement (wet),Colombia,22,21,21500,,21521,2022,2022-03-01,2022-03-15
2022-0126-USA,Storm,United States of America,8,,90,,90,2022,2022-03-05,2022-03-07
2022-0130-DOM,Flood,Dominican Republic,,,210,,210,2022,2022-03-05,2022-03-06
2022-0130-HTI,Flood,Haiti,2,,500,,500,2022,2022-03-05,2022-03-06
2022-0131-MYS,Flood,Malaysia,,,1290,,1290,2022,2022-03-06,2022-03-07
2022-0132-USA,Wildfire,United States of America,,,156,108,264,2022,2022-03-04,2022-03-09
2022-0133-ECU,Flood,Ecuador,,,600,,600,2022,2022-03-07,2022-03-08
2022-0136-IDN,Flood,Indonesia,4,3,16000,,16003,2022,2022-03-14,2022-03-17
2022-0137-MDG,Storm,Madagascar,2,,900,,900,2022,2022-03-11,2022-03-12
2022-0137-MOZ,Storm,Mozambique,63,108,736015,,736123,2022,2022-03-11,2022-03-14
2022-0137-MWI,Storm,Malawi,7,,,,,2022,2022-03-11,2022-03-14
2022-0144-IDN,Volcanic activity,Indonesia,,,253,,253,2022,2022-03-06,2022-03-10
2022-0149-BRA,Flood,Brazil,8,,800,,800,2022,2022-03-20,2022-03-22
2022-0153-JPN,Earthquake,Japan,3,183,558,,741,2022,2022-03-16,2022-03-16
2022-0157-USA,Storm,United States of America,5,50,,,50,2022,2022-03-21,2022-03-23
2022-0163-PER,Mass movement (wet),Peru,10,,3113,,3113,2022,2022-03-15,2022-03-15
2022-0172-VNM,Flood,Viet Nam,,1,225,,226,2022,2022-03-22,2022-03-23
2022-0175-CAF,Wildfire,Central African Republic,,,30000,,30000,2022,2022-02-24,2022-02-25
2022-0176-PHL,Volcanic activity,Philippines,,,10415,,10415,2022,2022-03-26,2022-03-31
2022-0177-ECU,Earthquake,Ecuador,1,2,7802,,7804,2022,2022-03-26,2022-03-26
2022-0178-ECU,Flood,Ecuador,4,27,81,,108,2022,2022-03-27,2022-03-28
2022-0183-AUS,Flood,Australia,4,12,6000,,6012,2022,2022-03-25,2022-03-31
2022-0184-MWI,Epidemic,Malawi,,,,,,2022,2022-02-17,2022-03-31
2022-0185-USA,Storm,United States of America,2,,90,,90,2022,2022-03-29,2022-04-01
2022-0190-BRA,Flood,Brazil,23,,31500,,31500,2022,2022-04-01,2022-04-04
2022-0192-COL,Flood,Colombia,10,14,5500,,5514,2022,2022-03-15,2022-04-03
2022-0193-USA,Storm,United States of America,3,,,,,2022,2022-04-04,2022-04-07
2022-0194-TUN,Flood,Tunisia,1,,4000,,4000,2022,2022-03-19,2022-03-19
2022-0195-PHL,Flood,Philippines,3,,1955,,1955,2022,2022-04-03,2022-04-07
2022-0199-THA,Flood,Thailand,,,108500,,108500,2022,2022-04-03,2022-04-05
2022-0200-COL,Flood,Colombia,20,25,,,25,2022,2022-04-07,2022-04-08
2022-0201-TLS,Epidemic,Timor-Leste,20,,1353,,1353,2022,,2022-01-31
2022-0204-PHL,Storm,Philippines,346,8,2298780,,2298788,2022,2022-04-10,2022-04-12
2022-0205-ZAF,Flood,South Africa,544,50,135345,6895,142290,2022,2022-04-08,2022-04-18
2022-0212-USA,Storm,United States of America,1,28,15,,43,2022,2022-04-11,2022-04-14
2022-0215-USA,Wildfire,United States of America,2,49,600,,649,2022,2022-04-12,
2022-0219-IND,Storm,India,20,,95000,,95000,2022,2022-04-01,2022-04-19
2022-0227-USA,Storm,United States of America,,,,,,2022,2022-04-15,2022-04-18
2022-0229-COL,Flood,Colombia,5,1,8100,,8101,2022,,2022-04-21
2022-0230-UZB,Flood,Uzbekistan,5,6,159,,165,2022,2022-04-20,2022-04-20
2022-0231-BIH,Earthquake,Bosnia and Herzegovina,1,2,1050,,1052,2022,2022-04-23,2022-04-23
2022-0232-COD,Flood,Democratic Republic of the Congo,9,,,,,2022,2022-04-23,2022-04-23
2022-0232-RWA,Flood,Rwanda,11,13,,500,513,2022,2022-04-23,2022-04-24
2022-0233-COL,Flood,Colombia,12,,,,,2022,2022-04-21,2022-04-22
2022-0239-MDG,Storm,Madagascar,12,,4800,,4800,2022,2022-04-26,2022-04-27
2022-0244-CAN,Storm,Canada,,,,,,2022,2022-04-21,2022-04-24
2022-0244-USA,Storm,United States of America,,,,,,2022,2022-04-21,2022-04-24
2022-0246-USA,Wildfire,United States of America,,138,756,,894,2022,2022-04-06,2022-06-14
2022-0248-IND,Extreme temperature,India,25,,,,,2022,,
2022-0248-PAK,Extreme temperature,Pakistan,,,,,,2022,,
2022-0250-VEN,Flood,Venezuela (Bolivarian Republic of),1,,86800,,86800,2022,2022-04-25,2022-06-29
2022-0255-COD,Epidemic,Democratic Republic of the Congo,8,607,,,607,2022,2022-04-04,
2022-0257-NGA,Storm,Nigeria,7,,,1500,1500,2022,2022-04-30,2022-04-30
2022-0258-TZA,Flood,United Republic of Tanzania,10,,2000,1500,3500,2022,2022-04-26,2022-05-05
2022-0259-IRQ,Storm,Iraq,1,5000,,,5000,2022,2022-05-01,2022-05-04
2022-0261-USA,Storm,United States of America,3,6,300,,306,2022,2022-04-26,2022-05-05
2022-0262-ECU,Flood,Ecuador,40,86,26663,,26749,2022,,
2022-0263-COD,Epidemic,Democratic Republic of the Congo,5,141,,,141,2022,2022-04-23,2022-07-04
2022-0264-AFG,Flood,Afghanistan,20,30,780,,810,2022,2022-05-02,2022-05-07
2022-0265-BRA,Flood,Brazil,3,,44000,,44000,2022,2022-05-03,2022-05-05
2022-0266-CAN,Flood,Canada,,,1000,,1000,2022,2022-04-22,2022-04-25
2022-0266-USA,Flood,United States of America,,,,,,2022,,2022-05-05
2022-0271-THA,Storm,Thailand,1,,1050,,1050,2022,2022-05-05,2022-05-09
2022-0275-RUS,Wildfire,Russian Federation,16,12,,2190,2202,2022,2022-05-06,2022-05-10
2022-0282-LBR,Epidemic,Liberia,71,5528,,,5528,2022,2022-04-21,2022-07-20
2022-0284-USA,Storm,United States of America,5,,,,,2022,2022-05-05,2022-05-11
2022-0292-VNM,Storm,Viet Nam,9,,500,,500,2022,2022-05-09,2022-05-13
2022-0293-IND,Flood,India,2035,1260,1300000,,1301260,2022,2022-05-17,2022-10-31
2022-0304-CAN,Flood,Canada,,,1000,,1000,2022,2022-05-30,2022-05-31
2022-0305-THA,Flood,Thailand,,,1380,,1380,2022,2022-05-14,2022-05-18
2022-0313-ZAF,Flood,South Africa,,,200,,200,2022,2022-05-22,2022-05-22
2022-0315-SUR,Flood,Suriname,,,9000,,9000,2022,,2022-06-24
2022-0316-CHN,Flood,China,48,,,,,2022,2022-05-09,2022-05-15
2022-0317-GTM,Flood,Guatemala,48,23,2890000,,2890023,2022,2022-05-01,2022-09-11
2022-0318-BRA,Flood,Brazil,116,4,24300,,24304,2022,2022-05-24,2022-05-30
2022-0319-TZA,Epidemic,United Republic of Tanzania,4,200,56883,,57083,2022,2022-04-23,
2022-0320-VNM,Flood,Viet Nam,13,4,2550,,2554,2022,2022-05-21,2022-05-30
2022-0323-PAK,Wildfire,Pakistan,4,4,4000,,4004,2022,2022-05-15,2022-05-24
2022-0324-IDN,Flood,Indonesia,,1,17200,,17201,2022,2022-05-21,2022-05-24
2022-0325-CAN,Storm,Canada,12,,,,,2022,2022-05-19,2022-05-26
2022-0325-USA,Storm,United States of America,2,12,,,12,2022,2022-05-19,2022-05-26
2022-0326-THA,Flood,Thailand,,,3900,,3900,2022,2022-05-20,2022-05-24
2022-0328-COL,Flood,Colombia,,,5000,,5000,2022,2022-05-25,2022-05-27
2022-0332-SOM,Flood,Somalia,,,4416,,4416,2022,2022-05-12,2022-05-30
2022-0333-MEX,Storm,Mexico,31,,,,,2022,2022-05-30,2022-05-31
2022-0334-CHN,Earthquake,China,4,41,13500,,13541,2022,2022-06-01,2022-06-01
2022-0336-LKA,Storm,Sri Lanka,1,,22338,,22338,2022,2022-05-29,2022-06-02
2022-0338-CMR,Flood,Cameroon,2,95,153000,,153095,2022,2022-06-26,2022-10-31
2022-0340-BGD,Flood,Bangladesh,141,,7200000,,7200000,2022,2022-05-17,2022-09-30
2022-0342-AFG,Earthquake,Afghanistan,1036,2989,361634,,364623,2022,2022-06-21,2022-06-21
2022-0342-PAK,Earthquake,Pakistan,43,,,,,2022,2022-06-21,2022-06-21
2022-0343-RUS,Storm,Russian Federation,6,,300,,300,2022,2022-06-24,2022-06-27
2022-0347-CIV,Flood,Côte d’Ivoire,13,114,11478,,11592,2022,2022-06-16,2022-06-21
2022-0353-NPL,Storm,Nepal,21,29,515,,544,2022,,2022-06-20
2022-0355-ESP,Wildfire,Spain,,,3500,,3500,2022,2022-06-18,2022-07-18
2022-0356-ZAF,Flood,South Africa,,4,200,,204,2022,2022-06-13,2022-06-15
2022-0358-TUR,Flood,Türkiye,3,,115,,115,2022,2022-06-11,2022-06-15
2022-0361-USA,Flood,United States of America,,,600,,600,2022,2022-06-11,2022-06-14
2022-0366-CUB,Flood,Cuba,3,,2300,,2300,2022,2022-06-02,2022-06-06
2022-0367-CUB,Storm,Cuba,3,,6780,,6780,2022,2022-06-02,2022-06-03
2022-0373-FRA,Storm,France,1,15,60000,,60015,2022,2022-06-04,2022-06-05
2022-0375-GUY,Flood,Guyana,,,500,,500,2022,2022-05-15,2022-06-02
2022-0395-IND,Mass movement (wet),India,67,,,,,2022,2022-06-30,2022-07-06
2022-0396-AUS,Flood,Australia,1,,85000,,85000,2022,2022-07-01,2022-07-08
2022-0397-CHN,Storm,China,24,,,,,2022,2022-07-01,2022-07-04
2022-0398-JPN,Storm,Japan,,2,390,,392,2022,2022-07-04,2022-07-05
2022-0400-NIC,Storm,Nicaragua,4,12,3000,,3012,2022,2022-07-02,2022-07-02
2022-0400-SLV,Storm,El Salvador,1,,100,,100,2022,2022-07-02,2022-07-02
2022-0401-ITA,Glacial lake outburst flood,Italy,11,,,,,2022,2022-07-03,2022-07-03
2022-0402-IRN,Earthquake,Iran (Islamic Republic of),5,84,22216,,22300,2022,2022-07-02,2022-07-02
2022-0405-PAK,Flood,Pakistan,1739,12865,33000000,,33012865,2022,2022-06-14,2022-09-14
2022-0406-ECU,Flood,Ecuador,3,,600,,600,2022,2022-07-03,2022-07-05
2022-0407-GRC,Wildfire,Greece,,,55000,,55000,2022,2022-07-03,2022-07-23
2022-0408-MYS,Flood,Malaysia,3,,210,18,228,2022,2022-07-04,2022-07-07
2022-0409-BRA,Flood,Brazil,12,,67500,,67500,2022,2022-07-05,2022-07-06
2022-0411-CHN,Earthquake,China,,4,780,,784,2022,2022-06-10,2022-06-10
2022-0417-PRT,Wildfire,Portugal,3,187,,,187,2022,2022-07-09,2022-07-12
2022-0418-IDN,Flood,Indonesia,7,,3126,,3126,2022,2022-07-05,2022-07-12
2022-0423-JPN,Extreme temperature,Japan,80,14300,,,14300,2022,2022-06-20,2022-07-01
2022-0423-KOR,Extreme temperature,Republic of Korea,2,355,,,355,2022,2022-07-01,2022-07-02
2022-0426-NPL,Epidemic,Nepal,,,30000,,30000,2022,2022-06-16,2022-06-30
2022-0427-GEO,Flood,Georgia,,,5200,,5200,2022,2022-06-21,2022-06-26
2022-0428-CHN,Flood,China,24,,3000,,3000,2022,2022-07-25,2022-07-28
2022-0430-PER,Earthquake,Peru,,2,300,,302,2022,2022-07-12,2022-07-12
2022-0442-AFG,Flood,Afghanistan,44,54,,14500,14554,2022,2022-06-30,2022-07-11
2022-0444-YEM,Flood,Yemen,,,41000,,41000,2022,,
2022-0445-SDN,Flood,Sudan,146,122,349000,,349122,2022,2022-05-10,2022-09-30
2022-0446-NER,Flood,Niger,195,185,322000,,322185,2022,2022-06-01,2022-09-30
2022-0448-PHL,Earthquake,Philippines,10,394,502462,,502856,2022,2022-07-27,2022-07-27
2022-0449-CAF,Flood,Central African Republic,16,3,118000,,118003,2022,2022-07-01,2022-10-31
2022-0453-AFG,Flood,Afghanistan,13,20,,,20,2022,2022-07-24,2022-08-01
2022-0456-YEM,Flood,Yemen,77,,175000,,175000,2022,2022-07-23,2022-08-05
2022-0465-ALB,Extreme temperature,Albania,352,,,,,2022,2022-05-30,2022-09-04
2022-0465-AUT,Extreme temperature,Austria,419,,,,,2022,2022-05-30,2022-09-04
2022-0465-BEL,Extreme temperature,Belgium,434,,,,,2022,2022-05-30,2022-09-04
2022-0465-BGR,Extreme temperature,Bulgaria,1277,,,,,2022,2022-05-30,2022-09-04
2022-0465-CHE,Extreme temperature,Switzerland,302,,,,,2022,2022-05-30,2022-09-04
2022-0465-CYP,Extreme temperature,Cyprus,101,,,,,2022,2022-05-30,2022-09-30
2022-0465-CZE,Extreme temperature,Czechia,279,,,,,2022,2022-05-30,2022-09-04
2022-0465-DEU,Extreme temperature,Germany,8173,,,,,2022,2022-05-30,2022-09-04
2022-0465-DNK,Extreme temperature,Denmark,252,,,,,2022,2022-05-30,2022-09-04
2022-0465-ESP,Extreme temperature,Spain,11324,,,,,2022,2022-05-30,2022-09-04
2022-0465-EST,Extreme temperature,Estonia,167,,,,,2022,2022-05-30,2022-09-04
2022-0465-FIN,Extreme temperature,Finland,225,,,,,2022,2022-05-30,2022-09-04
2022-0465-FRA,Extreme temperature,France,4807,,,,,2022,2022-05-30,2022-09-04
2022-0465-GBR,Extreme temperature,United Kingdom of Great Britain and Northern Ireland,3469,,,,,2022,2022-05-30,2022-09-04
2022-0465-GRC,Extreme temperature,Greece,3092,,,,,2022,2022-05-30,2022-09-04
2022-0465-HRV,Extreme temperature,Croatia,731,,,,,2022,2022-05-30,2022-09-04
2022-0465-HUN,Extreme temperature,Hungary,513,,,,,2022,2022-05-30,2022-09-04
2022-0465-IRL,Extreme temperature,Ireland,26,,,,,2022,2022-05-30,2022-09-04
2022-0465-ITA,Extreme temperature,Italy,18010,,,,,2022,2022-05-30,2022-09-04
2022-0465-LTU,Extreme temperature,Lithuania,381,,,,,2022,2022-05-30,2022-09-04
2022-0465-LUX,Extreme temperature,Luxembourg,44,,,,,2022,2022-05-30,2022-09-04
2022-0465-LVA,Extreme temperature,Latvia,105,,,,,2022,2022-05-30,2022-09-04
2022-0465-MLT,Extreme temperature,Malta,76,,,,,2022,2022-05-30,2022-09-04
2022-0465-MNE,Extreme temperature,Montenegro,50,,,,,2022,2022-05-30,2022-09-04
2022-0465-NLD,Extreme temperature,Netherlands (Kingdom of the),469,,,,,2022,2022-05-30,2022-09-04
2022-0465-NOR,Extreme temperature,Norway,30,,,,,2022,2022-05-30,2022-09-30
2022-0465-POL,Extreme temperature,Poland,763,,,,,2022,2022-05-30,2022-09-04
2022-0465-PRT,Extreme temperature,Portugal,2212,,,,,2022,2022-05-30,2022-09-04
2022-0465-ROU,Extreme temperature,Romania,2455,,,,,2022,2022-05-30,2022-09-04
2022-0465-SRB,Extreme temperature,Serbia,574,,,,,2022,2022-05-30,2022-09-04
2022-0465-SVK,Extreme temperature,Slovakia,365,,,,,2022,2022-05-30,2022-09-04
2022-0465-SVN,Extreme temperature,Slovenia,154,,,,,2022,2022-05-30,2022-09-04
2022-0465-SWE,Extreme temperature,Sweden,40,,,,,2022,2022-05-30,2022-09-30
2022-0470-KGZ,Extreme temperature,Kyrgyzstan,,,13850,,13850,2022,2022-07-18,2022-07-25
2022-0473-RUS,Flood,Russian Federation,1,,750,,750,2022,2022-07-22,2022-07-25
2022-0474-THA,Flood,Thailand,2,,2300,,2300,2022,2022-07-17,2022-07-26
2022-0476-IRN,Flood,Iran (Islamic Republic of),92,,126775,,126775,2022,2022-07-23,2022-07-31
2022-0480-USA,Flood,United States of America,42,,475,,475,2022,2022-07-26,2022-07-31
2022-0481-UGA,Flood,Uganda,32,10,78328,,78338,2022,2022-07-30,2022-08-05
2022-0486-USA,Wildfire,United States of America,4,7,33,555,595,2022,2022-07-29,2022-08-01
2022-0488-NPL,Mass movement (wet),Nepal,22,40,510,,550,2022,2022-07-15,2022-08-18
2022-0490-LKA,Flood,Sri Lanka,8,2,82389,,82391,2022,2022-08-01,2022-08-08
2022-0492-GMB,Flood,Gambia,6,,17201,,17201,2022,2022-07-30,2022-10-31
2022-0493-NPL,Flood,Nepal,132,,5500,,5500,2022,2022-08-02,2022-08-31
2022-0496-JPN,Flood,Japan,2,8,11100,,11108,2022,2022-08-02,2022-08-08
2022-0497-MNG,Flood,Mongolia,,,4269,,4269,2022,,2022-07-26
2022-0498-SEN,Flood,Senegal,,172,19838,,20010,2022,2022-08-05,2022-08-07
2022-0500-KOR,Flood,Republic of Korea,14,18,11400,,11418,2022,2022-08-07,2022-08-10
2022-0501-YEM,Flood,Yemen,13,,3400,,3400,2022,2022-08-03,2022-08-08
2022-0509-TCD,Flood,Chad,22,229,1100000,,1100229,2022,2022-06-06,2022-10-31
2022-0514-AFG,Flood,Afghanistan,156,124,249900,,250024,2022,2022-08-16,2022-08-21
2022-0515-CHN,Flood,China,,,,,,2022,2022-08-10,2022-08-10
2022-0515-LAO,Flood,Lao People's Democratic Republic,1,2,42550,,42552,2022,2022-08-07,2022-08-10
2022-0515-THA,Flood,Thailand,,,63100,,63100,2022,2022-08-14,2022-08-16
2022-0515-VNM,Flood,Viet Nam,10,,,,,2022,2022-08-14,2022-08-16
2022-0518-VEN,Flood,Venezuela (Bolivarian Republic of),,,2000,,2000,2022,2022-08-10,2022-08-11
2022-0520-DZA,Wildfire,Algeria,44,250,6518,,6768,2022,2022-08-14,2022-08-21
2022-0522-NZL,Storm,New Zealand,,,690,,690,2022,2022-08-15,2022-08-18
2022-0523-AFG,Flood,Afghanistan,19,91,1288,,1379,2022,2022-06-22,2022-06-22
2022-0525-AUT,Storm,Austria,5,13,,,13,2022,2022-08-17,2022-08-18
2022-0525-FRA,Storm,France,5,33,,,33,2022,2022-08-17,2022-08-18
2022-0525-ITA,Storm,Italy,2,15,50,,65,2022,2022-08-14,2022-08-18
2022-0530-CHN,Flood,China,52,,6200,,6200,2022,2022-08-17,2022-08-19
2022-0533-CMR,Mass movement (wet),Cameroon,5,,100,150,250,2022,2022-08-11,2022-08-11
2022-0539-IND,Flood,India,63,,800000,,800000,2022,,2022-08-22
2022-0546-MRT,Flood,Mauritania,14,,28926,,28926,2022,2022-07-25,2022-08-03
2022-0547-PHL,Storm,Philippines,,,7616,,7616,2022,2022-08-22,2022-08-23
2022-0553-MWI,Epidemic,Malawi,1769,59088,,,59088,2022,2022-03-03,2023-03-17
2022-0560-SLE,Flood,Sierra Leone,12,79,12903,,12982,2022,2022-08-28,
2022-0567-CHN,Earthquake,China,118,400,130000,,130400,2022,2022-09-05,2022-09-05
2022-0569-ZWE,Epidemic,Zimbabwe,750,6551,,,6551,2022,,
2022-0572-MEX,Flood,Mexico,8,,2100,,2100,2022,2022-08-28,2022-09-01
2022-0577-KOR,Storm,Republic of Korea,12,3,36000,,36003,2022,2022-09-04,2022-09-06
2022-0579-MEX,Flood,Mexico,5,,1050,,1050,2022,2022-09-03,2022-09-05
2022-0582-UGA,Mass movement (wet),Uganda,19,6,1190,,1196,2022,2022-09-06,2022-09-07
2022-0585-BGR,Flood,Bulgaria,,,10937,,10937,2022,2022-09-02,2022-09-02
2022-0590-IND,Flood,India,,,,,,2022,2022-09-18,2022-09-24
2022-0590-NPL,Flood,Nepal,15,11,500,,511,2022,2022-09-09,2022-09-17
2022-0592-PNG,Earthquake,Papua New Guinea,7,24,,1945,1969,2022,2022-09-13,2022-09-13
2022-0594-LBN,Epidemic,Lebanon,11,803,,,803,2022,,2022-10-25
2022-0594-SYR,Epidemic,Syrian Arab Republic,23,253,936,,1189,2022,2022-09-11,2022-09-20
2022-0595-IDN,Earthquake,Indonesia,,3,6000,,6003,2022,2022-09-11,2022-09-11
2022-0603-CAN,Storm,Canada,1,,4000,,4000,2022,2022-09-24,2022-09-25
2022-0603-DOM,Storm,Dominican Republic,2,,1434802,,1434802,2022,2022-09-19,2022-09-20
2022-0603-GLP,Storm,Guadeloupe,1,,,,,2022,2022-09-16,2022-09-17
2022-0603-PRI,Storm,Puerto Rico,25,,,,,2022,2022-09-17,2022-09-18
2022-0604-JPN,Storm,Japan,5,140,1200,,1340,2022,2022-09-18,2022-09-20
2022-0609-ITA,Flood,Italy,12,33,,,33,2022,2022-09-15,2022-09-16
2022-0611-TWN,Earthquake,Taiwan (Province of China),1,140,,,140,2022,2022-09-18,2022-09-18
2022-0613-KHM,Storm,Cambodia,16,,,,,2022,2022-09-28,2022-09-29
2022-0613-PHL,Storm,Philippines,17,52,913893,,913945,2022,2022-09-25,2022-09-26
2022-0613-THA,Storm,Thailand,1,2,,,2,2022,2022-09-28,2022-09-29
2022-0613-VNM,Storm,Viet Nam,2,62,53550,800,54412,2022,2022-09-28,2022-09-29
2022-0614-CUB,Storm,Cuba,3,,3200000,,3200000,2022,2022-09-26,2022-09-28
2022-0614-USA,Storm,United States of America,152,,,,,2022,2022-09-28,2022-10-02
2022-0615-VEN,Flood,Venezuela (Bolivarian Republic of),20,,,,,2022,2022-09-22,2022-09-30
2022-0622-MEX,Earthquake,Mexico,3,5,18000,,18005,2022,2022-09-22,2022-09-22
2022-0623-MEX,Earthquake,Mexico,2,9,15453,2424,17886,2022,2022-09-19,2022-09-19
2022-0627-JPN,Storm,Japan,3,,13323,,13323,2022,2022-09-25,2022-09-25
2022-0634-IRN,Earthquake,Iran (Islamic Republic of),,1127,11288,150,12565,2022,2022-10-05,2022-10-05
2022-0635-THA,Flood,Thailand,4,2,485906,,485908,2022,,2022-10-06
2022-0637-GHA,Flood,Ghana,,,5000,,5000,2022,2022-10-04,2022-10-06
2022-0641-NGA,Epidemic,Nigeria,178,5000,,,5000,2022,,2022-10-05
2022-0642-IDN,Flood,Indonesia,10,2,40000,,40002,2022,2022-10-04,2022-10-09
2022-0643-HTI,Epidemic,Haiti,511,960,1938,,2898,2022,2022-10-01,2022-11-30
2022-0647-COL,Storm,Colombia,,2,5000,,5002,2022,2022-10-09,2022-10-10
2022-0647-CRI,Storm,Costa Rica,,,300000,,300000,2022,2022-10-08,2022-10-20
2022-0647-GTM,Storm,Guatemala,4,11,457300,,457311,2022,2022-10-09,2022-10-10
2022-0647-HND,Storm,Honduras,5,,144000,,144000,2022,2022-10-09,2022-10-09
2022-0647-NIC,Storm,Nicaragua,1,,45000,2100,47100,2022,2022-10-09,2022-10-09
2022-0647-SLV,Storm,El Salvador,10,,9273,,9273,2022,2022-10-10,2022-10-11
2022-0648-VEN,Mass movement (wet),Venezuela (Bolivarian Republic of),106,,64000,951,64951,2022,2022-10-09,2022-10-09
2022-0650-SSD,Flood,South Sudan,,,1000000,,1000000,2022,,2022-10-29
2022-0652-UGA,Epidemic,Uganda,55,142,,,142,2022,2022-09-20,2023-01-11
2022-0654-MLI,Flood,Mali,10,12,79000,,79012,2022,2022-07-01,2022-10-31
2022-0655-HND,Flood,Honduras,9,,76657,,76657,2022,2022-07-02,2022-09-28
2022-0665-PHL,Storm,Philippines,,,7000,,7000,2022,2022-10-13,2022-10-13
2022-0666-KHM,Flood,Cambodia,15,,167770,,167770,2022,2022-09-01,2022-10-13
2022-0667-VNM,Flood,Viet Nam,2,,10000,,10000,2022,2022-10-10,2022-10-11
2022-0669-ETH,Epidemic,Ethiopia,271,20000,,,20000,2022,2022-09-16,2023-08-31
2022-0674-NGA,Flood,Nigeria,603,2500,2800000,,2802500,2022,2022-07-01,2022-10-31
2022-0675-MEX,Storm,Mexico,3,,1000,,1000,2022,2022-10-15,2022-10-16
2022-0676-VNM,Storm,Viet Nam,19,110,436868,,436978,2022,2022-10-13,2022-10-15
2022-0677-LKA,Flood,Sri Lanka,3,2,61467,,61469,2022,2022-10-14,2022-10-20
2022-0679-AUS,Flood,Australia,2,,102000,,102000,2022,2022-10-12,2022-10-28
2022-0680-PHL,Storm,Philippines,,2,103600,,103602,2022,2022-10-15,2022-10-16
2022-0680-TWN,Storm,Taiwan (Province of China),,,100,,100,2022,2022-10-15,2022-10-16
2022-0682-VEN,Mass movement (wet),Venezuela (Bolivarian Republic of),3,,150,,150,2022,2022-10-17,2022-10-17
2022-0684-COL,Flood,Colombia,,,167250,,167250,2022,2022-08-27,2022-10-18
2022-0685-PHL,Mass movement (wet),Philippines,5,,11712,,11712,2022,2022-10-18,2022-10-19
2022-0688-STP,Epidemic,Sao Tome and Principe,,1187,,,1187,2022,,
2022-0689-GIN,Flood,Guinea,,,49536,,49536,2022,2022-08-25,2022-08-26
2022-0694-IDN,Flood,Indonesia,5,3,200,,203,2022,2022-10-03,2022-10-21
2022-0695-BGD,Storm,Bangladesh,35,,1000000,,1000000,2022,2022-10-24,2022-10-25
2022-0696-BEN,Flood,Benin,44,,73000,,73000,2022,2022-09-01,2022-10-31
2022-0697-FRA,Storm,France,,2,300,,302,2022,2022-10-23,2022-10-24
2022-0698-MEX,Storm,Mexico,4,,15000,,15000,2022,2022-10-23,2022-10-23
2022-0699-COL,Flood,Colombia,26,,44000,,44000,2022,2022-10-19,2022-10-31
2022-0703-PHL,Earthquake,Philippines,,44,147378,,147422,2022,2022-10-25,2022-10-25
2022-0705-VEN,Storm,Venezuela (Bolivarian Republic of),,,30000,,30000,2022,2022-10-24,2022-10-27
2022-0707-PHL,Storm,Philippines,158,103,3323188,,3323291,2022,2022-10-27,2022-10-28
2022-0712-VEN,Flood,Venezuela (Bolivarian Republic of),3,,2000,,2000,2022,2022-10-27,2022-11-02
2022-0716-ETH,Flood,Ethiopia,,,264831,,264831,2022,,
2022-0719-BLZ,Storm,Belize,,,172000,150,172150,2022,2022-11-02,2022-11-03
2022-0721-VEN,Flood,Venezuela (Bolivarian Republic of),9,,900,,900,2022,2022-11-04,2022-11-04
2022-0728-COL,Mass movement (wet),Colombia,,11,1755,252,2018,2022,2022-11-06,2022-11-09
2022-0731-NPL,Earthquake,Nepal,6,8,30000,,30008,2022,2022-11-09,2022-11-09
2022-0732-IDN,Flood,Indonesia,,,4580,,4580,2022,2022-11-08,2022-11-10
2022-0732-MYS,Flood,Malaysia,,,3107,,3107,2022,2022-11-08,2022-11-15
2022-0732-THA,Flood,Thailand,,,25605,,25605,2022,2022-11-08,2022-11-10
2022-0734-USA,Storm,United States of America,5,,1500,,1500,2022,2022-11-10,2022-11-11
2022-0735-USA,Storm,United States of America,2,,600,,600,2022,2022-11-04,2022-11-05
2022-0736-IDN,Flood,Indonesia,3,,7000,,7000,2022,2022-11-07,2022-11-14
2022-0742-TGO,Flood,Togo,,,18596,,18596,2022,,2022-11-15
2022-0743-COL,Flood,Colombia,7,,270,,270,2022,2022-11-14,2022-11-15
2022-0746-COD,Flood,Democratic Republic of the Congo,7,,176000,,176000,2022,2022-11-13,2022-11-16
2022-0748-COG,Flood,Congo,,,164679,,164679,2022,,
2022-0755-IDN,Earthquake,Indonesia,334,4645,2200000,,2204645,2022,2022-11-21,2022-11-21
2022-0757-PAN,Flood,Panama,,,150,,150,2022,2022-11-18,2022-11-21
2022-0765-TUR,Earthquake,Türkiye,2,93,213,,306,2022,2022-11-23,2022-11-23
2022-0770-COD,Flood,Democratic Republic of the Congo,32,,,,,2022,2022-11-17,2022-11-18
2022-0770-RWA,Flood,Rwanda,3,,,,,2022,2022-11-17,2022-11-18
2022-0774-CMR,Mass movement (wet),Cameroon,14,,,,,2022,2022-11-27,2022-11-27
2022-0775-ITA,Mass movement (wet),Italy,12,5,230,,235,2022,2022-11-26,2022-11-26
2022-0782-IDN,Flood,Indonesia,1,,12500,,12500,2022,2022-11-25,2022-11-27
2022-0783-BRA,Flood,Brazil,10,,3000,,3000,2022,2022-11-29,2022-12-04
2022-0784-SWZ,Storm,Eswatini,,,1058,,1058,2022,2022-11-05,2022-11-05
2022-0785-LKA,Flood,Sri Lanka,1,2,5476,,5478,2022,2022-09-02,2022-09-06
2022-0787-IDN,Volcanic activity,Indonesia,,,2489,,2489,2022,2022-12-04,2022-12-05
2022-0788-ZAF,Flood,South Africa,17,,56177,,56177,2022,2022-12-10,2022-12-12
2022-0789-COL,Mass movement (wet),Colombia,34,6,,,6,2022,2022-12-04,2022-12-04
2022-0793-BRA,Flood,Brazil,32,,17500,,17500,2022,2022-11-29,2022-12-04
2022-0795-VNM,Flood,Viet Nam,5,,10495,,10495,2022,2022-12-01,2022-12-04
2022-0798-IND,Storm,India,,,,,,2022,2022-12-09,2022-12-09
2022-0798-LKA,Storm,Sri Lanka,2,,6500,,6500,2022,2022-12-06,2022-12-08
2022-0800-MNG,Extreme temperature,Mongolia,,,29662,,29662,2022,2022-11-28,
2022-0801-CMR,Epidemic,Cameroon,295,13730,,,13730,2022,,
2022-0805-COD,Flood,Democratic Republic of the Congo,175,87,84624,,84711,2022,2022-12-12,2022-12-13
2022-0808-USA,Earthquake,United States of America,2,12,,,12,2022,2022-12-20,2022-12-20
2022-0809-MYS,Mass movement (wet),Malaysia,33,,94,,94,2022,2022-12-16,2022-12-16
2022-0810-MYS,Flood,Malaysia,8,,60000,,60000,2022,2022-12-17,2022-12-21
2022-0810-THA,Flood,Thailand,7,,630000,,630000,2022,2022-12-19,2022-12-21
2022-0811-USA,Storm,United States of America,3,37,,,37,2022,2022-12-12,2022-12-15
2022-0812-TUR,Flood,Türkiye,,,3000,,3000,2022,2022-12-11,2022-12-12
2022-0815-BRA,Flood,Brazil,2,,16350,,16350,2022,2022-12-20,2022-12-22
2022-0818-CAN,Storm,Canada,4,,,,,2022,2022-12-21,2022-12-26
2022-0818-USA,Storm,United States of America,98,,,,,2022,2022-12-19,2022-12-29
2022-0819-JPN,Storm,Japan,19,130,,,130,2022,2022-12-17,2022-12-26
2022-0823-CHL,Wildfire,Chile,1,,184,,184,2022,2022-12-12,2022-12-12
2022-0825-BIH,Flood,Bosnia and Herzegovina,1,,3000,,3000,2022,2022-12-11,2022-12-22
2022-0825-HRV,Flood,Croatia,,,,,,2022,2022-12-11,2022-12-11
2022-0828-CHL,Wildfire,Chile,2,312,12555,,12867,2022,2022-12-22,2022-12-29
2022-0832-PHL,Flood,Philippines,70,16,600000,,600016,2022,2022-12-25,2022-12-29
2022-0843-MWI,Flood,Malawi,62,185,94000,,94185,2022,,
2022-0845-IDN,Flood,Indonesia,,,545,196200,196745,2022,2022-12-26,2023-01-01
2022-0846-TTO,Flood,Trinidad and Tobago,,,100000,,100000,2022,2022-11-26,2022-12-05
2022-0847-IDN,Flood,Indonesia,1,,2990,220,3210,2022,2022-12-25,2022-12-26
2022-0850-LCA,Flood,Saint Lucia,,,5500,,5500,2022,2022-11-06,2022-11-06
2022-0857-UGA,Flood,Uganda,16,,,130,130,2022,2022-12-20,2022-12-26
2022-0858-KEN,Epidemic,Kenya,202,12123,,,12123,2022,2022-10-19,2023-10-30
2022-0861-MOZ,Flood,Mozambique,88,98,78173,,78271,2022,,
2022-0863-USA,Storm,United States of America,18,,717,,717,2022,2022-12-26,2023-03-26
2022-9123-MHL,Drought,Marshall Islands,,,4480,,4480,2022,,
2022-9174-ETH,Drought,Ethiopia,,,24100000,,24100000,2022,,
2022-9209-USA,Drought,United States of America,136,,,,,2022,,
2022-9211-BRA,Drought,Brazil,,,,,,2022,,
2022-9252-CPV,Drought,Cabo Verde,,,46093,,46093,2022,,
2022-9254-NER,Drought,Niger,,,4400000,,4400000,2022,,
2022-9335-TCD,Drought,Chad,,,2135362,,2135362,2022,,
2022-9370-DJI,Drought,Djibouti,,,192168,,192168,2022,,
2022-9405-FRA,Drought,France,,,,,,2022,,
2022-9405-GBR,Drought,United Kingdom of Great Britain and Northern Ireland,,,,,,2022,,
2022-9405-ITA,Drought,Italy,,,,,,2022,,
2022-9405-PRT,Drought,Portugal,,,,,,2022,,
2022-9436-UGA,Drought,Uganda,2465,,518000,,518000,2022,,
2022-9524-CHN,Drought,China,,,6100000,,6100000,2022,,
2022-9781-BFA,Drought,Burkina Faso,,,3500928,,3500928,2022,,
2022-9782-CMR,Drought,Cameroon,,,2389127,,2389127,2022,,
2022-9783-CAF,Drought,Central African Republic,,,2221692,,2221692,2022,,
2022-9784-COD,Drought,Democratic Republic of the Congo,,,25972806,,25972806,2022,,
2022-9785-MWI,Drought,Malawi,,,2678193,,2678193,2022,,
2022-9786-MLI,Drought,Mali,,,1735753,,1735753,2022,,
2022-9787-NGA,Drought,Nigeria,,,19110398,,19110398,2022,,
2022-9788-SDN,Drought,Sudan,,,11839300,,11839300,2022,,
2022-9863-URY,Drought,Uruguay,,,409115,,409115,2022,,
2023-0002-PHL,Flood,Philippines,52,11,2143347,,2143358,2023,2023-01-01,2023-01-29
2023-0006-IDN,Earthquake,Indonesia,1,11,4350,60,4421,2023,2023-01-10,2023-01-10
2023-0007-COL,Mass movement (wet),Colombia,,,700,,700,2023,2023-01-10,2023-01-10
2023-0012-IRN,Earthquake,Iran (Islamic Republic of),,252,41426,,41678,2023,2023-01-18,2023-01-18
2023-0019-AFG,Extreme temperature,Afghanistan,166,,,,,2023,2023-01-09,2023-01-23
2023-0020-MDG,Storm,Madagascar,53,,90870,,90870,2023,2023-01-19,2023-01-23
2023-0021-CHN,Mass movement (wet),China,28,5,53,,58,2023,2023-01-17,2023-01-17
2023-0022-SRB,Flood,Serbia,2,,210,,210,2023,2023-01-18,2023-01-20
2023-0028-BRA,Flood,Brazil,5,,180,,180,2023,2023-01-17,2023-01-18
2023-0032-USA,Storm,United States of America,11,49,,,49,2023,2023-01-12,2023-01-12
2023-0038-AUS,Flood,Australia,,,363,114,477,2023,2023-01-06,2023-01-10
2023-0041-IDN,Flood,Indonesia,,,100000,,100000,2023,2023-01-20,2023-01-27
2023-0041-MYS,Flood,Malaysia,,,11000,,11000,2023,2023-01-20,2023-01-27
2023-0044-IDN,Flood,Indonesia,,,16700,,16700,2023,2023-01-27,2023-01-30
2023-0046-NZL,Flood,New Zealand,4,,3786,1614,5400,2023,2023-01-27,2023-02-02
2023-0047-IRN,Earthquake,Iran (Islamic Republic of),3,1017,261387,,262404,2023,2023-01-28,2023-01-28
2023-0050-CHL,Wildfire,Chile,26,3034,7500,,10534,2023,2023-02-01,2023-03-06
2023-0052-CAN,Extreme temperature,Canada,2,,,,,2023,2023-01-30,2023-02-05
2023-0052-USA,Extreme temperature,United States of America,10,25,,,25,2023,2023-01-30,2023-02-01
2023-0054-SYR,Earthquake,Syrian Arab Republic,5900,8700,8800000,,8808700,2023,2023-02-06,2023-02-06
2023-0054-TUR,Earthquake,Türkiye,53000,107000,16000000,,16107000,2023,2023-02-06,2023-02-06
2023-0055-BOL,Flood,Bolivia (Plurinational State of),5,,188610,,188610,2023,,2023-03-16
2023-0056-ZMB,Flood,Zambia,,,22000,,22000,2023,2023-01-11,2023-01-30
2023-0066-PER,Mass movement (wet),Peru,38,27,6300,,6327,2023,2023-02-05,2023-02-07
2023-0068-ZMB,Epidemic,Zambia,2,118,,,118,2023,2023-01-21,2023-01-30
2023-0073-IDN,Earthquake,Indonesia,4,,2136,,2136,2023,2023-02-09,2023-02-09
2023-0075-AUT,Mass movement (wet),Austria,8,,,,,2023,2023-02-04,2023-02-05
2023-0075-CHE,Mass movement (wet),Switzerland,2,,,,,2023,2023-02-04,2023-02-05
2023-0075-ITA,Mass movement (wet),Italy,1,,,,,2023,2023-02-04,2023-02-05
2023-0078-MOZ,Flood,Mozambique,14,3,89090,,89093,2023,2023-02-07,2023-02-12
2023-0079-NZL,Storm,New Zealand,11,,10500,,10500,2023,2023-02-11,2023-02-17
2023-0080-ZAF,Flood,South Africa,17,,1000,,1000,2023,2023-02-08,2023-02-21
2023-0087-GNQ,Epidemic,Equatorial Guinea,10,16,,,16,2023,2023-02-13,2023-02-17
2023-0091-SYR,Earthquake,Syrian Arab Republic,,470,,,470,2023,2023-02-20,2023-02-20
2023-0091-TUR,Earthquake,Türkiye,6,294,,,294,2023,2023-02-20,2023-02-20
2023-0092-BRA,Flood,Brazil,67,25,4000,,4025,2023,2023-02-19,2023-02-21
2023-0094-PHL,Flood,Philippines,15,,32764,,32764,2023,2023-02-13,2023-02-20
2023-0095-MDG,Storm,Madagascar,17,,299000,,299000,2023,2023-02-21,2023-03-04
2023-0095-MOZ,Storm,Mozambique,183,698,1230691,,1231389,2023,2023-02-24,2023-03-11
2023-0095-MUS,Storm,Mauritius,1,,2500,,2500,2023,2023-02-21,2023-02-22
2023-0095-MWI,Storm,Malawi,1209,2186,2267458,,2269644,2023,2023-03-11,2023-03-13
2023-0095-REU,Storm,Réunion,,,25000,,25000,2023,2023-02-21,2023-02-21
2023-0095-ZWE,Storm,Zimbabwe,2,,,,,2023,2023-02-24,2023-03-08
2023-0098-NAM,Flood,Namibia,,,2190,,2190,2023,2023-01-13,2023-01-17
2023-0102-PHL,Flood,Philippines,2,,215000,,215000,2023,2023-02-20,2023-02-24
2023-0107-SYR,Earthquake,Syrian Arab Republic,,150,,,150,2023,2023-02-27,2023-02-27
2023-0107-TUR,Earthquake,Türkiye,1,110,,90,200,2023,2023-02-27,2023-02-27
2023-0110-ZMB,Flood,Zambia,,,154608,,154608,2023,2023-02-07,2023-03-09
2023-0111-LBN,Extreme temperature,Lebanon,,,1024200,,1024200,2023,,2023-02-28
2023-0116-PRY,Flood,Paraguay,,,39000,,39000,2023,2023-02-17,2023-03-03
2023-0119-VUT,Storm,Vanuatu,,,251346,,251346,2023,2023-02-28,2023-03-03
2023-0120-MYS,Flood,Malaysia,4,,46630,,46630,2023,2023-02-28,2023-03-02
2023-0122-USA,Storm,United States of America,13,,,,,2023,2023-03-01,2023-03-03
2023-0123-IDN,Mass movement (wet),Indonesia,55,8,1200,,1208,2023,2023-03-06,2023-03-06
2023-0125-BRA,Flood,Brazil,,,750,,750,2023,2023-03-05,2023-03-06
2023-0126-ECU,Flood,Ecuador,30,37,66727,,66764,2023,2023-01-01,2023-04-23
2023-0127-IDN,Storm,Indonesia,1,3,650,,653,2023,2023-03-05,2023-03-05
2023-0128-VUT,Storm,Vanuatu,,,251356,,251356,2023,2023-03-02,2023-03-04
2023-0129-AUS,Flood,Australia,,,700,,700,2023,2023-03-01,2023-03-03
2023-0135-USA,Storm,United States of America,3,,551,,551,2023,2023-03-09,2023-03-12
2023-0137-PER,Flood,Peru,71,,410000,,410000,2023,2023-01-01,2023-03-29
2023-0138-AUS,Flood,Australia,,,170,,170,2023,2023-03-10,2023-03-14
2023-0140-SSD,Epidemic,South Sudan,1,178,,,178,2023,2023-02-22,2023-03-10
2023-0141-TUR,Flood,Türkiye,19,,,,,2023,2023-03-14,2023-03-15
2023-0155-ECU,Earthquake,Ecuador,14,494,126922,,127416,2023,2023-03-18,2023-03-18
2023-0155-PER,Earthquake,Peru,1,1,140,,141,2023,2023-03-18,2023-03-18
2023-0156-AFG,Earthquake,Afghanistan,5,80,3265,,3345,2023,2023-03-21,2023-03-21
2023-0156-PAK,Earthquake,Pakistan,11,79,860,,939,2023,2023-03-21,2023-03-21
2023-0157-BRA,Flood,Brazil,6,,2400,,2400,2023,2023-03-16,2023-03-23
2023-0159-PAK,Flood,Pakistan,10,,,,,2023,2023-03-17,2023-03-22
2023-0160-SYR,Flood,Syrian Arab Republic,,1,2850,,2851,2023,2023-03-19,2023-03-22
2023-0161-IND,Storm,India,16,14,,,14,2023,2023-03-17,2023-03-21
2023-0166-NGA,Epidemic,Nigeria,562,9486,,,9486,2023,2023-01-20,2023-10-10
2023-0169-IRN,Earthquake,Iran (Islamic Republic of),,239,,,239,2023,2023-03-24,2023-03-24
2023-0172-SOM,Flood,Somalia,21,2,100001,,100003,2023,2023-03-12,2023-03-24
2023-0173-PAK,Flood,Pakistan,14,,50,,50,2023,2023-03-25,2023-03-25
2023-0175-BOL,Flood,Bolivia (Plurinational State of),3,,9960,,9960,2023,2023-03-21,2023-03-27
2023-0176-USA,Storm,United States of America,25,72,6000,939,7011,2023,2023-03-22,2023-03-27
2023-0177-ECU,Mass movement (wet),Ecuador,75,44,8400,,8444,2023,2023-03-26,2023-03-26
2023-0178-BOL,Flood,Bolivia (Plurinational State of),,,1500,,1500,2023,2023-03-27,2023-03-29
2023-0179-BRA,Flood,Brazil,,,15000,,15000,2023,2023-03-24,2023-03-27
2023-0180-ZAF,Flood,South Africa,3,,500,,500,2023,2023-03-23,2023-03-27
2023-0187-ETH,Flood,Ethiopia,91,,240000,,240000,2023,2023-03-25,2023-05-12
2023-0187-KEN,Flood,Kenya,36,29,139135,,139164,2023,2023-03-25,2023-03-30
2023-0189-PNG,Earthquake,Papua New Guinea,8,11,13635,2628,16274,2023,2023-04-02,2023-04-02
2023-0192-USA,Storm,United States of America,31,200,5544,735,6479,2023,2023-03-30,2023-04-03
2023-0193-COD,Mass movement (wet),Democratic Republic of the Congo,19,,,,,2023,2023-04-02,2023-04-02
2023-0200-COL,Flood,Colombia,1,,4500,,4500,2023,2023-03-28,2023-03-31
2023-0201-SOM,Epidemic,Somalia,14,3428,,,3428,2023,2023-01-01,2023-04-04
2023-0203-BRA,Flood,Brazil,6,26,3693,,3719,2023,2023-03-29,2023-03-29
2023-0204-BRA,Flood,Brazil,5,,1152,,1152,2023,2023-03-20,2023-03-21
2023-0206-USA,Storm,United States of America,5,5,225,36,266,2023,2023-04-03,2023-04-07
2023-0208-PAK,Flood,Pakistan,14,27,750,,777,2023,2023-03-24,2023-04-06
2023-0212-BLR,Flood,Belarus,,,420,,420,2023,2023-03-30,2023-04-02
2023-0212-LVA,Flood,Latvia,,,200,,200,2023,2023-03-30,2023-04-02
2023-0214-NZL,Storm,New Zealand,,,303,,303,2023,2023-04-09,2023-04-10
2023-0215-KOR,Wildfire,Republic of Korea,1,,500,,500,2023,2023-04-11,2023-04-11
2023-0221-PER,Flood,Peru,25,,124326,,124326,2023,2023-04-10,2023-04-12
2023-0222-BDI,Flood,Burundi,14,13,226,,239,2023,2023-03-31,2023-04-12
2023-0225-USA,Flood,United States of America,,,2000,,2000,2023,2023-04-12,2023-04-14
2023-0226-TZA,Flood,United Republic of Tanzania,13,,,24,24,2023,2023-04-12,2023-04-17
2023-0227-IDN,Mass movement (wet),Indonesia,5,,130,,130,2023,2023-04-15,2023-04-15
2023-0229-IRN,Storm,Iran (Islamic Republic of),3,,400,,400,2023,2023-04-10,2023-04-14
2023-0229-IRQ,Storm,Iraq,3,,,,,2023,2023-04-10,2023-04-14
2023-0233-BRA,Storm,Brazil,,,750,300,1050,2023,2023-04-16,2023-04-17
2023-0234-IND,Extreme temperature,India,11,330,,,330,2023,,
2023-0236-TZA,Flood,United Republic of Tanzania,,,1976,,1976,2023,2023-04-01,2023-04-02
2023-0237-TJK,Earthquake,Tajikistan,,3,2202,,2205,2023,2023-03-23,2023-03-23
2023-0238-PER,Storm,Peru,8,,45000,,45000,2023,2023-03-08,2023-03-11
2023-0239-USA,Storm,United States of America,1,12,,,12,2023,2023-04-15,2023-04-22
2023-0240-KHM,Storm,Cambodia,,,14100,,14100,2023,2023-04-14,2023-04-16
2023-0242-UKR,Flood,Ukraine,,,2850,,2850,2023,2023-04-15,2023-04-15
2023-0246-PHL,Storm,Philippines,,,136149,,136149,2023,2023-04-17,2023-04-21
2023-0247-AGO,Flood,Angola,54,450,44000,,44450,2023,,2023-04-30
2023-0248-MMR,Storm,Myanmar,8,130,,1150,1280,2023,2023-04-21,2023-04-21
2023-0252-TUR,Storm,Türkiye,1,50,504,,554,2023,2023-04-20,2023-04-20
2023-0253-USA,Storm,United States of America,,,,,,2023,2023-04-23,2023-04-27
2023-0254-BGD,Storm,Bangladesh,10,,,,,2023,2023-04-23,2023-04-23
2023-0255-THA,Storm,Thailand,,,22200,,22200,2023,2023-04-23,2023-04-24
2023-0256-LKA,Storm,Sri Lanka,,,910,,910,2023,2023-04-24,2023-04-25
2023-0257-BRA,Flood,Brazil,,,9348,,9348,2023,2023-04-25,2023-04-27
2023-0259-KEN,Flood,Kenya,,,22500,,22500,2023,2023-04-25,2023-04-27
2023-0262-UGA,Flood,Uganda,23,16,1000,,1016,2023,2023-04-24,2023-05-18
2023-0263-VNM,Flood,Viet Nam,,,6540,,6540,2023,2023-04-28,2023-04-30
2023-0266-PAK,Flood,Pakistan,12,3,,,3,2023,2023-04-29,2023-05-03
2023-0267-RWA,Flood,Rwanda,131,77,51905,,51982,2023,2023-05-01,2023-05-03
2023-0268-CHN,Earthquake,China,,10,8400,,8410,2023,2023-05-02,2023-05-02
2023-0270-ITA,Flood,Italy,2,,500,,500,2023,2023-04-30,2023-05-03
2023-0272-CAN,Flood,Canada,2,,1000,,1000,2023,2023-05-01,2023-05-04
2023-0279-JPN,Earthquake,Japan,1,43,2157,54,2254,2023,2023-05-06,2023-05-06
2023-0280-CAN,Wildfire,Canada,2,,30000,,30000,2023,2023-05-06,
2023-0281-COD,Flood,Democratic Republic of the Congo,2830,220,50000,,50220,2023,2023-05-02,2023-05-05
2023-0285-CHN,Flood,China,,,530000,,530000,2023,2023-05-05,2023-05-08
2023-0287-GTM,Volcanic activity,Guatemala,,,1054,,1054,2023,2023-05-05,2023-05-05
2023-0288-USA,Storm,United States of America,1,,,,,2023,2023-05-06,2023-05-08
2023-0289-RUS,Wildfire,Russian Federation,21,,15000,,15000,2023,2023-05-07,2023-05-08
2023-0290-SLE,Storm,Sierra Leone,15,17,,,17,2023,2023-05-06,2023-05-10
2023-0291-AFG,Flood,Afghanistan,4,25,1500,,1525,2023,2023-05-05,2023-05-05
2023-0293-CZE,Flood,Czechia,,,,,,2023,2023-05-13,2023-05-13
2023-0293-ITA,Flood,Italy,15,,46000,,46000,2023,2023-05-16,2023-05-20
2023-0294-BGD,Storm,Bangladesh,3,12,750000,,750012,2023,2023-05-13,2023-05-14
2023-0294-IND,Storm,India,,,1000,,1000,2023,2023-05-14,2023-05-14
2023-0294-MMR,Storm,Myanmar,148,132,1200000,,1200132,2023,2023-05-14,2023-05-15
2023-0295-SOM,Flood,Somalia,22,,468000,,468000,2023,,
2023-0297-MNG,Extreme temperature,Mongolia,2,,5100,,5100,2023,2023-05-19,2023-05-22
2023-0300-GUM,Storm,Guam,2,,100000,,100000,2023,2023-05-24,2023-05-25
2023-0300-JPN,Storm,Japan,3,35,,,35,2023,2023-06-02,2023-06-02
2023-0300-PHL,Storm,Philippines,1,1,30500,,30501,2023,2023-05-24,2023-06-03
2023-0300-TWN,Storm,Taiwan (Province of China),1,,,,,2023,2023-05-29,2023-05-31
2023-0306-PAK,Mass movement (wet),Pakistan,11,25,,,25,2023,2023-05-27,2023-05-27
2023-0319-HRV,Flood,Croatia,,,177,,177,2023,2023-05-12,2023-05-17
2023-0321-BIH,Flood,Bosnia and Herzegovina,,,10000,,10000,2023,2023-05-14,2023-05-19
2023-0323-FRA,Earthquake,France,,2,750,,752,2023,2023-06-16,2023-06-16
2023-0324-USA,Storm,United States of America,5,135,60,,195,2023,2023-06-15,2023-06-22
2023-0325-BRA,Flood,Brazil,17,,11100,,11100,2023,2023-06-15,2023-06-16
2023-0326-NPL,Flood,Nepal,36,6,1500,,1506,2023,2023-06-15,2023-06-19
2023-0328-IND,Extreme temperature,India,179,460,,,460,2023,,
2023-0328-PAK,Extreme temperature,Pakistan,22,,,,,2023,,
2023-0330-IND,Flood,India,,,500000,,500000,2023,2023-06-14,2023-06-23
2023-0331-IND,Storm,India,7,,10000,,10000,2023,2023-06-19,2023-06-21
2023-0331-PAK,Storm,Pakistan,1,,,,,2023,2023-06-15,2023-06-15
2023-0332-USA,Storm,United States of America,3,12,600,,612,2023,2023-06-10,2023-06-17
2023-0334-KAZ,Wildfire,Kazakhstan,14,,300,,300,2023,2023-06-08,2023-06-15
2023-0337-CUB,Flood,Cuba,6,,18500,,18500,2023,2023-06-08,2023-06-10
2023-0339-HTI,Flood,Haiti,78,143,225000,,225143,2023,2023-06-02,2023-06-06
2023-0341-CHN,Flood,China,25,,,,,2023,2023-06-01,2023-06-05
2023-0342-ECU,Flood,Ecuador,,,14186,,14186,2023,2023-06-01,2023-06-08
2023-0352-ZAF,Storm,South Africa,5,,,150,150,2023,2023-06-27,2023-06-29
2023-0353-IRN,Storm,Iran (Islamic Republic of),,1050,,,1050,2023,2023-06-26,2023-06-29
2023-0354-PAK,Flood,Pakistan,33,48,150,,198,2023,2023-06-10,2023-06-29
2023-0355-PHL,Volcanic activity,Philippines,,628,38396,,39024,2023,2023-06-05,2023-06-29
2023-0357-CHN,Mass movement (wet),China,7,,900,,900,2023,2023-06-27,2023-06-28
2023-0359-IND,Flood,India,62,,5,,5,2023,2023-06-26,2023-07-12
2023-0360-BRB,Storm,Barbados,,,179,,179,2023,2023-06-22,2023-06-23
2023-0360-VCT,Storm,Saint Vincent and the Grenadines,,,150,,150,2023,2023-06-22,2023-06-23
2023-0362-CHL,Flood,Chile,4,,21673,,21673,2023,2023-06-21,2023-06-25
2023-0364-USA,Extreme temperature,United States of America,14,,,,,2023,,
2023-0365-GTM,Flood,Guatemala,78,5,4400000,,4400005,2023,,2023-10-11
2023-0366-IDN,Storm,Indonesia,,7,330,,337,2023,2023-06-24,2023-06-26
2023-0368-GHA,Flood,Ghana,8,,250,,250,2023,2023-06-21,2023-06-26
2023-0370-USA,Storm,United States of America,8,100,,,100,2023,2023-06-23,2023-06-29
2023-0378-IDN,Earthquake,Indonesia,1,10,1110,,1120,2023,2023-06-30,2023-06-30
2023-0384-YEM,Flood,Yemen,248,183,308000,,308183,2023,,
2023-0385-PER,Epidemic,Peru,176,110000,,,110000,2023,,
2023-0389-DOM,Flood,Dominican Republic,1,,289083,,289083,2023,2023-06-02,2023-06-09
2023-0391-VEN,Flood,Venezuela (Bolivarian Republic of),12,,112,,112,2023,2023-06-01,2023-06-05
2023-0408-SRB,Flood,Serbia,,,15432,,15432,2023,2023-06-04,2023-06-16
2023-0409-ARM,Storm,Armenia,,,18000,,18000,2023,2023-06-15,2023-06-19
2023-0410-GEO,Flood,Georgia,,,350000,,350000,2023,2023-06-15,2023-06-16
2023-0411-ARG,Flood,Argentina,,,38000,,38000,2023,2023-05-29,2023-07-05
2023-0412-GAB,Storm,Gabon,,,3000,,3000,2023,2023-05-15,2023-05-15
2023-0413-JPN,Flood,Japan,6,18,4200,,4218,2023,2023-07-01,2023-07-07
2023-0417-CHN,Flood,China,21,,95000,14000,109000,2023,2023-07-02,2023-07-05
2023-0418-THA,Flood,Thailand,,,7650,,7650,2023,2023-07-03,2023-07-05
2023-0421-NPL,Epidemic,Nepal,,600,,,600,2023,,
2023-0426-USA,Flood,United States of America,10,,,,,2023,2023-07-09,2023-07-18
2023-0428-IND,Flood,India,1529,,10250000,,10250000,2023,2023-06-25,2023-09-07
2023-0428-PAK,Flood,Pakistan,217,320,28855,,29175,2023,2023-06-25,2023-09-07
2023-0434-BRA,Flood,Brazil,14,,20000,,20000,2023,2023-07-10,2023-07-14
2023-0435-MNG,Flood,Mongolia,,,288738,,288738,2023,2023-07-03,2023-07-14
2023-0436-LKA,Storm,Sri Lanka,,,6631,,6631,2023,2023-07-04,2023-07-14
2023-0437-IDN,Flood,Indonesia,6,7,510,,517,2023,2023-07-07,2023-07-14
2023-0438-ALB,Extreme temperature,Albania,363,,,,,2023,,
2023-0438-AUT,Extreme temperature,Austria,486,,,,,2023,,
2023-0438-BEL,Extreme temperature,Belgium,324,,,,,2023,,
2023-0438-BGR,Extreme temperature,Bulgaria,1670,,,,,2023,,
2023-0438-CHE,Extreme temperature,Switzerland,294,,,,,2023,,
2023-0438-CYP,Extreme temperature,Cyprus,151,,,,,2023,,
2023-0438-CZE,Extreme temperature,Czechia,361,,,,,2023,,
2023-0438-DEU,Extreme temperature,Germany,6376,,,,,2023,,
2023-0438-DNK,Extreme temperature,Denmark,189,,,,,2023,,
2023-0438-ESP,Extreme temperature,Spain,8352,,,,,2023,,
2023-0438-EST,Extreme temperature,Estonia,103,,,,,2023,,
2023-0438-FIN,Extreme temperature,Finland,138,,,,,2023,,
2023-0438-FRA,Extreme temperature,France,2734,,,,,2023,,
2023-0438-GBR,Extreme temperature,United Kingdom of Great Britain and Northern Ireland,1851,,,,,2023,,
2023-0438-GRC,Extreme temperature,Greece,4339,,,,,2023,,
2023-0438-HRV,Extreme temperature,Croatia,561,,,,,2023,,
2023-0438-HUN,Extreme temperature,Hungary,294,,,,,2023,,
2023-0438-IRL,Extreme temperature,Ireland,60,,,,,2023,,
2023-0438-ISL,Extreme temperature,Iceland,,,,,,2023,,
2023-0438-ITA,Extreme temperature,Italy,12743,,,,,2023,2023-07-12,
2023-0438-LIE,Extreme temperature,Liechtenstein,1,,,,,2023,,
2023-0438-LTU,Extreme temperature,Lithuania,247,,,,,2023,,
2023-0438-LUX,Extreme temperature,Luxembourg,33,,,,,2023,,
2023-0438-LVA,Extreme temperature,Latvia,58,,,,,2023,,
2023-0438-MLT,Extreme temperature,Malta,70,,,,,2023,,
2023-0438-MNE,Extreme temperature,Montenegro,41,,,,,2023,,
2023-0438-NLD,Extreme temperature,Netherlands (Kingdom of the),368,,,,,2023,,
2023-0438-NOR,Extreme temperature,Norway,29,,,,,2023,,
2023-0438-POL,Extreme temperature,Poland,616,,,,,2023,,
2023-0438-PRT,Extreme temperature,Portugal,1432,,,,,2023,,
2023-0438-ROU,Extreme temperature,Romania,2585,,,,,2023,,
2023-0438-SRB,Extreme temperature,Serbia,464,,,,,2023,,
2023-0438-SVK,Extreme temperature,Slovakia,247,,,,,2023,,
2023-0438-SVN,Extreme temperature,Slovenia,95,,,,,2023,,
2023-0438-SWE,Extreme temperature,Sweden,13,,,,,2023,,
2023-0440-KOR,Flood,Republic of Korea,58,34,10500,,10534,2023,2023-07-09,2023-07-16
2023-0444-GRC,Wildfire,Greece,3,11,19000,,19011,2023,2023-07-17,2023-07-26
2023-0450-PHL,Storm,Philippines,2,,450,,450,2023,2023-07-12,2023-07-14
2023-0450-VNM,Storm,Viet Nam,1,3,,,3,2023,2023-07-14,2023-07-17
2023-0451-COL,Mass movement (wet),Colombia,29,6,,100,106,2023,2023-07-18,2023-07-18
2023-0457-NER,Flood,Niger,41,53,169598,,169651,2023,,
2023-0458-ITA,Storm,Italy,,110,,,110,2023,2023-07-19,2023-07-20
2023-0459-IND,Mass movement (wet),India,28,,,200,200,2023,2023-07-19,2023-07-19
2023-0460-BIH,Storm,Bosnia and Herzegovina,1,20,,,20,2023,2023-07-18,2023-07-19
2023-0460-HRV,Storm,Croatia,1,100,6000,,6100,2023,2023-07-18,2023-07-20
2023-0460-SRB,Storm,Serbia,,,20,,20,2023,2023-07-18,2023-07-19
2023-0460-SVK,Storm,Slovakia,,,,,,2023,2023-07-18,2023-07-19
2023-0460-SVN,Storm,Slovenia,1,3,3000,,3003,2023,2023-07-18,2023-07-19
2023-0462-AFG,Flood,Afghanistan,67,24,126000,,126024,2023,2023-07-22,2023-07-24
2023-0462-PAK,Flood,Pakistan,13,,,,,2023,2023-07-22,2023-07-24
2023-0464-CHN,Storm,China,56,39,880000,,880039,2023,2023-07-27,2023-08-02
2023-0464-PHL,Storm,Philippines,39,171,5385066,,5385237,2023,2023-07-21,2023-07-27
2023-0464-TWN,Storm,Taiwan (Province of China),1,68,,,68,2023,2023-07-28,2023-07-28
2023-0465-CAN,Flood,Canada,4,,450,,450,2023,2023-07-21,2023-07-22
2023-0466-CHE,Storm,Switzerland,2,40,15000,,15040,2023,2023-07-24,2023-07-25
2023-0466-DEU,Storm,Germany,1,,,,,2023,2023-07-21,2023-07-25
2023-0466-ITA,Storm,Italy,2,,,,,2023,2023-07-21,2023-07-25
2023-0466-ROU,Storm,Romania,2,,,,,2023,2023-07-25,2023-07-25
2023-0466-SRB,Storm,Serbia,1,,,,,2023,2023-07-21,2023-07-25
2023-0468-DZA,Wildfire,Algeria,34,26,30000,,30026,2023,2023-07-23,2023-07-24
2023-0473-BGD,Epidemic,Bangladesh,127,,,,,2023,,2023-07-18
2023-0477-CMR,Flood,Cameroon,2,5,93255,,93260,2023,2023-07-18,2023-07-19
2023-0486-IND,Flood,India,23,,,,,2023,2023-07-27,2023-07-31
2023-0487-RUS,Storm,Russian Federation,10,76,,,76,2023,2023-07-30,2023-07-30
2023-0488-VNM,Flood,Viet Nam,7,,1730,445,2175,2023,2023-07-30,2023-07-31
2023-0490-JPN,Storm,Japan,2,41,,,41,2023,2023-08-02,2023-08-02
2023-0490-KOR,Storm,Republic of Korea,2,,,,,2023,2023-08-10,2023-08-10
2023-0490-RUS,Storm,Russian Federation,3,,13200,,13200,2023,2023-08-11,2023-08-16
2023-0495-LAO,Flood,Lao People's Democratic Republic,7,,110129,,110129,2023,2023-07-04,2023-08-21
2023-0497-SVN,Flood,Slovenia,6,,1500120,,1500120,2023,2023-08-03,2023-08-04
2023-0503-CHN,Flood,China,51,,600000,,600000,2023,,2023-08-09
2023-0507-PRT,Wildfire,Portugal,,35,1400,,1435,2023,2023-08-05,2023-08-09
2023-0510-MNG,Flood,Mongolia,4,,1230,,1230,2023,2023-08-05,2023-08-05
2023-0512-BGD,Flood,Bangladesh,4,6,1000000,,1000006,2023,2023-08-07,2023-08-13
2023-0516-CHN,Flood,China,14,,134000,,134000,2023,2023-08-01,2023-08-07
2023-0517-MMR,Flood,Myanmar,5,,48000,,48000,2023,2023-08-03,2023-08-07
2023-0518-VNM,Flood,Viet Nam,15,8,214527,,214535,2023,2023-08-04,2023-08-07
2023-0521-GEO,Mass movement (wet),Georgia,18,,,,,2023,2023-08-03,2023-08-03
2023-0522-CHN,Earthquake,China,,21,,378,399,2023,2023-08-05,2023-08-05
2023-0524-USA,Wildfire,United States of America,128,,7695,,7695,2023,2023-08-09,2023-08-10
2023-0526-JPN,Storm,Japan,,66,600,,666,2023,2023-08-15,2023-08-17
2023-0528-CHN,Storm,China,5,18,849,,867,2023,2023-08-13,2023-08-17
2023-0529-FRA,Wildfire,France,,51,90,,141,2023,2023-08-14,2023-08-17
2023-0530-MMR,Mass movement (wet),Myanmar,39,,,,,2023,2023-08-13,2023-08-13
2023-0534-USA,Wildfire,United States of America,2,1,720,81,802,2023,,2023-08-22
2023-0535-GRC,Wildfire,Greece,20,,,,,2023,2023-08-19,2023-08-27
2023-0539-CHL,Flood,Chile,3,,32000,,32000,2023,2023-08-17,2023-08-21
2023-0542-PAK,Flood,Pakistan,16,,,,,2023,2023-08-20,2023-08-27
2023-0547-IND,Mass movement (wet),India,10,,605,,605,2023,2023-08-23,2023-08-24
2023-0548-IND,Mass movement (wet),India,26,2,,,2,2023,2023-08-23,2023-08-23
2023-0551-CHN,Flood,China,27,,,,,2023,2023-08-11,2023-08-16
2023-0559-DOM,Storm,Dominican Republic,3,,289083,,289083,2023,2023-08-20,2023-08-23
2023-0564-COG,Epidemic,Congo,52,1752,84240,,85992,2023,2023-07-17,2023-08-30
2023-0565-CUB,Storm,Cuba,,,,,,2023,2023-08-28,2023-08-29
2023-0565-USA,Storm,United States of America,5,,,,,2023,2023-08-28,2023-08-29
2023-0568-CHN,Storm,China,1,2,,,2,2023,2023-09-03,2023-09-04
2023-0568-HKG,Storm,"China, Hong Kong Special Administrative Region",,86,,,86,2023,2023-09-01,2023-09-02
2023-0568-PHL,Storm,Philippines,4,3,900000,,900003,2023,2023-08-22,2023-08-25
2023-0570-TJK,Flood,Tajikistan,21,,,,,2023,2023-08-27,2023-08-30
2023-0571-PAK,Flood,Pakistan,6,101,89500,,89601,2023,2023-09-01,2023-09-04
2023-0577-KGZ,Epidemic,Kyrgyzstan,,3618,,,3618,2023,,2023-11-13
2023-0578-GIN,Flood,Guinea,8,937,24135,,25072,2023,2023-08-06,2023-08-11
2023-0579-MRT,Flood,Mauritania,1,,7200,,7200,2023,2023-07-30,2023-07-31
2023-0580-DZA,Flood,Algeria,8,218,1450,,1668,2023,2023-09-02,2023-09-03
2023-0581-ESP,Flood,Spain,3,,6000,,6000,2023,2023-09-02,2023-09-04
2023-0582-BGR,Flood,Bulgaria,4,,4000,,4000,2023,2023-09-07,2023-09-08
2023-0582-GRC,Flood,Greece,17,,5260,,5260,2023,2023-09-04,2023-09-07
2023-0582-TUR,Flood,Türkiye,8,31,,,31,2023,2023-09-06,2023-09-08
2023-0600-MAR,Earthquake,Morocco,2946,5674,840000,,845674,2023,2023-09-08,2023-09-08
2023-0601-IDN,Flood,Indonesia,,,14500,,14500,2023,2023-09-01,2023-09-08
2023-0603-ARG,Storm,Argentina,,,6000,,6000,2023,2023-09-01,2023-09-14
2023-0603-BRA,Storm,Brazil,46,924,341000,,341924,2023,2023-09-01,2023-09-04
2023-0606-IND,Storm,India,12,14,1060,,1074,2023,2023-09-02,2023-09-06
2023-0609-JPN,Storm,Japan,3,,3600,,3600,2023,2023-09-08,2023-09-09
2023-0610-LBY,Storm,Libya,13200,,1600000,,1600000,2023,2023-09-10,2023-09-11
2023-0615-CHN,Flood,China,,,,,,2023,2023-09-07,2023-09-08
2023-0615-HKG,Flood,"China, Hong Kong Special Administrative Region",,119,,,119,2023,2023-09-08,2023-09-08
2023-0619-ZAF,Flood,South Africa,11,,5000,,5000,2023,2023-09-23,2023-09-24
2023-0621-GRC,Storm,Greece,,,250,,250,2023,2023-09-27,2023-09-28
2023-0622-IND,Glacial lake outburst flood,India,178,,88400,,88400,2023,2023-10-05,2023-10-05
2023-0623-CHN,Storm,China,,,,,,2023,2023-10-06,2023-10-09
2023-0623-HKG,Storm,"China, Hong Kong Special Administrative Region",,,,,,2023,2023-10-06,2023-10-09
2023-0623-PHL,Storm,Philippines,,,275,,275,2023,2023-10-04,2023-10-05
2023-0623-TWN,Storm,Taiwan (Province of China),1,190,,,190,2023,2023-10-05,2023-10-05
2023-0633-MMR,Flood,Myanmar,5,35,27300,,27335,2023,2023-10-05,2023-10-09
2023-0634-CMR,Mass movement (wet),Cameroon,27,,2000,,2000,2023,2023-10-08,2023-10-09
2023-0635-VNM,Flood,Viet Nam,2,,1900,,1900,2023,2023-10-06,2023-10-07
2023-0636-AFG,Earthquake,Afghanistan,2445,9240,560000,,569240,2023,2023-10-07,2023-10-07
2023-0647-MEX,Flood,Mexico,11,,,,,2023,2023-09-25,2023-09-25
2023-0651-USA,Flood,United States of America,,,,,,2023,2023-09-29,2023-10-04
2023-0653-NPL,Earthquake,Nepal,1,23,36250,,36273,2023,2023-10-03,2023-10-03
2023-0654-LKA,Flood,Sri Lanka,,,244504,,244504,2023,2023-09-28,2023-10-07
2023-0656-USA,Storm,United States of America,2,,,,,2023,2023-09-21,2023-09-27
2023-0659-IRN,Storm,Iran (Islamic Republic of),3,2017,,,2017,2023,2023-09-20,2023-09-22
2023-0660-AFG,Earthquake,Afghanistan,1,140,,,140,2023,2023-10-11,2023-10-11
2023-0662-ARG,Wildfire,Argentina,,,800,,800,2023,2023-10-10,2023-10-13
2023-0663-BRA,Flood,Brazil,,,26509,,26509,2023,2023-10-10,2023-10-10
2023-0671-COD,Mass movement (wet),Democratic Republic of the Congo,17,,,,,2023,2023-09-17,2023-09-19
2023-0672-NGA,Flood,Nigeria,,,1336,,1336,2023,2023-09-17,2023-09-19
2023-0675-MEX,Storm,Mexico,104,,988000,,988000,2023,2023-10-22,2023-10-25
2023-0680-SLB,Storm,Solomon Islands,,,22319,,22319,2023,2023-10-24,2023-10-25
2023-0680-VUT,Storm,Vanuatu,,,91000,,91000,2023,2023-10-24,2023-10-25
2023-0683-SOM,Flood,Somalia,4,,278000,,278000,2023,,
2023-0685-YEM,Storm,Yemen,7,150,90000,,90150,2023,2023-10-23,2023-10-24
2023-0686-BGD,Storm,Bangladesh,3,,1500000,,1500000,2023,2023-10-24,2023-10-25
2023-0690-GHA,Flood,Ghana,,7,40857,,40864,2023,2023-10-13,2023-10-19
2023-0691-NGA,Flood,Nigeria,275,,30000,,30000,2023,2023-10-05,2023-10-19
2023-0703-HND,Storm,Honduras,1,,,,,2023,2023-10-29,2023-11-01
2023-0703-SLV,Storm,El Salvador,3,,500,,500,2023,2023-10-30,2023-11-02
2023-0719-ZWE,Epidemic,Zimbabwe,719,4217,,,4217,2023,2023-02-12,2024-06-30
2023-0720-CRI,Epidemic,Costa Rica,,14403,,,14403,2023,,
2023-0721-KEN,Flood,Kenya,178,242,695255,,695497,2023,2023-10-15,
2023-0722-NPL,Earthquake,Nepal,154,366,300000,,300366,2023,2023-11-03,2023-11-03
2023-0724-BEL,Storm,Belgium,2,,,,,2023,2023-11-02,2023-11-03
2023-0724-DEU,Storm,Germany,1,,,,,2023,2023-11-01,2023-11-02
2023-0724-ESP,Storm,Spain,1,,,,,2023,2023-11-02,2023-11-03
2023-0724-FRA,Storm,France,2,16,,,16,2023,2023-11-02,2023-11-03
2023-0724-GBR,Storm,United Kingdom of Great Britain and Northern Ireland,,,,,,2023,2023-11-02,2023-11-03
2023-0724-ITA,Storm,Italy,8,,1200,,1200,2023,2023-11-02,2023-11-03
2023-0724-NLD,Storm,Netherlands (Kingdom of the),1,,,,,2023,2023-11-06,2023-11-06
2023-0725-ESP,Storm,Spain,,,,,,2023,2023-11-04,2023-11-07
2023-0725-FRA,Storm,France,,50,,517000,517050,2023,2023-11-04,2023-11-07
2023-0727-ESP,Wildfire,Spain,,,800,,800,2023,2023-11-02,2023-11-03
2023-0728-ETH,Flood,Ethiopia,60,,1500000,,1500000,2023,,2023-11-30
2023-0729-MYS,Flood,Malaysia,,,881,,881,2023,2023-11-05,2023-11-08
2023-0732-HND,Storm,Honduras,4,,46658,,46658,2023,2023-11-03,2023-11-10
2023-0733-LKA,Storm,Sri Lanka,8,,34800,,34800,2023,2023-11-01,2023-11-13
2023-0734-BEL,Flood,Belgium,,,3000,,3000,2023,2023-11-06,2023-11-10
2023-0734-FRA,Flood,France,,,3500,,3500,2023,2023-11-06,2023-11-07
2023-0739-PHL,Earthquake,Philippines,,5,175,,180,2023,2023-09-12,2023-09-12
2023-0741-SOM,Flood,Somalia,118,,2480000,,2480000,2023,,2023-11-20
2023-0746-MNG,Storm,Mongolia,8,,669367,,669367,2023,2023-11-04,
2023-0747-BRA,Storm,Brazil,1,,300,,300,2023,2023-11-11,2023-11-14
2023-0749-ISL,Earthquake,Iceland,,,3665,,3665,2023,2023-10-25,2023-12-18
2023-0753-PRY,Flood,Paraguay,6,19,7656,,7675,2023,2023-10-30,2023-11-04
2023-0754-VNM,Storm,Viet Nam,5,,80000,,80000,2023,2023-11-13,2023-11-14
2023-0760-BOL,Wildfire,Bolivia (Plurinational State of),12,,,,,2023,2023-11-17,2023-11-22
2023-0761-BGR,Storm,Bulgaria,2,,,,,2023,2023-11-18,2023-11-19
2023-0761-FRA,Storm,France,,,,,,2023,2023-11-15,2023-11-16
2023-0761-TUR,Storm,Türkiye,20,,,,,2023,2023-11-18,2023-11-21
2023-0762-PHL,Earthquake,Philippines,11,37,99541,,99578,2023,2023-11-17,2023-11-17
2023-0763-DOM,Flood,Dominican Republic,34,,22236,,22236,2023,2023-11-17,2023-11-18
2023-0763-HTI,Flood,Haiti,2,,,,,2023,2023-11-17,2023-11-18
2023-0764-GTM,Mass movement (wet),Guatemala,86,,123325,,123325,2023,2023-11-22,2023-11-27
2023-0769-COD,Flood,Democratic Republic of the Congo,4,20,3600,,3620,2023,2023-11-13,2023-11-23
2023-0770-URY,Flood,Uruguay,,,3472,,3472,2023,2023-10-30,2023-11-18
2023-0777-BRA,Flood,Brazil,4,63,194000,,194063,2023,2023-11-13,2023-11-19
2023-0783-BOL,Flood,Bolivia (Plurinational State of),14,,8900,,8900,2023,2023-12-10,2023-12-13
2023-0784-LKA,Storm,Sri Lanka,1,3,2000,,2003,2023,2023-12-01,2023-12-13
2023-0785-USA,Flood,United States of America,3,,126,,126,2023,2023-12-04,2023-12-06
2023-0791-PHL,Earthquake,Philippines,3,79,720997,,721076,2023,2023-12-02,2023-12-02
2023-0792-IND,Storm,India,20,,4390000,,4390000,2023,2023-12-05,2023-12-06
2023-0797-TZA,Mass movement (wet),United Republic of Tanzania,89,139,6202,,6341,2023,2023-12-02,2023-12-06
2023-0802-PHL,Flood,Philippines,2,1,1157487,,1157488,2023,2023-11-14,2023-11-27
2023-0803-IDN,Flood,Indonesia,,,17750,,17750,2023,2023-11-24,2023-11-27
2023-0804-BGR,Storm,Bulgaria,2,36,,,36,2023,2023-11-25,2023-11-27
2023-0804-DEU,Storm,Germany,2,,,,,2023,2023-11-27,2023-11-28
2023-0804-MDA,Storm,Republic of Moldova,4,10,,,10,2023,2023-11-26,2023-11-28
2023-0804-ROU,Storm,Romania,,,,,,2023,2023-11-25,2023-11-27
2023-0804-RUS,Storm,Russian Federation,2,,,,,2023,2023-11-26,2023-11-27
2023-0804-TUR,Storm,Türkiye,2,,,,,2023,2023-11-26,2023-11-27
2023-0804-UKR,Storm,Ukraine,12,23,,,23,2023,2023-11-26,2023-11-27
2023-0807-TZA,Flood,United Republic of Tanzania,38,,2896500,,2896500,2023,2023-10-15,2023-11-23
2023-0809-BDI,Flood,Burundi,7,,9312,,9312,2023,2023-10-26,2023-10-27
2023-0810-COL,Flood,Colombia,,,41088,,41088,2023,2023-10-30,2023-11-28
2023-0811-FJI,Storm,Fiji,,,230000,,230000,2023,2023-11-14,2023-11-15
2023-0812-IND,Storm,India,24,25,,,25,2023,2023-11-26,2023-11-27
2023-0814-PER,Flood,Peru,,,168,,168,2023,2023-11-27,2023-11-29
2023-0815-AUS,Flood,Australia,,,390,,390,2023,2023-11-27,2023-11-30
2023-0820-IDN,Volcanic activity,Indonesia,23,12,75,,87,2023,2023-12-03,2023-12-03
2023-0824-JOR,Extreme temperature,Jordan,,,2000,,2000,2023,2023-11-19,2023-12-08
2023-0825-CAF,Storm,Central African Republic,,,6066,,6066,2023,2023-10-31,2023-11-01
2023-0826-USA,Storm,United States of America,6,91,1950,,2041,2023,2023-12-09,2023-12-11
2023-0827-COD,Mass movement (wet),Democratic Republic of the Congo,14,,,,,2023,2023-12-10,2023-12-11
2023-0828-AUS,Storm,Australia,,,300,,300,2023,2023-12-13,2023-12-15
2023-0829-CHL,Wildfire,Chile,,7,375,,382,2023,2023-12-06,2023-12-11
2023-0831-ARG,Storm,Argentina,13,20,8000,,8020,2023,2023-12-13,2023-12-18
2023-0831-URY,Storm,Uruguay,2,,,,,2023,2023-12-13,2023-12-18
2023-0838-CHN,Earthquake,China,151,980,600000,,600980,2023,2023-12-19,2023-12-19
2023-0842-PHL,Storm,Philippines,1,1,425866,,425867,2023,2023-12-18,2023-12-19
2023-0843-USA,Storm,United States of America,7,12,57,,69,2023,2023-12-16,2023-12-19
2023-0844-AGO,Flood,Angola,30,,26460,,26460,2023,2023-11-30,2023-12-05
2023-0846-IND,Flood,India,10,,,,,2023,2023-12-18,2023-12-20
2023-0847-ZAF,Storm,South Africa,1,6,1211,,1217,2023,2023-12-19,2023-12-21
2023-0851-IDN,Volcanic activity,Indonesia,,,2229,,2229,2023,,2024-01-02
2023-0854-MYS,Flood,Malaysia,2,,25676,,25676,2023,2023-12-22,2023-12-25
2023-0854-THA,Flood,Thailand,6,,241473,,241473,2023,2023-12-22,2023-12-25
2023-0855-ZAF,Flood,South Africa,34,,1800,,1800,2023,2023-12-24,2023-12-26
2023-0856-AUS,Storm,Australia,10,,2100,,2100,2023,2023-12-23,2023-12-27
2023-0857-COD,Flood,Democratic Republic of the Congo,40,5,,,5,2023,2023-12-26,2023-12-27
2023-0858-COD,Mass movement (wet),Democratic Republic of the Congo,22,,,,,2023,2023-12-25,2023-12-25
2023-0866-FRA,Flood,France,1,2,6048,,6050,2023,2023-12-30,2024-01-03
2023-0867-ZMB,Epidemic,Zambia,740,20102,,,20102,2023,,
2023-0868-COG,Flood,Congo,23,,321000,,321000,2023,2023-12-07,2024-01-15
2023-0875-LSO,Storm,Lesotho,2,,968,,968,2023,2023-12-22,2023-12-28
2023-0876-SOM,Epidemic,Somalia,60,4956,,,4956,2023,2023-12-06,2024-02-05
2023-0877-MDV,Epidemic,Maldives,,455,,,455,2023,,
2023-0878-CPV,Epidemic,Cabo Verde,2,,4002,,4002,2023,2023-11-06,2024-09-18
2023-0879-MYS,Epidemic,Malaysia,100,123133,,,123133,2023,,
2023-9167-HND,Drought,Honduras,,,10300,,10300,2023,,
2023-9234-ESP,Drought,Spain,,,26000,,26000,2023,,
2023-9234-ITA,Drought,Italy,,,,,,2023,,
2023-9390-LSO,Drought,Lesotho,,,699049,,699049,2023,,
2023-9494-IDN,Drought,Indonesia,,,18750000,,18750000,2023,,
2023-9589-URY,Drought,Uruguay,,,409115,,409115,2023,,
2023-9651-BRA,Drought,Brazil,,,608000,,608000,2023,2023-03-01,2023-12-31
2023-9706-BOL,Drought,Bolivia (Plurinational State of),,,1948056,,1948056,2023,,
2023-9868-USA,Drought,United States of America,247,,,,,2023,2023-04-01,2023-09-30
2023-9872-CHN,Drought,China,,,,,,2023,2023-01-01,2023-12-31
2023-9873-FSM,Drought,Micronesia (Federated States of),,,113000,,113000,2023,,
2023-9878-MOZ,Drought,Mozambique,,,3300000,,3300000,2023,,
2023-9879-BWA,Drought,Botswana,,,37000,,37000,2023,,
2024-0001-JPN,Earthquake,Japan,551,1383,401274,89898,492555,2024,2024-01-01,2024-01-01
2024-0002-MDG,Storm,Madagascar,10,,25837,,25837,2024,2024-01-01,2024-01-02
2024-0004-USA,Storm,United States of America,5,11,,,11,2024,2024-01-08,2024-01-10
2024-0005-USA,Storm,United States of America,61,,,,,2024,2024-01-09,2024-01-22
2024-0008-LKA,Flood,Sri Lanka,2,,175000,,175000,2024,2024-01-01,2024-01-16
2024-0009-MUS,Storm,Mauritius,2,,100000,,100000,2024,2024-01-15,2024-01-16
2024-0009-REU,Storm,Réunion,4,,700,,700,2024,2024-01-15,2024-01-15
2024-0011-COL,Mass movement (wet),Colombia,34,19,,,19,2024,2024-01-12,2024-01-12
2024-0012-BRA,Flood,Brazil,13,,62000,,62000,2024,2024-01-08,2024-01-16
2024-0015-ZAF,Flood,South Africa,13,6,750,,756,2024,2024-01-12,2024-01-19
2024-0016-BOL,Flood,Bolivia (Plurinational State of),2,6,2500,,2506,2024,2024-01-19,2024-01-19
2024-0017-TZA,Mass movement (wet),United Republic of Tanzania,22,,,,,2024,2024-01-13,2024-01-13
2024-0018-SYR,Flood,Syrian Arab Republic,,,9700,,9700,2024,2024-01-17,2024-01-25
2024-0020-PHL,Flood,Philippines,21,11,1228003,,1228014,2024,2024-01-14,2024-02-02
2024-0032-CHN,Mass movement (wet),China,44,,500,,500,2024,2024-01-22,2024-01-22
2024-0035-CHN,Earthquake,China,6,5,12426,141,12572,2024,2024-01-23,2024-01-23
2024-0035-KAZ,Earthquake,Kazakhstan,,67,,,67,2024,2024-01-23,2024-01-23
2024-0036-BRA,Storm,Brazil,4,,600,,600,2024,2024-01-19,2024-01-22
2024-0043-PHL,Mass movement (wet),Philippines,22,11,1567339,,1567350,2024,2024-01-28,2024-02-01
2024-0044-ZAF,Wildfire,South Africa,,,250,,250,2024,,2024-01-31
2024-0047-BRA,Flood,Brazil,6,,117000,,117000,2024,2024-01-26,2024-01-30
2024-0052-PER,Storm,Peru,,,149,,149,2024,2024-01-25,2024-01-28
2024-0056-CHL,Wildfire,Chile,135,1250,39528,,40778,2024,2024-02-01,2024-02-07
2024-0057-PHL,Mass movement (wet),Philippines,128,32,1400000,,1400032,2024,2024-02-06,2024-02-06
2024-0060-JPN,Storm,Japan,,240,,,240,2024,2024-02-05,2024-02-07
2024-0062-USA,Storm,United States of America,9,,86,,86,2024,2024-02-04,2024-02-08
2024-0064-ECU,Flood,Ecuador,6,7,117491,,117498,2024,2024-01-29,2024-02-27
2024-0072-LBN,Extreme temperature,Lebanon,,,2975000,,2975000,2024,2024-01-24,2024-01-29
2024-0073-MHL,Storm,Marshall Islands,,,19532,,19532,2024,2024-01-22,2024-01-22
2024-0074-ZAF,Storm,South Africa,46,,7813,,7813,2024,2024-01-07,
2024-0076-ARE,Flood,United Arab Emirates,,,346,,346,2024,2024-02-12,2024-02-13
2024-0076-OMN,Flood,Oman,7,1,190,,191,2024,2024-02-11,2024-02-13
2024-0077-CYP,Flood,Cyprus,,1,468,,469,2024,2024-02-12,2024-02-13
2024-0077-GRC,Flood,Greece,,,,,,2024,2024-02-13,2024-02-13
2024-0077-TUR,Flood,Türkiye,10,,900,,900,2024,2024-02-12,2024-02-14
2024-0079-USA,Storm,United States of America,1,,,,,2024,2024-02-08,2024-02-13
2024-0092-AFG,Mass movement (wet),Afghanistan,25,8,150,,158,2024,2024-02-18,2024-02-18
2024-0098-BRA,Flood,Brazil,9,,550,,550,2024,2024-02-21,2024-02-23
2024-0101-IDN,Flood,Indonesia,2,2,25500,,25502,2024,2024-02-15,2024-02-21
2024-0103-PER,Flood,Peru,,,346,,346,2024,2024-02-19,2024-02-21
2024-0104-BRA,Storm,Brazil,,,28855,,28855,2024,2024-02-25,2024-03-05
2024-0105-BOL,Flood,Bolivia (Plurinational State of),,,,150,150,2024,2024-02-25,2024-02-27
2024-0106-THA,Storm,Thailand,,,1400,,1400,2024,2024-02-17,2024-02-20
2024-0108-BRA,Flood,Brazil,,,291,,291,2024,2024-02-13,2024-02-16
2024-0120-AFG,Flood,Afghanistan,39,2,,3150,3152,2024,2024-02-27,2024-03-04
2024-0120-IRN,Flood,Iran (Islamic Republic of),,,258387,,258387,2024,2024-02-27,2024-03-08
2024-0120-PAK,Flood,Pakistan,40,62,2770,400,3232,2024,2024-02-27,2024-03-04
2024-0121-ARG,Flood,Argentina,,,400000,,400000,2024,2024-03-03,2024-03-03
2024-0122-MWI,Flood,Malawi,6,4,14000,,14004,2024,2024-02-27,2024-03-07
2024-0123-BDI,Storm,Burundi,,5,650,,655,2024,2024-03-02,2024-03-07
2024-0126-USA,Wildfire,United States of America,2,,300,39,339,2024,2024-02-26,2024-03-07
2024-0129-CHE,Storm,Switzerland,6,,,,,2024,2024-03-09,2024-03-10
2024-0129-ESP,Storm,Spain,1,,,,,2024,2024-03-09,2024-03-10
2024-0129-FRA,Storm,France,8,1,,,1,2024,2024-03-09,2024-03-10
2024-0129-ITA,Storm,Italy,1,3,,,3,2024,2024-03-09,2024-03-10
2024-0129-SPI,Storm,Canary Islands,2,,,,,2024,2024-03-08,2024-03-09
2024-0130-IDN,Mass movement (wet),Indonesia,59,12,500000,,500012,2024,2024-03-01,2024-03-22
2024-0137-URY,Flood,Uruguay,,,100000,,100000,2024,2024-03-16,2024-03-28
2024-0138-IRQ,Flood,Iraq,3,17,18000,,18017,2024,2024-03-18,2024-03-21
2024-0140-PNG,Mass movement (wet),Papua New Guinea,23,,,,,2024,2024-03-18,2024-03-21
2024-0141-COD,Storm,Democratic Republic of the Congo,2,27,500,,527,2024,2024-03-16,2024-03-21
2024-0142-ARG,Storm,Argentina,1,6,400000,,400006,2024,2024-03-18,2024-03-19
2024-0145-AFG,Extreme temperature,Afghanistan,1197,2217,325205,,327422,2024,,
2024-0146-DZA,Flood,Algeria,,,1000,,1000,2024,2024-02-29,2024-02-29
2024-0147-BOL,Flood,Bolivia (Plurinational State of),,,3990,,3990,2024,2024-02-27,2024-03-28
2024-0149-IND,Storm,India,4,7,22810,115,22932,2024,2024-03-27,2024-03-27
2024-0150-KEN,Flood,Kenya,353,188,306520,,306708,2024,2024-03-24,2024-05-03
2024-0152-BRA,Flood,Brazil,34,,7708,,7708,2024,2024-03-22,2024-03-26
2024-0153-PNG,Earthquake,Papua New Guinea,5,2,,5000,5002,2024,2024-03-20,2024-03-20
2024-0154-IDN,Earthquake,Indonesia,,2,144520,,144522,2024,2024-03-22,2024-03-22
2024-0156-CUB,Storm,Cuba,,,270000,,270000,2024,2024-03-22,2024-03-25
2024-0158-CHN,Wildfire,China,4,,4900,,4900,2024,2024-03-15,2024-03-21
2024-0161-CHL,Wildfire,Chile,,6,120,,126,2024,2024-03-13,2024-03-15
2024-0162-PER,Flood,Peru,,,203,,203,2024,2024-03-10,2024-03-12
2024-0164-MOZ,Storm,Mozambique,2,85,93240,,93325,2024,2024-03-12,2024-03-12
2024-0172-MDG,Storm,Madagascar,22,4,89465,,89469,2024,2024-03-26,2024-03-29
2024-0173-USA,Storm,United States of America,3,70,,,70,2024,2024-03-12,2024-03-16
2024-0181-AFG,Flood,Afghanistan,7,,1920,,1920,2024,2024-03-21,2024-03-30
2024-0183-FRA,Flood,France,1,,750,,750,2024,2024-03-30,2024-04-04
2024-0189-TWN,Earthquake,Taiwan (Province of China),20,1145,891,333,2369,2024,2024-04-03,2024-04-03
2024-0190-PAK,Storm,Pakistan,99,94,17500,,17594,2024,2024-03-31,2024-04-23
2024-0192-BRA,Flood,Brazil,,,2323,,2323,2024,2024-04-01,2024-04-04
2024-0193-USA,Storm,United States of America,5,,,,,2024,2024-03-29,2024-04-05
2024-0195-NGA,Storm,Nigeria,1,7,500,,507,2024,2024-04-03,2024-04-03
2024-0198-KAZ,Flood,Kazakhstan,2,,120000,,120000,2024,2024-04-03,2024-04-12
2024-0198-RUS,Flood,Russian Federation,3,,38400,,38400,2024,2024-04-03,2024-04-12
2024-0199-AUS,Flood,Australia,,6,200,,206,2024,2024-04-05,2024-04-09
2024-0203-TZA,Flood,United Republic of Tanzania,155,236,200000,,200236,2024,2024-04-02,2024-05-02
2024-0204-IDN,Flood,Indonesia,2,2,3130,,3132,2024,2024-04-07,2024-04-09
2024-0205-USA,Flood,United States of America,1,10,216,,226,2024,2024-04-06,2024-04-11
2024-0209-ZAF,Storm,South Africa,1,,13895,,13895,2024,2024-04-08,2024-04-08
2024-0210-KEN,Flood,Kenya,13,2,15000,,15002,2024,2024-04-11,2024-04-12
2024-0216-IDN,Mass movement (wet),Indonesia,20,2,,,2,2024,2024-04-13,2024-04-13
2024-0219-ARE,Flood,United Arab Emirates,4,,,,,2024,2024-04-15,2024-04-16
2024-0219-OMN,Flood,Oman,20,,1200,,1200,2024,2024-04-14,2024-04-16
2024-0221-COD,Mass movement (wet),Democratic Republic of the Congo,75,,,,,2024,2024-04-13,2024-04-13
2024-0223-IDN,Volcanic activity,Indonesia,,,8500,,8500,2024,2024-04-16,2024-04-29
2024-0226-GTM,Wildfire,Guatemala,,200,,,200,2024,2024-01-01,2024-04-11
2024-0231-UGA,Flood,Uganda,77,296,57508,,57804,2024,,
2024-0232-BDI,Flood,Burundi,29,175,237000,,237175,2024,,2024-05-02
2024-0233-IRN,Flood,Iran (Islamic Republic of),10,,46000,,46000,2024,2024-04-16,2024-04-23
2024-0234-CHN,Flood,China,24,6,110000,,110006,2024,2024-04-19,2024-04-23
2024-0241-SOM,Flood,Somalia,9,,226000,,226000,2024,2024-04-19,2024-05-02
2024-0242-THA,Storm,Thailand,2,3,3415,,3418,2024,2024-04-18,2024-04-23
2024-0243-BIH,Epidemic,Bosnia and Herzegovina,,1749,,,1749,2024,,
2024-0246-BGD,Extreme temperature,Bangladesh,10,,33000000,,33000000,2024,2024-04-21,2024-05-07
2024-0246-IND,Extreme temperature,India,733,25000,,,25000,2024,,
2024-0246-PAK,Extreme temperature,Pakistan,,,,,,2024,,
2024-0247-KEN,Flood,Kenya,10,,,,,2024,2024-04-23,2024-04-24
2024-0249-IDN,Flood,Indonesia,4,,51812,,51812,2024,2024-04-16,2024-04-25
2024-0250-KGZ,Flood,Kyrgyzstan,,,103901,,103901,2024,2024-04-21,2024-04-22
2024-0260-TCD,Flood,Chad,1,45,3760,,3805,2024,,2024-04-29
2024-0262-IDN,Earthquake,Indonesia,1,12,2730,70,2812,2024,2024-04-27,2024-04-27
2024-0263-PAK,Storm,Pakistan,7,9,300,,309,2024,2024-04-28,2024-04-29
2024-0264-IDN,Mass movement (wet),Indonesia,12,6,,,6,2024,2024-04-25,2024-04-26
2024-0265-CHN,Storm,China,5,33,423,,456,2024,2024-04-27,2024-04-27
2024-0266-USA,Storm,United States of America,4,10,558,597,1165,2024,2024-04-25,2024-05-08
2024-0268-COD,Flood,Democratic Republic of the Congo,300,,2190000,,2190000,2024,2024-01-11,2024-01-20
2024-0269-ARG,Flood,Argentina,,,2400,,2400,2024,,2024-05-13
2024-0269-BRA,Flood,Brazil,182,806,2398255,,2399061,2024,2024-05-02,2024-06-05
2024-0270-CHN,Mass movement (wet),China,48,30,,,30,2024,2024-05-01,2024-05-01
2024-0271-RWA,Flood,Rwanda,14,27,,,27,2024,2024-04-20,2024-05-02
2024-0272-VNM,Storm,Viet Nam,1,,8320,,8320,2024,2024-04-30,2024-05-02
2024-0275-KHM,Extreme temperature,Cambodia,,,,,,2024,,
2024-0275-LAO,Extreme temperature,Lao People's Democratic Republic,,,,,,2024,,
2024-0275-MMR,Extreme temperature,Myanmar,50,100,,,100,2024,2024-04-01,2024-05-03
2024-0275-PHL,Extreme temperature,Philippines,,34,,,34,2024,,
2024-0275-THA,Extreme temperature,Thailand,61,,,,,2024,,
2024-0275-VNM,Extreme temperature,Viet Nam,,,,,,2024,,
2024-0277-IDN,Mass movement (wet),Indonesia,12,,17395,,17395,2024,2024-05-03,2024-05-05
2024-0278-HTI,Mass movement (wet),Haiti,13,,11125,75,11200,2024,2024-05-03,2024-05-05
2024-0280-IND,Storm,India,1,,77000,,77000,2024,2024-05-05,2024-05-05
2024-0282-YEM,Flood,Yemen,,,39123,,39123,2024,2024-04-16,2024-05-07
2024-0284-KGZ,Flood,Kyrgyzstan,,,500,,500,2024,2024-05-05,2024-05-07
2024-0284-TJK,Flood,Tajikistan,3,,40,,40,2024,2024-05-05,2024-05-09
2024-0285-AFG,Flood,Afghanistan,357,572,257850,,258422,2024,2024-05-10,2024-05-17
2024-0288-CAN,Wildfire,Canada,,,3500,,3500,2024,2024-05-12,2024-05-13
2024-0289-IDN,Flood,Indonesia,87,37,3300,,3337,2024,2024-05-11,2024-05-12
2024-0290-IND,Storm,India,16,75,,,75,2024,2024-05-13,2024-05-13
2024-0291-THA,Storm,Thailand,,,1300,,1300,2024,2024-05-12,2024-05-13
2024-0291-VNM,Storm,Viet Nam,3,,2128,,2128,2024,2024-05-12,2024-05-13
2024-0292-URY,Flood,Uruguay,,,3588,,3588,2024,2024-05-12,2024-05-14
2024-0296-USA,Storm,United States of America,3,5,120,,125,2024,2024-05-06,2024-05-08
2024-0298-LKA,Flood,Sri Lanka,40,48,235854,,235902,2024,2024-05-15,2024-06-05
2024-0299-DEU,Flood,Germany,12,9,3398,,3407,2024,2024-05-31,2024-06-04
2024-0302-ZAF,Flood,South Africa,21,55,46565,,46620,2024,2024-06-01,2024-06-03
2024-0303-PNG,Mass movement (wet),Papua New Guinea,670,,7849,,7849,2024,2024-05-23,2024-05-24
2024-0307-USA,Storm,United States of America,5,,,,,2024,2024-05-16,2024-05-22
2024-0310-AFG,Flood,Afghanistan,150,5,39000,,39005,2024,2024-05-18,2024-05-19
2024-0314-USA,Storm,United States of America,5,35,,300,335,2024,2024-05-22,2024-05-22
2024-0318-ARM,Flood,Armenia,4,,429,,429,2024,2024-05-26,2024-05-26
2024-0320-BGD,Storm,Bangladesh,16,13,4590000,,4590013,2024,2024-05-26,2024-05-30
2024-0320-IND,Storm,India,51,500,2109143,,2109643,2024,2024-05-26,2024-05-30
2024-0323-PHL,Volcanic activity,Philippines,,,29137,,29137,2024,2024-06-05,2024-06-07
2024-0327-IDN,Flood,Indonesia,6,,15400,,15400,2024,2024-06-04,2024-06-07
2024-0334-IDN,Volcanic activity,Indonesia,,,2011,,2011,2024,2024-05-16,2024-06-06
2024-0337-PHL,Storm,Philippines,6,8,52000,,52008,2024,2024-05-24,2024-05-27
2024-0339-IDN,Mass movement (wet),Indonesia,4,,1750,,1750,2024,2024-05-26,2024-05-28
2024-0340-USA,Storm,United States of America,23,80,102,,182,2024,2024-05-23,2024-05-30
2024-0341-ETH,Flood,Ethiopia,5,,181548,,181548,2024,,2024-05-24
2024-0350-COL,Storm,Colombia,,,7806,,7806,2024,2024-05-16,2024-05-18
2024-0351-USA,Storm,United States of America,2,,,,,2024,2024-05-30,2024-06-05
2024-0352-MEX,Extreme temperature,Mexico,155,2567,,,2567,2024,2024-03-01,2024-05-31
2024-0353-BLZ,Wildfire,Belize,,,800,,800,2024,,
2024-0353-GTM,Wildfire,Guatemala,,,,,,2024,,
2024-0357-IRN,Flood,Iran (Islamic Republic of),19,,450,,450,2024,2024-05-15,2024-05-15
2024-0358-VNM,Flood,Viet Nam,3,,9628,,9628,2024,2024-06-09,2024-06-10
2024-0362-CHL,Flood,Chile,1,1,6392,,6393,2024,2024-06-04,2024-06-14
2024-0363-GTM,Flood,Guatemala,18,13,606102,,606115,2024,2024-06-07,
2024-0385-CIV,Flood,Côte d’Ivoire,26,,227,,227,2024,2024-06-13,2024-06-25
2024-0386-ECU,Mass movement (wet),Ecuador,19,27,3602,,3629,2024,2024-06-14,2024-07-01
2024-0390-NER,Flood,Niger,396,405,1526653,,1527058,2024,2024-06-11,
2024-0392-IRN,Earthquake,Iran (Islamic Republic of),4,120,,,120,2024,2024-06-18,2024-06-18
2024-0393-VNM,Storm,Viet Nam,7,1,400,,401,2024,2024-06-17,2024-06-18
2024-0395-NIC,Storm,Nicaragua,,,,,,2024,2024-06-19,2024-06-21
2024-0395-SLV,Storm,El Salvador,19,,8570,,8570,2024,2024-06-15,2024-06-24
2024-0398-CHL,Storm,Chile,1,,24480,2340,26820,2024,2024-06-10,2024-06-16
2024-0399-BGD,Flood,Bangladesh,15,,5130000,,5130000,2024,2024-05-29,2024-07-08
2024-0399-IND,Flood,India,48,,2100000,,2100000,2024,,2024-07-08
2024-0402-GTM,Storm,Guatemala,10,,14400,,14400,2024,2024-06-21,2024-06-22
2024-0402-HND,Storm,Honduras,1,,1500,,1500,2024,2024-06-17,2024-06-22
2024-0402-MEX,Storm,Mexico,4,,,,,2024,2024-06-20,2024-06-22
2024-0403-USA,Wildfire,United States of America,2,2,1500,,1502,2024,2024-06-17,2024-07-15
2024-0415-SAU,Extreme temperature,Saudi Arabia,1301,2764,,,2764,2024,2024-06-01,2024-06-20
2024-0422-BRB,Storm,Barbados,,,2500,,2500,2024,2024-07-01,2024-07-02
2024-0422-CAN,Storm,Canada,1,,,,,2024,2024-07-12,2024-07-12
2024-0422-GRD,Storm,Grenada,8,27,6981,,7008,2024,2024-07-01,2024-07-04
2024-0422-JAM,Storm,Jamaica,3,60,160000,,160060,2024,2024-07-03,2024-07-04
2024-0422-USA,Storm,United States of America,46,,207,,207,2024,2024-07-08,2024-07-09
2024-0422-VCT,Storm,Saint Vincent and the Grenadines,3,,15000,,15000,2024,2024-07-01,2024-07-04
2024-0422-VEN,Storm,Venezuela (Bolivarian Republic of),8,,29000,,29000,2024,2024-07-01,2024-07-04
2024-0423-CHN,Storm,China,5,83,9000,,9083,2024,2024-07-05,2024-07-05
2024-0428-NPL,Flood,Nepal,24,29,2705,,2734,2024,,
2024-0434-MMR,Flood,Myanmar,,,106792,,106792,2024,2024-06-30,2024-08-02
2024-0452-PAK,Extreme temperature,Pakistan,568,7905,,,7905,2024,2024-06-20,2024-06-25
2024-0459-NZL,Storm,New Zealand,,,1200,,1200,2024,2024-06-25,2024-06-27
2024-0460-AFG,Mass movement (wet),Afghanistan,12,,,,,2024,2024-06-23,2024-06-23
2024-0463-CAN,Wildfire,Canada,,,,,,2024,2024-06-21,2024-06-25
2024-0465-KOR,Flood,Republic of Korea,4,,3500,,3500,2024,2024-07-10,2024-07-11
2024-0471-MEX,Storm,Mexico,6,,20000,,20000,2024,2024-06-30,2024-06-30
2024-0473-PER,Earthquake,Peru,,30,9000,33,9063,2024,2024-06-28,2024-06-28
2024-0474-USA,Flood,United States of America,4,,6000,,6000,2024,2024-06-16,2024-06-23
2024-0477-NPL,Mass movement (wet),Nepal,62,,,,,2024,2024-07-13,2024-07-15
2024-0478-NPL,Mass movement (wet),Nepal,25,13,,,13,2024,2024-07-10,2024-07-15
2024-0479-VNM,Mass movement (wet),Viet Nam,11,4,230,,234,2024,2024-07-12,2024-07-13
2024-0481-IND,Flood,India,125,20,1000000,,1000020,2024,2024-07-09,2024-07-15
2024-0481-PAK,Flood,Pakistan,368,700,551068,,551768,2024,2024-07-01,2024-08-29
2024-0482-CHN,Flood,China,6,,7000,,7000,2024,2024-07-11,2024-07-15
2024-0486-AFG,Flood,Afghanistan,58,380,9625,,10005,2024,2024-07-15,2024-07-15
2024-0487-KGZ,Flood,Kyrgyzstan,6,,3000,,3000,2024,2024-07-14,2024-07-16
2024-0499-LBR,Flood,Liberia,2,,51000,,51000,2024,2024-06-28,2024-07-09
2024-0509-ETH,Mass movement (wet),Ethiopia,257,12,15515,,15527,2024,2024-07-21,2024-07-22
2024-0512-BFA,Flood,Burkina Faso,,,7684,,7684,2024,2024-05-29,2024-06-07
2024-0514-CHN,Flood,China,46,,,,,2024,2024-07-19,2024-07-19
2024-0518-CAN,Storm,Canada,,,20,,20,2024,2024-07-13,2024-07-17
2024-0518-USA,Storm,United States of America,2,,,,,2024,2024-07-13,2024-07-17
2024-0522-CHN,Storm,China,129,,,,,2024,2024-07-24,2024-07-25
2024-0522-PHL,Storm,Philippines,53,16,6498918,,6498934,2024,2024-07-22,2024-07-23
2024-0522-TWN,Storm,Taiwan (Province of China),12,902,,,902,2024,2024-07-24,2024-07-25
2024-0524-CAN,Wildfire,Canada,1,,,,,2024,2024-07-22,2024-08-07
2024-0531-MAR,Extreme temperature,Morocco,21,,,,,2024,2024-07-22,2024-07-24
2024-0537-JPN,Flood,Japan,6,2,11,,13,2024,2024-07-25,2024-07-25
2024-0542-CHN,Mass movement (wet),China,15,6,,,6,2024,2024-07-28,2024-07-28
2024-0544-SDN,Flood,Sudan,132,107,317000,,317107,2024,2024-06-01,2024-08-27
2024-0547-IND,Mass movement (wet),India,378,91,,3000,3091,2024,2024-07-30,2024-07-30
2024-0548-PRK,Flood,Democratic People's Republic of Korea,,,4200,,4200,2024,2024-07-27,2024-07-28
2024-0552-CHN,Flood,China,65,,2700,,2700,2024,2024-07-27,2024-07-30
2024-0559-BOL,Wildfire,Bolivia (Plurinational State of),2,,25335,,25335,2024,,
2024-0561-IND,Flood,India,46,,,,,2024,2024-07-31,2024-08-23
2024-0568-CHN,Flood,China,27,,939,,939,2024,2024-08-03,2024-08-04
2024-0569-TCD,Flood,Chad,576,,1941869,,1941869,2024,2024-08-01,2024-09-30
2024-0573-CAN,Storm,Canada,1,,,,,2024,2024-08-08,2024-08-10
2024-0573-USA,Storm,United States of America,17,,,,,2024,2024-08-05,2024-08-06
2024-0574-ETH,Mass movement (wet),Ethiopia,13,,,,,2024,2024-08-05,2024-08-05
2024-0580-YEM,Flood,Yemen,62,16,171300,,171316,2024,2024-07-28,2024-08-08
2024-0582-CAN,Storm,Canada,,,,,,2024,2024-08-05,2024-08-06
2024-0585-PHL,Earthquake,Philippines,,,24000,,24000,2024,2024-08-02,2024-08-02
2024-0588-UGA,Mass movement (wet),Uganda,34,14,1000,,1014,2024,2024-08-09,2024-08-10
2024-0589-GRC,Wildfire,Greece,1,,600,300,900,2024,2024-08-10,2024-08-14
2024-0594-AFG,Epidemic,Afghanistan,178,41330,,,41330,2024,2024-01-01,2024-07-27
2024-0596-NPL,Glacial lake outburst flood,Nepal,,,135,,135,2024,2024-08-16,2024-08-16
2024-0616-PAN,Epidemic,Panama,22,,29229,,29229,2024,,
2024-0617-GIN,Flood,Guinea,5,1000,175000,,176000,2024,2024-08-21,2024-08-21
2024-0621-SDN,Epidemic,Sudan,1508,57447,,,57447,2024,2024-08-01,2025-03-10
2024-0623-TUR,Wildfire,Türkiye,,,,,,2024,2024-08-13,2024-08-18
2024-0624-BGD,Flood,Bangladesh,71,,5820000,,5820000,2024,2024-08-19,2024-09-03
2024-0624-IND,Flood,India,26,,1700000,,1700000,2024,2024-08-19,2024-08-23
2024-0627-IND,Mass movement (wet),India,10,,90,,90,2024,2024-08-22,2024-08-22
2024-0628-THA,Flood,Thailand,22,19,38331,,38350,2024,2024-08-16,2024-08-26
2024-0635-NGA,Flood,Nigeria,321,2854,1374557,,1377411,2024,2024-08-20,
2024-0643-LAO,Flood,Lao People's Democratic Republic,,,185843,,185843,2024,2024-07-22,2024-08-08
2024-0644-IDN,Flood,Indonesia,21,15,600,,615,2024,2024-08-25,2024-08-26
2024-0647-IND,Flood,India,25,23,8007150,,8007173,2024,2024-08-26,2024-08-27
2024-0648-CMR,Flood,Cameroon,38,8,500000,,500008,2024,2024-08-01,2024-09-30
2024-0649-YEM,Flood,Yemen,40,,1075,,1075,2024,2024-08-27,2024-08-29
2024-0650-JPN,Storm,Japan,9,127,6600,,6727,2024,2024-08-30,2024-09-01
2024-0653-AUT,Storm,Austria,5,,2220,,2220,2024,2024-09-15,2024-09-18
2024-0653-CZE,Storm,Czechia,13,,250000,,250000,2024,2024-09-13,2024-09-14
2024-0653-ITA,Storm,Italy,3,,1000,,1000,2024,2024-09-15,2024-09-19
2024-0653-POL,Storm,Poland,9,,57000,,57000,2024,2024-09-13,2024-09-18
2024-0653-ROU,Storm,Romania,7,,15000,,15000,2024,2024-09-14,2024-09-15
2024-0653-SVK,Storm,Slovakia,1,,,,,2024,2024-09-15,2024-09-16
2024-0654-CHN,Storm,China,4,,,,,2024,2024-09-06,2024-09-07
2024-0654-LAO,Storm,Lao People's Democratic Republic,5,,51440,,51440,2024,2024-09-01,2024-09-08
2024-0654-MMR,Storm,Myanmar,460,48,1000000,,1000048,2024,2024-09-08,2024-09-13
2024-0654-PHL,Storm,Philippines,33,22,3000000,,3000022,2024,2024-09-01,2024-09-04
2024-0654-THA,Storm,Thailand,45,100,,,100,2024,,
2024-0654-VNM,Storm,Viet Nam,345,1978,3600000,,3601978,2024,2024-09-06,2024-09-07
2024-0656-MAR,Flood,Morocco,22,,,168,168,2024,2024-09-06,2024-09-09
2024-0657-NGA,Flood,Nigeria,37,58,414000,,414058,2024,2024-09-07,2024-09-09
2024-0661-PRT,Wildfire,Portugal,9,170,41329,,41499,2024,2024-09-15,2024-09-20
2024-0665-MEX,Mass movement (wet),Mexico,15,,,132,132,2024,2024-09-14,2024-09-16
2024-0666-CHN,Storm,China,2,,,,,2024,2024-09-16,2024-09-16
2024-0666-PHL,Storm,Philippines,12,11,203000,,203011,2024,2024-09-16,2024-09-16
2024-0669-USA,Wildfire,United States of America,,33,,99,132,2024,2024-09-04,2024-09-19
2024-0671-USA,Storm,United States of America,,,,,,2024,2024-09-11,2024-09-12
2024-0672-DZA,Flood,Algeria,5,,11000,,11000,2024,2024-09-06,2024-09-09
2024-0673-SSD,Flood,South Sudan,,,1400000,,1400000,2024,,
2024-0681-CHN,Storm,China,,,,,,2024,2024-09-20,2024-09-20
2024-0681-JPN,Storm,Japan,9,12,600,,612,2024,2024-09-21,2024-09-22
2024-0681-KOR,Storm,Republic of Korea,1,,,,,2024,2024-09-20,2024-09-21
2024-0685-MEX,Storm,Mexico,24,,3150,,3150,2024,2024-09-24,2024-09-27
2024-0688-IDN,Earthquake,Indonesia,1,75,2800,,2875,2024,2024-09-18,2024-09-18
2024-0692-NPL,Flood,Nepal,268,178,2590000,,2590178,2024,2024-09-26,2024-10-08
2024-0693-CUB,Storm,Cuba,,,,,,2024,2024-09-27,2024-09-28
2024-0693-MEX,Storm,Mexico,,,,,,2024,2024-09-27,2024-09-28
2024-0693-USA,Storm,United States of America,219,,,,,2024,2024-09-25,2024-09-28
2024-0695-PHL,Storm,Philippines,38,13,95000,,95013,2024,2024-09-15,2024-09-19
2024-0695-VNM,Storm,Viet Nam,3,,1850,,1850,2024,2024-09-15,2024-09-19
2024-0697-RWA,Epidemic,Rwanda,13,45,,,45,2024,2024-09-27,2024-10-10
2024-0698-IDN,Mass movement (wet),Indonesia,17,11,25,,36,2024,2024-09-26,2024-09-26
2024-0700-PER,Wildfire,Peru,14,9,1876,,1885,2024,2024-07-01,2024-09-30
2024-0703-MLI,Flood,Mali,92,154,380000,,380154,2024,,
2024-0707-IRN,Flood,Iran (Islamic Republic of),15,,,,,2024,2024-09-30,2024-10-02
2024-0711-PHL,Storm,Philippines,4,8,219000,,219008,2024,2024-09-29,2024-09-30
2024-0711-TWN,Storm,Taiwan (Province of China),3,500,,,500,2024,2024-10-02,2024-10-03
2024-0718-BIH,Flood,Bosnia and Herzegovina,27,,5000,,5000,2024,2024-10-03,2024-10-04
2024-0719-BGD,Flood,Bangladesh,10,,238931,,238931,2024,2024-10-05,2024-10-10
2024-0719-IND,Flood,India,15,,,,,2024,2024-10-04,2024-10-07
2024-0722-MEX,Storm,Mexico,9,,,,,2024,2024-10-09,2024-10-10
2024-0722-USA,Storm,United States of America,32,13,1000,,1013,2024,2024-10-09,2024-10-10
2024-0733-LKA,Storm,Sri Lanka,3,2,155759,,155761,2024,2024-10-11,2024-10-14
2024-0746-AUS,Storm,Australia,1,2,4400,,4402,2024,2024-08-28,2024-09-02
2024-0751-TUR,Earthquake,Türkiye,,43,1605,69,1717,2024,2024-10-16,2024-10-16
2024-0753-FRA,Flood,France,,,2485,,2485,2024,2024-10-17,2024-10-18
2024-0754-USA,Extreme temperature,United States of America,1006,,,,,2024,2024-04-18,2024-10-31
2024-0763-SLE,Flood,Sierra Leone,,,23596,,23596,2024,2024-09-23,2024-10-08
2024-0777-CHN,Storm,China,8,,,,,2024,2024-10-27,2024-10-30
2024-0777-PHL,Storm,Philippines,191,132,9652607,,9652739,2024,2024-10-22,2024-10-24
2024-0777-VNM,Storm,Viet Nam,6,5,143424,,143429,2024,2024-10-25,2024-10-30
2024-0778-BGD,Storm,Bangladesh,2,,,,,2024,2024-10-24,2024-10-25
2024-0778-IND,Storm,India,9,12,3810000,,3810012,2024,2024-10-24,2024-10-25
2024-0782-CUB,Storm,Cuba,10,,320000,,320000,2024,2024-10-20,2024-10-21
2024-0783-ZAF,Flood,South Africa,10,,3000,90,3090,2024,2024-10-22,2024-10-25
2024-0787-SEN,Flood,Senegal,,,55600,,55600,2024,,2024-10-22
2024-0788-USA,Flood,United States of America,2,38,300,,338,2024,2024-10-18,2024-10-20
2024-0795-MEX,Storm,Mexico,3,,3900,,3900,2024,2024-10-15,2024-10-19
2024-0796-ESP,Flood,Spain,232,,36115,,36115,2024,2024-10-27,2024-11-04
2024-0801-PHL,Storm,Philippines,,,,,,2024,2024-10-26,2024-11-01
2024-0801-TWN,Storm,Taiwan (Province of China),3,690,,,690,2024,2024-10-31,2024-10-31
2024-0808-SSD,Epidemic,South Sudan,501,29304,,,29304,2024,2024-09-28,
2024-0812-UGA,Storm,Uganda,14,34,,,34,2024,2024-11-03,2024-11-03
2024-0813-IDN,Volcanic activity,Indonesia,10,66,11445,,11511,2024,2024-11-03,2024-11-16
2024-0814-USA,Storm,United States of America,5,11,408,120,539,2024,2024-11-02,2024-11-05
2024-0815-DZA,Epidemic,Algeria,68,,651,,651,2024,,2024-11-03
2024-0816-PAN,Storm,Panama,7,,3895,,3895,2024,2024-11-01,2024-11-03
2024-0819-TGO,Flood,Togo,,,12700,,12700,2024,,
2024-0820-CMR,Mass movement (wet),Cameroon,12,,,,,2024,2024-11-05,2024-11-05
2024-0822-COL,Storm,Colombia,1,,,,,2024,2024-11-06,2024-11-10
2024-0822-CRI,Storm,Costa Rica,,,,,,2024,2024-11-06,2024-11-10
2024-0822-CUB,Storm,Cuba,,,4000000,,4000000,2024,2024-11-06,2024-11-07
2024-0822-JAM,Storm,Jamaica,2,,,,,2024,2024-11-06,2024-11-10
2024-0825-PHL,Storm,Philippines,1,1,375000,,375001,2024,2024-11-07,2024-11-08
2024-0827-USA,Wildfire,United States of America,,6,381,729,1116,2024,2024-11-06,2024-11-08
2024-0829-PHL,Storm,Philippines,,2,310000,,310002,2024,2024-11-11,2024-11-12
2024-0832-COL,Volcanic activity,Colombia,,8,327,,335,2024,2024-11-11,2024-11-12
2024-0835-COL,Storm,Colombia,,,254253,,254253,2024,2024-10-15,2024-11-11
2024-0838-CAF,Flood,Central African Republic,,,2700,,2700,2024,2024-08-18,
2024-0839-ESP,Flood,Spain,,,500,,500,2024,2024-11-13,2024-11-14
2024-0845-YEM,Flood,Yemen,240,635,655011,,655646,2024,,
2024-0846-YEM,Epidemic,Yemen,680,186000,,,186000,2024,2024-03-15,2024-09-07
2024-0848-CUB,Earthquake,Cuba,,7,6000,,6007,2024,2024-11-10,2024-11-10
2024-0852-MDG,Mass movement (dry),Madagascar,16,,10,,10,2024,2024-11-12,2024-11-12
2024-0855-PHL,Storm,Philippines,15,14,3967000,,3967014,2024,2024-11-16,2024-11-17
2024-0856-DOM,Flood,Dominican Republic,,,15000,,15000,2024,2024-11-10,2024-11-12
2024-0856-HTI,Flood,Haiti,,,17790,,17790,2024,2024-11-10,2024-11-12
2024-0857-BLZ,Storm,Belize,,,162,,162,2024,2024-11-15,2024-11-18
2024-0857-CRI,Storm,Costa Rica,,,3418,,3418,2024,2024-11-15,2024-11-16
2024-0857-DOM,Storm,Dominican Republic,2,,,,,2024,2024-11-17,2024-11-18
2024-0857-GTM,Storm,Guatemala,,,50240,,50240,2024,2024-11-15,2024-11-17
2024-0857-HND,Storm,Honduras,2,,127716,,127716,2024,2024-11-15,2024-11-17
2024-0857-HTI,Storm,Haiti,1,,,,,2024,2024-11-17,2024-11-18
2024-0857-NIC,Storm,Nicaragua,2,,,,,2024,2024-11-17,2024-11-18
2024-0857-SLV,Storm,El Salvador,,,480,,480,2024,2024-11-15,2024-11-16
2024-0865-IDN,Flood,Indonesia,20,,1000,,1000,2024,2024-11-23,2024-11-26
2024-0866-COD,Mass movement (wet),Democratic Republic of the Congo,11,3,155,35,193,2024,2024-11-22,2024-11-23
2024-0867-FRA,Storm,France,,26,,,26,2024,2024-11-25,2024-11-26
2024-0867-GBR,Storm,United Kingdom of Great Britain and Northern Ireland,5,,750,,750,2024,2024-11-23,2024-11-27
2024-0867-IRL,Storm,Ireland,,,,,,2024,2024-11-23,2024-11-27
2024-0867-NLD,Storm,Netherlands (Kingdom of the),1,,,,,2024,2024-11-26,2024-11-27
2024-0874-BOL,Flood,Bolivia (Plurinational State of),2,26,350,,376,2024,2024-11-23,2024-11-24
2024-0876-SYR,Wildfire,Syrian Arab Republic,,,15000,,15000,2024,2024-11-23,2024-11-23
2024-0877-CRI,Flood,Costa Rica,,,1098668,,1098668,2024,2024-11-26,2024-11-26
2024-0879-TZA,Flood,United Republic of Tanzania,9,40,100,,140,2024,2024-11-25,2024-11-27
2024-0881-IND,Storm,India,20,,,,,2024,2024-12-01,2024-12-01
2024-0881-LKA,Storm,Sri Lanka,14,19,441373,,441392,2024,2024-11-25,2024-11-28
2024-0882-THA,Flood,Thailand,35,,737000,,737000,2024,2024-11-25,2024-12-15
2024-0883-UGA,Mass movement (wet),Uganda,141,22,30000,,30022,2024,2024-11-27,2024-11-28
2024-0892-KEN,Flood,Kenya,13,,3970,,3970,2024,2024-12-01,2024-12-05
2024-0894-BRA,Storm,Brazil,,50,150,,200,2024,2024-12-01,2024-12-02
2024-0895-PHL,Volcanic activity,Philippines,,,44053,,44053,2024,2024-12-09,2024-12-11
2024-0897-USA,Wildfire,United States of America,,,90,60,150,2024,2024-12-09,2024-12-11
2024-0898-IDN,Flood,Indonesia,12,,10160,,10160,2024,2024-12-03,2024-12-10
2024-0901-HTI,Flood,Haiti,16,25,155000,,155025,2024,2024-11-30,2024-12-04
2024-0902-MWI,Flood,Malawi,11,80,48748,,48828,2024,2024-11-27,2024-12-06
2024-0903-LBY,Flood,Libya,5,,3335,,3335,2024,2024-12-05,2024-12-09
2024-0910-COM,Storm,Comoros,,5,64150,,64155,2024,2024-12-13,2024-12-17
2024-0910-MDG,Storm,Madagascar,,,135838,,135838,2024,2024-12-13,2024-12-17
2024-0910-MOZ,Storm,Mozambique,120,868,453971,,454839,2024,2024-12-13,2024-12-16
2024-0910-MWI,Storm,Malawi,13,29,45162,,45191,2024,2024-12-13,2024-12-17
2024-0910-MYT,Storm,Mayotte,35,1373,230000,,231373,2024,2024-12-13,2024-12-16
2024-0911-VUT,Earthquake,Vanuatu,14,265,80000,,80265,2024,2024-12-17,2024-12-17
2024-0953-HTI,Flood,Haiti,14,15,1000,,1015,2024,2024-12-20,2024-12-28
2024-0955-BWA,Storm,Botswana,,,105000,,105000,2024,2024-11-25,2024-11-25
2024-0961-GAB,Flood,Gabon,,,13400,,13400,2024,2024-11-25,2024-11-27
2024-0962-AGO,Epidemic,Angola,329,8543,,,8543,2024,2024-12-31,2025-03-23
2024-0962-MOZ,Epidemic,Mozambique,42,1773,,,1773,2024,,
2024-0962-ZMB,Epidemic,Zambia,8,158,,,158,2025,,2025-02-03
2024-0962-ZWE,Epidemic,Zimbabwe,13,579,,,579,2024,2024-11-26,2025-03-12
2024-0963-JPN,Extreme temperature,Japan,123,37000,,,37000,2024,2024-04-01,2024-09-30
2024-0964-KOR,Extreme temperature,Republic of Korea,22,2570,,,2570,2024,2024-05-20,2024-09-30
2024-0969-TZA,Storm,United Republic of Tanzania,5,,7775,,7775,2024,2024-05-03,2024-05-05
2024-0970-BEN,Flood,Benin,,,34052,,34052,2024,2024-06-26,2024-06-26
2024-9075-COL,Drought,Colombia,,,1143043,,1143043,2024,,
2024-9131-ZMB,Drought,Zambia,,,9800000,,9800000,2024,,
2024-9135-MHL,Drought,Marshall Islands,,,13924,,13924,2024,,
2024-9197-MWI,Drought,Malawi,,,6100000,,6100000,2024,,
2024-9197-ZWE,Drought,Zimbabwe,,,7600000,,7600000,2024,,
2024-9268-BRA,Drought,Brazil,,,,,,2024,2024-01-01,2024-12-31
2024-9270-CHN,Drought,China,,,,,,2024,2024-01-01,2024-09-30
2024-9277-VNM,Drought,Viet Nam,,,266000,,266000,2024,,
2024-9338-NAM,Drought,Namibia,,,1655000,,1655000,2024,,
2024-9381-GRD,Drought,Grenada,,,100000,,100000,2024,,
2024-9592-AGO,Drought,Angola,,,2800000,,2800000,2024,,
2024-9796-USA,Drought,United States of America,,,,,,2024,,
2025-0002-USA,Storm,United States of America,12,31,,,31,2025,2025-01-05,2025-01-23
2025-0004-CHN,Earthquake,China,126,188,46500,,46688,2025,2025-01-07,2025-01-07
2025-0004-NPL,Earthquake,Nepal,,13,60,10,83,2025,2025-01-07,2025-01-07
2025-0008-USA,Wildfire,United States of America,30,,,,,2025,2025-01-06,2025-01-23
2025-0012-MDG,Storm,Madagascar,3,,7028,,7028,2025,2025-01-11,2025-01-12
2025-0012-MOZ,Storm,Mozambique,6,4,283334,,283338,2025,2025-01-13,2025-01-14
2025-0014-BRA,Mass movement (wet),Brazil,27,,3700,,3700,2025,2025-01-11,2025-01-12
2025-0018-ETH,Earthquake,Ethiopia,2,,99000,,99000,2025,2025-01-04,2025-01-11
2025-0022-ARG,Wildfire,Argentina,1,,1500,,1500,2025,2025-01-15,
2025-0037-IDN,Mass movement (wet),Indonesia,26,13,,,13,2025,2025-01-20,2025-01-20
2025-0047-AUS,Wildfire,Australia,,,260,,260,2025,2025-01-27,2025-01-29
2025-0048-ESP,Storm,Spain,1,,,,,2025,2025-01-27,2025-01-28
2025-0048-FRA,Storm,France,,2,1900,,1902,2025,2025-01-28,2025-01-30
2025-0048-ITA,Storm,Italy,,,,,,2025,2025-01-27,2025-01-28
2025-0052-CHL,Wildfire,Chile,,,500,,500,2025,2025-01-27,2025-01-27
2025-0053-BRA,Flood,Brazil,,,400,,400,2025,2025-01-24,2025-01-25
2025-0062-MYS,Flood,Malaysia,5,,12500,,12500,2025,2025-01-28,2025-01-30
2025-0072-BRA,Storm,Brazil,9,,130,,130,2025,2025-02-05,2025-02-07
2025-0075-AUS,Flood,Australia,2,,6000,,6000,2025,2025-02-01,2025-02-06
2025-0084-BOL,Flood,Bolivia (Plurinational State of),23,,300,,300,2025,2025-02-05,2025-02-13
2025-0087-CHN,Mass movement (wet),China,29,,,,,2025,2025-02-08,2025-02-08
2025-0088-PHL,Flood,Philippines,7,,123000,,123000,2025,2025-02-07,2025-02-19
2025-0106-USA,Storm,United States of America,18,45,1000,,1045,2025,2025-02-13,2025-02-21
2025-0109-MDG,Flood,Madagascar,,,3688,,3688,2025,2025-02-15,2025-02-16
2025-0113-BWA,Flood,Botswana,9,,8259,,8259,2025,2025-02-19,2025-02-21
2025-0115-PER,Flood,Peru,,,150,,150,2025,2025-02-17,2025-02-21
2025-0116-MYS,Flood,Malaysia,,,251,,251,2025,2025-02-19,2025-02-20
2025-0127-AFG,Flood,Afghanistan,39,44,,,44,2025,2025-02-24,2025-02-26
2025-0128-MDG,Flood,Madagascar,11,,,,,2025,2025-02-16,2025-02-26
2025-0132-ECU,Storm,Ecuador,28,98,144650,,144748,2025,,
2025-0133-COL,Storm,Colombia,2,,20000,,20000,2025,2025-02-11,2025-02-24
2025-0135-JPN,Wildfire,Japan,1,,252,,252,2025,2025-02-27,2025-03-09
2025-0138-PER,Flood,Peru,7,,57000,,57000,2025,,2025-02-26
2025-0142-GEO,Storm,Georgia,3,,28870,,28870,2025,2025-02-20,2025-02-25
2025-0143-IND,Mass movement (wet),India,8,46,173,,219,2025,2025-02-28,2025-02-28
2025-0144-REU,Storm,Réunion,5,6,600,,606,2025,2025-02-28,2025-02-28
2025-0150-IDN,Flood,Indonesia,5,6,78000,,78006,2025,2025-03-02,2025-03-09
2025-0152-MDG,Storm,Madagascar,4,69,40565,9620,50254,2025,2025-02-27,2025-03-02
2025-0157-ECU,Storm,Ecuador,21,91,91503,,91594,2025,,2025-03-12
2025-0158-MDG,Storm,Madagascar,1,1,15000,,15001,2025,2025-03-07,2025-03-15
2025-0158-MOZ,Storm,Mozambique,16,135,385000,,385135,2025,2025-03-10,2025-03-12
2025-0158-MWI,Storm,Malawi,3,2,20650,,20652,2025,2025-03-11,2025-03-11
2025-0161-ARG,Flood,Argentina,125,800,235900,,236700,2025,2025-03-06,2025-03-10
2025-0162-COL,Mass movement (wet),Colombia,4,,200,,200,2025,2025-03-08,2025-03-08
2025-0172-MYS,Flood,Malaysia,,,4555,,4555,2025,2025-03-08,2025-03-12
2025-0173-THA,Storm,Thailand,,,4231,,4231,2025,2025-03-11,2025-03-13
2025-0182-USA,Storm,United States of America,30,55,2331,492,2878,2025,2025-03-14,2025-03-16
2025-0183-ITA,Flood,Italy,,,250,,250,2025,2025-03-14,2025-03-16
2025-0188-IDN,Flood,Indonesia,,,2000,,2000,2025,2025-03-15,2025-03-17
2025-0199-PER,Flood,Peru,,,7966,,7966,2025,2025-03-01,2025-03-06
2025-0205-KOR,Wildfire,Republic of Korea,31,44,12045,,12089,2025,2025-03-21,2025-03-25
2025-0211-JPN,Wildfire,Japan,,2,2800,,2802,2025,2025-03-23,2025-03-24
2025-0217-IND,Storm,India,2,67,3000,,3067,2025,2025-03-22,2025-03-26
2025-0223-CHN,Earthquake,China,,,2840,,2840,2025,2025-03-28,2025-03-28
2025-0223-MMR,Earthquake,Myanmar,3426,4715,15200000,,15204715,2025,2025-03-28,2025-03-28
2025-0223-THA,Earthquake,Thailand,20,35,2313,,2348,2025,2025-03-28,2025-03-28
2025-0226-MWI,Flood,Malawi,39,469,180801,,181270,2025,,
2025-0227-IRQ,Flood,Iraq,,,30000,,30000,2025,2025-03-07,2025-03-10
2025-0230-BIH,Flood,Bosnia and Herzegovina,,,3000,,3000,2025,2025-03-26,2025-03-31
2025-0230-HRV,Flood,Croatia,,,,,,2025,2025-03-26,2025-03-31
2025-0244-SLE,Wildfire,Sierra Leone,,,4180,,4180,2025,,
2025-9122-SOM,Drought,Somalia,,,4400000,,4400000,2025,,
